sku,nombre,precio,costo,categoria,mpn,proveedor,ubicacion,ancho_cm,alto_cm,proveedor_contacto,proveedor_telefono,id_articulo_original,calcula_id_original,numero_control_excel,precio_compra_con_iva,iva_compra,porcentaje_a_ganar,utilidad_excel,es_compra_interna,openpay_comision,openpay_iva,comision_tienda_nube,total_comisiones,descuento_pago_transferencia_pct,iva_venta_desglosar,precio_venta_sin_iva,ganancia_real_excel
OL-DUR-DUL-0001,DURAZNO PRENSADO DE 1 KG.,255,139,DULCES TIPICOS Y ALIMENTOS,OL-DUR-DUL-0001,El Huerto,UCAREO,,,Yadira Mendoza Soto,4434101030,,OL,0001,165,26.4,45,74.25,,7.29,1.17,7.55,16,3.14,35.21,220,81
OL-DUR-DUL-0002,DURAZNO PRENSADO DE 500 GR,157,84,DULCES TIPICOS Y ALIMENTOS,OL-DUR-DUL-0002,El Huerto,UCAREO,,,Yadira Mendoza Soto,4434101030,,OL,0002,100,16,45,45,,5.4,0.86,5.63,11.89,3.79,21.64,135,51
OL-DUR-DUL-0003,DURAZNO PRENSADO DE 150 GRS,59,29,DULCES TIPICOS Y ALIMENTOS,OL-DUR-DUL-0003,El Huerto,UCAREO,,,Yadira Mendoza Soto,4434101030,,OL,0003,35,5.6,45,15.75,,3.52,0.56,3.7,7.77,6.64,8.07,50,21
OL-PER-DUL-0004,PERA PRENSADA DE 500 GR,149,80,DULCES TIPICOS Y ALIMENTOS,OL-PER-DUL-0004,El Huerto,UCAREO,,,Yadira Mendoza Soto,4434101030,,OL,0004,95,15.2,45,42.75,,5.26,0.84,5.48,11.57,3.88,20.6,129,49
OL-DUR-DUL-0005,DURAZNO PRENSADO DE 150 GR CAJITA PET,6,,DULCES TIPICOS Y ALIMENTOS,OL-DUR-DUL-0005,El Huerto,UCAREO,,,Yadira Mendoza Soto,4434101030,,OL,0005,,0,0,,,2.5,0.4,2.66,5.56,50,0.77,5,5
OL-PER-DUL-0006,PERA PRENSADA DE 150 GR BOLSA,6,,DULCES TIPICOS Y ALIMENTOS,OL-PER-DUL-0006,El Huerto,UCAREO,,,Yadira Mendoza Soto,4434101030,,OL,0006,,0,0,,,2.5,0.4,2.66,5.56,50,0.77,5,5
OL-HIG-DUL-0007,HIGO PRENSADO 500 GR,157,84,DULCES TIPICOS Y ALIMENTOS,OL-HIG-DUL-0007,El Huerto,UCAREO,,,Yadira Mendoza Soto,4434101030,,OL,0007,100,16,45,45,,5.4,0.86,5.63,11.89,3.79,21.64,135,51
OL-BOC-DUL-0008,BOCADILLO DE CHOCOLATE CON HIGO Y DURAZNO DE 100G,81,42,DULCES TIPICOS Y ALIMENTOS,OL-BOC-DUL-0008,El Huerto,UCAREO,,,Yadira Mendoza Soto,4434101030,,OL,0008,50,8,45,22.5,,3.95,0.63,4.14,8.72,5.37,11.2,70,28
OL-BOC-DUL-0009,BOCADILLO DE CHOCOLATE CON HIGO Y DURAZNO DE 500G,323,176,DULCES TIPICOS Y ALIMENTOS,OL-BOC-DUL-0009,El Huerto,UCAREO,,,Yadira Mendoza Soto,4434101030,,OL,0009,210,33.6,45,94.5,,8.59,1.37,8.89,18.85,2.92,44.6,279,102
SINCODIGO-0010,Charola Redonda de 1200gr surtida de prensado,323,176,,,,,,,,,,,,210,33.6,45,94.5,,8.59,1.37,8.89,18.85,2.92,44.6,279,102
SINCODIGO-0011,Charola Redonda de 600gr surtida de prensado,157,84,,,,,,,,,,,,100,16,45,45,,5.4,0.86,5.63,11.89,3.79,21.64,135,51
SINCODIGO-0012,Charola 2 divisiones de 200 gr de prensado,74,38,,,,,,,,,,,,45,7.2,45,20.25,,3.81,0.61,3.99,8.41,5.71,10.16,63,26
SINCODIGO-0013,Charola cuadrada de 500gr 4 divisiones surtido,157,84,,,,,,,,,,,,100,16,45,45,,5.4,0.86,5.63,11.89,3.79,21.64,135,51
OL-DUR-DUL-0010,DURAZNO PRENSADO CON CHAMOY DE 1KG,263,143,DULCES TIPICOS Y ALIMENTOS,OL-DUR-DUL-0010,El Huerto,UCAREO,,,Yadira Mendoza Soto,4434101030,,OL,0010,170,27.2,45,76.5,,7.43,1.19,7.7,16.32,3.1,36.25,227,84
OL-DUR-DUL-0011,DURAZNO PRENSADO C/ CHAMOY DE 500GR,164,88,DULCES TIPICOS Y ALIMENTOS,OL-DUR-DUL-0011,El Huerto,UCAREO,,,Yadira Mendoza Soto,4434101030,,OL,0011,105,16.8,45,47.25,,5.55,0.89,5.77,12.21,3.71,22.68,142,54
OL-DUR-DUL-0012,DURAZNO PRENSADO C/CHAMOY DE 150 GR BOLSA,66,34,DULCES TIPICOS Y ALIMENTOS,OL-DUR-DUL-0012,El Huerto,UCAREO,,,Yadira Mendoza Soto,4434101030,,OL,0012,40,6.4,45,18,,3.66,0.59,3.84,8.09,6.12,9.12,57,23
OL-MIX-DUL-0013,MIX CHAMOY 150gr,66,34,DULCES TIPICOS Y ALIMENTOS,OL-MIX-DUL-0013,El Huerto,UCAREO,,,Yadira Mendoza Soto,4434101030,,OL,0013,40,6.4,45,18,,3.66,0.59,3.84,8.09,6.12,9.12,57,23
SINCODIGO-0018,Manzana Prensada con chamoy 150gr,66,34,,,,,,,,,,,,40,6.4,45,18,,3.66,0.59,3.84,8.09,6.12,9.12,57,23
SINCODIGO-0019,Manzana Prensada con chamoy 500gr,59,29,,,,,,,,,,,,35,5.6,45,15.75,,3.52,0.56,3.7,7.77,6.64,8.07,50,21
SINCODIGO-0020,Pera Prensada con chamoy de 500 gr,157,84,,,,,,,,,,,,100,16,45,45,,5.4,0.86,5.63,11.89,3.79,21.64,135,51
OL-PER-DUL-0014,PERA PRENSADA CON CHAMOY DE 150GR BOLSA,59,29,DULCES TIPICOS Y ALIMENTOS,OL-PER-DUL-0014,El Huerto,UCAREO,,,Yadira Mendoza Soto,4434101030,,OL,0014,35,5.6,45,15.75,,3.52,0.56,3.7,7.77,6.64,8.07,50,21
OL-DUR-DUL-0015,DURAZNO PRENSADO CON CHILE DE 150 GRS,6,,DULCES TIPICOS Y ALIMENTOS,OL-DUR-DUL-0015,El Huerto,UCAREO,,,Yadira Mendoza Soto,4434101030,,OL,0015,,0,0,,,2.5,0.4,2.66,5.56,50,0.77,5,5
OL-PER-DUL-0016,PERA PRENSADA CON CHILE DE 150 GRS,6,,DULCES TIPICOS Y ALIMENTOS,OL-PER-DUL-0016,El Huerto,UCAREO,,,Yadira Mendoza Soto,4434101030,,OL,0016,,0,0,,,2.5,0.4,2.66,5.56,50,0.77,5,5
OL-MIX-DUL-0017,MIX FRUTA PRENSADA CHILE DE 150 GR,42,29,DULCES TIPICOS Y ALIMENTOS,OL-MIX-DUL-0017,El Huerto,UCAREO,,,Yadira Mendoza Soto,4434101030,,OL,0017,35,5.6,0,,,3.52,0.56,3.38,7.46,8.78,5.86,37,7
OL-DUR-DUL-0018,DURAZNO EN ALMIBAR DE 4 KG.,6,,DULCES TIPICOS Y ALIMENTOS,OL-DUR-DUL-0018,El Huerto,UCAREO,,,Yadira Mendoza Soto,4434101030,,OL,0018,,0,0,,,2.5,0.4,2.66,5.56,50,0.77,5,5
OL-DUR-DUL-0019,DURAZNO EN ALMIBAR DE 2 KG.,384,210,DULCES TIPICOS Y ALIMENTOS,OL-DUR-DUL-0019,El Huerto,UCAREO,,,Yadira Mendoza Soto,4434101030,,OL,0019,250,40,45,112.5,,9.75,1.56,10.08,21.39,2.79,52.95,331,121
OL-DUR-DUL-0020,DURAZNO EN ALMIBAR DE 1 KG.,195,105,DULCES TIPICOS Y ALIMENTOS,OL-DUR-DUL-0020,El Huerto,UCAREO,,,Yadira Mendoza Soto,4434101030,,OL,0020,125,20,45,56.25,,6.13,0.98,6.37,13.47,3.46,26.86,168,63
OL-DUR-DUL-0021,DURAZNO EN ALMIBAR DE 1/2 KG.,111,59,DULCES TIPICOS Y ALIMENTOS,OL-DUR-DUL-0021,El Huerto,UCAREO,,,Yadira Mendoza Soto,4434101030,,OL,0021,70,11.2,45,31.5,,4.53,0.72,4.74,9.99,4.48,15.38,96,37
OL-DUR-DUL-0022,DURAZNO RAJA/MITADES EN ALMIBAR DE 1KG,211,114,DULCES TIPICOS Y ALIMENTOS,OL-DUR-DUL-0022,El Huerto,UCAREO,,,Yadira Mendoza Soto,4434101030,,OL,0022,136,21.76,45,61.2,,6.44,1.03,6.69,14.17,3.35,29.15,182,68
OL-MAC-DUL-0023,"MACEDONIA EN ALMIBAR DE 1 KG COMBINACIÒN DE FRUTAS DE HIGO, PERA, DURAZNO",211,114,DULCES TIPICOS Y ALIMENTOS,OL-MAC-DUL-0023,El Huerto,UCAREO,,,Yadira Mendoza Soto,4434101030,,OL,0023,136,21.76,45,61.2,,6.44,1.03,6.69,14.17,3.35,29.15,182,68
OL-MAC-DUL-0024,"MACEDONIA EN ALMIBAR DE 1/2 KG COMBINACIÒN DE FRUTAS DE HIGO, PERA, DURAZNO",6,,DULCES TIPICOS Y ALIMENTOS,OL-MAC-DUL-0024,El Huerto,UCAREO,,,Yadira Mendoza Soto,4434101030,,OL,0024,,0,0,,,2.5,0.4,2.66,5.56,50,0.77,5,5
OL-PER-DUL-0025,PERAS EN ALMIBAR DE 1 KG,180,97,DULCES TIPICOS Y ALIMENTOS,OL-PER-DUL-0025,El Huerto,UCAREO,,,Yadira Mendoza Soto,4434101030,,OL,0025,115,18.4,45,51.75,,5.84,0.93,6.07,12.84,3.57,24.77,155,58
OL-PER-DUL-0026,PERAS EN ALMIBAR DE 1/2 KG,105,55,DULCES TIPICOS Y ALIMENTOS,OL-PER-DUL-0026,El Huerto,UCAREO,,,Yadira Mendoza Soto,4434101030,,OL,0026,66,10.56,45,29.7,,4.41,0.71,4.62,9.74,4.62,14.54,91,35
OL-MEM-DUL-0027,MEMBRILLOS EN ALMIBAR DE 1/2 KG,111,59,DULCES TIPICOS Y ALIMENTOS,OL-MEM-DUL-0027,El Huerto,UCAREO,,,Yadira Mendoza Soto,4434101030,,OL,0027,70,11.2,45,31.5,,4.53,0.72,4.74,9.99,4.48,15.38,96,37
OL-ZAR-DUL-0028,ZARZAMORA EN ALMIBAR DE 1/2KG,6,,DULCES TIPICOS Y ALIMENTOS,OL-ZAR-DUL-0028,El Huerto,UCAREO,,,Yadira Mendoza Soto,4434101030,,OL,0028,,0,0,,,2.5,0.4,2.66,5.56,50,0.77,5,5
OL-TEJ-DUL-0029,TEJOCOTES EN ALMIBAR DE 1KG,225,122,DULCES TIPICOS Y ALIMENTOS,OL-TEJ-DUL-0029,El Huerto,UCAREO,,,Yadira Mendoza Soto,4434101030,,OL,0029,145,23.2,45,65.25,,6.71,1.07,6.96,14.74,3.28,31.03,194,72
OL-TEJ-DUL-0030,TEJOCOTES EN ALMIBAR DE 1/2KG,142,76,DULCES TIPICOS Y ALIMENTOS,OL-TEJ-DUL-0030,El Huerto,UCAREO,,,Yadira Mendoza Soto,4434101030,,OL,0030,90,14.4,45,40.5,,5.11,0.82,5.33,11.26,3.97,19.55,122,47
OL-HIG-DUL-0031,HIGO EN ALMIBAR DE 1/2KG,111,59,DULCES TIPICOS Y ALIMENTOS,OL-HIG-DUL-0031,El Huerto,UCAREO,,,Yadira Mendoza Soto,4434101030,,OL,0031,70,11.2,45,31.5,,4.53,0.72,4.74,9.99,4.48,15.38,96,37
OL-CHO-DUL-0032,CHONGOS DE 500 GR,180,97,DULCES TIPICOS Y ALIMENTOS,OL-CHO-DUL-0032,El Huerto,UCAREO,,,Yadira Mendoza Soto,4434101030,,OL,0032,115,18.4,45,51.75,,5.84,0.93,6.07,12.84,3.57,24.77,155,58
OL-CHO-DUL-0033,CHONGOS DE 1000 GR,210,113,DULCES TIPICOS Y ALIMENTOS,OL-CHO-DUL-0033,El Huerto,UCAREO,,,Yadira Mendoza Soto,4434101030,,OL,0033,135,21.6,45,60.75,,6.42,1.03,6.66,14.11,3.36,28.95,181,68
OL-CAP-DUL-0034,CAPULINES EN DULCE 1 KG.,233,126,DULCES TIPICOS Y ALIMENTOS,OL-CAP-DUL-0034,El Huerto,UCAREO,,,Yadira Mendoza Soto,4434101030,,OL,0034,150,24,45,67.5,,6.85,1.1,7.11,15.05,3.24,32.08,200,74
OL-CAP-DUL-0035,CAPULINES EN DULCE 1/2 KG.,6,,DULCES TIPICOS Y ALIMENTOS,OL-CAP-DUL-0035,El Huerto,UCAREO,,,Yadira Mendoza Soto,4434101030,,OL,0035,,0,0,,,2.5,0.4,2.66,5.56,50,0.77,5,5
OL-MER-DUL-0036,MERMELADA DE TEJOCOTE 330 GR.,78,40,DULCES TIPICOS Y ALIMENTOS,OL-MER-DUL-0036,El Huerto,UCAREO,,,Yadira Mendoza Soto,4434101030,,OL,0036,48,7.68,45,21.6,,3.89,0.62,4.08,8.6,5.5,10.79,67,27
OL-MER-DUL-0037,MERMELADA DE MEMBRILLO 330 GR.,78,40,DULCES TIPICOS Y ALIMENTOS,OL-MER-DUL-0037,El Huerto,UCAREO,,,Yadira Mendoza Soto,4434101030,,OL,0037,48,7.68,45,21.6,,3.89,0.62,4.08,8.6,5.5,10.79,67,27
OL-MER-DUL-0038,MERMELADA DE CHABACANO 330GR.,78,40,DULCES TIPICOS Y ALIMENTOS,OL-MER-DUL-0038,El Huerto,UCAREO,,,Yadira Mendoza Soto,4434101030,,OL,0038,48,7.68,45,21.6,,3.89,0.62,4.08,8.6,5.5,10.79,67,27
OL-MER-DUL-0039,MERMELADA DE ZARZAMORA 330 GR,105,55,DULCES TIPICOS Y ALIMENTOS,OL-MER-DUL-0039,El Huerto,UCAREO,,,Yadira Mendoza Soto,4434101030,,OL,0039,66,10.56,45,29.7,,4.41,0.71,4.62,9.74,4.62,14.54,91,35
OL-MER-DUL-0040,MERMELADA DE HIGO 330 GR.,78,40,DULCES TIPICOS Y ALIMENTOS,OL-MER-DUL-0040,El Huerto,UCAREO,,,Yadira Mendoza Soto,4434101030,,OL,0040,48,7.68,45,21.6,,3.89,0.62,4.08,8.6,5.5,10.79,67,27
OL-MER-DUL-0041,MERMELADA DE ZARZAMORA CON CHILE DE 330 GR,105,55,DULCES TIPICOS Y ALIMENTOS,OL-MER-DUL-0041,El Huerto,UCAREO,,,Yadira Mendoza Soto,4434101030,,OL,0041,66,10.56,45,29.7,,4.41,0.71,4.62,9.74,4.62,14.54,91,35
OL-MER-DUL-0042,MERMELADA DE ARANDANO DE 330 GR,105,55,DULCES TIPICOS Y ALIMENTOS,OL-MER-DUL-0042,El Huerto,UCAREO,,,Yadira Mendoza Soto,4434101030,,OL,0042,66,10.56,45,29.7,,4.41,0.71,4.62,9.74,4.62,14.54,91,35
OL-MER-DUL-0043,MERMELADA DE DURAZNO C/ TAMARINDO DE 330 GR,78,40,DULCES TIPICOS Y ALIMENTOS,OL-MER-DUL-0043,El Huerto,UCAREO,,,Yadira Mendoza Soto,4434101030,,OL,0043,48,7.68,45,21.6,,3.89,0.62,4.08,8.6,5.5,10.79,67,27
OL-MER-DUL-0044,MERMELADA DE PERA CIRUELA Y CHIA DE 330 GR,6,,DULCES TIPICOS Y ALIMENTOS,OL-MER-DUL-0044,El Huerto,UCAREO,,,Yadira Mendoza Soto,4434101030,,OL,0044,,0,0,,,2.5,0.4,2.66,5.56,50,0.77,5,5
OL-MER-DUL-0045,MERMELADA DE COCTEL DE FRUTAS CON CHÍA DE 330 GR,6,,DULCES TIPICOS Y ALIMENTOS,OL-MER-DUL-0045,El Huerto,UCAREO,,,Yadira Mendoza Soto,4434101030,,OL,0045,,0,0,,,2.5,0.4,2.66,5.56,50,0.77,5,5
OL-MER-DUL-0046,MERMELADA GUAYABA CON CHILE DE 330 GR,78,40,DULCES TIPICOS Y ALIMENTOS,OL-MER-DUL-0046,El Huerto,UCAREO,,,Yadira Mendoza Soto,4434101030,,OL,0046,48,7.68,45,21.6,,3.89,0.62,4.08,8.6,5.5,10.79,67,27
OL-MER-DUL-0047,MERMELADA DE GUAYABA CON CHIA DE 330 GR,78,40,DULCES TIPICOS Y ALIMENTOS,OL-MER-DUL-0047,El Huerto,UCAREO,,,Yadira Mendoza Soto,4434101030,,OL,0047,48,7.68,45,21.6,,3.89,0.62,4.08,8.6,5.5,10.79,67,27
OL-MER-DUL-0048,MERMELADA DE MANZANA MANZANILLA CANELA DE 330 GR,78,40,DULCES TIPICOS Y ALIMENTOS,OL-MER-DUL-0048,El Huerto,UCAREO,,,Yadira Mendoza Soto,4434101030,,OL,0048,48,7.68,45,21.6,,3.89,0.62,4.08,8.6,5.5,10.79,67,27
OL-DUR-DUL-0049,DURAZNOS PRENSADOS CON MIEL DE AGAVE DE 500 GR,6,,DULCES TIPICOS Y ALIMENTOS,OL-DUR-DUL-0049,El Huerto,UCAREO,,,Yadira Mendoza Soto,4434101030,,OL,0049,,0,0,,,2.5,0.4,2.66,5.56,50,0.77,5,5
OL-DUR-DUL-0050,DURAZNOS EN ALMIBAR CON MIEL DE AGAVE DE 500 GR,6,,DULCES TIPICOS Y ALIMENTOS,OL-DUR-DUL-0050,El Huerto,UCAREO,,,Yadira Mendoza Soto,4434101030,,OL,0050,,0,0,,,2.5,0.4,2.66,5.56,50,0.77,5,5
OL-MER-DUL-0051,MERMELADA DE HIGO CON HIERBABUENA Y MIEL DE AGAVE DE 330 GR,6,,DULCES TIPICOS Y ALIMENTOS,OL-MER-DUL-0051,El Huerto,UCAREO,,,Yadira Mendoza Soto,4434101030,,OL,0051,,0,0,,,2.5,0.4,2.66,5.56,50,0.77,5,5
OL-MER-DUL-0052,MERMELADA DE DURAZNO CON MIEL DE AGAVE DE 330 GR,111,59,DULCES TIPICOS Y ALIMENTOS,OL-MER-DUL-0052,El Huerto,UCAREO,,,Yadira Mendoza Soto,4434101030,,OL,0052,70,11.2,45,31.5,,4.53,0.72,4.74,9.99,4.48,15.38,96,37
OL-MER-DUL-0053,Mermelada de Tejocote con Miel de Agave de 330gr,111,59,DULCES TIPICOS Y ALIMENTOS,OL-MER-DUL-0053,El Huerto,UCAREO,,,Yadira Mendoza Soto,4434101030,,OL,0053,70,11.2,45,31.5,,4.53,0.72,4.74,9.99,4.48,15.38,96,37
SINCODIGO-0061,Mermelada de Membrillo con Miel de Agave de 330gr,111,59,,,,,,,,,,,,70,11.2,45,31.5,,4.53,0.72,4.74,9.99,4.48,15.38,96,37
SINCODIGO-0062,Mermelada de manzana manzanilla canela de 330 gr,111,59,,,,,,,,,,,,70,11.2,45,31.5,,4.53,0.72,4.74,9.99,4.48,15.38,96,37
SINCODIGO-0063,Cajeta Quemada y Envinada de 1 kg,187,101,,,,,,,,,,,,120,19.2,45,54,,5.98,0.96,6.22,13.16,3.51,25.81,161,61
SINCODIGO-0064,Cajeta Quemada y Envinada de 500 gr,104,55,,,,,,,,,,,,65,10.4,45,29.25,,4.39,0.7,4.59,9.67,4.65,14.33,90,35
SINCODIGO-0065,Cajeta Quemada y Envinada de 250 gr,111,59,,,,,,,,,,,,70,11.2,45,31.5,,4.53,0.72,4.74,9.99,4.48,15.38,96,37
OL-SAL-DUL-0054,SALSA DE CHILE CHILPOTLE CON PERA DE 275GR.,111,59,DULCES TIPICOS Y ALIMENTOS,OL-SAL-DUL-0054,El Huerto,UCAREO,,,Yadira Mendoza Soto,4434101030,,OL,0054,70,11.2,45,31.5,,4.53,0.72,4.74,9.99,4.48,15.38,96,37
OL-SAL-DUL-0055,SALSA MACHA DE SEMILLAS DE 275GR.,142,76,DULCES TIPICOS Y ALIMENTOS,OL-SAL-DUL-0055,El Huerto,UCAREO,,,Yadira Mendoza Soto,4434101030,,OL,0055,90,14.4,45,40.5,,5.11,0.82,5.33,11.26,3.97,19.55,122,47
SINCODIGO-0068,Chile Peron En Escabeche de 1000g,187,101,,,,,,,,,,,,120,19.2,45,54,,5.98,0.96,6.22,13.16,3.51,25.81,161,61
SINCODIGO-0069,Chile Peron En Escabeche de 500 kg,119,63,,,,,,,,,,,,75,12,45,33.75,,4.68,0.75,4.88,10.31,4.33,16.42,103,40
OL-CHI-DUL-0056,CHILE CHIPOTLE EN ESCABECHE DE 1000 G,6,,DULCES TIPICOS Y ALIMENTOS,OL-CHI-DUL-0056,El Huerto,UCAREO,,,Yadira Mendoza Soto,4434101030,,OL,0056,,0,0,,,2.5,0.4,2.66,5.56,50,0.77,5,5
OL-NOP-DUL-0057,NOPALES EN ESCABECHE DE 500KG,6,,DULCES TIPICOS Y ALIMENTOS,OL-NOP-DUL-0057,El Huerto,UCAREO,,,Yadira Mendoza Soto,4434101030,,OL,0057,,0,0,,,2.5,0.4,2.66,5.56,50,0.77,5,5
OL-LIC-DUL-0059,LICOR DE MEMBRILLO DE 750 ML.,210,113,DULCES TIPICOS Y ALIMENTOS,OL-LIC-DUL-0059,El Huerto,UCAREO,,,Yadira Mendoza Soto,4434101030,,OL,0059,135,21.6,45,60.75,,6.42,1.03,6.66,14.11,3.36,28.95,181,68
OL-LIC-DUL-0060,LICOR DE MEMBRILLO DE 500 ML.,180,97,DULCES TIPICOS Y ALIMENTOS,OL-LIC-DUL-0060,El Huerto,UCAREO,,,Yadira Mendoza Soto,4434101030,,OL,0060,115,18.4,45,51.75,,5.84,0.93,6.07,12.84,3.57,24.77,155,58
OL-LIC-DUL-0061,LICOR DE MEMBRILLO DE 250 ML.,119,63,DULCES TIPICOS Y ALIMENTOS,OL-LIC-DUL-0061,El Huerto,UCAREO,,,Yadira Mendoza Soto,4434101030,,OL,0061,75,12,45,33.75,,4.68,0.75,4.88,10.31,4.33,16.42,103,40
OL-LIC-DUL-0062,LICOR DE MEMBRILLO DE 50 ML.,36,17,DULCES TIPICOS Y ALIMENTOS,OL-LIC-DUL-0062,El Huerto,UCAREO,,,Yadira Mendoza Soto,4434101030,,OL,0062,20,3.2,45,9,,3.08,0.49,3.25,6.82,9.52,4.94,31,14
OL-LIC-DUL-0063,LICOR DE CAPULIN DE 750 ML.,210,113,DULCES TIPICOS Y ALIMENTOS,OL-LIC-DUL-0063,El Huerto,UCAREO,,,Yadira Mendoza Soto,4434101030,,OL,0063,135,21.6,45,60.75,,6.42,1.03,6.66,14.11,3.36,28.95,181,68
OL-LIC-DUL-0064,LICOR DE CAPULIN DE 500 ML.,180,97,DULCES TIPICOS Y ALIMENTOS,OL-LIC-DUL-0064,El Huerto,UCAREO,,,Yadira Mendoza Soto,4434101030,,OL,0064,115,18.4,45,51.75,,5.84,0.93,6.07,12.84,3.57,24.77,155,58
OL-LIC-DUL-0065,LICOR DE CAPULIN DE 250 ML.,119,63,DULCES TIPICOS Y ALIMENTOS,OL-LIC-DUL-0065,El Huerto,UCAREO,,,Yadira Mendoza Soto,4434101030,,OL,0065,75,12,45,33.75,,4.68,0.75,4.88,10.31,4.33,16.42,103,40
OL-LIC-DUL-0066,LICOR DE CAPULIN DE 50 ML.,36,17,DULCES TIPICOS Y ALIMENTOS,OL-LIC-DUL-0066,El Huerto,UCAREO,,,Yadira Mendoza Soto,4434101030,,OL,0066,20,3.2,45,9,,3.08,0.49,3.25,6.82,9.52,4.94,31,14
OL-CRE-DUL-0067,CREMA DE CHABACANO DE 750 ML.,210,113,DULCES TIPICOS Y ALIMENTOS,OL-CRE-DUL-0067,El Huerto,UCAREO,,,Yadira Mendoza Soto,4434101030,,OL,0067,135,21.6,45,60.75,,6.42,1.03,6.66,14.11,3.36,28.95,181,68
OL-CRE-DUL-0068,CREMA DE CHABACANO DE 500 ML.,180,97,DULCES TIPICOS Y ALIMENTOS,OL-CRE-DUL-0068,El Huerto,UCAREO,,,Yadira Mendoza Soto,4434101030,,OL,0068,115,18.4,45,51.75,,5.84,0.93,6.07,12.84,3.57,24.77,155,58
OL-CRE-DUL-0069,CREMA DE CHABACANO DE 250 ML.,119,63,DULCES TIPICOS Y ALIMENTOS,OL-CRE-DUL-0069,El Huerto,UCAREO,,,Yadira Mendoza Soto,4434101030,,OL,0069,75,12,45,33.75,,4.68,0.75,4.88,10.31,4.33,16.42,103,40
OL-CRE-DUL-0070,CREMA DE CHABACANO DE 50 ML.,36,17,DULCES TIPICOS Y ALIMENTOS,OL-CRE-DUL-0070,El Huerto,UCAREO,,,Yadira Mendoza Soto,4434101030,,OL,0070,20,3.2,45,9,,3.08,0.49,3.25,6.82,9.52,4.94,31,14
OL-LIC-DUL-0071,LICOR CREMA DE DURAZNO DE 750 ML.,210,113,DULCES TIPICOS Y ALIMENTOS,OL-LIC-DUL-0071,El Huerto,UCAREO,,,Yadira Mendoza Soto,4434101030,,OL,0071,135,21.6,45,60.75,,6.42,1.03,6.66,14.11,3.36,28.95,181,68
OL-LIC-DUL-0072,LICOR CREMA DE DURAZNO DE 500 ML.,180,97,DULCES TIPICOS Y ALIMENTOS,OL-LIC-DUL-0072,El Huerto,UCAREO,,,Yadira Mendoza Soto,4434101030,,OL,0072,115,18.4,45,51.75,,5.84,0.93,6.07,12.84,3.57,24.77,155,58
OL-LIC-DUL-0073,LICOR CREMA DE DURAZNO DE 250 ML.,119,63,DULCES TIPICOS Y ALIMENTOS,OL-LIC-DUL-0073,El Huerto,UCAREO,,,Yadira Mendoza Soto,4434101030,,OL,0073,75,12,45,33.75,,4.68,0.75,4.88,10.31,4.33,16.42,103,40
OL-LIC-DUL-0074,LICOR CREMA DE DURAZNO DE 50 ML.,36,17,DULCES TIPICOS Y ALIMENTOS,OL-LIC-DUL-0074,El Huerto,UCAREO,,,Yadira Mendoza Soto,4434101030,,OL,0074,20,3.2,45,9,,3.08,0.49,3.25,6.82,9.52,4.94,31,14
OL-LIC-DUL-0075,LICOR DE MANZANA DE 750 ML.,210,113,DULCES TIPICOS Y ALIMENTOS,OL-LIC-DUL-0075,El Huerto,UCAREO,,,Yadira Mendoza Soto,4434101030,,OL,0075,135,21.6,45,60.75,,6.42,1.03,6.66,14.11,3.36,28.95,181,68
OL-LIC-DUL-0076,LICOR DE MANZANA DE 500 ML.,180,97,DULCES TIPICOS Y ALIMENTOS,OL-LIC-DUL-0076,El Huerto,UCAREO,,,Yadira Mendoza Soto,4434101030,,OL,0076,115,18.4,45,51.75,,5.84,0.93,6.07,12.84,3.57,24.77,155,58
OL-LIC-DUL-0077,LICOR DE MANZANA DE 250 ML.,119,63,DULCES TIPICOS Y ALIMENTOS,OL-LIC-DUL-0077,El Huerto,UCAREO,,,Yadira Mendoza Soto,4434101030,,OL,0077,75,12,45,33.75,,4.68,0.75,4.88,10.31,4.33,16.42,103,40
OL-LIC-DUL-0078,LICOR DE MANZANA DE 50 ML.,36,17,DULCES TIPICOS Y ALIMENTOS,OL-LIC-DUL-0078,El Huerto,UCAREO,,,Yadira Mendoza Soto,4434101030,,OL,0078,20,3.2,45,9,,3.08,0.49,3.25,6.82,9.52,4.94,31,14
OL-LIC-DUL-0079,LICOR CREMA DE GUAYABA DE 750 ML.,210,113,DULCES TIPICOS Y ALIMENTOS,OL-LIC-DUL-0079,El Huerto,UCAREO,,,Yadira Mendoza Soto,4434101030,,OL,0079,135,21.6,45,60.75,,6.42,1.03,6.66,14.11,3.36,28.95,181,68
OL-LIC-DUL-0080,LICOR CREMA DE GUAYABA DE 500 ML.,180,97,DULCES TIPICOS Y ALIMENTOS,OL-LIC-DUL-0080,El Huerto,UCAREO,,,Yadira Mendoza Soto,4434101030,,OL,0080,115,18.4,45,51.75,,5.84,0.93,6.07,12.84,3.57,24.77,155,58
OL-LIC-DUL-0081,LICOR CREMA DE GUAYABA DE 250 ML.,119,63,DULCES TIPICOS Y ALIMENTOS,OL-LIC-DUL-0081,El Huerto,UCAREO,,,Yadira Mendoza Soto,4434101030,,OL,0081,75,12,45,33.75,,4.68,0.75,4.88,10.31,4.33,16.42,103,40
OL-LIC-DUL-0082,LICOR CREMA DE GUAYABA DE 50 ML.,36,17,DULCES TIPICOS Y ALIMENTOS,OL-LIC-DUL-0082,El Huerto,UCAREO,,,Yadira Mendoza Soto,4434101030,,OL,0082,20,3.2,45,9,,3.08,0.49,3.25,6.82,9.52,4.94,31,14
OL-LIC-DUL-0083,LICOR CREMA DE TEJOCOTE DE 750 ML.,210,113,DULCES TIPICOS Y ALIMENTOS,OL-LIC-DUL-0083,El Huerto,UCAREO,,,Yadira Mendoza Soto,4434101030,,OL,0083,135,21.6,45,60.75,,6.42,1.03,6.66,14.11,3.36,28.95,181,68
OL-LIC-DUL-0084,LICOR CREMA DE TEJOCOTE DE 500 ML.,180,97,DULCES TIPICOS Y ALIMENTOS,OL-LIC-DUL-0084,El Huerto,UCAREO,,,Yadira Mendoza Soto,4434101030,,OL,0084,115,18.4,45,51.75,,5.84,0.93,6.07,12.84,3.57,24.77,155,58
OL-LIC-DUL-0085,LICOR CREMA DE TEJOCOTE DE 250 ML.,119,63,DULCES TIPICOS Y ALIMENTOS,OL-LIC-DUL-0085,El Huerto,UCAREO,,,Yadira Mendoza Soto,4434101030,,OL,0085,75,12,45,33.75,,4.68,0.75,4.88,10.31,4.33,16.42,103,40
OL-LIC-DUL-0086,LICOR CREMA DE TEJOCOTE DE 50 ML.,36,17,DULCES TIPICOS Y ALIMENTOS,OL-LIC-DUL-0086,El Huerto,UCAREO,,,Yadira Mendoza Soto,4434101030,,OL,0086,20,3.2,45,9,,3.08,0.49,3.25,6.82,9.52,4.94,31,14
OL-LIC-DUL-0087,LICOR CREMA DE CIRUELA DE 750 ML,210,113,DULCES TIPICOS Y ALIMENTOS,OL-LIC-DUL-0087,El Huerto,UCAREO,,,Yadira Mendoza Soto,4434101030,,OL,0087,135,21.6,45,60.75,,6.42,1.03,6.66,14.11,3.36,28.95,181,68
OL-LIC-DUL-0088,LICOR CREMA DE CIRUELA DE 500 ML.,180,97,DULCES TIPICOS Y ALIMENTOS,OL-LIC-DUL-0088,El Huerto,UCAREO,,,Yadira Mendoza Soto,4434101030,,OL,0088,115,18.4,45,51.75,,5.84,0.93,6.07,12.84,3.57,24.77,155,58
OL-LIC-DUL-0089,LICOR CREMA DE CIRUELA DE 250 ML.,119,63,DULCES TIPICOS Y ALIMENTOS,OL-LIC-DUL-0089,El Huerto,UCAREO,,,Yadira Mendoza Soto,4434101030,,OL,0089,75,12,45,33.75,,4.68,0.75,4.88,10.31,4.33,16.42,103,40
OL-LIC-DUL-0090,LICOR CREMA DE CIRUELA DE 50 ML.,36,17,DULCES TIPICOS Y ALIMENTOS,OL-LIC-DUL-0090,El Huerto,UCAREO,,,Yadira Mendoza Soto,4434101030,,OL,0090,20,3.2,45,9,,3.08,0.49,3.25,6.82,9.52,4.94,31,14
OL-LIC-DUL-0091,LICOR CREMA DE ZARZAMORA DE 750 ML,255,139,DULCES TIPICOS Y ALIMENTOS,OL-LIC-DUL-0091,El Huerto,UCAREO,,,Yadira Mendoza Soto,4434101030,,OL,0091,165,26.4,45,74.25,,7.29,1.17,7.55,16,3.14,35.21,220,81
OL-LIC-DUL-0092,LICOR CREMA DE ZARZAMORA DE 500 ML,210,113,DULCES TIPICOS Y ALIMENTOS,OL-LIC-DUL-0092,El Huerto,UCAREO,,,Yadira Mendoza Soto,4434101030,,OL,0092,135,21.6,45,60.75,,6.42,1.03,6.66,14.11,3.36,28.95,181,68
OL-LIC-DUL-0093,LICOR CREMA DE ZARZAMORA DE 250 ML,142,76,DULCES TIPICOS Y ALIMENTOS,OL-LIC-DUL-0093,El Huerto,UCAREO,,,Yadira Mendoza Soto,4434101030,,OL,0093,90,14.4,45,40.5,,5.11,0.82,5.33,11.26,3.97,19.55,122,47
OL-LIC-DUL-0094,LICOR CREMA DE ZARZAMORA DE 50 ML,43,21,DULCES TIPICOS Y ALIMENTOS,OL-LIC-DUL-0094,El Huerto,UCAREO,,,Yadira Mendoza Soto,4434101030,,OL,0094,25,4,45,11.25,,3.23,0.52,3.4,7.14,8.23,5.98,37,16
OL-LIC-DUL-0095,LICOR DE CAFÉ DE 750 ML,210,113,DULCES TIPICOS Y ALIMENTOS,OL-LIC-DUL-0095,El Huerto,UCAREO,,,Yadira Mendoza Soto,4434101030,,OL,0095,135,21.6,45,60.75,,6.42,1.03,6.66,14.11,3.36,28.95,181,68
OL-LIC-DUL-0096,LICOR DE CAFÉ DE 500 ML,180,97,DULCES TIPICOS Y ALIMENTOS,OL-LIC-DUL-0096,El Huerto,UCAREO,,,Yadira Mendoza Soto,4434101030,,OL,0096,115,18.4,45,51.75,,5.84,0.93,6.07,12.84,3.57,24.77,155,58
OL-LIC-DUL-0097,LICOR DE CAFÉ DE 250 ML,119,63,DULCES TIPICOS Y ALIMENTOS,OL-LIC-DUL-0097,El Huerto,UCAREO,,,Yadira Mendoza Soto,4434101030,,OL,0097,75,12,45,33.75,,4.68,0.75,4.88,10.31,4.33,16.42,103,40
OL-LIC-DUL-0098,LICOR DE CAFÉ DE 50 ML,36,17,DULCES TIPICOS Y ALIMENTOS,OL-LIC-DUL-0098,El Huerto,UCAREO,,,Yadira Mendoza Soto,4434101030,,OL,0098,20,3.2,45,9,,3.08,0.49,3.25,6.82,9.52,4.94,31,14
SINCODIGO-0112,Mezcal de Membrillo de 750 ml,429,235,,,,,,,,,,,,280,44.8,45,126,,10.62,1.7,10.97,23.29,2.71,59.21,370,135
SINCODIGO-0113,Mezcal de Manzana de 750 ml,429,235,,,,,,,,,,,,280,44.8,45,126,,10.62,1.7,10.97,23.29,2.71,59.21,370,135
OL-LIC-DUL-0099,LICOR DE NUEZ DE 750 ML,6,,DULCES TIPICOS Y ALIMENTOS,OL-LIC-DUL-0099,El Huerto,UCAREO,,,Yadira Mendoza Soto,4434101030,,OL,0099,,0,0,,,2.5,0.4,2.66,5.56,50,0.77,5,5
OL-LIC-DUL-0100,LICOR DE NUEZ DE 500 ML,6,,DULCES TIPICOS Y ALIMENTOS,OL-LIC-DUL-0100,El Huerto,UCAREO,,,Yadira Mendoza Soto,4434101030,,OL,0100,,0,0,,,2.5,0.4,2.66,5.56,50,0.77,5,5
OL-LIC-DUL-0101,LICOR DE NUEZ DE 250 ML,6,,DULCES TIPICOS Y ALIMENTOS,OL-LIC-DUL-0101,El Huerto,UCAREO,,,Yadira Mendoza Soto,4434101030,,OL,0101,,0,0,,,2.5,0.4,2.66,5.56,50,0.77,5,5
OL-LIC-DUL-0102,LICOR DE NUEZ DE 50 ML,6,,DULCES TIPICOS Y ALIMENTOS,OL-LIC-DUL-0102,El Huerto,UCAREO,,,Yadira Mendoza Soto,4434101030,,OL,0102,,0,0,,,2.5,0.4,2.66,5.56,50,0.77,5,5
OL-CRE-DUL-0103,CREMA DE COCO DE 500 ML,6,,DULCES TIPICOS Y ALIMENTOS,OL-CRE-DUL-0103,El Huerto,UCAREO,,,Yadira Mendoza Soto,4434101030,,OL,0103,,0,0,,,2.5,0.4,2.66,5.56,50,0.77,5,5
OL-CRE-DUL-0104,CREMA DE PISTACHE DE 500 ML,308,168,DULCES TIPICOS Y ALIMENTOS,OL-CRE-DUL-0104,El Huerto,UCAREO,,,Yadira Mendoza Soto,4434101030,,OL,0104,200,32,45,90,,8.3,1.33,8.59,18.22,2.96,42.51,266,98
OL-CRE-DUL-0105,CREMA DE CAFÉ DE 500 ML,308,168,DULCES TIPICOS Y ALIMENTOS,OL-CRE-DUL-0105,El Huerto,UCAREO,,,Yadira Mendoza Soto,4434101030,,OL,0105,200,32,45,90,,8.3,1.33,8.59,18.22,2.96,42.51,266,98
OL-CRE-DUL-0106,CREMA DE PIÑON DE 500 ML,308,168,DULCES TIPICOS Y ALIMENTOS,OL-CRE-DUL-0106,El Huerto,UCAREO,,,Yadira Mendoza Soto,4434101030,,OL,0106,200,32,45,90,,8.3,1.33,8.59,18.22,2.96,42.51,266,98
SINCODIGO-0122,,,,,,,,,,,,,,,,,,,,2.5,,,,,,,
CABOA1,ACEITERA BOLA (18x11.5),739,448.28,ARTESANIAS,CABOA1,SERVIN,TARANDACUAU GTO,,,VERONICA,421 107 2674,ACEITERA B,,0107,520,71.72,35,182,,17.58,2.81,17.05,37.44,2.53,101.99,637,189
CAGAA1,ALCANCIA GATO (28x9x17),1389,844.83,ARTESANIAS,CAGAA1,SERVIN,TARANDACUAU GTO,,,VERONICA,422 107 2674,ALCANCIA,,0108,980,135.17,35,343,,30.92,4.95,29.78,65.64,2.36,191.54,1197,352
CAPUA1,ALCANCIA PUERQUITO (16.5x16),1255,762.93,ARTESANIAS,CAPUA1,SERVIN,TARANDACUAU GTO,,,VERONICA,423 107 2674,ALCANCIA,,0109,885,122.07,35,309.75,,28.17,4.51,27.15,59.82,2.38,173.04,1082,319
CAVAA1,ALCANCIA VACA (10x6x17.5),986,599.14,ARTESANIAS,CAVAA1,SERVIN,TARANDACUAU GTO,,,VERONICA,424 107 2674,ALCANCIA,,0110,695,95.86,35,243.25,,22.66,3.62,21.89,48.17,2.44,136.06,850,251
CACCA1,AROMATIZADOR CALADO CHICO (10x7.5),584,353.45,ARTESANIAS,CACCA1,SERVIN,TARANDACUAU GTO,,,VERONICA,425 107 2674,AROMATIZA,,0111,410,56.55,35,143.5,,14.39,2.3,14,30.7,2.63,80.58,504,150
CACGA1,AROMATIZADOR CALADO GRANDE (14x11),824,500,ARTESANIAS,CACGA1,SERVIN,TARANDACUAU GTO,,,VERONICA,426 107 2674,AROMATIZA,,0112,580,80,35,203,,19.32,3.09,18.71,41.12,2.49,113.67,710,210
CACMA1,AROMATIZADOR CALADO MEDIANO (11.5x9),739,448.28,ARTESANIAS,CACMA1,SERVIN,TARANDACUAU GTO,,,VERONICA,427 107 2674,AROMATIZA,,0113,520,71.72,35,182,,17.58,2.81,17.05,37.44,2.53,101.99,637,189
CACOA1,AROMATIZADOR COLMENA (11.5x8.5),598,362.07,ARTESANIAS,CACOA1,SERVIN,TARANDACUAU GTO,,,VERONICA,428 107 2674,AROMATIZA,,0114,420,57.93,35,147,,14.68,2.35,14.28,31.31,2.62,82.53,516,154
CAAMA1,AZUCARERA AMERICANO (11.5x9),542,327.59,ARTESANIAS,CAAMA1,SERVIN,TARANDACUAU GTO,,,VERONICA,429 107 2674,AZUCARERA,,0115,380,52.41,35,133,,13.52,2.16,13.17,28.86,2.66,74.74,467,140
CAASA1,AZUCARERA CON ASA (13.5x8.5),542,327.59,ARTESANIAS,CAASA1,SERVIN,TARANDACUAU GTO,,,VERONICA,430 107 2674,AZUCARERA,,0116,380,52.41,35,133,,13.52,2.16,13.17,28.86,2.66,74.74,467,140
CAEXA1,AZUCARERA EXPRESS (11x8.5),507,306.03,ARTESANIAS,CAEXA1,SERVIN,TARANDACUAU GTO,,,VERONICA,431 107 2674,AZUCARERA,,0117,355,48.97,35,124.25,,12.8,2.05,12.48,27.32,2.7,69.87,437,131
CAZUA1,AZULEJO (0.5x5x5),182,107.76,ARTESANIAS,CAZUA1,SERVIN,TARANDACUAU GTO,,,VERONICA,432 107 2674,AZULEJO (,,0118,125,17.24,35,43.75,,6.13,0.98,6.12,13.22,3.63,25.1,157,49
CBGAA1,BASE DE GARRAFON (27x24.5),6603,4030.17,ARTESANIAS,CBGAA1,SERVIN,TARANDACUAU GTO,,,VERONICA,433 107 2674,BASE DE G,,0119,4675,644.83,35,1636.25,,138.08,22.09,132.03,292.2,2.21,910.82,5693,1662
CBOMA1,BOMBONERA (11.5x14),986,599.14,ARTESANIAS,CBOMA1,SERVIN,TARANDACUAU GTO,,,VERONICA,434 107 2674,BOMBONERA,,0120,695,95.86,35,243.25,,22.66,3.62,21.89,48.17,2.44,136.06,850,251
CBOVA1,BOTANERO OVAL (6x13x14),598,362.07,ARTESANIAS,CBOVA1,SERVIN,TARANDACUAU GTO,,,VERONICA,435 107 2674,BOTANERO,,0121,420,57.93,35,147,,14.68,2.35,14.28,31.31,2.62,82.53,516,154
CBRCA1,BOTANERO RECTANGULAR CHICO (3x10x13.5),507,306.03,ARTESANIAS,CBRCA1,SERVIN,TARANDACUAU GTO,,,VERONICA,436 107 2674,BOTANERO,,0122,355,48.97,35,124.25,,12.8,2.05,12.48,27.32,2.7,69.87,437,131
CBTRA1,BOTANERO TRIANGULAR (5x13),507,306.03,ARTESANIAS,CBTRA1,SERVIN,TARANDACUAU GTO,,,VERONICA,437 107 2674,BOTANERO,,0123,355,48.97,35,124.25,,12.8,2.05,12.48,27.32,2.7,69.87,437,131
CBPSA1,BOTELLA PARA SAKE (14x8.5),775,469.83,ARTESANIAS,CBPSA1,SERVIN,TARANDACUAU GTO,,,VERONICA,438 107 2674,BOTELLA P,,0124,545,75.17,35,190.75,,18.31,2.93,17.74,38.97,2.52,106.86,668,198
CBRCB1,BOWL REDONDO CHICO (9x17),1311,797.41,ARTESANIAS,CBRCB1,SERVIN,TARANDACUAU GTO,,,VERONICA,439 107 2674,BOWL REDO,,0125,925,127.59,35,323.75,,29.33,4.69,28.26,62.27,2.37,180.83,1130,333
CBRGA1,BOWL REDONDO GRANDE (12x23.5),2744,1672.41,ARTESANIAS,CBRGA1,SERVIN,TARANDACUAU GTO,,,VERONICA,440 107 2674,BOWL REDO,,0126,1940,267.59,35,679,,58.76,9.4,56.34,124.5,2.27,378.41,2365,693
CBRMA1,BOWL REDONDO MEDIANO (10x20.5),1996,1215.52,ARTESANIAS,CBRMA1,SERVIN,TARANDACUAU GTO,,,VERONICA,441 107 2674,BOWL REDO,,0127,1410,194.48,35,493.5,,43.39,6.94,41.68,92.01,2.31,275.24,1720,505
CBRMB1,BOWL REDONDO MINI (7.5x14.5),1064,646.55,ARTESANIAS,CBRMB1,SERVIN,TARANDACUAU GTO,,,VERONICA,442 107 2674,BOWL REDO,,0128,750,103.45,35,262.5,,24.25,3.88,23.41,51.54,2.42,146.76,917,271
CCCUA1,CABALLITO CUADRADO (8.5x3.5),238,142.24,ARTESANIAS,CCCUA1,SERVIN,TARANDACUAU GTO,,,VERONICA,443 107 2674,CABALLITO,,0129,165,22.76,35,57.75,,7.29,1.17,7.22,15.67,3.29,32.89,206,63
CCALC1,CALAVERITA CHICA (8X6.5X8),394,237.07,ARTESANIAS,CCALC1,SERVIN,TARANDACUAU GTO,,,VERONICA,444 107 2674,CALAVERIT,,0130,275,37.93,35,96.25,,10.48,1.68,10.27,22.42,2.85,54.3,339,102
CCALM1,CALAVERITA MEDIANA (12.5X9.5X9),648,392.24,ARTESANIAS,CCALM1,SERVIN,TARANDACUAU GTO,,,VERONICA,445 107 2674,CALAVERIT,,0131,455,62.76,35,159.25,,15.7,2.51,15.25,33.46,2.58,89.34,558,166
CCCPA1,CALIZ CON PATENA (11.5x17),1833,1116.38,ARTESANIAS,CCCPA1,SERVIN,TARANDACUAU GTO,,,VERONICA,446 107 2674,CALIZ CON,,0132,1295,178.62,35,453.25,,40.06,6.41,38.49,84.96,2.32,252.86,1580,464
CCAMA1,CAMPANA # 1 (7x4),260,155.17,ARTESANIAS,CCAMA1,SERVIN,TARANDACUAU GTO,,,VERONICA,447 107 2674,CAMPANA #,,0133,180,24.83,35,63,,7.72,1.24,7.64,16.59,3.2,35.81,224,69
CCAMB1,CAMPANA # 2 (10.5x6),309,185.34,ARTESANIAS,CCAMB1,SERVIN,TARANDACUAU GTO,,,VERONICA,448 107 2674,CAMPANA #,,0134,215,29.66,35,75.25,,8.74,1.4,8.61,18.74,3.03,42.62,266,81
CCACA1,CANDELERO ASA CHICO (5x10),330,198.28,ARTESANIAS,CCACA1,SERVIN,TARANDACUAU GTO,,,VERONICA,449 107 2674,CANDELERO,,0135,230,31.72,35,80.5,,9.17,1.47,9.02,19.66,2.98,45.54,285,86
CCAGA1,CANDELERO ASA GRANDE (5.5x12),365,219.83,ARTESANIAS,CCAGA1,SERVIN,TARANDACUAU GTO,,,VERONICA,450 107 2674,CANDELERO,,0136,255,35.17,35,89.25,,9.9,1.58,9.71,21.19,2.9,50.41,315,95
CCTCA1,CANDELERO TORRE CHICO (9x6),330,198.28,ARTESANIAS,CCTCA1,SERVIN,TARANDACUAU GTO,,,VERONICA,451 107 2674,CANDELERO,,0137,230,31.72,35,80.5,,9.17,1.47,9.02,19.66,2.98,45.54,285,86
CCTGA1,CANDELERO TORRE GRANDE (10.5x8),365,219.83,ARTESANIAS,CCTGA1,SERVIN,TARANDACUAU GTO,,,VERONICA,452 107 2674,CANDELERO,,0138,255,35.17,35,89.25,,9.9,1.58,9.71,21.19,2.9,50.41,315,95
CCENA1,CENICERO # 1 (2.5x6),217,129.31,ARTESANIAS,CCENA1,SERVIN,TARANDACUAU GTO,,,VERONICA,453 107 2674,CENICERO,,0139,150,20.69,35,52.5,,6.85,1.1,6.81,14.75,3.4,29.97,187,58
CCENB1,CENICERO # 2 (2.5x7),238,142.24,ARTESANIAS,CCENB1,SERVIN,TARANDACUAU GTO,,,VERONICA,454 107 2674,CENICERO,,0140,165,22.76,35,57.75,,7.29,1.17,7.22,15.67,3.29,32.89,206,63
CCENC1,CENICERO # 3 (2.5x8.5),260,155.17,ARTESANIAS,CCENC1,SERVIN,TARANDACUAU GTO,,,VERONICA,455 107 2674,CENICERO,,0141,180,24.83,35,63,,7.72,1.24,7.64,16.59,3.2,35.81,224,69
CCEND1,CENICERO # 4 (2.5x10),274,163.79,ARTESANIAS,CCEND1,SERVIN,TARANDACUAU GTO,,,VERONICA,456 107 2674,CENICERO,,0142,190,26.21,35,66.5,,8.01,1.28,7.92,17.21,3.14,37.75,236,72
CCENE1,CENICERO # 5 (2.5x12),309,185.34,ARTESANIAS,CCENE1,SERVIN,TARANDACUAU GTO,,,VERONICA,457 107 2674,CENICERO,,0143,215,29.66,35,75.25,,8.74,1.4,8.61,18.74,3.03,42.62,266,81
CCEDA1,CHAROLA RECTANGULAR EX-GDE. DECORADA (2.5x16.5x30),1579,961.21,ARTESANIAS,CCEDA1,SERVIN,TARANDACUAU GTO,,,VERONICA,423 107 2674,CHAROLA R,,0144,1115,153.79,35,390.25,,34.84,5.57,33.51,73.92,2.34,217.82,1361,400
CCEEA1,CHAROLA RECTANGULAR EX-GDE. ESMALTADA (2.5x16.5x30),542,327.59,ARTESANIAS,CCEEA1,SERVIN,TARANDACUAU GTO,,,VERONICA,424 107 2674,CHAROLA R,,0145,380,52.41,35,133,,13.52,2.16,13.17,28.86,2.66,74.74,467,140
CCMDA1,CHAROLA RECTANGULAR MEDIANA DECORADA (1.5x10.5x18.5),761,461.21,ARTESANIAS,CCMDA1,SERVIN,TARANDACUAU GTO,,,VERONICA,425 107 2674,CHAROLA R,,0146,535,73.79,35,187.25,,18.02,2.88,17.46,38.36,2.52,104.91,656,194
CCMEA1,CHAROLA RECTANGULAR MEDIANA ESMALTADA (1.5x10.5x18.5),436,262.93,ARTESANIAS,CCMEA1,SERVIN,TARANDACUAU GTO,,,VERONICA,426 107 2674,CHAROLA R,,0147,305,42.07,35,106.75,,11.35,1.82,11.1,24.26,2.78,60.14,376,113
CCCDA1,CHAROLA RECTANGULAR CHICA DECORADA (1.5x8x17.5),584,353.45,ARTESANIAS,CCCDA1,SERVIN,TARANDACUAU GTO,,,VERONICA,427 107 2674,CHAROLA R,,0148,410,56.55,35,143.5,,14.39,2.3,14,30.7,2.63,80.58,504,150
CCCEA1,CHAROLA RECTANGULAR CHICA ESMALTADA (1.5x8x17.5),365,219.83,ARTESANIAS,CCCEA1,SERVIN,TARANDACUAU GTO,,,VERONICA,428 107 2674,CHAROLA R,,0149,255,35.17,35,89.25,,9.9,1.58,9.71,21.19,2.9,50.41,315,95
CCGDA1,CHAROLA RECTANGULAR GRANDE DECORADA (2.5x16x25.5),1092,663.79,ARTESANIAS,CCGDA1,SERVIN,TARANDACUAU GTO,,,VERONICA,429 107 2674,CHAROLA R,,0150,770,106.21,35,269.5,,24.83,3.97,23.97,52.77,2.42,150.66,942,278
CCGEA1,CHAROLA RECTANGULAR GRANDE ESMALTADA (2.5x16x25.5),471,284.48,ARTESANIAS,CCGEA1,SERVIN,TARANDACUAU GTO,,,VERONICA,430 107 2674,CHAROLA R,,0151,330,45.52,35,115.5,,12.07,1.93,11.79,25.79,2.74,65.01,406,122
CCPVA1,COPA PARA VELA (3x5),217,129.31,ARTESANIAS,CCPVA1,SERVIN,TARANDACUAU GTO,,,VERONICA,431 107 2674,COPA PARA,,0152,150,20.69,35,52.5,,6.85,1.1,6.81,14.75,3.4,29.97,187,58
CCPCA1,COPA PORRON CHICA (4x4),217,129.31,ARTESANIAS,CCPCA1,SERVIN,TARANDACUAU GTO,,,VERONICA,432 107 2674,COPA PORR,,0153,150,20.69,35,52.5,,6.85,1.1,6.81,14.75,3.4,29.97,187,58
CCPGA1,COPA PORRON GRANDE (5.5x5),238,142.24,ARTESANIAS,CCPGA1,SERVIN,TARANDACUAU GTO,,,VERONICA,433 107 2674,COPA PORR,,0154,165,22.76,35,57.75,,7.29,1.17,7.22,15.67,3.29,32.89,206,63
CCTCB1,COPA TEQUILERA CHICA (5.5x4),217,129.31,ARTESANIAS,CCTCB1,SERVIN,TARANDACUAU GTO,,,VERONICA,434 107 2674,COPA TEQU,,0155,150,20.69,35,52.5,,6.85,1.1,6.81,14.75,3.4,29.97,187,58
CCTGB1,COPA TEQUILERA GRANDE (7.5x4.5),238,142.24,ARTESANIAS,CCTGB1,SERVIN,TARANDACUAU GTO,,,VERONICA,435 107 2674,COPA TEQU,,0156,165,22.76,35,57.75,,7.29,1.17,7.22,15.67,3.29,32.89,206,63
CCOPA1,COPON (16x13),1904,1159.48,ARTESANIAS,CCOPA1,SERVIN,TARANDACUAU GTO,,,VERONICA,436 107 2674,COPON (16,,0157,1345,185.52,35,470.75,,41.51,6.64,39.88,88.02,2.31,262.59,1641,482
CCAME1,CREMERA AMERICANO (8.5x8.5),422,254.31,ARTESANIAS,CCAME1,SERVIN,TARANDACUAU GTO,,,VERONICA,437 107 2674,CREMERA A,,0158,295,40.69,35,103.25,,11.06,1.77,10.82,23.65,2.8,58.19,364,109
CCEXA1,CREMERA EXPRESS (6.5x6),309,185.34,ARTESANIAS,CCEXA1,SERVIN,TARANDACUAU GTO,,,VERONICA,438 107 2674,CREMERA E,,0159,215,29.66,35,75.25,,8.74,1.4,8.61,18.74,3.03,42.62,266,81
CCRUA1,CRUZ # 1 (9x6),260,155.17,ARTESANIAS,CCRUA1,SERVIN,TARANDACUAU GTO,,,VERONICA,439 107 2674,CRUZ # 1,,0160,180,24.83,35,63,,7.72,1.24,7.64,16.59,3.2,35.81,224,69
CCRUB1,CRUZ # 2 (15.5x11.5),394,237.07,ARTESANIAS,CCRUB1,SERVIN,TARANDACUAU GTO,,,VERONICA,440 107 2674,CRUZ # 2,,0161,275,37.93,35,96.25,,10.48,1.68,10.27,22.42,2.85,54.3,339,102
CCRUC1,CRUZ # 3 (23.5x13.5),775,469.83,ARTESANIAS,CCRUC1,SERVIN,TARANDACUAU GTO,,,VERONICA,441 107 2674,CRUZ # 3,,0162,545,75.17,35,190.75,,18.31,2.93,17.74,38.97,2.52,106.86,668,198
CCUCA1,CUCHARA (3x4x15.5),274,163.79,ARTESANIAS,CCUCA1,SERVIN,TARANDACUAU GTO,,,VERONICA,442 107 2674,CUCHARA (,,0163,190,26.21,35,66.5,,8.01,1.28,7.92,17.21,3.14,37.75,236,72
CDEDA1,DEDAL (2.5x2),76,43.1,ARTESANIAS,CDEDA1,SERVIN,TARANDACUAU GTO,,,VERONICA,443 107 2674,DEDAL (2.,,0164,50,6.9,35,17.5,,3.95,0.63,4.04,8.62,5.66,10.5,66,23
CDJAL1,DESPACHADOR DE JABON LIQUIDO (8X18),916,556.03,ARTESANIAS,CDJAL1,SERVIN,TARANDACUAU GTO,,,VERONICA,444 107 2674,DESPACHAD,,0165,645,88.97,35,225.75,,21.21,3.39,20.51,45.1,2.46,126.32,790,233
CELEA1,ELEFANTE (11.5x6x12),528,318.97,ARTESANIAS,CELEA1,SERVIN,TARANDACUAU GTO,,,VERONICA,445 107 2674,ELEFANTE,,0166,370,51.03,35,129.5,,13.23,2.12,12.9,28.24,2.68,72.79,455,136
CENSA1,ENSALADERA (9x32),8699,5310.34,ARTESANIAS,CENSA1,SERVIN,TARANDACUAU GTO,,,VERONICA,446 107 2674,ENSALADER,,0167,6160,849.66,35,2156,,181.14,28.98,173.12,383.24,2.2,1199.9,7499,2189
CESFA1,ESFERA # 1 (5),260,155.17,ARTESANIAS,CESFA1,SERVIN,TARANDACUAU GTO,,,VERONICA,447 107 2674,ESFERA #,,0168,180,24.83,35,63,,7.72,1.24,7.64,16.59,3.2,35.81,224,69
CESFB1,ESFERA # 2 (6),274,163.79,ARTESANIAS,CESFB1,SERVIN,TARANDACUAU GTO,,,VERONICA,448 107 2674,ESFERA #,,0169,190,26.21,35,66.5,,8.01,1.28,7.92,17.21,3.14,37.75,236,72
CESFC1,ESFERA # 3 (6.,309,185.34,ARTESANIAS,CESFC1,SERVIN,TARANDACUAU GTO,,,VERONICA,449 107 2674,ESFERA #,,0170,215,29.66,35,75.25,,8.74,1.4,8.61,18.74,3.03,42.62,266,81
CESFD1,ESFERA # 4 (8),365,219.83,ARTESANIAS,CESFD1,SERVIN,TARANDACUAU GTO,,,VERONICA,450 107 2674,ESFERA #,,0171,255,35.17,35,89.25,,9.9,1.58,9.71,21.19,2.9,50.41,315,95
CESFE1,ESFERA # 5 (8.5),436,262.93,ARTESANIAS,CESFE1,SERVIN,TARANDACUAU GTO,,,VERONICA,451 107 2674,ESFERA #,,0172,305,42.07,35,106.75,,11.35,1.82,11.1,24.26,2.78,60.14,376,113
CESFF1,ESFERA # 6 (10.5),471,284.48,ARTESANIAS,CESFF1,SERVIN,TARANDACUAU GTO,,,VERONICA,452 107 2674,ESFERA #,,0173,330,45.52,35,115.5,,12.07,1.93,11.79,25.79,2.74,65.01,406,122
CEPCA1,ESFERA # 1 PARA COLGAR (5),274,163.79,ARTESANIAS,CEPCA1,SERVIN,TARANDACUAU GTO,,,VERONICA,453 107 2674,ESFERA #,,0174,190,26.21,35,66.5,,8.01,1.28,7.92,17.21,3.14,37.75,236,72
CEPCB1,ESFERA # 2 PARA COLGAR (6),309,185.34,ARTESANIAS,CEPCB1,SERVIN,TARANDACUAU GTO,,,VERONICA,454 107 2674,ESFERA #,,0175,215,29.66,35,75.25,,8.74,1.4,8.61,18.74,3.03,42.62,266,81
CEPCC1,ESFERA # 3 PARA COLGAR (6.5),330,198.28,ARTESANIAS,CEPCC1,SERVIN,TARANDACUAU GTO,,,VERONICA,455 107 2674,ESFERA #,,0176,230,31.72,35,80.5,,9.17,1.47,9.02,19.66,2.98,45.54,285,86
CEPCD1,ESFERA # 4 PARA COLGAR (8),394,237.07,ARTESANIAS,CEPCD1,SERVIN,TARANDACUAU GTO,,,VERONICA,456 107 2674,ESFERA #,,0177,275,37.93,35,96.25,,10.48,1.68,10.27,22.42,2.85,54.3,339,102
CEPCE1,ESFERA # 5 PARA COLGAR (8.5),450,271.55,ARTESANIAS,CEPCE1,SERVIN,TARANDACUAU GTO,,,VERONICA,457 107 2674,ESFERA #,,0178,315,43.45,35,110.25,,11.64,1.86,11.37,24.87,2.76,62.09,388,116
CEPCF1,ESFERA # 6 PARA COLGAR (10.5),507,306.03,ARTESANIAS,CEPCF1,SERVIN,TARANDACUAU GTO,,,VERONICA,423 107 2674,ESFERA #,,0179,355,48.97,35,124.25,,12.8,2.05,12.48,27.32,2.7,69.87,437,131
CESPA1,ESPEJO (44x58),6512,3974.14,ARTESANIAS,CESPA1,SERVIN,TARANDACUAU GTO,,,VERONICA,424 107 2674,ESPEJO (4,,0180,4610,635.86,35,1613.5,,136.19,21.79,130.23,288.21,2.21,898.17,5614,1639
CFLOA1,FLORERO # 1 (7),217,129.31,ARTESANIAS,CFLOA1,SERVIN,TARANDACUAU GTO,,,VERONICA,425 107 2674,FLORERO #,,0181,150,20.69,35,52.5,,6.85,1.1,6.81,14.75,3.4,29.97,187,58
CFLOB1,FLORERO # 10 (34),5771,3521.55,ARTESANIAS,CFLOB1,SERVIN,TARANDACUAU GTO,,,VERONICA,426 107 2674,FLORERO #,,0182,4085,563.45,35,1429.75,,120.97,19.35,115.7,256.02,2.22,795.97,4975,1453
CFLOC1,FLORERO # 2 (8.5),238,142.24,ARTESANIAS,CFLOC1,SERVIN,TARANDACUAU GTO,,,VERONICA,427 107 2674,FLORERO #,,0183,165,22.76,35,57.75,,7.29,1.17,7.22,15.67,3.29,32.89,206,63
CFLOD1,FLORERO # 3 (10.5),330,198.28,ARTESANIAS,CFLOD1,SERVIN,TARANDACUAU GTO,,,VERONICA,428 107 2674,FLORERO #,,0184,230,31.72,35,80.5,,9.17,1.47,9.02,19.66,2.98,45.54,285,86
CFLOE1,FLORERO # 4 (12),436,262.93,ARTESANIAS,CFLOE1,SERVIN,TARANDACUAU GTO,,,VERONICA,429 107 2674,FLORERO #,,0185,305,42.07,35,106.75,,11.35,1.82,11.1,24.26,2.78,60.14,376,113
CFLOF1,FLORERO # 5 (15),718,435.34,ARTESANIAS,CFLOF1,SERVIN,TARANDACUAU GTO,,,VERONICA,430 107 2674,FLORERO #,,0186,505,69.66,35,176.75,,17.15,2.74,16.63,36.52,2.54,99.07,619,184
CFLOG1,FLORERO # 6 (17),916,556.03,ARTESANIAS,CFLOG1,SERVIN,TARANDACUAU GTO,,,VERONICA,431 107 2674,FLORERO #,,0187,645,88.97,35,225.75,,21.21,3.39,20.51,45.1,2.46,126.32,790,233
CFLOH1,FLORERO # 7 (22x14),1593,969.83,ARTESANIAS,CFLOH1,SERVIN,TARANDACUAU GTO,,,VERONICA,432 107 2674,FLORERO #,,0188,1125,155.17,35,393.75,,35.13,5.62,33.79,74.53,2.34,219.76,1374,404
CFLOI1,FLORERO # 8 (25.5),2666,1625,ARTESANIAS,CFLOI1,SERVIN,TARANDACUAU GTO,,,VERONICA,433 107 2674,FLORERO #,,0189,1885,260,35,659.75,,57.17,9.15,54.82,121.13,2.27,367.71,2298,673
CFLOJ1,FLORERO # 9 (31.5),4508,2750,ARTESANIAS,CFLOJ1,SERVIN,TARANDACUAU GTO,,,VERONICA,434 107 2674,FLORERO #,,0190,3190,440,35,1116.5,,95.01,15.2,90.93,201.15,2.23,621.74,3886,1136
CFCCA1,FLORERO CUADRADO CHICO (17.5x4.5),648,392.24,ARTESANIAS,CFCCA1,SERVIN,TARANDACUAU GTO,,,VERONICA,435 107 2674,FLORERO C,,0191,455,62.76,35,159.25,,15.7,2.51,15.25,33.46,2.58,89.34,558,166
CFCGA1,FLORERO CUADRADO GRANDE (26x6),1459,887.93,ARTESANIAS,CFCGA1,SERVIN,TARANDACUAU GTO,,,VERONICA,436 107 2674,FLORERO C,,0192,1030,142.07,35,360.5,,32.37,5.18,31.16,68.71,2.35,201.27,1258,370
CFDEA1,FLORERO DELGADO (37x10),1741,1060.34,ARTESANIAS,CFDEA1,SERVIN,TARANDACUAU GTO,,,VERONICA,437 107 2674,FLORERO D,,0193,1230,169.66,35,430.5,,38.17,6.11,36.7,80.97,2.32,240.2,1501,441
CFDCA1,FLORERO DONA CHICO (15.5x5.5x16.5),1064,646.55,ARTESANIAS,CFDCA1,SERVIN,TARANDACUAU GTO,,,VERONICA,438 107 2674,FLORERO D,,0194,750,103.45,35,262.5,,24.25,3.88,23.41,51.54,2.42,146.76,917,271
FDGA1 F,FLORERO DONA GRANDE (20x8x21),1685,1025.86,ARTESANIAS,FDGA1 F,SERVIN,TARANDACUAU GTO,,,VERONICA,439 107 2674,FLORERO DO,,0195,1190,164.14,35,416.5,,37.01,5.92,35.59,78.52,2.33,232.42,1453,427
CFGOA1,FLORERO GORDO (23x19),2101,1280.17,ARTESANIAS,CFGOA1,SERVIN,TARANDACUAU GTO,,,VERONICA,440 107 2674,FLORERO G,,0196,1485,204.83,35,519.75,,45.57,7.29,43.75,96.61,2.3,289.84,1812,531
CFMIA1,FLORERO MICRO (3),76,43.1,ARTESANIAS,CFMIA1,SERVIN,TARANDACUAU GTO,,,VERONICA,441 107 2674,FLORERO M,,0197,50,6.9,35,17.5,,3.95,0.63,4.04,8.62,5.66,10.5,66,23
CFMIB1,FLORERO MINI (5),182,107.76,ARTESANIAS,CFMIB1,SERVIN,TARANDACUAU GTO,,,VERONICA,442 107 2674,FLORERO M,,0198,125,17.24,35,43.75,,6.13,0.98,6.12,13.22,3.63,25.1,157,49
CFPCA1,FLORERO PEZ CHICO (18.5x9.5x14.5),1064,646.55,ARTESANIAS,CFPCA1,SERVIN,TARANDACUAU GTO,,,VERONICA,443 107 2674,FLORERO P,,0199,750,103.45,35,262.5,,24.25,3.88,23.41,51.54,2.42,146.76,917,271
CFPGA1,FLORERO PEZ GRANDE (42x22x31),7718,4711.21,ARTESANIAS,CFPGA1,SERVIN,TARANDACUAU GTO,,,VERONICA,444 107 2674,FLORERO P,,0200,5465,753.79,35,1912.75,,160.99,25.76,153.89,340.63,2.21,1064.6,6654,1943
CFPMA1,FLORERO PEZ MEDIANO (31x16x22),4508,2750,ARTESANIAS,CFPMA1,SERVIN,TARANDACUAU GTO,,,VERONICA,445 107 2674,FLORERO P,,0201,3190,440,35,1116.5,,95.01,15.2,90.93,201.15,2.23,621.74,3886,1136
CFCHA1,FRUTERO CHICO (5.5x24),2800,1706.9,ARTESANIAS,CFCHA1,SERVIN,TARANDACUAU GTO,,,VERONICA,446 107 2674,FRUTERO C,,0202,1980,273.1,35,693,,59.92,9.59,57.45,126.96,2.27,386.2,2414,707
CGCHA1,GALLETERO CHICO (12x10.5),761,461.21,ARTESANIAS,CGCHA1,SERVIN,TARANDACUAU GTO,,,VERONICA,447 107 2674,GALLETERO,,0203,535,73.79,35,187.25,,18.02,2.88,17.46,38.36,2.52,104.91,656,194
CGMEA1,GALLETERO MEDIANO (14.5x12),986,599.14,ARTESANIAS,CGMEA1,SERVIN,TARANDACUAU GTO,,,VERONICA,448 107 2674,GALLETERO,,0204,695,95.86,35,243.25,,22.66,3.62,21.89,48.17,2.44,136.06,850,251
CGPOA1,GATO PORTA-ANILLOS (12.5x4.5x8.5),507,306.03,ARTESANIAS,CGPOA1,SERVIN,TARANDACUAU GTO,,,VERONICA,449 107 2674,GATO PORT,,0205,355,48.97,35,124.25,,12.8,2.05,12.48,27.32,2.7,69.87,437,131
CJAGA1,JARRA DE AGUA (20.5x16.5),2440,1487.07,ARTESANIAS,CJAGA1,SERVIN,TARANDACUAU GTO,,,VERONICA,450 107 2674,JARRA DE,,0206,1725,237.93,35,603.75,,52.53,8.4,50.39,111.32,2.28,336.56,2104,616
CJADA1,JARRA DE AGUA DONA (31x12x21),4084,2491.38,ARTESANIAS,CJADA1,SERVIN,TARANDACUAU GTO,,,VERONICA,451 107 2674,JARRA DE,,0207,2890,398.62,35,1011.5,,86.31,13.81,82.63,182.75,2.24,563.35,3521,1030
CJCAA1,JARRA DE CAFE AMERICANO (18x13.5),2313,1409.48,ARTESANIAS,CJCAA1,SERVIN,TARANDACUAU GTO,,,VERONICA,452 107 2674,JARRA DE,,0208,1635,225.52,35,572.25,,49.92,7.99,47.9,105.8,2.29,319.04,1994,585
CJCEA1,JARRA DE CAFE EXPRESS (16x12),1812,1103.45,ARTESANIAS,CJCEA1,SERVIN,TARANDACUAU GTO,,,VERONICA,453 107 2674,JARRA DE,,0209,1280,176.55,35,448,,39.62,6.34,38.08,84.04,2.32,249.94,1562,459
CJTCA1,JARRA DE TE CHICA (10x12.5x16),1163,706.9,ARTESANIAS,CJTCA1,SERVIN,TARANDACUAU GTO,,,VERONICA,454 107 2674,JARRA DE,,0210,820,113.1,35,287,,26.28,4.2,25.35,55.83,2.4,160.39,1002,296
CJTGA1,JARRA DE TE GRANDE (11.5x18x22.5),2101,1280.17,ARTESANIAS,CJTGA1,SERVIN,TARANDACUAU GTO,,,VERONICA,455 107 2674,JARRA DE,,0211,1485,204.83,35,519.75,,45.57,7.29,43.75,96.61,2.3,289.84,1812,531
CJACA1,JARRITA ACEITERA (13x8.5),648,392.24,ARTESANIAS,CJACA1,SERVIN,TARANDACUAU GTO,,,VERONICA,456 107 2674,JARRITA A,,0212,455,62.76,35,159.25,,15.7,2.51,15.25,33.46,2.58,89.34,558,166
CJPOA1,JARRITO PONCHERO (9x8),436,262.93,ARTESANIAS,CJPOA1,SERVIN,TARANDACUAU GTO,,,VERONICA,457 107 2674,JARRITO P,,0213,305,42.07,35,106.75,,11.35,1.82,11.1,24.26,2.78,60.14,376,113
CJBOA1,JOYERO # 1 BOLA (4x5.5),274,163.79,ARTESANIAS,CJBOA1,SERVIN,TARANDACUAU GTO,,,VERONICA,423 107 2674,JOYERO #,,0214,190,26.21,35,66.5,,8.01,1.28,7.92,17.21,3.14,37.75,236,72
CJHPA1,JOYERO # 1 HEXAGONAL CON PERILLA (4.5x4.5),274,163.79,ARTESANIAS,CJHPA1,SERVIN,TARANDACUAU GTO,,,VERONICA,424 107 2674,JOYERO #,,0215,190,26.21,35,66.5,,8.01,1.28,7.92,17.21,3.14,37.75,236,72
CJPLA1,JOYERO # 1 PLANO (4x5),274,163.79,ARTESANIAS,CJPLA1,SERVIN,TARANDACUAU GTO,,,VERONICA,425 107 2674,JOYERO #,,0216,190,26.21,35,66.5,,8.01,1.28,7.92,17.21,3.14,37.75,236,72
CJBOB1,JOYERO # 2 BOLA (5.5x7.5),330,198.28,ARTESANIAS,CJBOB1,SERVIN,TARANDACUAU GTO,,,VERONICA,426 107 2674,JOYERO #,,0217,230,31.72,35,80.5,,9.17,1.47,9.02,19.66,2.98,45.54,285,86
CJHPB1,JOYERO # 2 HEXAGONAL CON PERILLA (5.5x6),330,198.28,ARTESANIAS,CJHPB1,SERVIN,TARANDACUAU GTO,,,VERONICA,427 107 2674,JOYERO #,,0218,230,31.72,35,80.5,,9.17,1.47,9.02,19.66,2.98,45.54,285,86
CJPLB1,JOYERO # 2 PLANO (4x7),330,198.28,ARTESANIAS,CJPLB1,SERVIN,TARANDACUAU GTO,,,VERONICA,428 107 2674,JOYERO #,,0219,230,31.72,35,80.5,,9.17,1.47,9.02,19.66,2.98,45.54,285,86
CJBOC1,JOYERO # 3 BOLA (7.5x9),394,237.07,ARTESANIAS,CJBOC1,SERVIN,TARANDACUAU GTO,,,VERONICA,429 107 2674,JOYERO #,,0220,275,37.93,35,96.25,,10.48,1.68,10.27,22.42,2.85,54.3,339,102
CJHPC1,JOYERO # 3 HEXAGONAL CON PERILLA (7x9),394,237.07,ARTESANIAS,CJHPC1,SERVIN,TARANDACUAU GTO,,,VERONICA,430 107 2674,JOYERO #,,0221,275,37.93,35,96.25,,10.48,1.68,10.27,22.42,2.85,54.3,339,102
CJPLC1,JOYERO # 3 PLANO (6.5x8.5),394,237.07,ARTESANIAS,CJPLC1,SERVIN,TARANDACUAU GTO,,,VERONICA,431 107 2674,JOYERO #,,0222,275,37.93,35,96.25,,10.48,1.68,10.27,22.42,2.85,54.3,339,102
CJBOD1,JOYERO # 4 BOLA (8.5x10),471,284.48,ARTESANIAS,CJBOD1,SERVIN,TARANDACUAU GTO,,,VERONICA,432 107 2674,JOYERO #,,0223,330,45.52,35,115.5,,12.07,1.93,11.79,25.79,2.74,65.01,406,122
CJHPD1,JOYERO # 4 HEXAGONAL CON PERILLA (5x10),471,284.48,ARTESANIAS,CJHPD1,SERVIN,TARANDACUAU GTO,,,VERONICA,433 107 2674,JOYERO #,,0224,330,45.52,35,115.5,,12.07,1.93,11.79,25.79,2.74,65.01,406,122
CJPLD1,JOYERO # 4 PLANO (7x10.5),471,284.48,ARTESANIAS,CJPLD1,SERVIN,TARANDACUAU GTO,,,VERONICA,434 107 2674,JOYERO #,,0225,330,45.52,35,115.5,,12.07,1.93,11.79,25.79,2.74,65.01,406,122
CJMBA1,JOYERO MICRO BOLA (2x2.5),182,107.76,ARTESANIAS,CJMBA1,SERVIN,TARANDACUAU GTO,,,VERONICA,435 107 2674,JOYERO MI,,0226,125,17.24,35,43.75,,6.13,0.98,6.12,13.22,3.63,25.1,157,49
CJMPA1,JOYERO MICRO PLANO (2x25),182,107.76,ARTESANIAS,CJMPA1,SERVIN,TARANDACUAU GTO,,,VERONICA,436 107 2674,JOYERO MI,,0227,125,17.24,35,43.75,,6.13,0.98,6.12,13.22,3.63,25.1,157,49
CJMBB1,JOYERO MINI BOLA (3.5x4),238,142.24,ARTESANIAS,CJMBB1,SERVIN,TARANDACUAU GTO,,,VERONICA,437 107 2674,JOYERO MI,,0228,165,22.76,35,57.75,,7.29,1.17,7.22,15.67,3.29,32.89,206,63
CJMPB1,JOYERO MINI PLANO (3x4),238,142.24,ARTESANIAS,CJMPB1,SERVIN,TARANDACUAU GTO,,,VERONICA,438 107 2674,JOYERO MI,,0229,165,22.76,35,57.75,,7.29,1.17,7.22,15.67,3.29,32.89,206,63
CJAGB1,JUEGO DE AGUA (7 PIEZAS),5023,3064.66,ARTESANIAS,CJAGB1,SERVIN,TARANDACUAU GTO,,,VERONICA,439 107 2674,JUEGO DE,,0230,3555,490.34,35,1244.25,,105.6,16.9,101.03,223.53,2.23,692.8,4330,1265
CJADB1,JUEGO DE AGUA DONA (7 PIEZAS),6914,4219.83,ARTESANIAS,CJADB1,SERVIN,TARANDACUAU GTO,,,VERONICA,440 107 2674,JUEGO DE,,0231,4895,675.17,35,1713.25,,144.46,23.11,138.12,305.68,2.21,953.65,5960,1740
CJCAB1,JUEGO DE CAFE AMERICANO (15 PIEZAS),8092,4939.66,ARTESANIAS,CJCAB1,SERVIN,TARANDACUAU GTO,,,VERONICA,441 107 2674,JUEGO DE,,0232,5730,790.34,35,2005.5,,168.67,26.99,161.22,356.88,2.21,1116.19,6976,2037
CJCEB1,JUEGO DE CAFE EXPRESS (15 PIEZAS),5284,3224.14,ARTESANIAS,CJCEB1,SERVIN,TARANDACUAU GTO,,,VERONICA,442 107 2674,JUEGO DE,,0233,3740,515.86,35,1309,,110.96,17.75,106.15,234.87,2.22,728.81,4555,1331
CJESA1,JUEGO DE ESCRITORIO (3 PIEZAS),1064,646.55,ARTESANIAS,CJESA1,SERVIN,TARANDACUAU GTO,,,VERONICA,443 107 2674,JUEGO DE,,0234,750,103.45,35,262.5,,24.25,3.88,23.41,51.54,2.42,146.76,917,271
CJTCB1,JUEGO DE TE CHICO (5 PIEZAS),2377,1448.28,ARTESANIAS,CJTCB1,SERVIN,TARANDACUAU GTO,,,VERONICA,444 107 2674,JUEGO DE,,0235,1680,231.72,35,588,,51.22,8.2,49.15,108.56,2.28,327.8,2049,600
CJTGB1,JUEGO DE TE GRANDE (7 PIEZAS),4430,2702.59,ARTESANIAS,CJTGB1,SERVIN,TARANDACUAU GTO,,,VERONICA,445 107 2674,JUEGO DE,,0236,3135,432.41,35,1097.25,,93.42,14.95,89.41,197.77,2.23,611.04,3819,1116
CJSCA1,JUEGO SAL/PIMIENTA CUADRADO (2 PIEZAS),542,327.59,ARTESANIAS,CJSCA1,SERVIN,TARANDACUAU GTO,,,VERONICA,446 107 2674,JUEGO SAL,,0237,380,52.41,35,133,,13.52,2.16,13.17,28.86,2.66,74.74,467,140
CJTEA1,JUEGO TEQUILERO (4 PIEZAS),1120,681.03,ARTESANIAS,CJTEA1,SERVIN,TARANDACUAU GTO,,,VERONICA,447 107 2674,JUEGO TEQ,,0238,790,108.97,35,276.5,,25.41,4.07,24.52,54,2.41,154.55,966,285
CLAMC1,LAMPARA # 6 (25),1459,887.93,ARTESANIAS,CLAMC1,SERVIN,TARANDACUAU GTO,,,VERONICA,448 107 2674,LAMPARA #,,0239,1030,142.07,35,360.5,,32.37,5.18,31.16,68.71,2.35,201.27,1258,370
CLAMB1,LAMPARA # 7 (28),2172,1323.28,ARTESANIAS,CLAMB1,SERVIN,TARANDACUAU GTO,,,VERONICA,449 107 2674,LAMPARA #,,0240,1535,211.72,35,537.25,,47.02,7.52,45.14,99.67,2.29,299.58,1872,549
CLAMD1,LAMPARA # 8 (33.5),3259,1987.07,ARTESANIAS,CLAMD1,SERVIN,TARANDACUAU GTO,,,VERONICA,450 107 2674,LAMPARA #,,0241,2305,317.93,35,806.75,,69.35,11.1,66.44,146.88,2.25,449.47,2809,822
CLBMA1,LAMPARA BOLA MEDIANA (22x12.5),1509,918.1,ARTESANIAS,CLBMA1,SERVIN,TARANDACUAU GTO,,,VERONICA,451 107 2674,LAMPARA B,,0242,1065,146.9,35,372.75,,33.39,5.34,32.13,70.86,2.35,208.08,1301,382
CLCCA1,LAMPARA CILINDRICA (58x30),3315,2021.55,ARTESANIAS,CLCCA1,SERVIN,TARANDACUAU GTO,,,VERONICA,452 107 2674,LAMPARA C,,0243,2345,323.45,35,820.75,,70.51,11.28,67.55,149.34,2.25,457.25,2858,836
CLBCB1,LICORERA BOLA CHICA (22.5x11),1064,646.55,ARTESANIAS,CLBCB1,SERVIN,TARANDACUAU GTO,,,VERONICA,453 107 2674,LICORERA,,0244,750,103.45,35,262.5,,24.25,3.88,23.41,51.54,2.42,146.76,917,271
CLBGB1,LICORERA BOLA GRANDE (25x12.5),1953,1189.66,ARTESANIAS,CLBGB1,SERVIN,TARANDACUAU GTO,,,VERONICA,454 107 2674,LICORERA,,0245,1380,190.34,35,483,,42.52,6.8,40.85,90.17,2.31,269.4,1684,494
CLCUA1,LICORERA CUADRADA (18x15),1953,1189.66,ARTESANIAS,CLCUA1,SERVIN,TARANDACUAU GTO,,,VERONICA,455 107 2674,LICORERA,,0246,1380,190.34,35,483,,42.52,6.8,40.85,90.17,2.31,269.4,1684,494
CLDCA1,LICORERA DONA CERRADA CHICA (17x15),1149,698.28,ARTESANIAS,CLDCA1,SERVIN,TARANDACUAU GTO,,,VERONICA,456 107 2674,LICORERA,,0247,810,111.72,35,283.5,,25.99,4.16,25.07,55.22,2.4,158.44,990,292
CLDCB1,LICORERA DONA CERRADA GRANDE (22x6x20),2024,1232.76,ARTESANIAS,CLDCB1,SERVIN,TARANDACUAU GTO,,,VERONICA,457 107 2674,LICORERA,,0248,1430,197.24,35,500.5,,43.97,7.04,42.23,93.24,2.3,279.14,1745,512
CLDCC1,LICORERA DONA CHICA (9x8.5),436,262.93,ARTESANIAS,CLDCC1,SERVIN,TARANDACUAU GTO,,,VERONICA,423 107 2674,LICORERA,,0249,305,42.07,35,106.75,,11.35,1.82,11.1,24.26,2.78,60.14,376,113
CLDMA1,LICORERA DONA MEDIANA (14.5x14.5),1403,853.45,ARTESANIAS,CLDMA1,SERVIN,TARANDACUAU GTO,,,VERONICA,424 107 2674,LICORERA,,0250,990,136.55,35,346.5,,31.21,4.99,30.05,66.26,2.36,193.48,1209,356
CLDGA1,LICORERA DONA GRANDE (22x22),2242,1366.38,ARTESANIAS,CLDGA1,SERVIN,TARANDACUAU GTO,,,VERONICA,425 107 2674,LICORERA,,0251,1585,218.62,35,554.75,,48.47,7.75,46.52,102.74,2.29,309.31,1933,567
CLDMB1,LICORERA DONA MINI (6x6),309,185.34,ARTESANIAS,CLDMB1,SERVIN,TARANDACUAU GTO,,,VERONICA,426 107 2674,LICORERA,,0252,215,29.66,35,75.25,,8.74,1.4,8.61,18.74,3.03,42.62,266,81
CLLCA1,LICORERA LUNA CHICA (16x6x16.5),1149,698.28,ARTESANIAS,CLLCA1,SERVIN,TARANDACUAU GTO,,,VERONICA,427 107 2674,LICORERA,,0253,810,111.72,35,283.5,,25.99,4.16,25.07,55.22,2.4,158.44,990,292
CLLGA1,LICORERA LUNA GRANDE (20x8x21),1904,1159.48,ARTESANIAS,CLLGA1,SERVIN,TARANDACUAU GTO,,,VERONICA,428 107 2674,LICORERA,,0254,1345,185.52,35,470.75,,41.51,6.64,39.88,88.02,2.31,262.59,1641,482
CLMMA1,LICORERA MINI 50 ML. (7.5x3x7),309,185.34,ARTESANIAS,CLMMA1,SERVIN,TARANDACUAU GTO,,,VERONICA,429 107 2674,LICORERA,,0255,215,29.66,35,75.25,,8.74,1.4,8.61,18.74,3.03,42.62,266,81
CLACA1,LICORERA REDONDA CHICA CON ASAS (17.5x16.5),1756,1068.97,ARTESANIAS,CLACA1,SERVIN,TARANDACUAU GTO,,,VERONICA,430 107 2674,LICORERA,,0256,1240,171.03,35,434,,38.46,6.15,36.97,81.59,2.32,242.15,1513,444
CLTCA1,LICORERA TRIANGULAR CHICA (19.5x19.5),1953,1189.66,ARTESANIAS,CLTCA1,SERVIN,TARANDACUAU GTO,,,VERONICA,431 107 2674,LICORERA,,0257,1380,190.34,35,483,,42.52,6.8,40.85,90.17,2.31,269.4,1684,494
CMACB1,MACETA # 10 (25x27),4726,2883.62,ARTESANIAS,CMACB1,SERVIN,TARANDACUAU GTO,,,VERONICA,432 107 2674,MACETA #,,0258,3345,461.38,35,1170.75,,99.51,15.92,95.22,210.65,2.23,651.92,4074,1191
CMACE1,MACETA # 4 (10x8.5),471,284.48,ARTESANIAS,CMACE1,SERVIN,TARANDACUAU GTO,,,VERONICA,433 107 2674,MACETA #,,0259,330,45.52,35,115.5,,12.07,1.93,11.79,25.79,2.74,65.01,406,122
CMACF1,MACETA # 6 (15.5x16.5),1593,969.83,ARTESANIAS,CMACF1,SERVIN,TARANDACUAU GTO,,,VERONICA,434 107 2674,MACETA #,,0260,1125,155.17,35,393.75,,35.13,5.62,33.79,74.53,2.34,219.76,1374,404
CMACG1,MACETA # 7 (18.5x19.5),2024,1232.76,ARTESANIAS,CMACG1,SERVIN,TARANDACUAU GTO,,,VERONICA,435 107 2674,MACETA #,,0261,1430,197.24,35,500.5,,43.97,7.04,42.23,93.24,2.3,279.14,1745,512
CMCCA1,MACETA CUADRADA CHICA (12x7.5),507,306.03,ARTESANIAS,CMCCA1,SERVIN,TARANDACUAU GTO,,,VERONICA,436 107 2674,MACETA CU,,0262,355,48.97,35,124.25,,12.8,2.05,12.48,27.32,2.7,69.87,437,131
CMCGA1,MACETA CUADRADA GRANDE (21x14.5),2101,1280.17,ARTESANIAS,CMCGA1,SERVIN,TARANDACUAU GTO,,,VERONICA,437 107 2674,MACETA CU,,0263,1485,204.83,35,519.75,,45.57,7.29,43.75,96.61,2.3,289.84,1812,531
CMCMA1,MACETA CUADRADA MEDIANA (11.5x14.5),1092,663.79,ARTESANIAS,CMCMA1,SERVIN,TARANDACUAU GTO,,,VERONICA,438 107 2674,MACETA CU,,0264,770,106.21,35,269.5,,24.83,3.97,23.97,52.77,2.42,150.66,942,278
CMVIA1,MACETA VIOLETERA (11x12.5),916,556.03,ARTESANIAS,CMVIA1,SERVIN,TARANDACUAU GTO,,,VERONICA,439 107 2674,MACETA VI,,0265,645,88.97,35,225.75,,21.21,3.39,20.51,45.1,2.46,126.32,790,233
CMTQA1,MANTEQUILLERA RECTANGULAR (17.5x7x6),507,306.03,ARTESANIAS,CMTQA1,SERVIN,TARANDACUAU GTO,,,VERONICA,440 107 2674,MANTEQUIL,,0266,355,48.97,35,124.25,,12.8,2.05,12.48,27.32,2.7,69.87,437,131
CMIEA1,MIELERA (13.5x9.5),739,448.28,ARTESANIAS,CMIEA1,SERVIN,TARANDACUAU GTO,,,VERONICA,441 107 2674,MIELERA (,,0267,520,71.72,35,182,,17.58,2.81,17.05,37.44,2.53,101.99,637,189
CMSGA1,MOLCAJETE SANTA MARIA GRANDE (11.5x18.5),1297,788.79,ARTESANIAS,CMSGA1,SERVIN,TARANDACUAU GTO,,,VERONICA,442 107 2674,MOLCAJETE,,0268,915,126.21,35,320.25,,29.04,4.65,27.98,61.66,2.38,178.88,1118,329
CMSCA1,MOLCAJETE SANTA MARIA CHICO (6x11),528,318.97,ARTESANIAS,CMSCA1,SERVIN,TARANDACUAU GTO,,,VERONICA,443 107 2674,MOLCAJETE,,0269,370,51.03,35,129.5,,13.23,2.12,12.9,28.24,2.68,72.79,455,136
CMSMA1,MOLCAJETE SANTA MARIA MEDIANO (10.5x16.5),1043,633.62,ARTESANIAS,CMSMA1,SERVIN,TARANDACUAU GTO,,,VERONICA,444 107 2674,MOLCAJETE,,0270,735,101.38,35,257.25,,23.82,3.81,23,50.62,2.43,143.84,899,265
CPBOA1,PAYASO BOLITAS (30x9),1346,818.97,ARTESANIAS,CPBOA1,SERVIN,TARANDACUAU GTO,,,VERONICA,445 107 2674,PAYASO BO,,0271,950,131.03,35,332.5,,30.05,4.81,28.95,63.81,2.37,185.7,1161,342
CPBLA1,PAYASO BOLITAS LARGO (50x8),1565,952.59,ARTESANIAS,CPBLA1,SERVIN,TARANDACUAU GTO,,,VERONICA,446 107 2674,PAYASO BO,,0272,1105,152.41,35,386.75,,34.55,5.53,33.24,73.31,2.34,215.87,1349,397
CPGOA1,PAYASO GORDO (17x17),1297,788.79,ARTESANIAS,CPGOA1,SERVIN,TARANDACUAU GTO,,,VERONICA,447 107 2674,PAYASO GO,,0273,915,126.21,35,320.25,,29.04,4.65,27.98,61.66,2.38,178.88,1118,329
CPKIA1,PAYASO KIM (25.5x8),1297,788.79,ARTESANIAS,CPKIA1,SERVIN,TARANDACUAU GTO,,,VERONICA,448 107 2674,PAYASO KI,,0274,915,126.21,35,320.25,,29.04,4.65,27.98,61.66,2.38,178.88,1118,329
CPSHA1,PAYASO SHORT (23.5x8),1297,788.79,ARTESANIAS,CPSHA1,SERVIN,TARANDACUAU GTO,,,VERONICA,449 107 2674,PAYASO SH,,0275,915,126.21,35,320.25,,29.04,4.65,27.98,61.66,2.38,178.88,1118,329
CPCHA1,PIMIENTERO CHICO (3.5x3),217,129.31,ARTESANIAS,CPCHA1,SERVIN,TARANDACUAU GTO,,,VERONICA,450 107 2674,PIMIENTER,,0276,150,20.69,35,52.5,,6.85,1.1,6.81,14.75,3.4,29.97,187,58
CPCUA1,PIMIENTERO CUADRADO (8x3),274,163.79,ARTESANIAS,CPCUA1,SERVIN,TARANDACUAU GTO,,,VERONICA,451 107 2674,PIMIENTER,,0277,190,26.21,35,66.5,,8.01,1.28,7.92,17.21,3.14,37.75,236,72
CPGRA1,PIMIENTERO GRANDE (6.5x4.5),238,142.24,ARTESANIAS,CPGRA1,SERVIN,TARANDACUAU GTO,,,VERONICA,452 107 2674,PIMIENTER,,0278,165,22.76,35,57.75,,7.29,1.17,7.22,15.67,3.29,32.89,206,63
CPBAA1,PLATO BASE (28),1417,862.07,ARTESANIAS,CPBAA1,SERVIN,TARANDACUAU GTO,,,VERONICA,453 107 2674,PLATO BAS,,0279,1000,137.93,35,350,,31.5,5.04,30.33,66.87,2.36,195.43,1221,359
CPSOA1,PLATO CONSOME (6x12.5),648,392.24,ARTESANIAS,CPSOA1,SERVIN,TARANDACUAU GTO,,,VERONICA,454 107 2674,PLATO CON,,0280,455,62.76,35,159.25,,15.7,2.51,15.25,33.46,2.58,89.34,558,166
CPPAA1,PLATO PAN (20),916,556.03,ARTESANIAS,CPPAA1,SERVIN,TARANDACUAU GTO,,,VERONICA,455 107 2674,PLATO PAN,,0281,645,88.97,35,225.75,,21.21,3.39,20.51,45.1,2.46,126.32,790,233
CPPCA1,PLATO PARA COLGAR (10),330,198.28,ARTESANIAS,CPPCA1,SERVIN,TARANDACUAU GTO,,,VERONICA,456 107 2674,PLATO PAR,,0282,230,31.72,35,80.5,,9.17,1.47,9.02,19.66,2.98,45.54,285,86
CPPCC1,PLATO PARA COLGAR (15),528,318.97,ARTESANIAS,CPPCC1,SERVIN,TARANDACUAU GTO,,,VERONICA,457 107 2674,PLATO PARA,,0283,370,51.03,35,129.5,,13.23,2.12,12.9,28.24,2.68,72.79,455,136
CPPCD1,PLATO PARA COLGAR (17),775,469.83,ARTESANIAS,CPPCD1,SERVIN,TARANDACUAU GTO,,,VERONICA,423 107 2674,PLATO PAR,,0284,545,75.17,35,190.75,,18.31,2.93,17.74,38.97,2.52,106.86,668,198
CPPCE1,PLATO PARA COLGAR (20),1120,681.03,ARTESANIAS,CPPCE1,SERVIN,TARANDACUAU GTO,,,VERONICA,424 107 2674,PLATO PAR,,0285,790,108.97,35,276.5,,25.41,4.07,24.52,54,2.41,154.55,966,285
CPPCF1,PLATO PARA COLGAR (24),1325,806.03,ARTESANIAS,CPPCF1,SERVIN,TARANDACUAU GTO,,,VERONICA,425 107 2674,PLATO PAR,,0286,935,128.97,35,327.25,,29.62,4.74,28.53,62.89,2.37,182.78,1142,336
CPPCG1,PLATO PARA COLGAR (28),1685,1025.86,ARTESANIAS,CPPCG1,SERVIN,TARANDACUAU GTO,,,VERONICA,426 107 2674,PLATO PAR,,0287,1190,164.14,35,416.5,,37.01,5.92,35.59,78.52,2.33,232.42,1453,427
CPPAB1,PLATO PASTEL (17),669,405.17,ARTESANIAS,CPPAB1,SERVIN,TARANDACUAU GTO,,,VERONICA,427 107 2674,PLATO PAS,,0288,470,64.83,35,164.5,,16.13,2.58,15.66,34.38,2.57,92.26,577,171
CPPOA1,PLATO POSTRE (14),450,271.55,ARTESANIAS,CPPOA1,SERVIN,TARANDACUAU GTO,,,VERONICA,428 107 2674,PLATO POS,,0289,315,43.45,35,110.25,,11.64,1.86,11.37,24.87,2.76,62.09,388,116
CPSOB1,PLATO SOPA (5.5x17),1205,732.76,ARTESANIAS,CPSOB1,SERVIN,TARANDACUAU GTO,,,VERONICA,429 107 2674,PLATO SOP,,0290,850,117.24,35,297.5,,27.15,4.34,26.18,57.67,2.39,166.23,1039,306
CPTRA1,PLATO TRINCHE (24),1120,681.03,ARTESANIAS,CPTRA1,SERVIN,TARANDACUAU GTO,,,VERONICA,430 107 2674,PLATO TRI,,0291,790,108.97,35,276.5,,25.41,4.07,24.52,54,2.41,154.55,966,285
CPOCA1,PLATON OVAL CHICO (24x32),2024,1232.76,ARTESANIAS,CPOCA1,SERVIN,TARANDACUAU GTO,,,VERONICA,431 107 2674,PLATON OV,,0292,1430,197.24,35,500.5,,43.97,7.04,42.23,93.24,2.3,279.14,1745,512
CPOGA1,PLATON OVAL GRANDE HONDO (28x40),2440,1487.07,ARTESANIAS,CPOGA1,SERVIN,TARANDACUAU GTO,,,VERONICA,432 107 2674,PLATON OV,,0293,1725,237.93,35,603.75,,52.53,8.4,50.39,111.32,2.28,336.56,2104,616
CPCHB1,POLKA CHICA (21x12),1812,1103.45,ARTESANIAS,CPCHB1,SERVIN,TARANDACUAU GTO,,,VERONICA,433 107 2674,POLKA CHI,,0294,1280,176.55,35,448,,39.62,6.34,38.08,84.04,2.32,249.94,1562,459
CPCGA1,PORTA CUCHARA GOTA (14x9.3),471,284.48,ARTESANIAS,CPCGA1,SERVIN,TARANDACUAU GTO,,,VERONICA,434 107 2674,PORTA CUC,,0295,330,45.52,35,115.5,,12.07,1.93,11.79,25.79,2.74,65.01,406,122
CPCGB1,PORTA CUCHARA GRANDE (25x9),676,409.48,ARTESANIAS,CPCGB1,SERVIN,TARANDACUAU GTO,,,VERONICA,435 107 2674,PORTA CUC,,0296,475,65.52,35,166.25,,16.28,2.6,15.8,34.68,2.57,93.23,583,173
CPCAA1,PORTACANDEREL (6.5x11.5x8),450,271.55,ARTESANIAS,CPCAA1,SERVIN,TARANDACUAU GTO,,,VERONICA,436 107 2674,PORTACAND,,0297,315,43.45,35,110.25,,11.64,1.86,11.37,24.87,2.76,62.09,388,116
CPORA1,PORTACLIPS (5x6.5),309,185.34,ARTESANIAS,CPORA1,SERVIN,TARANDACUAU GTO,,,VERONICA,437 107 2674,PORTACLIP,,0298,215,29.66,35,75.25,,8.74,1.4,8.61,18.74,3.03,42.62,266,81
CPORB1,PORTALAPICES (10.5x6.5),436,262.93,ARTESANIAS,CPORB1,SERVIN,TARANDACUAU GTO,,,VERONICA,438 107 2674,PORTALAPI,,0299,305,42.07,35,106.75,,11.35,1.82,11.1,24.26,2.78,60.14,376,113
CPCCA1,PORTAVELA CALADO CHICO (7.5x8.5),528,318.97,ARTESANIAS,CPCCA1,SERVIN,TARANDACUAU GTO,,,VERONICA,439 107 2674,PORTAVELA,,0300,370,51.03,35,129.5,,13.23,2.12,12.9,28.24,2.68,72.79,455,136
CPCMA1,PORTAVELA CALADO MEDIANO (10.5x10.5),761,461.21,ARTESANIAS,CPCMA1,SERVIN,TARANDACUAU GTO,,,VERONICA,440 107 2674,PORTAVELA,,0301,535,73.79,35,187.25,,18.02,2.88,17.46,38.36,2.52,104.91,656,194
CQUEA1,QUESERA (9.5x21),1650,1004.31,ARTESANIAS,CQUEA1,SERVIN,TARANDACUAU GTO,,,VERONICA,441 107 2674,QUESERA (,,0302,1165,160.69,35,407.75,,36.29,5.81,34.9,76.99,2.33,227.55,1422,418
CSPBA1,SALERO / PIMIENTERO BOLA (9x8.5),598,362.07,ARTESANIAS,CSPBA1,SERVIN,TARANDACUAU GTO,,,VERONICA,442 107 2674,SALERO /,,0303,420,57.93,35,147,,14.68,2.35,14.28,31.31,2.62,82.53,516,154
CSCHA1,SALERO CHICO (3.5x3),217,129.31,ARTESANIAS,CSCHA1,SERVIN,TARANDACUAU GTO,,,VERONICA,443 107 2674,SALERO CH,,0304,150,20.69,35,52.5,,6.85,1.1,6.81,14.75,3.4,29.97,187,58
CSCUA1,SALERO CUADRADO (8x3),274,163.79,ARTESANIAS,CSCUA1,SERVIN,TARANDACUAU GTO,,,VERONICA,444 107 2674,SALERO CU,,0305,190,26.21,35,66.5,,8.01,1.28,7.92,17.21,3.14,37.75,236,72
CSGRA1,SALERO GRANDE (6.5x4.5),238,142.24,ARTESANIAS,CSGRA1,SERVIN,TARANDACUAU GTO,,,VERONICA,445 107 2674,SALERO GR,,0306,165,22.76,35,57.75,,7.29,1.17,7.22,15.67,3.29,32.89,206,63
CSCHB1,SALSERA CHICA (7.5x9.5),528,318.97,ARTESANIAS,CSCHB1,SERVIN,TARANDACUAU GTO,,,VERONICA,446 107 2674,SALSERA C,,0307,370,51.03,35,129.5,,13.23,2.12,12.9,28.24,2.68,72.79,455,136
CSRIA1,SERVILLETERO REDONDO INDIVIDUAL (4.5x3.5),217,129.31,ARTESANIAS,CSRIA1,SERVIN,TARANDACUAU GTO,,,VERONICA,447 107 2674,SERVILLET,,0308,150,20.69,35,52.5,,6.85,1.1,6.81,14.75,3.4,29.97,187,58
CSAVA1,SET ACEITE Y VINAGRE (3 PIEZAS),1826,1112.07,ARTESANIAS,CSAVA1,SERVIN,TARANDACUAU GTO,,,VERONICA,448 107 2674,SET ACEIT,,0309,1290,177.93,35,451.5,,39.91,6.39,38.36,84.65,2.32,251.88,1574,462
CCAAA1,SET CREMERA Y AZUCARERA AMERICANO (3 PIEZAS),1424,866.38,ARTESANIAS,CCAAA1,SERVIN,TARANDACUAU GTO,,,VERONICA,449 107 2674,SET CREME,,0310,1005,138.62,35,351.75,,31.65,5.06,30.47,67.18,2.36,196.4,1228,361
CCAEA1,SET CREMERA Y AZUCARERA EXRESS (3 PIEZAS),1276,775.86,ARTESANIAS,CCAEA1,SERVIN,TARANDACUAU GTO,,,VERONICA,450 107 2674,SET CREME,,0311,900,124.14,35,315,,28.6,4.58,27.56,60.74,2.38,175.96,1100,324
CTARA1,TARJETERO (6.5x11),330,198.28,ARTESANIAS,CTARA1,SERVIN,TARANDACUAU GTO,,,VERONICA,451 107 2674,TARJETERO,,0312,230,31.72,35,80.5,,9.17,1.47,9.02,19.66,2.98,45.54,285,86
CTALA1,TARRO ALTO (11.5x8.5),450,271.55,ARTESANIAS,CTALA1,SERVIN,TARANDACUAU GTO,,,VERONICA,452 107 2674,TARRO ALT,,0313,315,43.45,35,110.25,,11.64,1.86,11.37,24.87,2.76,62.09,388,116
CTASA1,TARRO ASA (9.5x8),450,271.55,ARTESANIAS,CTASA1,SERVIN,TARANDACUAU GTO,,,VERONICA,453 107 2674,TARRO ASA,,0314,315,43.45,35,110.25,,11.64,1.86,11.37,24.87,2.76,62.09,388,116
CTCGA1,TARRO CAFETERO GRANDE (10x8),450,271.55,ARTESANIAS,CTCGA1,SERVIN,TARANDACUAU GTO,,,VERONICA,454 107 2674,TARRO CAF,,0315,315,43.45,35,110.25,,11.64,1.86,11.37,24.87,2.76,62.09,388,116
CTCAA1,TARRO CERVECERO ANCHO (13.5x9.5),718,435.34,ARTESANIAS,CTCAA1,SERVIN,TARANDACUAU GTO,,,VERONICA,455 107 2674,TARRO CER,,0316,505,69.66,35,176.75,,17.15,2.74,16.63,36.52,2.54,99.07,619,184
CTCCA1,TARRO CERVECERO CHICO (13.5x8.5),542,327.59,ARTESANIAS,CTCCA1,SERVIN,TARANDACUAU GTO,,,VERONICA,456 107 2674,TARRO CER,,0317,380,52.41,35,133,,13.52,2.16,13.17,28.86,2.66,74.74,467,140
CTCHA1,TARRO CHICO (7.5x7.5),422,254.31,ARTESANIAS,CTCHA1,SERVIN,TARANDACUAU GTO,,,VERONICA,457 107 2674,TARRO CHI,,0318,295,40.69,35,103.25,,11.06,1.77,10.82,23.65,2.8,58.19,364,109
CTPIA1,TARRO PIRAMIDE (10.5x8),450,271.55,ARTESANIAS,CTPIA1,SERVIN,TARANDACUAU GTO,,,VERONICA,423 107 2674,TARRO PIR,,0319,315,43.45,35,110.25,,11.64,1.86,11.37,24.87,2.76,62.09,388,116
CTCAB1,TAZA DE CAFE AMERICANO (7.5x9.5),422,254.31,ARTESANIAS,CTCAB1,SERVIN,TARANDACUAU GTO,,,VERONICA,424 107 2674,TAZA DE C,,0320,295,40.69,35,103.25,,11.06,1.77,10.82,23.65,2.8,58.19,364,109
CTCEA1,TAZA DE CAFE EXPRESS (5.5x5.5),238,142.24,ARTESANIAS,CTCEA1,SERVIN,TARANDACUAU GTO,,,VERONICA,425 107 2674,TAZA DE C,,0321,165,22.76,35,57.75,,7.29,1.17,7.22,15.67,3.29,32.89,206,63
CTCHB1,TAZA CHOCOLATERA (11.5X16.5),718,435.34,ARTESANIAS,CTCHB1,SERVIN,TARANDACUAU GTO,,,VERONICA,426 107 2674,TAZA CHOC,,0322,505,69.66,35,176.75,,17.15,2.74,16.63,36.52,2.54,99.07,619,184
CTAMA1,TERNO AMERICANO (PLATO Y TAZA) (2 PIEZAS),810,491.38,ARTESANIAS,CTAMA1,SERVIN,TARANDACUAU GTO,,,VERONICA,427 107 2674,TERNO AME,,0323,570,78.62,35,199.5,,19.03,3.04,18.43,40.51,2.5,111.73,698,207
CTEXA1,TERNO EXPRESS (PLATO Y TAZA) (2 PIEZAS),450,271.55,ARTESANIAS,CTEXA1,SERVIN,TARANDACUAU GTO,,,VERONICA,428 107 2674,TERNO EXP,,0324,315,43.45,35,110.25,,11.64,1.86,11.37,24.87,2.76,62.09,388,116
CTALC1,TIBOR ALTO # 9 (45x27),8805,5375,ARTESANIAS,CTALC1,SERVIN,TARANDACUAU GTO,,,VERONICA,429 107 2674,TIBOR ALT,,0325,6235,860,35,2182.25,,183.32,29.33,175.2,387.84,2.2,1214.5,7591,2216
CTGOB1,TIBOR GORDO # 7 (21.5x16.5),1904,1159.48,ARTESANIAS,CTGOB1,SERVIN,TARANDACUAU GTO,,,VERONICA,430 107 2674,TIBOR GOR,,0326,1345,185.52,35,470.75,,41.51,6.64,39.88,88.02,2.31,262.59,1641,482
CTGOC1,TIBOR GORDO # 8 (30.5x21.5),4239,2586.21,ARTESANIAS,CTGOC1,SERVIN,TARANDACUAU GTO,,,VERONICA,431 107 2674,TIBOR GOR,,0327,3000,413.79,35,1050,,89.5,14.32,85.68,189.5,2.23,584.76,3655,1069
CTGOD1,TIBOR GORDO # 9 (40x35),9913,6051.72,ARTESANIAS,CTGOD1,SERVIN,TARANDACUAU GTO,,,VERONICA,432 107 2674,TIBOR GOR,,0328,7020,968.28,35,2457,,206.08,32.97,196.92,435.97,2.2,1367.31,8546,2494
CTANA1,TITERE ANGELITO (10x8.5),507,306.03,ARTESANIAS,CTANA1,SERVIN,TARANDACUAU GTO,,,VERONICA,433 107 2674,TITERE AN,,0329,355,48.97,35,124.25,,12.8,2.05,12.48,27.32,2.7,69.87,437,131
CTOSA1,TITERE OSO (9x8),507,306.03,ARTESANIAS,CTOSA1,SERVIN,TARANDACUAU GTO,,,VERONICA,434 107 2674,TITERE OS,,0330,355,48.97,35,124.25,,12.8,2.05,12.48,27.32,2.7,69.87,437,131
CTRAA1,TITERE RANA (13x7),507,306.03,ARTESANIAS,CTRAA1,SERVIN,TARANDACUAU GTO,,,VERONICA,435 107 2674,TITERE RA,,0331,355,48.97,35,124.25,,12.8,2.05,12.48,27.32,2.7,69.87,437,131
CVAGA1,VASO DE AGUA (12x7.5),436,262.93,ARTESANIAS,CVAGA1,SERVIN,TARANDACUAU GTO,,,VERONICA,436 107 2674,VASO DE A,,0332,305,42.07,35,106.75,,11.35,1.82,11.1,24.26,2.78,60.14,376,113
CVAAA1,VASO DE AGUA ALTO (15x8),507,306.03,ARTESANIAS,CVAAA1,SERVIN,TARANDACUAU GTO,,,VERONICA,437 107 2674,VASO DE A,,0333,355,48.97,35,124.25,,12.8,2.05,12.48,27.32,2.7,69.87,437,131
CVTGA1,VASO DE TE GRANDE (6.5x8.5),394,237.07,ARTESANIAS,CVTGA1,SERVIN,TARANDACUAU GTO,,,VERONICA,438 107 2674,VASO DE T,,0334,275,37.93,35,96.25,,10.48,1.68,10.27,22.42,2.85,54.3,339,102
CVTMA1,VASO DE TE MEDIANO (5x7.5),309,185.34,ARTESANIAS,CVTMA1,SERVIN,TARANDACUAU GTO,,,VERONICA,439 107 2674,VASO DE T,,0335,215,29.66,35,75.25,,8.74,1.4,8.61,18.74,3.03,42.62,266,81
DCALA1,CALAVERITA BLANCA (5.5x7.5),394,237.07,ARTESANIAS,DCALA1,SERVIN,TARANDACUAU GTO,,,VERONICA,440 107 2674,CALAVERIT,,0336,275,37.93,35,96.25,,10.48,1.68,10.27,22.42,2.85,54.3,339,102
DCALB1,CALAVERITA COLORES(5.5x7.5),450,271.55,ARTESANIAS,DCALB1,SERVIN,TARANDACUAU GTO,,,VERONICA,441 107 2674,CALAVERIT,,0337,315,43.45,35,110.25,,11.64,1.86,11.37,24.87,2.76,62.09,388,116
DMBEA1,MACETA BEBE (13X8.5X11),648,392.24,ARTESANIAS,DMBEA1,SERVIN,TARANDACUAU GTO,,,VERONICA,442 107 2674,MACETA BE,,0338,455,62.76,35,159.25,,15.7,2.51,15.25,33.46,2.58,89.34,558,166
DMBTA1,MACETA BOTITA,648,392.24,ARTESANIAS,DMBTA1,SERVIN,TARANDACUAU GTO,,,VERONICA,443 107 2674,MACETA BO,,0339,455,62.76,35,159.25,,15.7,2.51,15.25,33.46,2.58,89.34,558,166
DPMIA1,PAJARITO MINI (2.5x2.5x4.5),182,107.76,ARTESANIAS,DPMIA1,SERVIN,TARANDACUAU GTO,,,VERONICA,444 107 2674,PAJARITO,,0340,125,17.24,35,43.75,,6.13,0.98,6.12,13.22,3.63,25.1,157,49
DPSPA1,PAJARITO SALERO / PIMENTERO (2 PIEZAS) (6x3.7x4.4),507,306.03,ARTESANIAS,DPSPA1,SERVIN,TARANDACUAU GTO,,,VERONICA,445 107 2674,PAJARITO,,0341,355,48.97,35,124.25,,12.8,2.05,12.48,27.32,2.7,69.87,437,131
DPADA1,PAJARITO DECORATIVO (6x3.7x4.4),238,142.24,ARTESANIAS,DPADA1,SERVIN,TARANDACUAU GTO,,,VERONICA,446 107 2674,PAJARITO,,0342,165,22.76,35,57.75,,7.29,1.17,7.22,15.67,3.29,32.89,206,63
DTEMC1,TAZA MANITA BLANCA O NEGRA (5x8.5x5.5),507,306.03,ARTESANIAS,DTEMC1,SERVIN,TARANDACUAU GTO,,,VERONICA,447 107 2674,TAZA MANI,,0343,355,48.97,35,124.25,,12.8,2.05,12.48,27.32,2.7,69.87,437,131
DTEMD1,TAZA MANITA COLORES (5x8.5x5.5),598,362.07,ARTESANIAS,DTEMD1,SERVIN,TARANDACUAU GTO,,,VERONICA,448 107 2674,TAZA MANI,,0344,420,57.93,35,147,,14.68,2.35,14.28,31.31,2.62,82.53,516,154
DTTEA1,TERNO TE DE ESCUCHAR CHICO (2 PIEZAS) (6.5x8.5),761,461.21,ARTESANIAS,DTTEA1,SERVIN,TARANDACUAU GTO,,,VERONICA,449 107 2674,TERNO TE,,0345,535,73.79,35,187.25,,18.02,2.88,17.46,38.36,2.52,104.91,656,194
DTTEB1,TERNO TE DE ESCUCHAR GRANDE (2 PIEZAS) (10x10.5),902,547.41,ARTESANIAS,DTTEB1,SERVIN,TARANDACUAU GTO,,,VERONICA,450 107 2674,TERNO TE,,0346,635,87.59,35,222.25,,20.92,3.35,20.23,44.49,2.47,124.38,777,230
DVALC1,VASO ALCATRAZ BLANCO (5.5X7.5),238,142.24,ARTESANIAS,DVALC1,SERVIN,TARANDACUAU GTO,,,VERONICA,451 107 2674,VASO ALCA,,0347,165,22.76,35,57.75,,7.29,1.17,7.22,15.67,3.29,32.89,206,63
DVALT1,VASO ALCATRAZ COLORES (5.5X7.5),598,362.07,ARTESANIAS,DVALT1,SERVIN,TARANDACUAU GTO,,,VERONICA,452 107 2674,VASO ALCA,,0348,420,57.93,35,147,,14.68,2.35,14.28,31.31,2.62,82.53,516,154
DVTEA1,VASO TE DE ESCUCHAR CHICO (6.5x4),507,306.03,ARTESANIAS,DVTEA1,SERVIN,TARANDACUAU GTO,,,VERONICA,453 107 2674,VASO TE D,,0349,355,48.97,35,124.25,,12.8,2.05,12.48,27.32,2.7,69.87,437,131
DVTEB1,VASO TE DE ESCUCHAR GRANDE (9.5x5.5),598,362.07,ARTESANIAS,DVTEB1,SERVIN,TARANDACUAU GTO,,,VERONICA,454 107 2674,VASO TE D,,0350,420,57.93,35,147,,14.68,2.35,14.28,31.31,2.62,82.53,516,154
BAEXA1,AZUCARERA EXPRESS (11x8.5) BCO,598,362.07,ARTESANIAS,BAEXA1,SERVIN,TARANDACUAU GTO,,,VERONICA,455 107 2674,AZUCARERA,,0351,420,57.93,35,147,,14.68,2.35,14.28,31.31,2.62,82.53,516,154
BBRCB1,BOWL REDONDO CHICO (9x17) BCO.,1565,952.59,ARTESANIAS,BBRCB1,SERVIN,TARANDACUAU GTO,,,VERONICA,456 107 2674,BOWL REDO,,0352,1105,152.41,35,386.75,,34.55,5.53,33.24,73.31,2.34,215.87,1349,397
BBRMA1,BOWL REDONDO MEDIANO (10x20.5) BCO,2384,1452.59,ARTESANIAS,BBRMA1,SERVIN,TARANDACUAU GTO,,,VERONICA,457 107 2674,BOWL REDO,,0353,1685,232.41,35,589.75,,51.37,8.22,49.29,108.87,2.28,328.78,2055,602
BCCDA1,CHAROLA RECTANGULAR CHICA DECORADA (1.5x8x17.5) BCO,704,426.72,ARTESANIAS,BCCDA1,SERVIN,TARANDACUAU GTO,,,VERONICA,423 107 2674,CHAROLA R,,0354,495,68.28,35,173.25,,16.86,2.7,16.36,35.91,2.55,97.13,607,180
BCTCB1,COPA TEQUILERA CHICA (5.5x4) BCO,260,155.17,ARTESANIAS,BCTCB1,SERVIN,TARANDACUAU GTO,,,VERONICA,424 107 2674,COPA TEQU,,0355,180,24.83,35,63,,7.72,1.24,7.64,16.59,3.2,35.81,224,69
BCEXA1,CREMERA EXPRESS (6.5x6) BCO.,365,219.83,ARTESANIAS,BCEXA1,SERVIN,TARANDACUAU GTO,,,VERONICA,425 107 2674,CREMERA E,,0356,255,35.17,35,89.25,,9.9,1.58,9.71,21.19,2.9,50.41,315,95
BCUCA1,CUCHARA (3x4x15.5) BCO.,344,206.9,ARTESANIAS,BCUCA1,SERVIN,TARANDACUAU GTO,,,VERONICA,426 107 2674,CUCHARA (,,0357,240,33.1,35,84,,9.46,1.51,9.3,20.27,2.94,47.49,297,90
BDJAL1,DESPACHADOR DE JABON LIQUIDO BCO.,1092,663.79,ARTESANIAS,BDJAL1,SERVIN,TARANDACUAU GTO,,,VERONICA,427 107 2674,DESPACHAD,,0358,770,106.21,35,269.5,,24.83,3.97,23.97,52.77,2.42,150.66,942,278
BFLOD1,FLORERO # 3 (10.5) BCO.,380,228.45,ARTESANIAS,BFLOD1,SERVIN,TARANDACUAU GTO,,,VERONICA,428 107 2674,FLORERO #,,0359,265,36.55,35,92.75,,10.19,1.63,9.99,21.81,2.87,52.35,327,99
BFLOF1,FLORERO # 5 (15) BCO.,852,517.24,ARTESANIAS,BFLOF1,SERVIN,TARANDACUAU GTO,,,VERONICA,429 107 2674,FLORERO #,,0360,600,82.76,35,210,,19.9,3.18,19.26,42.35,2.48,117.56,735,218
BFLOH1,FLORERO # 7 (22x14) BCO.,1918,1168.1,ARTESANIAS,BFLOH1,SERVIN,TARANDACUAU GTO,,,VERONICA,430 107 2674,FLORERO #,,0361,1355,186.9,35,474.25,,41.8,6.69,40.15,88.64,2.31,264.54,1653,485
BFCCA1,FLORERO CUADRADO CHICO (17.5x4.5) BCO.,796,482.76,ARTESANIAS,BFCCA1,SERVIN,TARANDACUAU GTO,,,VERONICA,431 107 2674,FLORERO C,,0362,560,77.24,35,196,,18.74,3,18.15,39.89,2.51,109.78,686,203
BFCGA1,FLORERO CUADRADO GRANDE (26x6) BCO.,1756,1068.97,ARTESANIAS,BFCGA1,SERVIN,TARANDACUAU GTO,,,VERONICA,432 107 2674,FLORERO C,,0363,1240,171.03,35,434,,38.46,6.15,36.97,81.59,2.32,242.15,1513,444
BFPCA1,FLORERO PEZ CHICO (18.5x9.5x14.5) BCO.,1297,788.79,ARTESANIAS,BFPCA1,SERVIN,TARANDACUAU GTO,,,VERONICA,433 107 2674,FLORERO P,,0364,915,126.21,35,320.25,,29.04,4.65,27.98,61.66,2.38,178.88,1118,329
BFPMA1,FLORERO PEZ MEDIANO (31x16x22) BCO.,5425,3310.34,ARTESANIAS,BFPMA1,SERVIN,TARANDACUAU GTO,,,VERONICA,434 107 2674,FLORERO P,,0365,3840,529.66,35,1344,,113.86,18.22,108.92,241,2.22,748.28,4677,1366
BGPOA1,GATO PORTA-ANILLOS (12.5x4.5x8.5) BCO,598,362.07,ARTESANIAS,BGPOA1,SERVIN,TARANDACUAU GTO,,,VERONICA,435 107 2674,GATO PORT,,0366,420,57.93,35,147,,14.68,2.35,14.28,31.31,2.62,82.53,516,154
BJBOB1,JOYERO # 2 BOLA (5.5x7.5) BCO.,380,228.45,ARTESANIAS,BJBOB1,SERVIN,TARANDACUAU GTO,,,VERONICA,436 107 2674,JOYERO #,,0367,265,36.55,35,92.75,,10.19,1.63,9.99,21.81,2.87,52.35,327,99
BJHPB1,JOYERO # 2 HEXAGONAL CON PERILLA (5.5x6) BCO,380,228.45,ARTESANIAS,BJHPB1,SERVIN,TARANDACUAU GTO,,,VERONICA,437 107 2674,JOYERO #,,0368,265,36.55,35,92.75,,10.19,1.63,9.99,21.81,2.87,52.35,327,99
BJBOC1,JOYERO # 3 BOLA (7.5x9) BCO.,471,284.48,ARTESANIAS,BJBOC1,SERVIN,TARANDACUAU GTO,,,VERONICA,438 107 2674,JOYERO #,,0369,330,45.52,35,115.5,,12.07,1.93,11.79,25.79,2.74,65.01,406,122
BJHPC1,JOYERO # 3 HEXAGONAL CON PERILLA (7x9) BCO.,471,284.48,ARTESANIAS,BJHPC1,SERVIN,TARANDACUAU GTO,,,VERONICA,439 107 2674,JOYERO #,,0370,330,45.52,35,115.5,,12.07,1.93,11.79,25.79,2.74,65.01,406,122
BJADB1,JUEGO DE AGUA DONA (7 PIEZAS) BCO.,8445,5155.17,ARTESANIAS,BJADB1,SERVIN,TARANDACUAU GTO,,,VERONICA,440 107 2674,JUEGO DE,,0371,5980,824.83,35,2093,,175.92,28.15,168.14,372.21,2.2,1164.86,7280,2125
BJTCB1,JUEGO DE TE CHICO (5 PIEZAS) BCO.,2842,1732.76,ARTESANIAS,BJTCB1,SERVIN,TARANDACUAU GTO,,,VERONICA,441 107 2674,JUEGO DE,,0372,2010,277.24,35,703.5,,60.79,9.73,58.28,128.8,2.27,392.04,2450,717
BLAMC1,LAMPARA # 6 (25) BCO.,1756,1068.97,ARTESANIAS,BLAMC1,SERVIN,TARANDACUAU GTO,,,VERONICA,442 107 2674,LAMPARA #,,0373,1240,171.03,35,434,,38.46,6.15,36.97,81.59,2.32,242.15,1513,444
BLCCA1,LAMPARA CILINDRICA (58x30) BCO,3901,2379.31,ARTESANIAS,BLCCA1,SERVIN,TARANDACUAU GTO,,,VERONICA,443 107 2674,LAMPARA C,,0374,2760,380.69,35,966,,82.54,13.21,79.03,174.78,2.24,538.04,3363,983
BLBCB1,LICORERA BOLA CHICA (22.5x11) BCO.,1297,788.79,ARTESANIAS,BLBCB1,SERVIN,TARANDACUAU GTO,,,VERONICA,444 107 2674,LICORERA,,0375,915,126.21,35,320.25,,29.04,4.65,27.98,61.66,2.38,178.88,1118,329
BMSMA1,MOLCAJETE SANTA MARIA MEDIANO (10.5x16.5) BCO,1255,762.93,ARTESANIAS,BMSMA1,SERVIN,TARANDACUAU GTO,,,VERONICA,445 107 2674,MOLCAJETE,,0376,885,122.07,35,309.75,,28.17,4.51,27.15,59.82,2.38,173.04,1082,319
BPSOA1,PLATO CONSOME (6x12.5) BCO.,796,482.76,ARTESANIAS,BPSOA1,SERVIN,TARANDACUAU GTO,,,VERONICA,446 107 2674,PLATO CON,,0377,560,77.24,35,196,,18.74,3,18.15,39.89,2.51,109.78,686,203
BSGRA1,SALERO GRANDE (6.5x4.5) BCO.,274,163.79,ARTESANIAS,BSGRA1,SERVIN,TARANDACUAU GTO,,,VERONICA,447 107 2674,SALERO GR,,0378,190,26.21,35,66.5,,8.01,1.28,7.92,17.21,3.14,37.75,236,72
BTALA1,TARRO ALTO (11.5x8.5) BCO.,556,336.21,ARTESANIAS,BTALA1,SERVIN,TARANDACUAU GTO,,,VERONICA,448 107 2674,TARRO ALT,,0379,390,53.79,35,136.5,,13.81,2.21,13.45,29.47,2.65,76.69,479,143
BTASA1,TARRO ASA (9.5x8) BCO.,556,336.21,ARTESANIAS,BTASA1,SERVIN,TARANDACUAU GTO,,,VERONICA,449 107 2674,TARRO ASA,,0380,390,53.79,35,136.5,,13.81,2.21,13.45,29.47,2.65,76.69,479,143
BTCHA1,TARRO CHICO (7.5x7.5) BCO.,507,306.03,ARTESANIAS,BTCHA1,SERVIN,TARANDACUAU GTO,,,VERONICA,450 107 2674,TARRO CHI,,0381,355,48.97,35,124.25,,12.8,2.05,12.48,27.32,2.7,69.87,437,131
BVTMA1,VASO DE TE MEDIANO (5x7.5) BCO.,365,219.83,ARTESANIAS,BVTMA1,SERVIN,TARANDACUAU GTO,,,VERONICA,451 107 2674,VASO DE T,,0382,255,35.17,35,89.25,,9.9,1.58,9.71,21.19,2.9,50.41,315,95
GAEXA1,AZUCARERA EXPRESS (11x8.5) NG.,598,362.07,ARTESANIAS,GAEXA1,SERVIN,TARANDACUAU GTO,,,VERONICA,452 107 2674,AZUCARERA,,0383,420,57.93,35,147,,14.68,2.35,14.28,31.31,2.62,82.53,516,154
GBRCB1,BOWL REDONDO CHICO (9x17) NG,1565,952.59,ARTESANIAS,GBRCB1,SERVIN,TARANDACUAU GTO,,,VERONICA,453 107 2674,BOWL REDO,,0384,1105,152.41,35,386.75,,34.55,5.53,33.24,73.31,2.34,215.87,1349,397
GBRMA1,BOWL REDONDO MEDIANO (10x20.5) NG,2384,1452.59,ARTESANIAS,GBRMA1,SERVIN,TARANDACUAU GTO,,,VERONICA,454 107 2674,BOWL REDO,,0385,1685,232.41,35,589.75,,51.37,8.22,49.29,108.87,2.28,328.78,2055,602
GCCDA1,CHAROLA RECTANGULAR CHICA DECORADA (1.5x8x17.5) NG.,704,426.72,ARTESANIAS,GCCDA1,SERVIN,TARANDACUAU GTO,,,VERONICA,455 107 2674,CHAROLA R,,0386,495,68.28,35,173.25,,16.86,2.7,16.36,35.91,2.55,97.13,607,180
GCTCA1,COPA TEQUILERA CHICA (5.5x4) NG.,260,155.17,ARTESANIAS,GCTCA1,SERVIN,TARANDACUAU GTO,,,VERONICA,456 107 2674,COPA TEQU,,0387,180,24.83,35,63,,7.72,1.24,7.64,16.59,3.2,35.81,224,69
GCEXA1,CREMERA EXPRESS (6.5x6) NG.,365,219.83,ARTESANIAS,GCEXA1,SERVIN,TARANDACUAU GTO,,,VERONICA,457 107 2674,CREMERA E,,0388,255,35.17,35,89.25,,9.9,1.58,9.71,21.19,2.9,50.41,315,95
GCUCA1,CUCHARA (3x4x15.5) NG,344,206.9,ARTESANIAS,GCUCA1,SERVIN,TARANDACUAU GTO,,,VERONICA,423 107 2674,CUCHARA (,,0389,240,33.1,35,84,,9.46,1.51,9.3,20.27,2.94,47.49,297,90
GDJAL1,DESPACHADOR DE JABON LIQUIDO NG.,1092,663.79,ARTESANIAS,GDJAL1,SERVIN,TARANDACUAU GTO,,,VERONICA,424 107 2674,DESPACHAD,,0390,770,106.21,35,269.5,,24.83,3.97,23.97,52.77,2.42,150.66,942,278
GFLOD1,FLORERO # 3 (10.5) NG.,380,228.45,ARTESANIAS,GFLOD1,SERVIN,TARANDACUAU GTO,,,VERONICA,425 107 2674,FLORERO #,,0391,265,36.55,35,92.75,,10.19,1.63,9.99,21.81,2.87,52.35,327,99
GFLOF1,FLORERO # 5 (15) NG,852,517.24,ARTESANIAS,GFLOF1,SERVIN,TARANDACUAU GTO,,,VERONICA,426 107 2674,FLORERO #,,0392,600,82.76,35,210,,19.9,3.18,19.26,42.35,2.48,117.56,735,218
GFLOH1,FLORERO # 7 (22x14) NG.,1918,1168.1,ARTESANIAS,GFLOH1,SERVIN,TARANDACUAU GTO,,,VERONICA,427 107 2674,FLORERO #,,0393,1355,186.9,35,474.25,,41.8,6.69,40.15,88.64,2.31,264.54,1653,485
GFCCA1,FLORERO CUADRADO CHICO (17.5x4.5)NG.,796,482.76,ARTESANIAS,GFCCA1,SERVIN,TARANDACUAU GTO,,,VERONICA,428 107 2674,FLORERO C,,0394,560,77.24,35,196,,18.74,3,18.15,39.89,2.51,109.78,686,203
GFCGA1,FLORERO CUADRADO GRANDE (26x6) NG.,1756,1068.97,ARTESANIAS,GFCGA1,SERVIN,TARANDACUAU GTO,,,VERONICA,429 107 2674,FLORERO C,,0395,1240,171.03,35,434,,38.46,6.15,36.97,81.59,2.32,242.15,1513,444
GFPCA1,FLORERO PEZ CHICO (18.5x9.5x14.5) NG.,1297,788.79,ARTESANIAS,GFPCA1,SERVIN,TARANDACUAU GTO,,,VERONICA,430 107 2674,FLORERO P,,0396,915,126.21,35,320.25,,29.04,4.65,27.98,61.66,2.38,178.88,1118,329
GFPMA1,FLORERO PEZ MEDIANO (31x16x22) NG.,5425,3310.34,ARTESANIAS,GFPMA1,SERVIN,TARANDACUAU GTO,,,VERONICA,431 107 2674,FLORERO P,,0397,3840,529.66,35,1344,,113.86,18.22,108.92,241,2.22,748.28,4677,1366
GGPOA1,GATO PORTA-ANILLOS (12.5x4.5x8.5) NG.,598,362.07,ARTESANIAS,GGPOA1,SERVIN,TARANDACUAU GTO,,,VERONICA,432 107 2674,GATO PORT,,0398,420,57.93,35,147,,14.68,2.35,14.28,31.31,2.62,82.53,516,154
GJBOB1,JOYERO # 2 BOLA (5.5x7.5) NG,380,228.45,ARTESANIAS,GJBOB1,SERVIN,TARANDACUAU GTO,,,VERONICA,433 107 2674,JOYERO #,,0399,265,36.55,35,92.75,,10.19,1.63,9.99,21.81,2.87,52.35,327,99
GJHPB1,JOYERO # 2 HEXAGONAL CON PERILLA (5.5x6) NG.,380,228.45,ARTESANIAS,GJHPB1,SERVIN,TARANDACUAU GTO,,,VERONICA,434 107 2674,JOYERO #,,0400,265,36.55,35,92.75,,10.19,1.63,9.99,21.81,2.87,52.35,327,99
GJBOC1,JOYERO # 3 BOLA (7.5x9) NG.,471,284.48,ARTESANIAS,GJBOC1,SERVIN,TARANDACUAU GTO,,,VERONICA,435 107 2674,JOYERO #,,0401,330,45.52,35,115.5,,12.07,1.93,11.79,25.79,2.74,65.01,406,122
GJHPC1,JOYERO # 3 HEXAGONAL CON PERILLA (7x9) NG.,471,284.48,ARTESANIAS,GJHPC1,SERVIN,TARANDACUAU GTO,,,VERONICA,436 107 2674,JOYERO #,,0402,330,45.52,35,115.5,,12.07,1.93,11.79,25.79,2.74,65.01,406,122
GJADB1,JUEGO DE AGUA DONA (7 PIEZAS) NG.,8445,5155.17,ARTESANIAS,GJADB1,SERVIN,TARANDACUAU GTO,,,VERONICA,437 107 2674,JUEGO DE,,0403,5980,824.83,35,2093,,175.92,28.15,168.14,372.21,2.2,1164.86,7280,2125
GJTCB1,JUEGO DE TE CHICO (5 PIEZAS) NG.,2842,1732.76,ARTESANIAS,GJTCB1,SERVIN,TARANDACUAU GTO,,,VERONICA,438 107 2674,JUEGO DE,,0404,2010,277.24,35,703.5,,60.79,9.73,58.28,128.8,2.27,392.04,2450,717
GLAMC1,LAMPARA # 6 (25) NG.,1756,1068.97,ARTESANIAS,GLAMC1,SERVIN,TARANDACUAU GTO,,,VERONICA,439 107 2674,LAMPARA #,,0405,1240,171.03,35,434,,38.46,6.15,36.97,81.59,2.32,242.15,1513,444
GLCCA1,LAMPARA CILINDRICA (58X30) NG.,3901,2379.31,ARTESANIAS,GLCCA1,SERVIN,TARANDACUAU GTO,,,VERONICA,440 107 2674,LAMPARA C,,0406,2760,380.69,35,966,,82.54,13.21,79.03,174.78,2.24,538.04,3363,983
GLBCB1,LICORERA BOLA CHICA (22.5x11) NG.,1297,788.79,ARTESANIAS,GLBCB1,SERVIN,TARANDACUAU GTO,,,VERONICA,441 107 2674,LICORERA,,0407,915,126.21,35,320.25,,29.04,4.65,27.98,61.66,2.38,178.88,1118,329
GMSMA1,MOLCAJETE SANTA MARIA MEDIANO (10.5x16.5) NG,1255,762.93,ARTESANIAS,GMSMA1,SERVIN,TARANDACUAU GTO,,,VERONICA,442 107 2674,MOLCAJETE,,0408,885,122.07,35,309.75,,28.17,4.51,27.15,59.82,2.38,173.04,1082,319
GPSOA1,PLATO CONSOME (6x12.5) NG.,796,482.76,ARTESANIAS,GPSOA1,SERVIN,TARANDACUAU GTO,,,VERONICA,443 107 2674,PLATO CON,,0409,560,77.24,35,196,,18.74,3,18.15,39.89,2.51,109.78,686,203
GSGRA1,SALERO GRANDE (6.5x4.5) NG.,274,163.79,ARTESANIAS,GSGRA1,SERVIN,TARANDACUAU GTO,,,VERONICA,444 107 2674,SALERO GR,,0410,190,26.21,35,66.5,,8.01,1.28,7.92,17.21,3.14,37.75,236,72
GTALA1,TARRO ALTO (11.5x8.5) NG.,556,336.21,ARTESANIAS,GTALA1,SERVIN,TARANDACUAU GTO,,,VERONICA,445 107 2674,TARRO ALT,,0411,390,53.79,35,136.5,,13.81,2.21,13.45,29.47,2.65,76.69,479,143
GTASA1,TARRO ASA (9.5x8) NG.,556,336.21,ARTESANIAS,GTASA1,SERVIN,TARANDACUAU GTO,,,VERONICA,446 107 2674,TARRO ASA,,0412,390,53.79,35,136.5,,13.81,2.21,13.45,29.47,2.65,76.69,479,143
GTCHA1,TARRO CHICO (7.5x7.5) NG.,507,306.03,ARTESANIAS,GTCHA1,SERVIN,TARANDACUAU GTO,,,VERONICA,447 107 2674,TARRO CHI,,0413,355,48.97,35,124.25,,12.8,2.05,12.48,27.32,2.7,69.87,437,131
GVTMA1,VASO DE TE MEDIANO (5x7.5) NG,365,219.83,ARTESANIAS,GVTMA1,SERVIN,TARANDACUAU GTO,,,VERONICA,448 107 2674,VASO DE T,,0414,255,35.17,35,89.25,,9.9,1.58,9.71,21.19,2.9,50.41,315,95
RSAEX1,AZUCARERA EXPRESS (11x8.5) NR.,598,362.07,ARTESANIAS,RSAEX1,SERVIN,TARANDACUAU GTO,,,VERONICA,449 107 2674,AZUCARERA,,0415,420,57.93,35,147,,14.68,2.35,14.28,31.31,2.62,82.53,516,154
RSBRC1,BOWL REDONDO CHICO (9x17) NR,1565,952.59,ARTESANIAS,RSBRC1,SERVIN,TARANDACUAU GTO,,,VERONICA,450 107 2674,BOWL REDO,,0416,1105,152.41,35,386.75,,34.55,5.53,33.24,73.31,2.34,215.87,1349,397
RSBRM1,BOWL REDONDO MEDIANO (10x20.5) NR.,2384,1452.59,ARTESANIAS,RSBRM1,SERVIN,TARANDACUAU GTO,,,VERONICA,451 107 2674,BOWL REDO,,0417,1685,232.41,35,589.75,,51.37,8.22,49.29,108.87,2.28,328.78,2055,602
RSCCD1,CHAROLA RECTANGULAR CHICA DECORADA (1.5x8x17.5) NR.,704,426.72,ARTESANIAS,RSCCD1,SERVIN,TARANDACUAU GTO,,,VERONICA,452 107 2674,CHAROLA R,,0418,495,68.28,35,173.25,,16.86,2.7,16.36,35.91,2.55,97.13,607,180
RSCTC1,COPA TEQUILERA CHICA (5.5x4) NR.,260,155.17,ARTESANIAS,RSCTC1,SERVIN,TARANDACUAU GTO,,,VERONICA,453 107 2674,COPA TEQU,,0419,180,24.83,35,63,,7.72,1.24,7.64,16.59,3.2,35.81,224,69
RSCEX1,CREMERA EXPRESS (6.5x6) NR.,365,219.83,ARTESANIAS,RSCEX1,SERVIN,TARANDACUAU GTO,,,VERONICA,454 107 2674,CREMERA E,,0420,255,35.17,35,89.25,,9.9,1.58,9.71,21.19,2.9,50.41,315,95
RSCUC1,CUCHARA (3x4x15.5) NR.,344,206.9,ARTESANIAS,RSCUC1,SERVIN,TARANDACUAU GTO,,,VERONICA,455 107 2674,CUCHARA (,,0421,240,33.1,35,84,,9.46,1.51,9.3,20.27,2.94,47.49,297,90
RSDJA1,DESPACHADOR DE JABON LIQUIDO NR.,1092,663.79,ARTESANIAS,RSDJA1,SERVIN,TARANDACUAU GTO,,,VERONICA,456 107 2674,DESPACHAD,,0422,770,106.21,35,269.5,,24.83,3.97,23.97,52.77,2.42,150.66,942,278
RSFLD1,FLORERO # 3 (10.5) NR.,380,228.45,ARTESANIAS,RSFLD1,SERVIN,TARANDACUAU GTO,,,VERONICA,457 107 2674,FLORERO #,,0423,265,36.55,35,92.75,,10.19,1.63,9.99,21.81,2.87,52.35,327,99
RSFLF1,FLORERO # 5 (15) NR.,852,517.24,ARTESANIAS,RSFLF1,SERVIN,TARANDACUAU GTO,,,VERONICA,423 107 2674,FLORERO #,,0424,600,82.76,35,210,,19.9,3.18,19.26,42.35,2.48,117.56,735,218
RSFLH1,FLORERO # 7 (22x14) NR,1918,1168.1,ARTESANIAS,RSFLH1,SERVIN,TARANDACUAU GTO,,,VERONICA,424 107 2674,FLORERO #,,0425,1355,186.9,35,474.25,,41.8,6.69,40.15,88.64,2.31,264.54,1653,485
RSFCC1,FLORERO CUADRADO CHICO (17.5x4.5) NR.,796,482.76,ARTESANIAS,RSFCC1,SERVIN,TARANDACUAU GTO,,,VERONICA,425 107 2674,FLORERO C,,0426,560,77.24,35,196,,18.74,3,18.15,39.89,2.51,109.78,686,203
RSFCG1,FLORERO CUADRADO GRANDE (26x6) NR.,1756,1068.97,ARTESANIAS,RSFCG1,SERVIN,TARANDACUAU GTO,,,VERONICA,426 107 2674,FLORERO C,,0427,1240,171.03,35,434,,38.46,6.15,36.97,81.59,2.32,242.15,1513,444
RSFPC1,FLORERO PEZ CHICO (18.5x9.5x14.5) NR.,1297,788.79,ARTESANIAS,RSFPC1,SERVIN,TARANDACUAU GTO,,,VERONICA,427 107 2674,FLORERO P,,0428,915,126.21,35,320.25,,29.04,4.65,27.98,61.66,2.38,178.88,1118,329
RSFPM1,FLORERO PEZ MEDIANO (31x16x22) NR.,5425,3310.34,ARTESANIAS,RSFPM1,SERVIN,TARANDACUAU GTO,,,VERONICA,428 107 2674,FLORERO P,,0429,3840,529.66,35,1344,,113.86,18.22,108.92,241,2.22,748.28,4677,1366
RSGPO1,GATO PORTA-ANILLOS (12.5x4.5x8.5) NR.,598,362.07,ARTESANIAS,RSGPO1,SERVIN,TARANDACUAU GTO,,,VERONICA,429 107 2674,GATO PORT,,0430,420,57.93,35,147,,14.68,2.35,14.28,31.31,2.62,82.53,516,154
RSJBA1,JOYERO # 2 BOLA (5.5x7.5) NR,380,228.45,ARTESANIAS,RSJBA1,SERVIN,TARANDACUAU GTO,,,VERONICA,430 107 2674,JOYERO #,,0431,265,36.55,35,92.75,,10.19,1.63,9.99,21.81,2.87,52.35,327,99
RSJHB1,JOYERO # 2 HEXAGONAL CON PERILLA (5.5x6) NR.,380,228.45,ARTESANIAS,RSJHB1,SERVIN,TARANDACUAU GTO,,,VERONICA,431 107 2674,JOYERO #,,0432,265,36.55,35,92.75,,10.19,1.63,9.99,21.81,2.87,52.35,327,99
RSJBO1,JOYERO # 3 BOLA (7.5x9) NR.,471,284.48,ARTESANIAS,RSJBO1,SERVIN,TARANDACUAU GTO,,,VERONICA,432 107 2674,JOYERO #,,0433,330,45.52,35,115.5,,12.07,1.93,11.79,25.79,2.74,65.01,406,122
RSJHC1,JOYERO # 3 HEXAGONAL CON PERILLA (7x9) NR.,471,284.48,ARTESANIAS,RSJHC1,SERVIN,TARANDACUAU GTO,,,VERONICA,433 107 2674,JOYERO #,,0434,330,45.52,35,115.5,,12.07,1.93,11.79,25.79,2.74,65.01,406,122
RSJAD1,JUEGO DE AGUA DONA (7 PIEZAS) NR.,8445,5155.17,ARTESANIAS,RSJAD1,SERVIN,TARANDACUAU GTO,,,VERONICA,434 107 2674,JUEGO DE,,0435,5980,824.83,35,2093,,175.92,28.15,168.14,372.21,2.2,1164.86,7280,2125
RSJTC1,JUEGO DE TE CHICO (5 PIEZAS) NR.,2842,1732.76,ARTESANIAS,RSJTC1,SERVIN,TARANDACUAU GTO,,,VERONICA,435 107 2674,JUEGO DE,,0436,2010,277.24,35,703.5,,60.79,9.73,58.28,128.8,2.27,392.04,2450,717
RSLAM1,LAMPARA # 6 (25) NR.,1756,1068.97,ARTESANIAS,RSLAM1,SERVIN,TARANDACUAU GTO,,,VERONICA,436 107 2674,LAMPARA #,,0437,1240,171.03,35,434,,38.46,6.15,36.97,81.59,2.32,242.15,1513,444
RSLCC1,LAMPARA CILINDRICA (58X30) NR.,3901,2379.31,ARTESANIAS,RSLCC1,SERVIN,TARANDACUAU GTO,,,VERONICA,437 107 2674,LAMPARA C,,0438,2760,380.69,35,966,,82.54,13.21,79.03,174.78,2.24,538.04,3363,983
RSLBC1,LICORERA BOLA CHICA (22.5x11) NR.,1297,788.79,ARTESANIAS,RSLBC1,SERVIN,TARANDACUAU GTO,,,VERONICA,438 107 2674,LICORERA,,0439,915,126.21,35,320.25,,29.04,4.65,27.98,61.66,2.38,178.88,1118,329
RSMSM1,MOLCAJETE SANTA MARIA MEDIANO (10.5x16.5) NR.,1255,762.93,ARTESANIAS,RSMSM1,SERVIN,TARANDACUAU GTO,,,VERONICA,439 107 2674,MOLCAJETE,,0440,885,122.07,35,309.75,,28.17,4.51,27.15,59.82,2.38,173.04,1082,319
RSPSO1,PLATO CONSOME (6x12.5) NR.,796,482.76,ARTESANIAS,RSPSO1,SERVIN,TARANDACUAU GTO,,,VERONICA,440 107 2674,PLATO CON,,0441,560,77.24,35,196,,18.74,3,18.15,39.89,2.51,109.78,686,203
RSSGR1,SALERO GRANDE (6.5x4.5) NR.,274,163.79,ARTESANIAS,RSSGR1,SERVIN,TARANDACUAU GTO,,,VERONICA,441 107 2674,SALERO GR,,0442,190,26.21,35,66.5,,8.01,1.28,7.92,17.21,3.14,37.75,236,72
RSTAL1,TARRO ALTO (11.5x8.5) NR.,556,336.21,ARTESANIAS,RSTAL1,SERVIN,TARANDACUAU GTO,,,VERONICA,442 107 2674,TARRO ALT,,0443,390,53.79,35,136.5,,13.81,2.21,13.45,29.47,2.65,76.69,479,143
RSTAS1,TARRO ASA (9.5x8) NR.,556,336.21,ARTESANIAS,RSTAS1,SERVIN,TARANDACUAU GTO,,,VERONICA,443 107 2674,TARRO ASA,,0444,390,53.79,35,136.5,,13.81,2.21,13.45,29.47,2.65,76.69,479,143
RSTCH1,TARRO CHICO (7.5x7.5) NR.,507,306.03,ARTESANIAS,RSTCH1,SERVIN,TARANDACUAU GTO,,,VERONICA,444 107 2674,TARRO CHI,,0445,355,48.97,35,124.25,,12.8,2.05,12.48,27.32,2.7,69.87,437,131
RSVTM1,VASO DE TE MEDIANO (5x7.5) NR.,365,219.83,ARTESANIAS,RSVTM1,SERVIN,TARANDACUAU GTO,,,VERONICA,445 107 2674,VASO DE T,,0446,255,35.17,35,89.25,,9.9,1.58,9.71,21.19,2.9,50.41,315,95
LBAEX1,AZUCARERA EXPRESS (11x8.5) SB.,1311,797.41,ARTESANIAS,LBAEX1,SERVIN,TARANDACUAU GTO,,,VERONICA,446 107 2674,AZUCARERA,,0447,925,127.59,35,323.75,,29.33,4.69,28.26,62.27,2.37,180.83,1130,333
LBBRC1,BOWL REDONDO CHICO (9x17) SB.,3421,2086.21,ARTESANIAS,LBBRC1,SERVIN,TARANDACUAU GTO,,,VERONICA,447 107 2674,BOWL REDO,,0448,2420,333.79,35,847,,72.68,11.63,69.63,153.93,2.25,471.85,2949,863
LBBRM1,BOWL REDONDO MEDIANO (10x20.5) SB.,5249,3202.59,ARTESANIAS,LBBRM1,SERVIN,TARANDACUAU GTO,,,VERONICA,448 107 2674,BOWL REDO,,0449,3715,512.41,35,1300.25,,110.24,17.64,105.46,233.34,2.22,723.94,4525,1322
LBCCD1,CHAROLA RECTANGULAR CHICA DECORADA (1.5x8x17.5) SB.,1389,844.83,ARTESANIAS,LBCCD1,SERVIN,TARANDACUAU GTO,,,VERONICA,449 107 2674,CHAROLA R,,0450,980,135.17,35,343,,30.92,4.95,29.78,65.64,2.36,191.54,1197,352
LBCTC1,COPA TEQUILERA CHICA (5.5x4) SB.,584,353.45,ARTESANIAS,LBCTC1,SERVIN,TARANDACUAU GTO,,,VERONICA,450 107 2674,COPA TEQU,,0451,410,56.55,35,143.5,,14.39,2.3,14,30.7,2.63,80.58,504,150
LBCEX1,CREMERA EXPRESS (6.5x6) SB.,718,435.34,ARTESANIAS,LBCEX1,SERVIN,TARANDACUAU GTO,,,VERONICA,451 107 2674,CREMERA E,,0452,505,69.66,35,176.75,,17.15,2.74,16.63,36.52,2.54,99.07,619,184
LBCUC1,CUCHARA (3x4x15.5) SB.,669,405.17,ARTESANIAS,LBCUC1,SERVIN,TARANDACUAU GTO,,,VERONICA,452 107 2674,CUCHARA (,,0453,470,64.83,35,164.5,,16.13,2.58,15.66,34.38,2.57,92.26,577,171
LBFLD1,FLORERO # 3 (10.5) SB.,824,500,ARTESANIAS,LBFLD1,SERVIN,TARANDACUAU GTO,,,VERONICA,453 107 2674,FLORERO #,,0454,580,80,35,203,,19.32,3.09,18.71,41.12,2.49,113.67,710,210
LBFLF1,FLORERO # 5 (15) SB.,1883,1146.55,ARTESANIAS,LBFLF1,SERVIN,TARANDACUAU GTO,,,VERONICA,454 107 2674,FLORERO #,,0455,1330,183.45,35,465.5,,41.07,6.57,39.46,87.1,2.31,259.67,1623,476
LBFLH1,FLORERO # 7 (22x14) SB.,4190,2556.03,ARTESANIAS,LBFLH1,SERVIN,TARANDACUAU GTO,,,VERONICA,455 107 2674,FLORERO #,,0456,2965,408.97,35,1037.75,,88.49,14.16,84.71,187.35,2.24,577.94,3612,1056
LBFCC1,FLORERO CUADRADO CHICO (17.5x4.5) SB.,1579,961.21,ARTESANIAS,LBFCC1,SERVIN,TARANDACUAU GTO,,,VERONICA,456 107 2674,FLORERO C,,0457,1115,153.79,35,390.25,,34.84,5.57,33.51,73.92,2.34,217.82,1361,400
LBFCG1,FLORERO CUADRADO GRANDE (26x6) SB.,3513,2142.24,ARTESANIAS,LBFCG1,SERVIN,TARANDACUAU GTO,,,VERONICA,457 107 2674,FLORERO C,,0458,2485,342.76,35,869.75,,74.57,11.93,71.42,157.92,2.25,484.51,3028,886
LBFPC1,FLORERO PEZ CHICO (18.5x9.5x14.5) SB.,2560,1560.34,ARTESANIAS,LBFPC1,SERVIN,TARANDACUAU GTO,,,VERONICA,423 107 2674,FLORERO P,,0459,1810,249.66,35,633.5,,54.99,8.8,52.75,116.53,2.28,353.11,2207,647
LBFPM1,FLORERO PEZ MEDIANO (31x16x22) SB.,10823,6607.76,ARTESANIAS,LBFPM1,SERVIN,TARANDACUAU GTO,,,VERONICA,424 107 2674,FLORERO P,,0460,7665,1057.24,35,2682.75,,224.79,35.97,214.77,475.52,2.2,1492.86,9330,2723
LBGPO1,GATO PORTA-ANILLOS (12.5x4.5x8.5) SB,1184,719.83,ARTESANIAS,LBGPO1,SERVIN,TARANDACUAU GTO,,,VERONICA,425 107 2674,GATO PORT,,0461,835,115.17,35,292.25,,26.72,4.27,25.76,56.75,2.4,163.31,1021,301
LBJBA1,JOYERO # 2 BOLA (5.5x7.5) SB,761,461.21,ARTESANIAS,LBJBA1,SERVIN,TARANDACUAU GTO,,,VERONICA,426 107 2674,JOYERO #,,0462,535,73.79,35,187.25,,18.02,2.88,17.46,38.36,2.52,104.91,656,194
LBJHB1,JOYERO # 2 HEXAGONAL CON PERILLA (5.5x6) SB.,824,500,ARTESANIAS,LBJHB1,SERVIN,TARANDACUAU GTO,,,VERONICA,427 107 2674,JOYERO #,,0463,580,80,35,203,,19.32,3.09,18.71,41.12,2.49,113.67,710,210
LBJBO1,JOYERO # 3 BOLA (7.5x9) SB.,958,581.9,ARTESANIAS,LBJBO1,SERVIN,TARANDACUAU GTO,,,VERONICA,428 107 2674,JOYERO #,,0464,675,93.1,35,236.25,,22.08,3.53,21.34,46.94,2.45,132.16,826,244
LBJHC1,JOYERO # 3 HEXAGONAL CON PERILLA (7x9) SB.,1043,633.62,ARTESANIAS,LBJHC1,SERVIN,TARANDACUAU GTO,,,VERONICA,429 107 2674,JOYERO #,,0465,735,101.38,35,257.25,,23.82,3.81,23,50.62,2.43,143.84,899,265
LBJAD1,JUEGO DE AGUA DONA (7 PIEZAS) SB.,18593,11353.45,ARTESANIAS,LBJAD1,SERVIN,TARANDACUAU GTO,,,VERONICA,430 107 2674,JUEGO DE,,0466,13170,1816.55,35,4609.5,,384.43,61.51,367.11,813.05,2.19,2564.49,16028,4675
LBJTC1,JUEGO DE TE CHICO (5 PIEZAS) SB.,6244,3810.34,ARTESANIAS,LBJTC1,SERVIN,TARANDACUAU GTO,,,VERONICA,431 107 2674,JUEGO DE,,0467,4420,609.66,35,1547,,130.68,20.91,124.97,276.56,2.21,861.18,5382,1572
LBLAM1,LAMPARA # 6 (25) SB.,3865,2357.76,ARTESANIAS,LBLAM1,SERVIN,TARANDACUAU GTO,,,VERONICA,432 107 2674,LAMPARA #,,0468,2735,377.24,35,957.25,,81.82,13.09,78.34,173.25,2.24,533.17,3332,975
LBLCC1,LAMPARA CILINDRICA (58X30) SB.,8593,5245.69,ARTESANIAS,LBLCC1,SERVIN,TARANDACUAU GTO,,,VERONICA,433 107 2674,LAMPARA C,,0469,6085,839.31,35,2129.75,,178.97,28.63,171.05,378.65,2.2,1185.3,7408,2162
LBLBC1,LICORERA BOLA CHICA (22.5x11) SB.,2814,1715.52,ARTESANIAS,LBLBC1,SERVIN,TARANDACUAU GTO,,,VERONICA,434 107 2674,LICORERA,,0470,1990,274.48,35,696.5,,60.21,9.63,57.73,127.57,2.27,388.15,2426,710
LBMSM1,MOLCAJETE SANTA MARIA MEDIANO (10.5x16.5) SB.,2532,1543.1,ARTESANIAS,LBMSM1,SERVIN,TARANDACUAU GTO,,,VERONICA,435 107 2674,MOLCAJETE,,0471,1790,246.9,35,626.5,,54.41,8.71,52.19,115.31,2.28,349.21,2183,639
LBPSO1,PLATO CONSOME (6x12.5) SB.,1741,1060.34,ARTESANIAS,LBPSO1,SERVIN,TARANDACUAU GTO,,,VERONICA,436 107 2674,PLATO CON,,0472,1230,169.66,35,430.5,,38.17,6.11,36.7,80.97,2.32,240.2,1501,441
LBSGR1,SALERO GRANDE (6.5x4.5) SB.,556,336.21,ARTESANIAS,LBSGR1,SERVIN,TARANDACUAU GTO,,,VERONICA,437 107 2674,SALERO GR,,0473,390,53.79,35,136.5,,13.81,2.21,13.45,29.47,2.65,76.69,479,143
LBTAL1,TARRO ALTO (11.5x8.5) SB.,1226,745.69,ARTESANIAS,LBTAL1,SERVIN,TARANDACUAU GTO,,,VERONICA,438 107 2674,TARRO ALT,,0474,865,119.31,35,302.75,,27.59,4.41,26.59,58.59,2.39,169.15,1057,312
LBTAS1,TARRO ASA (9.5x8) SB.,1120,681.03,ARTESANIAS,LBTAS1,SERVIN,TARANDACUAU GTO,,,VERONICA,439 107 2674,TARRO ASA,,0475,790,108.97,35,276.5,,25.41,4.07,24.52,54,2.41,154.55,966,285
LBTCH1,TARRO CHICO (7.5x7.5) SB.,1092,663.79,ARTESANIAS,LBTCH1,SERVIN,TARANDACUAU GTO,,,VERONICA,440 107 2674,TARRO CHI,,0476,770,106.21,35,269.5,,24.83,3.97,23.97,52.77,2.42,150.66,942,278
LBVTM1,VASO DE TE MEDIANO (5x7.5) SB.,796,482.76,ARTESANIAS,LBVTM1,SERVIN,TARANDACUAU GTO,,,VERONICA,441 107 2674,VASO DE T,,0477,560,77.24,35,196,,18.74,3,18.15,39.89,2.51,109.78,686,203
LGAEX1,AZUCARERA EXPRESS (11x8.5) SN.,1311,797.41,ARTESANIAS,LGAEX1,SERVIN,TARANDACUAU GTO,,,VERONICA,442 107 2674,AZUCARERA,,0478,925,127.59,35,323.75,,29.33,4.69,28.26,62.27,2.37,180.83,1130,333
LGBRC1,BOWL REDONDO CHICO (9x17) SN,3421,2086.21,ARTESANIAS,LGBRC1,SERVIN,TARANDACUAU GTO,,,VERONICA,443 107 2674,BOWL REDO,,0479,2420,333.79,35,847,,72.68,11.63,69.63,153.93,2.25,471.85,2949,863
LGBRM1,BOWL REDONDO MEDIANO (10x20.5) SN.,5249,3202.59,ARTESANIAS,LGBRM1,SERVIN,TARANDACUAU GTO,,,VERONICA,444 107 2674,BOWL REDO,,0480,3715,512.41,35,1300.25,,110.24,17.64,105.46,233.34,2.22,723.94,4525,1322
LGCCD1,CHAROLA RECTANGULAR CHICA DECORADA (1.5x8x17.5) SN.,1389,844.83,ARTESANIAS,LGCCD1,SERVIN,TARANDACUAU GTO,,,VERONICA,445 107 2674,CHAROLA R,,0481,980,135.17,35,343,,30.92,4.95,29.78,65.64,2.36,191.54,1197,352
LGCTC1,COPA TEQUILERA CHICA (5.5x4) SN.,584,353.45,ARTESANIAS,LGCTC1,SERVIN,TARANDACUAU GTO,,,VERONICA,446 107 2674,COPA TEQU,,0482,410,56.55,35,143.5,,14.39,2.3,14,30.7,2.63,80.58,504,150
LGCEX1,CREMERA EXPRESS (6.5x6) SN.,718,435.34,ARTESANIAS,LGCEX1,SERVIN,TARANDACUAU GTO,,,VERONICA,447 107 2674,CREMERA E,,0483,505,69.66,35,176.75,,17.15,2.74,16.63,36.52,2.54,99.07,619,184
LGCUC1,CUCHARA (3x4x15.5) SN.,669,405.17,ARTESANIAS,LGCUC1,SERVIN,TARANDACUAU GTO,,,VERONICA,448 107 2674,CUCHARA (,,0484,470,64.83,35,164.5,,16.13,2.58,15.66,34.38,2.57,92.26,577,171
LGFLD1,FLORERO # 3 (10.5) SN.,824,500,ARTESANIAS,LGFLD1,SERVIN,TARANDACUAU GTO,,,VERONICA,449 107 2674,FLORERO #,,0485,580,80,35,203,,19.32,3.09,18.71,41.12,2.49,113.67,710,210
LGFLF1,FLORERO # 5 (15) SN.,1883,1146.55,ARTESANIAS,LGFLF1,SERVIN,TARANDACUAU GTO,,,VERONICA,450 107 2674,FLORERO #,,0486,1330,183.45,35,465.5,,41.07,6.57,39.46,87.1,2.31,259.67,1623,476
LGFLH1,FLORERO # 7 (22x14) SN.,4190,2556.03,ARTESANIAS,LGFLH1,SERVIN,TARANDACUAU GTO,,,VERONICA,451 107 2674,FLORERO #,,0487,2965,408.97,35,1037.75,,88.49,14.16,84.71,187.35,2.24,577.94,3612,1056
LGFCC1,FLORERO CUADRADO CHICO (17.5x4.5) SN.,1579,961.21,ARTESANIAS,LGFCC1,SERVIN,TARANDACUAU GTO,,,VERONICA,452 107 2674,FLORERO C,,0488,1115,153.79,35,390.25,,34.84,5.57,33.51,73.92,2.34,217.82,1361,400
LGFCG1,FLORERO CUADRADO GRANDE (26x6) SN.,3513,2142.24,ARTESANIAS,LGFCG1,SERVIN,TARANDACUAU GTO,,,VERONICA,453 107 2674,FLORERO C,,0489,2485,342.76,35,869.75,,74.57,11.93,71.42,157.92,2.25,484.51,3028,886
LGFPC1,FLORERO PEZ CHICO (18.5x9.5x14.5) SN.,2560,1560.34,ARTESANIAS,LGFPC1,SERVIN,TARANDACUAU GTO,,,VERONICA,454 107 2674,FLORERO P,,0490,1810,249.66,35,633.5,,54.99,8.8,52.75,116.53,2.28,353.11,2207,647
LGFPM1,FLORERO PEZ MEDIANO (31x16x22) SN.,10823,6607.76,ARTESANIAS,LGFPM1,SERVIN,TARANDACUAU GTO,,,VERONICA,455 107 2674,FLORERO P,,0491,7665,1057.24,35,2682.75,,224.79,35.97,214.77,475.52,2.2,1492.86,9330,2723
LGGPO2,GATO PORTA-ANILLOS (12.5x4.5x8.5) SN,1184,719.83,ARTESANIAS,LGGPO2,SERVIN,TARANDACUAU GTO,,,VERONICA,456 107 2674,GATO PORT,,0492,835,115.17,35,292.25,,26.72,4.27,25.76,56.75,2.4,163.31,1021,301
LGJBA1,JOYERO # 2 BOLA (5.5x7.5) SN,761,461.21,ARTESANIAS,LGJBA1,SERVIN,TARANDACUAU GTO,,,VERONICA,457 107 2674,JOYERO #,,0493,535,73.79,35,187.25,,18.02,2.88,17.46,38.36,2.52,104.91,656,194
LGJHB1,JOYERO # 2 HEXAGONAL CON PERILLA (5.5x6) SN.,824,500,ARTESANIAS,LGJHB1,SERVIN,TARANDACUAU GTO,,,VERONICA,458 107 2674,JOYERO #,,0494,580,80,35,203,,19.32,3.09,18.71,41.12,2.49,113.67,710,210
LGJBC1,JOYERO # 3 BOLA (7.5x9) SN.,958,581.9,ARTESANIAS,LGJBC1,SERVIN,TARANDACUAU GTO,,,VERONICA,459 107 2674,JOYERO #,,0495,675,93.1,35,236.25,,22.08,3.53,21.34,46.94,2.45,132.16,826,244
LGJHC1,JOYERO # 3 HEXAGONAL CON PERILLA (7x9) SN. $,1043,633.62,ARTESANIAS,LGJHC1,SERVIN,TARANDACUAU GTO,,,VERONICA,460 107 2674,JOYERO #,,0496,735,101.38,35,257.25,,23.82,3.81,23,50.62,2.43,143.84,899,265
LGJAD1,JUEGO DE AGUA DONA (7 PIEZAS) SN.,18593,11353.45,ARTESANIAS,LGJAD1,SERVIN,TARANDACUAU GTO,,,VERONICA,461 107 2674,JUEGO DE,,0497,13170,1816.55,35,4609.5,,384.43,61.51,367.11,813.05,2.19,2564.49,16028,4675
LGJTC1,JUEGO DE TE CHICO (5 PIEZAS) SN.,6244,3810.34,ARTESANIAS,LGJTC1,SERVIN,TARANDACUAU GTO,,,VERONICA,462 107 2674,JUEGO DE,,0498,4420,609.66,35,1547,,130.68,20.91,124.97,276.56,2.21,861.18,5382,1572
LGLAM1,LAMPARA # 6 (25) SN.,3865,2357.76,ARTESANIAS,LGLAM1,SERVIN,TARANDACUAU GTO,,,VERONICA,463 107 2674,LAMPARA #,,0499,2735,377.24,35,957.25,,81.82,13.09,78.34,173.25,2.24,533.17,3332,975
LGLCC1,LAMPARA CILINDRICA (58X30) SN.,8593,5245.69,ARTESANIAS,LGLCC1,SERVIN,TARANDACUAU GTO,,,VERONICA,464 107 2674,LAMPARA C,,0500,6085,839.31,35,2129.75,,178.97,28.63,171.05,378.65,2.2,1185.3,7408,2162
LGLBC1,LICORERA BOLA CHICA (22.5x11) SN.,2814,1715.52,ARTESANIAS,LGLBC1,SERVIN,TARANDACUAU GTO,,,VERONICA,465 107 2674,LICORERA,,0501,1990,274.48,35,696.5,,60.21,9.63,57.73,127.57,2.27,388.15,2426,710
LGMSM1,MOLCAJETE SANTA MARIA MEDIANO (10.5x16.5) SN.,2532,1543.1,ARTESANIAS,LGMSM1,SERVIN,TARANDACUAU GTO,,,VERONICA,466 107 2674,MOLCAJETE,,0502,1790,246.9,35,626.5,,54.41,8.71,52.19,115.31,2.28,349.21,2183,639
LGPSO1,PLATO CONSOME (6x12.5) SN.,1741,1060.34,ARTESANIAS,LGPSO1,SERVIN,TARANDACUAU GTO,,,VERONICA,467 107 2674,PLATO CON,,0503,1230,169.66,35,430.5,,38.17,6.11,36.7,80.97,2.32,240.2,1501,441
LGSGR1,SALERO GRANDE (6.5x4.5) SN.,556,336.21,ARTESANIAS,LGSGR1,SERVIN,TARANDACUAU GTO,,,VERONICA,468 107 2674,SALERO GR,,0504,390,53.79,35,136.5,,13.81,2.21,13.45,29.47,2.65,76.69,479,143
LGTAL1,TARRO ALTO (11.5x8.5) SN.,1226,745.69,ARTESANIAS,LGTAL1,SERVIN,TARANDACUAU GTO,,,VERONICA,469 107 2674,TARRO ALT,,0505,865,119.31,35,302.75,,27.59,4.41,26.59,58.59,2.39,169.15,1057,312
LGTAS1,TARRO ASA (9.5x8) SN.,1120,681.03,ARTESANIAS,LGTAS1,SERVIN,TARANDACUAU GTO,,,VERONICA,470 107 2674,TARRO ASA,,0506,790,108.97,35,276.5,,25.41,4.07,24.52,54,2.41,154.55,966,285
LGTCH1,TARRO CHICO (7.5x7.5) SN.,1092,663.79,ARTESANIAS,LGTCH1,SERVIN,TARANDACUAU GTO,,,VERONICA,471 107 2674,TARRO CHI,,0507,770,106.21,35,269.5,,24.83,3.97,23.97,52.77,2.42,150.66,942,278
LGVTM1,VASO DE TE MEDIANO (5x7.5) SN.,910,482.76,ARTESANIAS,LGVTM1,SERVIN,TARANDACUAU GTO,,,VERONICA,472 107 2674,VASO DE T,,0508,560,77.24,55,308,,18.74,3,20.39,42.13,2.31,125.54,785,302
LGVTM2,CANASTA NAV MOD 2001,1116,678,DULCES TIPICOS Y ALIMENTOS,LGVTM2,El Huerto,UCAREO,,,Yadira Mendoza Soto,4434101030,CANASTA NA,,0509,786.48,108.48,35,275.27,,25.31,4.05,24.42,53.78,2.41,153.87,962,284
LGVTM3,CANASTA NAV MOD 2002,1173,713,DULCES TIPICOS Y ALIMENTOS,LGVTM3,El Huerto,UCAREO,,,Yadira Mendoza Soto,4434101030,CANASTA NA,,0510,827.08,114.08,35,289.48,,26.49,4.24,25.55,56.27,2.4,161.77,1011,298
LGVTM4,CANASTA MOD 2003,1312,798,DULCES TIPICOS Y ALIMENTOS,LGVTM4,El Huerto,UCAREO,,,Yadira Mendoza Soto,4434101030,CANASTA MO,,0511,925.68,127.68,35,323.99,,29.34,4.7,28.27,62.31,2.37,180.96,1131,333
LGVTM5,CANASTA NAV MOD 2004,884,518,DULCES TIPICOS Y ALIMENTOS,LGVTM5,El Huerto,UCAREO,,,Yadira Mendoza Soto,4434101030,CANASTA NA,,0512,600.88,82.88,40,240.35,,19.93,3.19,19.89,43,2.43,121.96,762,244
LGVTM6,CANASTA NAV MOD 2005,880,498,DULCES TIPICOS Y ALIMENTOS,LGVTM6,El Huerto,UCAREO,,,Yadira Mendoza Soto,4434101030,CANASTA NA,,0513,577.68,79.68,45,259.96,,19.25,3.08,19.8,42.13,2.39,121.35,758,260
LGVTM7,BATEA NAV MOD 2006,751,398,DULCES TIPICOS Y ALIMENTOS,LGVTM7,El Huerto,UCAREO,,,Yadira Mendoza Soto,4434101030,BATEA NAV,,0514,461.68,63.68,55,253.92,,15.89,2.54,17.28,35.71,2.38,103.63,648,250
LGVTM8,CANASTA NAV MOD 2007,1328,808,DULCES TIPICOS Y ALIMENTOS,LGVTM8,El Huerto,UCAREO,,,Yadira Mendoza Soto,4434101030,CANASTA NA,,0515,937.28,129.28,35,328.05,,29.68,4.75,28.6,63.03,2.37,183.22,1145,337
LGVTM9,CANASTA NAV MOD 2008,1230,748,DULCES TIPICOS Y ALIMENTOS,LGVTM9,El Huerto,UCAREO,,,Yadira Mendoza Soto,4434101030,CANASTA NA,,0516,867.68,119.68,35,303.69,,27.66,4.43,26.67,58.76,2.39,169.67,1060,312
LGVTM10,BAUTIZO,0,,,LGVTM10,,,,,,,,,0517,,,,,,2.5,,,,,0,0,0
LGVTM11,CRUZ ANGEL PUENTE ORO VIEJO,336,181.9,ARTESANIAS,LGVTM11,JORVINA ARTICULOS RELEGIOSOS,YURECUARO,26,17.5,MARIA ESTHER NAVA,33 2184 5609,CAPT-D,,0518,211,29.1,50,105.5,,8.62,1.38,9.13,19.13,2.85,46.29,289,107
LGVTM12,CRUZ ANGEL PUENTE PLATA VIEJA,322,174.14,ARTESANIAS,LGVTM12,JORVINA ARTICULOS RELEGIOSOS,YURECUARO,26,17.5,MARIA ESTHER NAVA,33 2184 5609,CAPT-P,,0519,202,27.86,50,101,,8.36,1.34,8.85,18.55,2.88,44.35,277,103
LGVTM13,CRUZ ANGEL GUARDA DORADO C/ CRUZ MADERA,195,104.31,ARTESANIAS,LGVTM13,JORVINA ARTICULOS RELEGIOSOS,YURECUARO,21.5,13,MARIA ESTHER NAVA,33 2184 5609,AGDM,,0520,121,16.69,50,60.5,,6.01,0.96,6.37,13.34,3.42,26.87,168,64
LGVTM14,CRUZ MEDALLON BAUTIZO EN MADERA C/PIEDRA,279,150.86,ARTESANIAS,LGVTM14,JORVINA ARTICULOS RELEGIOSOS,YURECUARO,20.5,15.5,MARIA ESTHER NAVA,33 2184 5609,CMB,,0521,175,24.14,50,87.5,,7.58,1.21,8.03,16.81,3.01,38.53,241,90
LGVTM15,ANGEL CRUZ PALOMA ORO VIEJO,198,106.03,ARTESANIAS,LGVTM15,JORVINA ARTICULOS RELEGIOSOS,YURECUARO,15.5,11,MARIA ESTHER NAVA,33 2184 5609,ACP-D,,0522,123,16.97,50,61.5,,6.07,0.97,6.43,13.47,3.4,27.31,171,65
LGVTM16,ANGEL CRUZ PALOMA PLATA,190,101.72,ARTESANIAS,LGVTM16,JORVINA ARTICULOS RELEGIOSOS,YURECUARO,15.5,11,MARIA ESTHER NAVA,33 2184 5609,ACP-P,,0523,118,16.28,50,59,,5.92,0.95,6.28,13.15,3.46,26.23,164,62
LGVTM17,MEDALLON ANGEL GUADA C/BASE,157,83.62,ARTESANIAS,LGVTM17,JORVINA ARTICULOS RELEGIOSOS,YURECUARO,18,7.5,MARIA ESTHER NAVA,33 2184 5609,MAGB,,0524,97,13.38,50,48.5,,5.31,0.85,5.63,11.8,3.75,21.7,136,52
LGVTM18,CRUZ BAUTIZO MEDALLON CON BASE,217,116.38,ARTESANIAS,LGVTM18,JORVINA ARTICULOS RELEGIOSOS,YURECUARO,15,7,MARIA ESTHER NAVA,33 2184 5609,CBM,,0525,135,18.62,50,67.5,,6.42,1.03,6.8,14.24,3.29,29.9,187,70
LGVTM19,CRUCIFIJO DE PILA NUM. 18 EN MADERA,440,239.66,ARTESANIAS,LGVTM19,JORVINA ARTICULOS RELEGIOSOS,YURECUARO,35,19,MARIA ESTHER NAVA,33 2184 5609,18CPI,,0526,278,38.34,50,139,,10.56,1.69,11.19,23.44,2.66,60.75,380,140
LGVTM20,CRUZ ANGEL CADENA,445,242.24,ARTESANIAS,LGVTM20,JORVINA ARTICULOS RELEGIOSOS,YURECUARO,30,22,MARIA ESTHER NAVA,33 2184 5609,CAC,,0527,281,38.76,50,140.5,,10.65,1.7,11.28,23.63,2.65,61.4,384,141
LGVTM21,CRUZ ANGEL DORADO EN MADERA Y BASE,246,132.76,ARTESANIAS,LGVTM21,JORVINA ARTICULOS RELEGIOSOS,YURECUARO,16,11.5,MARIA ESTHER NAVA,33 2184 5609,CAD-BM,,0528,154,21.24,50,77,,6.97,1.11,7.38,15.46,3.14,33.99,212,80
LGVTM22,CRUZ ANGEL PLATA EN MADERA Y BASE,232,125,ARTESANIAS,LGVTM22,JORVINA ARTICULOS RELEGIOSOS,YURECUARO,16,11.5,MARIA ESTHER NAVA,33 2184 5609,CAP-BM,,0529,145,20,50,72.5,,6.71,1.07,7.11,14.88,3.2,32.05,200,75
LGVTM23,CRUZ ANGEL C/MADERA EN DORADA,195,104.31,ARTESANIAS,LGVTM23,JORVINA ARTICULOS RELEGIOSOS,YURECUARO,14.5,11.2,MARIA ESTHER NAVA,33 2184 5609,CAD-M,,0530,121,16.69,50,60.5,,6.01,0.96,6.37,13.34,3.42,26.87,168,64
LGVTM24,CRUZ ANGEL C/MADERA EN PLATA,195,104.31,ARTESANIAS,LGVTM24,JORVINA ARTICULOS RELEGIOSOS,YURECUARO,14.5,11.2,MARIA ESTHER NAVA,33 2184 5609,CAP-M,,0531,121,16.69,50,60.5,,6.01,0.96,6.37,13.34,3.42,26.87,168,64
LGVTM25,CRUZ ANGEL DORADO CON BASE MADERA,198,106.03,ARTESANIAS,LGVTM25,JORVINA ARTICULOS RELEGIOSOS,YURECUARO,14.5,9.7,MARIA ESTHER NAVA,33 2184 5609,CAD-B,,0532,123,16.97,50,61.5,,6.07,0.97,6.43,13.47,3.4,27.31,171,65
LGVTM26,CRUZ ANGEL PLATA CON BASE MADERA,181,96.55,ARTESANIAS,LGVTM26,JORVINA ARTICULOS RELEGIOSOS,YURECUARO,14.5,9.7,MARIA ESTHER NAVA,33 2184 5609,CAP-B,,0533,112,15.45,50,56,,5.75,0.92,6.09,12.76,3.53,24.93,156,59
LGVTM27,CRUZ BAUTIZO NIÑO CON DETALLE DE PIED. SWARO,118,62.07,ARTESANIAS,LGVTM27,JORVINA ARTICULOS RELEGIOSOS,YURECUARO,13.5,7,MARIA ESTHER NAVA,33 2184 5609,CBO,,0534,72,9.93,50,36,,4.59,0.73,4.87,10.19,4.31,16.3,102,40
LGVTM28,CRUZ BAUTIZO NIÑA CON DETALLE DE PIED. SWARO,118,62.07,ARTESANIAS,LGVTM28,JORVINA ARTICULOS RELEGIOSOS,YURECUARO,13.5,7,MARIA ESTHER NAVA,33 2184 5609,CBA,,0535,72,9.93,50,36,,4.59,0.73,4.87,10.19,4.31,16.3,102,40
LGVTM29,CRUZ BAUTIZO NIÑO,67,33.62,ARTESANIAS,LGVTM29,JORVINA ARTICULOS RELEGIOSOS,YURECUARO,10.5,7,MARIA ESTHER NAVA,33 2184 5609,1BO,,0536,39,5.38,50,19.5,,3.63,0.58,3.85,8.07,6.06,9.18,57,24
LGVTM30,CRUZ BAUTIZO NIÑA,67,33.62,ARTESANIAS,LGVTM30,JORVINA ARTICULOS RELEGIOSOS,YURECUARO,10.5,7,MARIA ESTHER NAVA,33 2184 5609,1BA,,0537,39,5.38,50,19.5,,3.63,0.58,3.85,8.07,6.06,9.18,57,24
LGVTM31,CRUZ BAUTIZO NIÑA ESPECIAL,68,34.48,ARTESANIAS,LGVTM31,JORVINA ARTICULOS RELEGIOSOS,YURECUARO,9.4,5.3,MARIA ESTHER NAVA,33 2184 5609,2BA,,0538,40,5.52,50,20,,3.66,0.59,3.88,8.13,5.97,9.4,59,24
LGVTM32,CRUZ BAUTIZO NIÑO ESPECIAL,68,34.48,ARTESANIAS,LGVTM32,JORVINA ARTICULOS RELEGIOSOS,YURECUARO,9.4,5.3,MARIA ESTHER NAVA,33 2184 5609,2BO,,0539,40,5.52,50,20,,3.66,0.59,3.88,8.13,5.97,9.4,59,24
LGVTM33,CRUZ ESPIRITU SANTO,68,34.48,ARTESANIAS,LGVTM33,JORVINA ARTICULOS RELEGIOSOS,YURECUARO,9,5,MARIA ESTHER NAVA,33 2184 5609,EP,,0540,40,5.52,50,20,,3.66,0.59,3.88,8.13,5.97,9.4,59,24
LGVTM34,CRUZ ESPIRITU SANTO,38,18.1,ARTESANIAS,LGVTM34,JORVINA ARTICULOS RELEGIOSOS,YURECUARO,5.7,3.3,MARIA ESTHER NAVA,33 2184 5609,C08,,0541,21,2.9,50,10.5,,3.11,0.5,3.3,6.91,8.99,5.3,33,15
LGVTM35,CRUZ INFANTIL PALOMA DORADA,38,18.1,ARTESANIAS,LGVTM35,JORVINA ARTICULOS RELEGIOSOS,YURECUARO,6,3.3,MARIA ESTHER NAVA,33 2184 5609,IPD,,0542,21,2.9,50,10.5,,3.11,0.5,3.3,6.91,8.99,5.3,33,15
LGVTM36,CRUZ INFANTIL PALOMA PLATA,35,16.38,ARTESANIAS,LGVTM36,JORVINA ARTICULOS RELEGIOSOS,YURECUARO,6,3.3,MARIA ESTHER NAVA,33 2184 5609,IP,,0543,19,2.62,50,9.5,,3.05,0.49,3.24,6.78,9.61,4.87,30,14
LGVTM37,CRUZ ANGEL GUARDA CON NIÑO,118,62.07,ARTESANIAS,LGVTM37,JORVINA ARTICULOS RELEGIOSOS,YURECUARO,16.5,7,MARIA ESTHER NAVA,33 2184 5609,AGN,,0544,72,9.93,50,36,,4.59,0.73,4.87,10.19,4.31,16.3,102,40
LGVTM38,CRUZ ANGEL GUARDA DORADO,123,64.66,ARTESANIAS,LGVTM38,JORVINA ARTICULOS RELEGIOSOS,YURECUARO,14,7,MARIA ESTHER NAVA,33 2184 5609,AGD,,0545,75,10.34,50,37.5,,4.68,0.75,4.96,10.38,4.22,16.95,106,41
LGVTM39,MEDALLON ANGEL GUARDA PEDESTAL,81,41.38,ARTESANIAS,LGVTM39,JORVINA ARTICULOS RELEGIOSOS,YURECUARO,5.5,5.5,MARIA ESTHER NAVA,33 2184 5609,MAG,,0546,48,6.62,50,24,,3.89,0.62,4.13,8.65,5.36,11.12,70,28
LGVTM40,MEDALLON ANGEL GUARDA PEDESTAL PLATA,76,38.79,ARTESANIAS,LGVTM40,JORVINA ARTICULOS RELEGIOSOS,YURECUARO,5.5,5.5,MARIA ESTHER NAVA,33 2184 5609,MAGP,,0547,45,6.21,50,22.5,,3.81,0.61,4.04,8.45,5.56,10.48,65,27
LGVTM41,CRUZ MADONA CON NIÑO,67,33.62,ARTESANIAS,LGVTM41,JORVINA ARTICULOS RELEGIOSOS,YURECUARO,9.5,5.2,MARIA ESTHER NAVA,33 2184 5609,1MN,,0548,39,5.38,50,19.5,,3.63,0.58,3.85,8.07,6.06,9.18,57,24
LGVTM42,CRUZ MADONA CON NIÑO ESPECIAL,67,33.62,ARTESANIAS,LGVTM42,JORVINA ARTICULOS RELEGIOSOS,YURECUARO,9.5,5.2,MARIA ESTHER NAVA,33 2184 5609,2MN,,0549,39,5.38,50,19.5,,3.63,0.58,3.85,8.07,6.06,9.18,57,24
LGVTM43,ANGEL ORANDO MARCO DORADO C/PIED. SWAROV,148,78.45,ARTESANIAS,LGVTM43,JORVINA ARTICULOS RELEGIOSOS,YURECUARO,8.5,6.5,MARIA ESTHER NAVA,33 2184 5609,AOMD,,0550,91,12.55,50,45.5,,5.14,0.82,5.45,11.41,3.86,20.4,128,49
LGVTM44,ANGEL ORANDO MARCO PLATA C/PIED. SWAROVS,131,68.97,ARTESANIAS,LGVTM44,JORVINA ARTICULOS RELEGIOSOS,YURECUARO,8.5,6.5,MARIA ESTHER NAVA,33 2184 5609,AOMP,,0551,80,11.03,50,40,,4.82,0.77,5.11,10.7,4.09,18.03,113,44
LGVTM45,MARCO ANGEL COLGANTE DORADO,175,93.1,ARTESANIAS,LGVTM45,JORVINA ARTICULOS RELEGIOSOS,YURECUARO,12,11,MARIA ESTHER NAVA,33 2184 5609,MAC-D,,0552,108,14.9,50,54,,5.63,0.9,5.97,12.5,3.58,24.07,150,57
LGVTM46,MARCO ANGEL COLGANTE PLATA,162,86.21,ARTESANIAS,LGVTM46,JORVINA ARTICULOS RELEGIOSOS,YURECUARO,12,11,MARIA ESTHER NAVA,33 2184 5609,MAC-P,,0553,100,13.79,50,50,,5.4,0.86,5.73,11.99,3.7,22.34,140,53
LGVTM47,MARCO CRUZ ANGEL COLGANTE DORADO,175,93.1,ARTESANIAS,LGVTM47,JORVINA ARTICULOS RELEGIOSOS,YURECUARO,12,10.5,MARIA ESTHER NAVA,33 2184 5609,MCA-D,,0554,108,14.9,50,54,,5.63,0.9,5.97,12.5,3.58,24.07,150,57
LGVTM48,MARCO CRUZ ANGEL COLGANTE PLATA B/MAD.,162,86.21,ARTESANIAS,LGVTM48,JORVINA ARTICULOS RELEGIOSOS,YURECUARO,12,10.5,MARIA ESTHER NAVA,33 2184 5609,MCA-P,,0555,100,13.79,50,50,,5.4,0.86,5.73,11.99,3.7,22.34,140,53
LGVTM49,ANGEL BASE PALOMA ORO VIEJO,118,62.07,ARTESANIAS,LGVTM49,JORVINA ARTICULOS RELEGIOSOS,YURECUARO,9,6,MARIA ESTHER NAVA,33 2184 5609,ABP-D,,0556,72,9.93,50,36,,4.59,0.73,4.87,10.19,4.31,16.3,102,40
LGVTM50,ANGEL BASE PALOMA PLATA VIEJA,109,56.9,ARTESANIAS,LGVTM50,JORVINA ARTICULOS RELEGIOSOS,YURECUARO,9,6,MARIA ESTHER NAVA,33 2184 5609,ABP-P,,0557,66,9.1,50,33,,4.41,0.71,4.68,9.8,4.5,15.01,94,37
LGVTM51,PILA DE AGUA BENDITA C/ BASE MADERA EN DORADO,240,129.31,ARTESANIAS,LGVTM51,JORVINA ARTICULOS RELEGIOSOS,YURECUARO,,,MARIA ESTHER NAVA,33 2184 5609,PIB-D,,0558,150,20.69,50,75,,6.85,1.1,7.26,15.2,3.16,33.13,207,78
LGVTM52,PILA DE AGUA BENDITA EN RETABLO PLATA,200,106.9,ARTESANIAS,LGVTM52,JORVINA ARTICULOS RELEGIOSOS,YURECUARO,,,MARIA ESTHER NAVA,33 2184 5609,PIR-P,,0559,124,17.1,50,62,,6.1,0.98,6.46,13.53,3.39,27.52,172,65
LGVTM53,ANGEL MARCO DORADO C/PEDESTAL B/MADERA,162,86.21,ARTESANIAS,LGVTM53,JORVINA ARTICULOS RELEGIOSOS,YURECUARO,9,9,MARIA ESTHER NAVA,33 2184 5609,AMBM-D,,0560,100,13.79,50,50,,5.4,0.86,5.73,11.99,3.7,22.34,140,53
LGVTM54,ANGEL MARCO PLATA C/PEDESTAL B/MADERA,162,86.21,ARTESANIAS,LGVTM54,JORVINA ARTICULOS RELEGIOSOS,YURECUARO,9,9,MARIA ESTHER NAVA,33 2184 5609,AMBM,,0561,100,13.79,50,50,,5.4,0.86,5.73,11.99,3.7,22.34,140,53
LGVTM55,MARCO ANGEL PUENTE ORO VIEJO,336,181.9,ARTESANIAS,LGVTM55,JORVINA ARTICULOS RELEGIOSOS,YURECUARO,18.7,14.7,MARIA ESTHER NAVA,33 2184 5609,MAPT-D,,0562,211,29.1,50,105.5,,8.62,1.38,9.13,19.13,2.85,46.29,289,107
LGVTM56,MARCO ANGEL PUENTE PLATA VIEJA,318,172.41,ARTESANIAS,LGVTM56,JORVINA ARTICULOS RELEGIOSOS,YURECUARO,18.7,14.7,MARIA ESTHER NAVA,33 2184 5609,MAPT-P,,0563,200,27.59,50,100,,8.3,1.33,8.79,18.42,2.89,43.92,275,102
LGVTM57,RETABLO ANGEL ORANDO DORADO C/PIEDRA SWAR,201,107.76,ARTESANIAS,LGVTM57,JORVINA ARTICULOS RELEGIOSOS,YURECUARO,12,9,MARIA ESTHER NAVA,33 2184 5609,RAOMD,,0564,125,17.24,50,62.5,,6.13,0.98,6.49,13.6,3.38,27.74,173,66
LGVTM58,RETABLO ANGEL ORANDO PLATA C/PIEDRA SWARO,181,96.55,ARTESANIAS,LGVTM58,JORVINA ARTICULOS RELEGIOSOS,YURECUARO,12,9,MARIA ESTHER NAVA,33 2184 5609,RAOMP,,0565,112,15.45,50,56,,5.75,0.92,6.09,12.76,3.53,24.93,156,59
LGVTM59,MADONA CON NIÑO EN ARAGON,124,65.52,ARTESANIAS,LGVTM59,JORVINA ARTICULOS RELEGIOSOS,YURECUARO,12,10,MARIA ESTHER NAVA,33 2184 5609,MNA,,0566,76,10.48,50,38,,4.7,0.75,4.99,10.45,4.2,17.16,107,42
LGVTM60,RETABLO MADONA CON NIÑO,110,57.76,ARTESANIAS,LGVTM60,JORVINA ARTICULOS RELEGIOSOS,YURECUARO,11.5,8.5,MARIA ESTHER NAVA,33 2184 5609,MNR,,0567,67,9.24,50,33.5,,4.44,0.71,4.71,9.87,4.47,15.22,95,37
LGVTM61,RETABLO BAUTIZO NIÑA CON P/SWAROVSKY,106,55.17,ARTESANIAS,LGVTM61,JORVINA ARTICULOS RELEGIOSOS,YURECUARO,11.5,6.4,MARIA ESTHER NAVA,33 2184 5609,1-RBA,,0568,64,8.83,50,32,,4.36,0.7,4.62,9.67,4.58,14.58,91,36
LGVTM62,RETABLO BAUTIZO NIÑO CON P/SWAROVSKY,106,55.17,ARTESANIAS,LGVTM62,JORVINA ARTICULOS RELEGIOSOS,YURECUARO,11.5,6.4,MARIA ESTHER NAVA,33 2184 5609,1-RBO,,0569,64,8.83,50,32,,4.36,0.7,4.62,9.67,4.58,14.58,91,36
LGVTM63,1ra COMUNION,0,,,LGVTM63,,,,,,,,,0570,,,,,,2.5,,,,,0,0,0
LGVTM64,RETABLO DE LOS 10 MANDAMIENTOS,384,208.62,ARTESANIAS,LGVTM64,JORVINA ARTICULOS RELEGIOSOS,YURECUARO,23,12,MARIA ESTHER NAVA,33 2184 5609,10 M,,0571,242,33.38,50,121,,9.52,1.52,10.08,21.12,2.75,52.98,331,276
LGVTM65,CRISTO NUM. 15 CRUZ MAD. PRIMERA COMUNION,415,225.86,ARTESANIAS,LGVTM65,JORVINA ARTICULOS RELEGIOSOS,YURECUARO,25,13,MARIA ESTHER NAVA,33 2184 5609,15PC,,0572,262,36.14,50,131,,10.1,1.62,10.69,22.41,2.7,57.3,358,303
LGVTM66,CRUZ 1era.COMUNION C/MEDALLON Y CRISTAL DOR.,384,208.62,ARTESANIAS,LGVTM66,JORVINA ARTICULOS RELEGIOSOS,YURECUARO,25.5,13.5,MARIA ESTHER NAVA,33 2184 5609,CPC,,0573,242,33.38,50,121,,9.52,1.52,10.08,21.12,2.75,52.98,331,276
LGVTM67,CRUZ 1era.COMUNION C/MEDALLON Y CRISTAL PLA.,353,191.38,ARTESANIAS,LGVTM67,JORVINA ARTICULOS RELEGIOSOS,YURECUARO,25.5,13.5,MARIA ESTHER NAVA,33 2184 5609,CPC-P,,0574,222,30.62,50,111,,8.94,1.43,9.47,19.84,2.81,48.67,304,249
LGVTM68,CRUZ MADERA CON CALIZ DORADO,217,116.38,ARTESANIAS,LGVTM68,JORVINA ARTICULOS RELEGIOSOS,YURECUARO,24,15,MARIA ESTHER NAVA,33 2184 5609,15CAD,,0575,135,18.62,50,67.5,,6.42,1.03,6.8,14.24,3.29,29.9,187,132
LGVTM69,CRUZ MADERA CON CALIZ PLATA,198,106.03,ARTESANIAS,LGVTM69,JORVINA ARTICULOS RELEGIOSOS,YURECUARO,24,15,MARIA ESTHER NAVA,33 2184 5609,15CAP,,0576,123,16.97,50,61.5,,6.07,0.97,6.43,13.47,3.4,27.31,171,115
LGVTM70,CRUZ CALIZ IMPERIAL CON MADRA,162,86.21,ARTESANIAS,LGVTM70,JORVINA ARTICULOS RELEGIOSOS,YURECUARO,19.5,13,MARIA ESTHER NAVA,33 2184 5609,C13M,,0577,100,13.79,50,50,,5.4,0.86,5.73,11.99,3.7,22.34,140,84
LGVTM71,CRUZ CALIZ RESACADA EN MADERA C/BASE,106,55.17,ARTESANIAS,LGVTM71,JORVINA ARTICULOS RELEGIOSOS,YURECUARO,12.5,7.5,MARIA ESTHER NAVA,33 2184 5609,CCM,,0578,64,8.83,50,32,,4.36,0.7,4.62,9.67,4.58,14.58,91,36
LGVTM72,CRUZ CALIZ DORADO C/ BASE MADERA,90,46.55,ARTESANIAS,LGVTM72,JORVINA ARTICULOS RELEGIOSOS,YURECUARO,11,6.5,MARIA ESTHER NAVA,33 2184 5609,CCD-B,,0579,54,7.45,50,27,,4.07,0.65,4.31,9.03,5.02,12.42,78,22
LGVTM73,CRUZ CALIZ PLATA C/BASE MADERA,85,43.97,ARTESANIAS,LGVTM73,JORVINA ARTICULOS RELEGIOSOS,YURECUARO,11,6.5,MARIA ESTHER NAVA,33 2184 5609,CCP-B,,0580,51,7.03,50,25.5,,3.98,0.64,4.22,8.84,5.18,11.77,74,18
LGVTM74,RETABLO PALOMA DE NIÑA,95,49.14,ARTESANIAS,LGVTM74,JORVINA ARTICULOS RELEGIOSOS,YURECUARO,11,6,MARIA ESTHER NAVA,33 2184 5609,1RPA,,0581,57,7.86,50,28.5,,4.15,0.66,4.41,9.22,4.87,13.07,82,26
LGVTM75,RETABLO PALOMA DE NIÑO,95,49.14,ARTESANIAS,LGVTM75,JORVINA ARTICULOS RELEGIOSOS,YURECUARO,11,6,MARIA ESTHER NAVA,33 2184 5609,1RPO,,0582,57,7.86,50,28.5,,4.15,0.66,4.41,9.22,4.87,13.07,82,26
LGVTM76,CRUZ PALOMITAS NIÑA DORADA,76,38.79,ARTESANIAS,LGVTM76,JORVINA ARTICULOS RELEGIOSOS,YURECUARO,10.5,5.5,MARIA ESTHER NAVA,33 2184 5609,PAA,,0583,45,6.21,50,22.5,,3.81,0.61,4.04,8.45,5.56,10.48,65,10
LGVTM77,CRUZ PALOMITAS NIÑO DORADO,76,38.79,ARTESANIAS,LGVTM77,JORVINA ARTICULOS RELEGIOSOS,YURECUARO,10.5,5.5,MARIA ESTHER NAVA,33 2184 5609,PAO,,0584,45,6.21,50,22.5,,3.81,0.61,4.04,8.45,5.56,10.48,65,10
LGVTM78,CRUZ PRIMERA COMUNION NIÑA,67,31.03,ARTESANIAS,LGVTM78,JORVINA ARTICULOS RELEGIOSOS,YURECUARO,10.5,5.5,MARIA ESTHER NAVA,33 2184 5609,1PCA,,0585,36,4.97,65,23.4,,3.54,0.57,3.87,7.98,5.92,9.29,58,3
LGVTM79,CRUZ PRIMERA COMUNION NIÑO,67,31.03,ARTESANIAS,LGVTM79,JORVINA ARTICULOS RELEGIOSOS,YURECUARO,10.5,5.5,MARIA ESTHER NAVA,33 2184 5609,1PCO,,0586,36,4.97,65,23.4,,3.54,0.57,3.87,7.98,5.92,9.29,58,3
LGVTM80,CRUZ CALIZ DORADO,67,31.03,ARTESANIAS,LGVTM80,JORVINA ARTICULOS RELEGIOSOS,YURECUARO,10.5,5.5,MARIA ESTHER NAVA,33 2184 5609,CA,,0587,36,4.97,65,23.4,,3.54,0.57,3.87,7.98,5.92,9.29,58,3
LGVTM81,CRUZ PRIMERA COMUNION NIÑA ESPECIAL,68,34.48,ARTESANIAS,LGVTM81,JORVINA ARTICULOS RELEGIOSOS,YURECUARO,9.5,5.2,MARIA ESTHER NAVA,33 2184 5609,2PCA,,0588,40,5.52,50,20,,3.66,0.59,3.88,8.13,5.97,9.4,59,4
LGVTM82,CRUZ PRIMERA COMUNION NIÑO ESPECIAL,68,34.48,ARTESANIAS,LGVTM82,JORVINA ARTICULOS RELEGIOSOS,YURECUARO,9.5,5.2,MARIA ESTHER NAVA,33 2184 5609,2PCO,,0589,40,5.52,50,20,,3.66,0.59,3.88,8.13,5.97,9.4,59,4
LGVTM83,CRUZ MANOS ORANDO,67,33.62,ARTESANIAS,LGVTM83,JORVINA ARTICULOS RELEGIOSOS,YURECUARO,10.5,5.5,MARIA ESTHER NAVA,33 2184 5609,MO,,0590,39,5.38,50,19.5,,3.63,0.58,3.85,8.07,6.06,9.18,57,2
LGVTM84,CRUZ ROSTRO DE JESUS,67,33.62,ARTESANIAS,LGVTM84,JORVINA ARTICULOS RELEGIOSOS,YURECUARO,10.5,5.5,MARIA ESTHER NAVA,33 2184 5609,RJ,,0591,39,5.38,50,19.5,,3.63,0.58,3.85,8.07,6.06,9.18,57,2
LGVTM85,MEDALLON CALIZ DORADO,76,38.79,ARTESANIAS,LGVTM85,JORVINA ARTICULOS RELEGIOSOS,YURECUARO,5.3,5.5,MARIA ESTHER NAVA,33 2184 5609,MCAD,,0592,45,6.21,50,22.5,,3.81,0.61,4.04,8.45,5.56,10.48,65,10
LGVTM86,MEDALLON CALIZ PLATA,70,35.34,ARTESANIAS,LGVTM86,JORVINA ARTICULOS RELEGIOSOS,YURECUARO,5.3,5.5,MARIA ESTHER NAVA,33 2184 5609,MCAP,,0593,41,5.66,50,20.5,,3.69,0.59,3.92,8.19,5.88,9.61,60,5
LGVTM87,MATRIMONIO,0,0,,LGVTM87,0,0,,,0,0,,,0594,0,0,,0,$ -,2.5,,,,,,0,0
LGVTM88,CRUZ SOLERA CORAZONES DORADO,789,431.9,ARTESANIAS,LGVTM88,JORVINA ARTICULOS RELEGIOSOS,YURECUARO,51,27.5,MARIA ESTHER NAVA,33 2184 5609,25SCD,,0595,501,69.1,50,250.5,,17.03,2.72,18.03,37.78,2.39,108.87,680,625
LGVTM89,CRUZ SOLERA CORAZONES PLATA,763,417.24,ARTESANIAS,LGVTM89,JORVINA ARTICULOS RELEGIOSOS,YURECUARO,51,27.5,MARIA ESTHER NAVA,33 2184 5609,25SCP,,0596,484,66.76,50,242,,16.54,2.65,17.5,36.69,2.41,105.2,657,602
LGVTM90,CRUZ MADERA CORAZON DORADO,789,431.9,ARTESANIAS,LGVTM90,JORVINA ARTICULOS RELEGIOSOS,YURECUARO,50.4,26.4,MARIA ESTHER NAVA,33 2184 5609,25CO-D,,0597,501,69.1,50,250.5,,17.03,2.72,18.03,37.78,2.39,108.87,680,625
LGVTM91,CRUZ MADERA CORAZON PLATA,750,410.34,ARTESANIAS,LGVTM91,JORVINA ARTICULOS RELEGIOSOS,YURECUARO,50.4,26.4,MARIA ESTHER NAVA,33 2184 5609,25CO-P,,0598,476,65.66,50,238,,16.3,2.61,17.26,36.17,2.41,103.47,647,592
LGVTM92,CRUZ SOLERA CORAZONES DORADA S/CUERPO,630,343.97,ARTESANIAS,LGVTM92,JORVINA ARTICULOS RELEGIOSOS,YURECUARO,40,27.5,MARIA ESTHER NAVA,33 2184 5609,CSCD,,0599,399,55.03,50,199.5,,14.07,2.25,14.9,31.22,2.48,86.86,543,488
LGVTM93,CRUZ SOLERA CORAZONES PLATA S/CUERPO,606,331.03,ARTESANIAS,LGVTM93,JORVINA ARTICULOS RELEGIOSOS,YURECUARO,40,27.5,MARIA ESTHER NAVA,33 2184 5609,CSCP,,0600,384,52.97,50,192,,13.64,2.18,14.44,30.25,2.5,83.62,523,467
LGVTM94,CRUZ MATRIMONIO MINI COMBINADA C/PIEDRA SW,110,57.76,ARTESANIAS,LGVTM94,JORVINA ARTICULOS RELEGIOSOS,YURECUARO,12.5,6,MARIA ESTHER NAVA,33 2184 5609,CMM,,0601,67,9.24,50,33.5,,4.44,0.71,4.71,9.87,4.47,15.22,95,40
LGVTM95,CRUZ MATRIMONIO SOLERA GRABADA DORADA,700,382.76,ARTESANIAS,LGVTM95,JORVINA ARTICULOS RELEGIOSOS,YURECUARO,40,23,MARIA ESTHER NAVA,33 2184 5609,CMN-D,,0602,444,61.24,50,222,,15.38,2.46,16.28,34.11,2.44,96.57,604,548
LGVTM96,CRUZ MATRIMONIO SOLERA GRABADA PLATA,700,382.76,ARTESANIAS,LGVTM96,JORVINA ARTICULOS RELEGIOSOS,YURECUARO,40,23,MARIA ESTHER NAVA,33 2184 5609,CMN-P,,0603,444,61.24,50,222,,15.38,2.46,16.28,34.11,2.44,96.57,604,548
LGVTM97,CRUZ MATRIMONIO DORADA C/PIEDRA SWAROVSK,936,512.93,ARTESANIAS,LGVTM97,JORVINA ARTICULOS RELEGIOSOS,YURECUARO,40,22.5,MARIA ESTHER NAVA,33 2184 5609,CMDP,,0604,595,82.07,50,297.5,,19.76,3.16,20.91,43.82,2.34,129.15,807,752
LGVTM98,CRUZ MATRIMONIO DORADA,883,483.62,ARTESANIAS,LGVTM98,JORVINA ARTICULOS RELEGIOSOS,YURECUARO,40,22.5,MARIA ESTHER NAVA,33 2184 5609,CMD,,0605,561,77.38,50,280.5,,18.77,3,19.87,41.64,2.36,121.81,761,706
LGVTM99,CRUZ MATRIMONIO PLATA C/PIEDRA SWAROVSKI,933,511.21,ARTESANIAS,LGVTM99,JORVINA ARTICULOS RELEGIOSOS,YURECUARO,40,22.5,MARIA ESTHER NAVA,33 2184 5609,CMPP,,0606,593,81.79,50,296.5,,19.7,3.15,20.85,43.7,2.34,128.72,804,749
LGVTM100,CRUZ MATRIMONIO PLATA,883,483.62,ARTESANIAS,LGVTM100,JORVINA ARTICULOS RELEGIOSOS,YURECUARO,40,22.5,MARIA ESTHER NAVA,33 2184 5609,CMP,,0607,561,77.38,50,280.5,,18.77,3,19.87,41.64,2.36,121.81,761,706
LGVTM101,CRUZ MATRIMONIO DORADO C/PIED.SWAROSV CHO,936,512.93,ARTESANIAS,LGVTM101,JORVINA ARTICULOS RELEGIOSOS,YURECUARO,40,22.5,MARIA ESTHER NAVA,33 2184 5609,CMDP-CH,,0608,595,82.07,50,297.5,,19.76,3.16,20.91,43.82,2.34,129.15,807,752
LGVTM102,CRUZ MATRIMONIO DORADA EN CHOCOLATE,883,483.62,ARTESANIAS,LGVTM102,JORVINA ARTICULOS RELEGIOSOS,YURECUARO,40,22.5,MARIA ESTHER NAVA,33 2184 5609,CMD-CH,,0609,561,77.38,50,280.5,,18.77,3,19.87,41.64,2.36,121.81,761,706
LGVTM103,CRUZ MATRIMONIO PLATA C/PIED. SWAROS.CHOCO,936,512.93,ARTESANIAS,LGVTM103,JORVINA ARTICULOS RELEGIOSOS,YURECUARO,40,22.5,MARIA ESTHER NAVA,33 2184 5609,CMPP-CH,,0610,595,82.07,50,297.5,,19.76,3.16,20.91,43.82,2.34,129.15,807,752
LGVTM104,CRUZ MATRIMONIO PLATA CHOCOLATE,883,483.62,ARTESANIAS,LGVTM104,JORVINA ARTICULOS RELEGIOSOS,YURECUARO,40,22.5,MARIA ESTHER NAVA,33 2184 5609,CMP-CH,,0611,561,77.38,50,280.5,,18.77,3,19.87,41.64,2.36,121.81,761,706
LGVTM105,CRUZ TEXTO AMOR P/MATR. DORADA C/MADERA,638,348.28,ARTESANIAS,LGVTM105,JORVINA ARTICULOS RELEGIOSOS,YURECUARO,29.5,20.5,MARIA ESTHER NAVA,33 2184 5609,CTM-D,,0612,404,55.72,50,202,,14.22,2.27,15.05,31.54,2.47,87.94,550,494
LGVTM106,CRUZ TEXTO AMOR P/MATR. PLATA C/MADERA,606,331.03,ARTESANIAS,LGVTM106,JORVINA ARTICULOS RELEGIOSOS,YURECUARO,29.5,20.5,MARIA ESTHER NAVA,33 2184 5609,CTM,,0613,384,52.97,50,192,,13.64,2.18,14.44,30.25,2.5,83.62,523,467
LGVTM107,CRUZ MATRIMONIO CORAZON C/PIEDRA SWA B/M,301,162.93,ARTESANIAS,LGVTM107,JORVINA ARTICULOS RELEGIOSOS,YURECUARO,22.3,15,MARIA ESTHER NAVA,33 2184 5609,CMCB,,0614,189,26.07,50,94.5,,7.98,1.28,8.46,17.71,2.94,41.55,260,204
LGVTM108,CRUZ MATRIMONIO CORAZON C/PIEDRA SWAR MAD,217,116.38,ARTESANIAS,LGVTM108,JORVINA ARTICULOS RELEGIOSOS,YURECUARO,20.5,15,MARIA ESTHER NAVA,33 2184 5609,CMCM,,0615,135,18.62,50,67.5,,6.42,1.03,6.8,14.24,3.29,29.9,187,132
LGVTM109,CRUZ BODA DORADA C/BASE MADERA,190,101.72,ARTESANIAS,LGVTM109,JORVINA ARTICULOS RELEGIOSOS,YURECUARO,13.5,7.5,MARIA ESTHER NAVA,33 2184 5609,CBB-D,,0616,118,16.28,50,59,,5.92,0.95,6.28,13.15,3.46,26.23,164,109
LGVTM110,CRUZ BODA PLATA C/BASE MADERA,181,96.55,ARTESANIAS,LGVTM110,JORVINA ARTICULOS RELEGIOSOS,YURECUARO,13.5,7.5,MARIA ESTHER NAVA,33 2184 5609,CBB-P,,0617,112,15.45,50,56,,5.75,0.92,6.09,12.76,3.53,24.93,156,101
LGVTM111,CRUZ BODA DORADA C/BASE,164,87.07,ARTESANIAS,LGVTM111,JORVINA ARTICULOS RELEGIOSOS,YURECUARO,12,7.5,MARIA ESTHER NAVA,33 2184 5609,CB-D,,0618,101,13.93,50,50.5,,5.43,0.87,5.76,12.05,3.68,22.56,141,86
LGVTM112,CRUZ BODA PLATA C/BASE,157,83.62,ARTESANIAS,LGVTM112,JORVINA ARTICULOS RELEGIOSOS,YURECUARO,12,7.5,MARIA ESTHER NAVA,33 2184 5609,CB-P,,0619,97,13.38,50,48.5,,5.31,0.85,5.63,11.8,3.75,21.7,136,80
LGVTM113,CRUZ MATRI. CON AROS DORADA EN MADERA,667,364.66,ARTESANIAS,LGVTM113,JORVINA ARTICULOS RELEGIOSOS,YURECUARO,,,MARIA ESTHER NAVA,33 2184 5609,CMADM,,0620,423,58.34,50,211.5,,14.77,2.36,15.63,32.76,2.45,92.04,575,520
LGVTM114,CRUZ MATRIMONIO ALUMINO CON BASE,501,273.28,ARTESANIAS,LGVTM114,JORVINA ARTICULOS RELEGIOSOS,YURECUARO,,,MARIA ESTHER NAVA,33 2184 5609,CMAP-B,,0621,317,43.72,50,158.5,,11.69,1.87,12.38,25.95,2.59,69.16,432,377
LGVTM115,CRUZ MATRI. AROS DE ROSAS GRANDE DORADA,667,364.66,ARTESANIAS,LGVTM115,JORVINA ARTICULOS RELEGIOSOS,YURECUARO,,,MARIA ESTHER NAVA,33 2184 5609,CMRD,,0622,423,58.34,50,211.5,,14.77,2.36,15.63,32.76,2.45,92.04,575,520
LGVTM116,CRUZ MATRI. ROSAS CHICAS DORADA,667,364.66,ARTESANIAS,LGVTM116,JORVINA ARTICULOS RELEGIOSOS,YURECUARO,,,MARIA ESTHER NAVA,33 2184 5609,CMRP-D,,0623,423,58.34,50,211.5,,14.77,2.36,15.63,32.76,2.45,92.04,575,520
LGVTM117,CRUZ MATRI. CADENA DORADO,597,325.86,ARTESANIAS,LGVTM117,JORVINA ARTICULOS RELEGIOSOS,YURECUARO,,,MARIA ESTHER NAVA,33 2184 5609,CMCD,,0624,378,52.14,50,189,,13.46,2.15,14.25,29.87,2.5,82.33,515,459
LGVTM118,CRUZ MATRIMONIO CADENA PLTARA,559,305.17,ARTESANIAS,LGVTM118,JORVINA ARTICULOS RELEGIOSOS,YURECUARO,,,MARIA ESTHER NAVA,33 2184 5609,CMCP,,0625,354,48.83,50,177,,12.77,2.04,13.52,28.32,2.53,77.15,482,427
LGVTM119,CRUZ BODA TORTOLAS PLATA,666,363.79,ARTESANIAS,LGVTM119,JORVINA ARTICULOS RELEGIOSOS,YURECUARO,,,MARIA ESTHER NAVA,33 2184 5609,CBT-P,,0626,422,58.21,50,211,,14.74,2.36,15.6,32.7,2.46,91.82,574,519
LGVTM120,CRUZ BODA TORTOLAS DORADA,692,378.45,ARTESANIAS,LGVTM120,JORVINA ARTICULOS RELEGIOSOS,YURECUARO,,,MARIA ESTHER NAVA,33 2184 5609,CBT-D,,0627,439,60.55,50,219.5,,15.23,2.44,16.12,33.79,2.44,95.49,597,542
LGVTM121,ESTUCHES,0,0,0,LGVTM121,0,0,,,0,0,,,0628,,0,0,,,2.5,,,,0,0,0,0
LGVTM122,ESTUCHE CORAZON DORADO,195,104.31,ARTESANIAS,LGVTM122,JORVINA ARTICULOS RELEGIOSOS,YURECUARO,7.5,8,MARIA ESTHER NAVA,33 2184 5609,E01-D,,0629,121,16.69,50,60.5,,6.01,0.96,6.37,13.34,3.42,26.87,168,113
LGVTM123,ESTUCHE CORAZON PLATA,182,97.41,ARTESANIAS,LGVTM123,JORVINA ARTICULOS RELEGIOSOS,YURECUARO,7.5,8,MARIA ESTHER NAVA,33 2184 5609,E01-P,,0630,113,15.59,50,56.5,,5.78,0.92,6.12,12.83,3.52,25.15,157,102
LGVTM124,ESTUCHE CRUZ PARA BODA DORADA,195,104.31,ARTESANIAS,LGVTM124,JORVINA ARTICULOS RELEGIOSOS,YURECUARO,10,8,MARIA ESTHER NAVA,33 2184 5609,E02-D,,0631,121,16.69,50,60.5,,6.01,0.96,6.37,13.34,3.42,26.87,168,113
LGVTM125,ESTUCHE CRUZ PARA BODA PLATA,182,97.41,ARTESANIAS,LGVTM125,JORVINA ARTICULOS RELEGIOSOS,YURECUARO,10,8,MARIA ESTHER NAVA,33 2184 5609,E02-P,,0632,113,15.59,50,56.5,,5.78,0.92,6.12,12.83,3.52,25.15,157,102
LGVTM126,ESTUCHE FLOR DE LIZ DORADO,195,104.31,ARTESANIAS,LGVTM126,JORVINA ARTICULOS RELEGIOSOS,YURECUARO,9.5,8,MARIA ESTHER NAVA,33 2184 5609,E03-D,,0633,121,16.69,50,60.5,,6.01,0.96,6.37,13.34,3.42,26.87,168,113
LGVTM127,ESTUCHE FLOR DE LIZ PLATA,182,97.41,ARTESANIAS,LGVTM127,JORVINA ARTICULOS RELEGIOSOS,YURECUARO,9.5,8,MARIA ESTHER NAVA,33 2184 5609,E03-P,,0634,113,15.59,50,56.5,,5.78,0.92,6.12,12.83,3.52,25.15,157,102
LGVTM128,ESTUCHE ANGEL DORADO,148,78.45,ARTESANIAS,LGVTM128,JORVINA ARTICULOS RELEGIOSOS,YURECUARO,8,6,MARIA ESTHER NAVA,33 2184 5609,E04-D,,0635,91,12.55,50,45.5,,5.14,0.82,5.45,11.41,3.86,20.4,128,72
LGVTM129,ESTUCHE ANGEL PLATA,139,73.28,ARTESANIAS,LGVTM129,JORVINA ARTICULOS RELEGIOSOS,YURECUARO,8,6,MARIA ESTHER NAVA,33 2184 5609,E04-P,,0636,85,11.72,50,42.5,,4.97,0.79,5.27,11.02,3.98,19.11,119,64
LGVTM130,ESTUCHE CORAZONES DORADOS,148,78.45,ARTESANIAS,LGVTM130,JORVINA ARTICULOS RELEGIOSOS,YURECUARO,6,6,MARIA ESTHER NAVA,33 2184 5609,E05-D,,0637,91,12.55,50,45.5,,5.14,0.82,5.45,11.41,3.86,20.4,128,72
LGVTM131,ESTUCHE CORAZONES PLATA,139,73.28,ARTESANIAS,LGVTM131,JORVINA ARTICULOS RELEGIOSOS,YURECUARO,6,6,MARIA ESTHER NAVA,33 2184 5609,E05-P,,0638,85,11.72,50,42.5,,4.97,0.79,5.27,11.02,3.98,19.11,119,64
LGVTM132,ESTUCHE QUERUBIN PLATA,123,64.66,ARTESANIAS,LGVTM132,JORVINA ARTICULOS RELEGIOSOS,YURECUARO,,,MARIA ESTHER NAVA,33 2184 5609,E06-P,,0639,75,10.34,50,37.5,,4.68,0.75,4.96,10.38,4.22,16.95,106,51
LGVTM133,ESTUCHE QUERUBIN DORADO,131,68.97,ARTESANIAS,LGVTM133,JORVINA ARTICULOS RELEGIOSOS,YURECUARO,,,MARIA ESTHER NAVA,33 2184 5609,E06-D,,0640,80,11.03,50,40,,4.82,0.77,5.11,10.7,4.09,18.03,113,58
LGVTM134,ESTUCHE BEBE DURMIENDO PLATA,123,64.66,ARTESANIAS,LGVTM134,JORVINA ARTICULOS RELEGIOSOS,YURECUARO,,,MARIA ESTHER NAVA,33 2184 5609,E07-P,,0641,75,10.34,50,37.5,,4.68,0.75,4.96,10.38,4.22,16.95,106,51
LGVTM135,ESTUCHE BEBE DURMIENDO DORADO,131,68.97,ARTESANIAS,LGVTM135,JORVINA ARTICULOS RELEGIOSOS,YURECUARO,,,MARIA ESTHER NAVA,33 2184 5609,E07-D,,0642,80,11.03,50,40,,4.82,0.77,5.11,10.7,4.09,18.03,113,58
LGVTM136,ESTUCHE ANGEL GUARDA PLATA,123,64.66,ARTESANIAS,LGVTM136,JORVINA ARTICULOS RELEGIOSOS,YURECUARO,,,MARIA ESTHER NAVA,33 2184 5609,E08-P,,0643,75,10.34,50,37.5,,4.68,0.75,4.96,10.38,4.22,16.95,106,51
LGVTM137,ESTUCHE ANGEL GUARDA DORADO,131,68.97,ARTESANIAS,LGVTM137,JORVINA ARTICULOS RELEGIOSOS,YURECUARO,,,MARIA ESTHER NAVA,33 2184 5609,E08-D,,0644,80,11.03,50,40,,4.82,0.77,5.11,10.7,4.09,18.03,113,58
LGVTM138,ESTUCHE MARIPOSA PLATA,182,97.41,ARTESANIAS,LGVTM138,JORVINA ARTICULOS RELEGIOSOS,YURECUARO,,,MARIA ESTHER NAVA,33 2184 5609,E09-P,,0645,113,15.59,50,56.5,,5.78,0.92,6.12,12.83,3.52,25.15,157,102
LGVTM139,ESTUCHE MARIPOSA DORADA,195,104.31,,LGVTM139,,,,,,,E09-D,,0646,121,16.69,50,60.5,,6.01,0.96,6.37,13.34,3.42,26.87,168,113
LGVTM140,PORTA NOTAS,0,0,,LGVTM140,,,,,,,,,0647,,0,,,,2.5,,,,0,0,0,0
LGVTM141,PORTANOTAS CORAZON 1 DORADO B/MADERA,156,82.76,ARTESANIAS,LGVTM141,JORVINA ARTICULOS RELEGIOSOS,YURECUARO,22,8,MARIA ESTHER NAVA,33 2184 5609,P01-D,,0648,96,13.24,50,48,,5.28,0.85,5.6,11.73,3.77,21.48,134,79
LGVTM142,PORTANOTAS CORAZON 1 PLATA  B/MADERA,142,75,ARTESANIAS,LGVTM142,JORVINA ARTICULOS RELEGIOSOS,YURECUARO,22,8,MARIA ESTHER NAVA,33 2184 5609,P01-P,,0649,87,12,50,43.5,,5.02,0.8,5.33,11.15,3.94,19.54,122,67
LGVTM143,PORTA NOTAS CORAZON 2 DORADO B/MADERA,156,82.76,ARTESANIAS,LGVTM143,JORVINA ARTICULOS RELEGIOSOS,YURECUARO,20,8,MARIA ESTHER NAVA,33 2184 5609,P02-D,,0650,96,13.24,50,48,,5.28,0.85,5.6,11.73,3.77,21.48,134,79
LGVTM144,PORTA NOTAS CORAZON 2 PLATA B/MADERA,142,75,ARTESANIAS,LGVTM144,JORVINA ARTICULOS RELEGIOSOS,YURECUARO,20,8,MARIA ESTHER NAVA,33 2184 5609,P02-P,,0651,87,12,50,43.5,,5.02,0.8,5.33,11.15,3.94,19.54,122,67
LGVTM145,PORTA NOTAS ADA DORADA B/MADERA,156,82.76,ARTESANIAS,LGVTM145,JORVINA ARTICULOS RELEGIOSOS,YURECUARO,17.5,8,MARIA ESTHER NAVA,33 2184 5609,P03-D,,0652,96,13.24,50,48,,5.28,0.85,5.6,11.73,3.77,21.48,134,79
LGVTM146,PORTA NOTAS ADA PLATA B/MADERA,142,75,ARTESANIAS,LGVTM146,JORVINA ARTICULOS RELEGIOSOS,YURECUARO,17.5,8,MARIA ESTHER NAVA,33 2184 5609,P03-P,,0653,87,12,50,43.5,,5.02,0.8,5.33,11.15,3.94,19.54,122,67
LGVTM147,PORTA NOTAS VIRGEN DE GPE. DORADA B/MADERA,142,75,ARTESANIAS,LGVTM147,JORVINA ARTICULOS RELEGIOSOS,YURECUARO,17.5,8,MARIA ESTHER NAVA,33 2184 5609,P04-D,,0654,87,12,50,43.5,,5.02,0.8,5.33,11.15,3.94,19.54,122,67
LGVTM148,PORTA NOTAS VIRGEN DE GPE. PLATA B/MADERA,128,67.24,ARTESANIAS,LGVTM148,JORVINA ARTICULOS RELEGIOSOS,YURECUARO,17.5,8,MARIA ESTHER NAVA,33 2184 5609,P04-P,,0655,78,10.76,50,39,,4.76,0.76,5.05,10.57,4.14,17.6,110,55
LGVTM149,PORTA NOTA MEDALLA S/BENITO DORADA B/MAD.,124,65.52,ARTESANIAS,LGVTM149,JORVINA ARTICULOS RELEGIOSOS,YURECUARO,17.5,8,MARIA ESTHER NAVA,33 2184 5609,P05-D,,0656,76,10.48,50,38,,4.7,0.75,4.99,10.45,4.2,17.16,107,52
LGVTM150,PORTA NOTA MEDALLA S/BENITO PLATA B/MADER,110,57.76,ARTESANIAS,LGVTM150,JORVINA ARTICULOS RELEGIOSOS,YURECUARO,17.5,8,MARIA ESTHER NAVA,33 2184 5609,P05-P,,0657,67,9.24,50,33.5,,4.44,0.71,4.71,9.87,4.47,15.22,95,40
LGVTM151,PORTA NOTA PIE BEBE DORADO C/BASE MADERA,113,59.48,ARTESANIAS,LGVTM151,JORVINA ARTICULOS RELEGIOSOS,YURECUARO,17.5,8,MARIA ESTHER NAVA,33 2184 5609,P06-D,,0658,69,9.52,50,34.5,,4.5,0.72,4.77,10,4.4,15.65,98,43
LGVTM152,PORTA NOTA PIE BEBE PLATA C/BASE MADERA,101,52.59,ARTESANIAS,LGVTM152,JORVINA ARTICULOS RELEGIOSOS,YURECUARO,17.5,8,MARIA ESTHER NAVA,33 2184 5609,P06-P,,0659,61,8.41,50,30.5,,4.27,0.68,4.53,9.48,4.69,13.93,87,32
LGVTM153,PORTA VELAS,0,0,0,LGVTM153,0,0,,,0,0,,,0660,,0,0,,,2.5,,,,0,0,0,0
LGVTM154,PORTA VELA ARCANGEL DORADO B/MADERA,236,126.72,ARTESANIAS,LGVTM154,JORVINA ARTICULOS RELEGIOSOS,YURECUARO,15,8.5,MARIA ESTHER NAVA,33 2184 5609,PV01-D,,0661,147,20.28,50,73.5,,6.76,1.08,7.17,15.01,3.19,32.48,203,148
LGVTM155,PORTA VELA ARCANGEL PLATA B/MADER,221,118.97,ARTESANIAS,LGVTM155,JORVINA ARTICULOS RELEGIOSOS,YURECUARO,15,8.5,MARIA ESTHER NAVA,33 2184 5609,PV01-P,,0662,138,19.03,50,69,,6.5,1.04,6.89,14.43,3.26,30.54,191,136
LGVTM156,PORTA VELA MADONA CON NIÑO DORADO B/MAD.,236,126.72,ARTESANIAS,LGVTM156,JORVINA ARTICULOS RELEGIOSOS,YURECUARO,14,8.5,MARIA ESTHER NAVA,33 2184 5609,PV02-D,,0663,147,20.28,50,73.5,,6.76,1.08,7.17,15.01,3.19,32.48,203,148
LGVTM157,PORTA VELA MADONA CON NIÑO PLATA B/MADER,221,118.97,ARTESANIAS,LGVTM157,JORVINA ARTICULOS RELEGIOSOS,YURECUARO,14,8.5,MARIA ESTHER NAVA,33 2184 5609,PV02-P,,0664,138,19.03,50,69,,6.5,1.04,6.89,14.43,3.26,30.54,191,136
LGVTM158,PORTA VELA ANGEL NIÑA DORADA B/MADERA,236,126.72,ARTESANIAS,LGVTM158,JORVINA ARTICULOS RELEGIOSOS,YURECUARO,13,8.5,MARIA ESTHER NAVA,33 2184 5609,PV03-D,,0665,147,20.28,50,73.5,,6.76,1.08,7.17,15.01,3.39,32.48,203,148
LGVTM159,PORTA VELA ANGEL NIÑA PLATA B/MADERA,221,118.97,ARTESANIAS,LGVTM159,JORVINA ARTICULOS RELEGIOSOS,YURECUARO,13,8.5,MARIA ESTHER NAVA,33 2184 5609,PV03-P,,0666,138,19.03,50,69,,6.5,1.04,6.89,14.43,3.26,30.54,191,136
LGVTM160,PORTA VELA VIRG. GUADALUPE DORADA B/MAD.,206,110.34,ARTESANIAS,LGVTM160,JORVINA ARTICULOS RELEGIOSOS,YURECUARO,9,8.5,MARIA ESTHER NAVA,33 2184 5609,PV04-D,,0667,128,17.66,50,64,,6.21,0.99,6.58,13.79,3.11,28.38,177,122
LGVTM161,PORTA VELA VIRG. GUADALUPE PLATA B/MADERA,190,101.72,ARTESANIAS,LGVTM161,JORVINA ARTICULOS RELEGIOSOS,YURECUARO,9,8.5,MARIA ESTHER NAVA,33 2184 5609,PV04-P,,0668,118,16.28,50,59,,5.92,0.95,6.28,13.15,2.97,26.23,164,109
LGVTM162,PORTA VELA VIRG. DE GPE. GDE.DORADA B/MAD.,175,93.1,ARTESANIAS,LGVTM162,JORVINA ARTICULOS RELEGIOSOS,YURECUARO,12,8.5,MARIA ESTHER NAVA,33 2184 5609,PV05-D,,0669,108,14.9,50,54,,5.63,0.9,5.97,12.5,2.82,24.07,150,95
LGVTM163,PORTA VELA VIRG. DE GPE. GDE.PLATA B/MAD.,157,83.62,ARTESANIAS,LGVTM163,JORVINA ARTICULOS RELEGIOSOS,YURECUARO,12,8.5,MARIA ESTHER NAVA,33 2184 5609,PV05-P,,0670,97,13.38,50,48.5,,5.31,0.85,5.63,11.8,2.66,21.7,136,80
LGVTM164,PORTA VELA SAGRADA FAMILIA DORADA,175,93.1,ARTESANIAS,LGVTM164,JORVINA ARTICULOS RELEGIOSOS,YURECUARO,12,8.5,MARIA ESTHER NAVA,33 2184 5609,PV06-D,,0671,108,14.9,50,54,,5.63,0.9,5.97,12.5,2.82,24.07,150,95
LGVTM165,PORTA VELA SAGRADA FAMILIA PLATA,157,83.62,ARTESANIAS,LGVTM165,JORVINA ARTICULOS RELEGIOSOS,YURECUARO,12,8.5,MARIA ESTHER NAVA,33 2184 5609,PV06-P,,0672,97,13.38,50,48.5,,5.31,0.85,5.63,11.8,2.66,21.7,136,80
LGVTM166,PORTA VELA SAGRADA FAMILIA MEDALLON DOR,142,75,ARTESANIAS,LGVTM166,JORVINA ARTICULOS RELEGIOSOS,YURECUARO,10,5.5,MARIA ESTHER NAVA,33 2184 5609,PV07-D,,0673,87,12,50,43.5,,5.02,0.8,5.33,11.15,2.52,19.54,122,67
LGVTM167,PORTA VELA SAGRADA FAMILIA MEDALLON PLAT,128,67.24,ARTESANIAS,LGVTM167,JORVINA ARTICULOS RELEGIOSOS,YURECUARO,10,5.5,MARIA ESTHER NAVA,33 2184 5609,PV07-P,,0674,78,10.76,50,39,,4.76,0.76,5.05,10.57,2.39,17.6,110,55
LGVTM168,PORTA VELA MEDALLON ANGEL GUARDA DOR.,142,75,ARTESANIAS,LGVTM168,JORVINA ARTICULOS RELEGIOSOS,YURECUARO,10,5.5,MARIA ESTHER NAVA,33 2184 5609,PV08-D,,0675,87,12,50,43.5,,5.02,0.8,5.33,11.15,2.52,19.54,122,67
LGVTM169,PORTA VELA MEDALLON ANGEL GUARDA PLATA,128,67.24,ARTESANIAS,LGVTM169,JORVINA ARTICULOS RELEGIOSOS,YURECUARO,10,5.5,MARIA ESTHER NAVA,33 2184 5609,PV08-P,,0676,78,10.76,50,39,,4.76,0.76,5.05,10.57,2.39,17.6,110,55
LGVTM170,PORTA VELA MADONA C/NIÑO CHICO DORADA,142,75,ARTESANIAS,LGVTM170,JORVINA ARTICULOS RELEGIOSOS,YURECUARO,10,6.5,MARIA ESTHER NAVA,33 2184 5609,PV09-D,,0677,87,12,50,43.5,,5.02,0.8,5.33,11.15,2.52,19.54,122,67
LGVTM171,PORTA VELA MADONA C/NIÑO CHICO PLATA,128,67.24,ARTESANIAS,LGVTM171,JORVINA ARTICULOS RELEGIOSOS,YURECUARO,10,6.5,MARIA ESTHER NAVA,33 2184 5609,PV09-P,,0678,78,10.76,50,39,,4.76,0.76,5.05,10.57,2.39,17.6,110,55
LGVTM172,PORTA VELA MEDALLA SAN BENITO EN DORADO,142,75,ARTESANIAS,LGVTM172,JORVINA ARTICULOS RELEGIOSOS,YURECUARO,11,8.5,MARIA ESTHER NAVA,33 2184 5609,PV10-D,,0679,87,12,50,43.5,,5.02,0.8,5.33,11.15,2.52,19.54,122,67
LGVTM173,PORTA VELA MEDALLA SAN BENITO EN PLATA,128,67.24,ARTESANIAS,LGVTM173,JORVINA ARTICULOS RELEGIOSOS,YURECUARO,11,8.5,MARIA ESTHER NAVA,33 2184 5609,PV10-P,,0680,78,10.76,50,39,,4.76,0.76,5.05,10.57,2.39,17.6,110,55
LGVTM174,PORTA VELA NOVIOS DORADO,142,75,ARTESANIAS,LGVTM174,JORVINA ARTICULOS RELEGIOSOS,YURECUARO,10.5,6.5,MARIA ESTHER NAVA,33 2184 5609,PV11-D,,0681,87,12,50,43.5,,5.02,0.8,5.33,11.15,2.52,19.54,122,67
LGVTM175,PORTA VELA NOVIOS PLATA,128,67.24,ARTESANIAS,LGVTM175,JORVINA ARTICULOS RELEGIOSOS,YURECUARO,10.5,6.5,MARIA ESTHER NAVA,33 2184 5609,PV11-P,,0682,78,10.76,50,39,,4.76,0.76,5.05,10.57,2.39,17.6,110,55
LGVTM176,PORTA VELA BAUTIZO NIÑO DORADO,142,75,ARTESANIAS,LGVTM176,JORVINA ARTICULOS RELEGIOSOS,YURECUARO,12,6.5,MARIA ESTHER NAVA,33 2184 5609,PV12-D,,0683,87,12,50,43.5,,5.02,0.8,5.33,11.15,2.52,19.54,122,67
LGVTM177,PORTA VELA BAUTIZO NIÑO PLATA,128,67.24,ARTESANIAS,LGVTM177,JORVINA ARTICULOS RELEGIOSOS,YURECUARO,12,6.5,MARIA ESTHER NAVA,33 2184 5609,PV12-P,,0684,78,10.76,50,39,,4.76,0.76,5.05,10.57,2.39,17.6,110,55
LGVTM178,PORTA VELA BAUTIZO NIÑA DORADA,142,75,ARTESANIAS,LGVTM178,JORVINA ARTICULOS RELEGIOSOS,YURECUARO,12,6.5,MARIA ESTHER NAVA,33 2184 5609,PV13.D,,0685,87,12,50,43.5,,5.02,0.8,5.33,11.15,2.52,19.54,122,67
LGVTM179,PORTA VELA BAUTIZO NIÑA PLATA,128,67.24,ARTESANIAS,LGVTM179,JORVINA ARTICULOS RELEGIOSOS,YURECUARO,12,6.5,MARIA ESTHER NAVA,33 2184 5609,PV13-P,,0686,78,10.76,50,39,,4.76,0.76,5.05,10.57,2.39,17.6,110,55
LGVTM180,PORTA VELA PALOMITAS NIÑO DORADO B/MADE.,110,57.76,ARTESANIAS,LGVTM180,JORVINA ARTICULOS RELEGIOSOS,YURECUARO,10.5,5.5,MARIA ESTHER NAVA,33 2184 5609,PV14-D,,0687,67,9.24,50,33.5,,4.44,0.71,4.71,9.87,2.23,15.22,95,40
LGVTM181,PORTA VELA PALOMITAS NIÑO PLATA B/MADERA,101,52.59,ARTESANIAS,LGVTM181,JORVINA ARTICULOS RELEGIOSOS,YURECUARO,10.5,5.5,MARIA ESTHER NAVA,33 2184 5609,PV14-P,,0688,61,8.41,50,30.5,,4.27,0.68,4.53,9.48,2.14,13.93,87,32
LGVTM182,PORTA VELA PALOMITAS NIÑA DORADA B/MADER,110,57.76,ARTESANIAS,LGVTM182,JORVINA ARTICULOS RELEGIOSOS,YURECUARO,10.5,5.5,MARIA ESTHER NAVA,33 2184 5609,PV15-D,,0689,67,9.24,50,33.5,,4.44,0.71,4.71,9.87,2.23,15.22,95,40
LGVTM183,PORTA VELA PALOMITAS NIÑA PLATA B/MADERA,101,52.59,ARTESANIAS,LGVTM183,JORVINA ARTICULOS RELEGIOSOS,YURECUARO,10.5,5.5,MARIA ESTHER NAVA,33 2184 5609,PV15-P,,0690,61,8.41,50,30.5,,4.27,0.68,4.53,9.48,2.14,13.93,87,32
LGVTM184,PORTA VELA ANGEL ORANDO DORADO,142,75,ARTESANIAS,LGVTM184,JORVINA ARTICULOS RELEGIOSOS,YURECUARO,12,6.5,MARIA ESTHER NAVA,33 2184 5609,PV16-D,,0691,87,12,50,43.5,,5.02,0.8,5.33,11.15,2.52,19.54,122,67
LGVTM185,PORTA VELA ANGEL ORANDO PLATA,128,67.24,ARTESANIAS,LGVTM185,JORVINA ARTICULOS RELEGIOSOS,YURECUARO,12,6.5,MARIA ESTHER NAVA,33 2184 5609,PV16-P,,0692,78,10.76,50,39,,4.76,0.76,5.05,10.57,2.39,17.6,110,55
LGVTM186,PORTA VELA PRIMERA COMUNION NIÑO DORADA,110,57.76,ARTESANIAS,LGVTM186,JORVINA ARTICULOS RELEGIOSOS,YURECUARO,9.5,7,MARIA ESTHER NAVA,33 2184 5609,PV17-D,,0693,67,9.24,50,33.5,,4.44,0.71,4.71,9.87,2.23,15.22,95,40
LGVTM187,PORTA VELA PRIMERA COMUNION NIÑO PLATA,101,52.59,ARTESANIAS,LGVTM187,JORVINA ARTICULOS RELEGIOSOS,YURECUARO,9.5,7,MARIA ESTHER NAVA,33 2184 5609,PV17-P,,0694,61,8.41,50,30.5,,4.27,0.68,4.53,9.48,2.14,13.93,87,32
LGVTM188,PORTA VELA PRIMERA COMUNION NIÑA DORADA,110,57.76,ARTESANIAS,LGVTM188,JORVINA ARTICULOS RELEGIOSOS,YURECUARO,9,7,MARIA ESTHER NAVA,33 2184 5609,PV18-D,,0695,67,9.24,50,33.5,,4.44,0.71,4.71,9.87,2.23,15.22,95,40
LGVTM189,PORTA VELA PRIMERA COMUNION NIÑA PLATA,98,50.86,ARTESANIAS,LGVTM189,JORVINA ARTICULOS RELEGIOSOS,YURECUARO,9,7,MARIA ESTHER NAVA,33 2184 5609,PV18-P,,0696,59,8.14,50,29.5,,4.21,0.67,4.47,9.35,2.11,13.5,84,29
LGVTM190,PORTA VELA ANGEL SILUETA DORADA,142,75,ARTESANIAS,LGVTM190,JORVINA ARTICULOS RELEGIOSOS,YURECUARO,9,7,MARIA ESTHER NAVA,33 2184 5609,PV19-D,,0697,87,12,50,43.5,,5.02,0.8,5.33,11.15,2.52,19.54,122,67
LGVTM191,PORTA VELA ANGEL SILUETA PLATA,128,67.24,ARTESANIAS,LGVTM191,JORVINA ARTICULOS RELEGIOSOS,YURECUARO,9,7,MARIA ESTHER NAVA,33 2184 5609,PV19-P,,0698,78,10.76,50,39,,4.76,0.76,5.05,10.57,2.39,17.6,110,55
LGVTM192,CAMPANAS,0,0,0,LGVTM192,0,0,,,0,0,,,0699,,0,0,,,2.5,,,,0,0,0,0
LGVTM193,CAMPANA SERAFIN DORADO,90,46.55,ARTESANIAS,LGVTM193,JORVINA ARTICULOS RELEGIOSOS,YURECUARO,8,4.7,MARIA ESTHER NAVA,33 2184 5609,CAM01-D,,0700,54,7.45,50,27,,4.07,0.65,4.31,9.03,2.04,12.42,78,22
LGVTM194,CAMPANA SERAFIN PLATA,81,41.38,ARTESANIAS,LGVTM194,JORVINA ARTICULOS RELEGIOSOS,YURECUARO,8,4.7,MARIA ESTHER NAVA,33 2184 5609,CAM01-P,,0701,48,6.62,50,24,,3.89,0.62,4.13,8.65,1.95,11.12,70,14
LGVTM195,CAMPANA  ANGEL DORADO,81,41.38,ARTESANIAS,LGVTM195,JORVINA ARTICULOS RELEGIOSOS,YURECUARO,7.5,4.7,MARIA ESTHER NAVA,33 2184 5609,CAM02 D,,0702,48,6.62,50,24,,3.89,0.62,4.13,8.65,1.95,11.12,70,14
LGVTM196,CAMPANA ANGEL PLATA,76,38.79,ARTESANIAS,LGVTM196,JORVINA ARTICULOS RELEGIOSOS,YURECUARO,7.5,4.7,MARIA ESTHER NAVA,33 2184 5609,CAM02-P,,0703,45,6.21,50,22.5,,3.81,0.61,4.04,8.45,1.91,10.48,65,10
LGVTM197,CAMPANA ALAS DE ANGEL DORADO,81,41.38,ARTESANIAS,LGVTM197,JORVINA ARTICULOS RELEGIOSOS,YURECUARO,6.5,3.5,MARIA ESTHER NAVA,33 2184 5609,CAM03-D,,0704,48,6.62,50,24,,3.89,0.62,4.13,8.65,1.95,11.12,70,14
LGVTM198,CAMPANA ALAS DE ANGEL PLATA,76,38.79,ARTESANIAS,LGVTM198,JORVINA ARTICULOS RELEGIOSOS,YURECUARO,6.5,3.5,MARIA ESTHER NAVA,33 2184 5609,CAM03-P,,0705,45,6.21,50,22.5,,3.81,0.61,4.04,8.45,1.91,10.48,65,10
LGVTM199,CAMPANA QUINCEAÑERA DORADA,90,46.55,ARTESANIAS,LGVTM199,JORVINA ARTICULOS RELEGIOSOS,YURECUARO,7.5,4.7,MARIA ESTHER NAVA,33 2184 5609,CAM04-D,,0706,54,7.45,50,27,,4.07,0.65,4.31,9.03,2.04,12.42,78,22
LGVTM200,CAMPANA QUINCEAÑERA PLATA,81,41.38,ARTESANIAS,LGVTM200,JORVINA ARTICULOS RELEGIOSOS,YURECUARO,7.5,4.7,MARIA ESTHER NAVA,33 2184 5609,CAM04-P,,0707,48,6.62,50,24,,3.89,0.62,4.13,8.65,1.95,11.12,70,14
LGVTM201,CAMPANA NIÑO BEBE EN CABALLITO DORADO,90,46.55,ARTESANIAS,LGVTM201,JORVINA ARTICULOS RELEGIOSOS,YURECUARO,7,4.7,MARIA ESTHER NAVA,33 2184 5609,CAM05-D,,0708,54,7.45,50,27,,4.07,0.65,4.31,9.03,2.04,12.42,78,22
LGVTM202,CAMPANA NIÑO BEBE EN CABALLITO PLATA,81,41.38,ARTESANIAS,LGVTM202,JORVINA ARTICULOS RELEGIOSOS,YURECUARO,7,4.7,MARIA ESTHER NAVA,33 2184 5609,CAM05-P,,0709,48,6.62,50,24,,3.89,0.62,4.13,8.65,1.95,11.12,70,14
LGVTM203,CAMPANA NIÑA BEBE EN CABALLITO DORADO,90,46.55,ARTESANIAS,LGVTM203,JORVINA ARTICULOS RELEGIOSOS,YURECUARO,7.5,4.7,MARIA ESTHER NAVA,33 2184 5609,CAM06-D,,0710,54,7.45,50,27,,4.07,0.65,4.31,9.03,2.04,12.42,78,22
LGVTM204,CAMPANA NIÑA BEBE EN CABALLITO PLATA,81,41.38,ARTESANIAS,LGVTM204,JORVINA ARTICULOS RELEGIOSOS,YURECUARO,7.5,4.7,MARIA ESTHER NAVA,33 2184 5609,CAM06-P,,0711,48,6.62,50,24,,3.89,0.62,4.13,8.65,1.95,11.12,70,14
LGVTM205,CAMPANA DOS CORAZONES DORADOS,81,41.38,ARTESANIAS,LGVTM205,JORVINA ARTICULOS RELEGIOSOS,YURECUARO,8,4.7,MARIA ESTHER NAVA,33 2184 5609,CAM07-D,,0712,48,6.62,50,24,,3.89,0.62,4.13,8.65,1.95,11.12,70,14
LGVTM206,CAMPANA DOS CORAZONES PLATA,76,38.79,ARTESANIAS,LGVTM206,JORVINA ARTICULOS RELEGIOSOS,YURECUARO,8,4.7,MARIA ESTHER NAVA,33 2184 5609,CAM07-P,,0713,45,6.21,50,22.5,,3.81,0.61,4.04,8.45,1.91,10.48,65,10
LGVTM207,CAMPANA NOVIOS DORADA,81,41.38,ARTESANIAS,LGVTM207,JORVINA ARTICULOS RELEGIOSOS,YURECUARO,9,4.7,MARIA ESTHER NAVA,33 2184 5609,CAM08-D,,0714,48,6.62,50,24,,3.89,0.62,4.13,8.65,1.95,11.12,70,14
LGVTM208,CAMPANA NOVIOS PLATA,76,38.79,ARTESANIAS,LGVTM208,JORVINA ARTICULOS RELEGIOSOS,YURECUARO,9,4.7,MARIA ESTHER NAVA,33 2184 5609,CAM08-P,,0715,45,6.21,50,22.5,,3.81,0.61,4.04,8.45,1.91,10.48,65,10
LGVTM209,CAMPANA CHICA PALOMA DORADA,67,30.17,ARTESANIAS,LGVTM209,JORVINA ARTICULOS RELEGIOSOS,YURECUARO,5,3.5,MARIA ESTHER NAVA,33 2184 5609,CAM09-D,,0716,35,4.83,70,24.5,,3.52,0.56,3.87,7.95,1.79,9.3,58,3
LGVTM210,CAMPANA CHICA PALOMA PLATA,64,26.72,ARTESANIAS,LGVTM210,JORVINA ARTICULOS RELEGIOSOS,YURECUARO,5,3.5,MARIA ESTHER NAVA,33 2184 5609,CAM09-P,,0717,31,4.28,80,24.8,,3.4,0.54,3.79,7.74,1.75,8.76,55,0
LGVTM211,CAMPANA CHICA ANGEL BEBE DORADA,67,30.17,ARTESANIAS,LGVTM211,JORVINA ARTICULOS RELEGIOSOS,YURECUARO,5,3.5,MARIA ESTHER NAVA,33 2184 5609,CAM10-D,,0718,35,4.83,70,24.5,,3.52,0.56,3.87,7.95,1.79,9.3,58,3
LGVTM212,CAMPANA CHICA ANGEL BEBE PLATA,64,26.72,ARTESANIAS,LGVTM212,JORVINA ARTICULOS RELEGIOSOS,YURECUARO,5,3.5,MARIA ESTHER NAVA,33 2184 5609,CAM10-P,,0719,31,4.28,80,24.8,,3.4,0.54,3.79,7.74,1.75,8.76,55,0
LGVTM213,CAMPANA CHICA NIÑO BEBE DORADA,67,30.17,ARTESANIAS,LGVTM213,JORVINA ARTICULOS RELEGIOSOS,YURECUARO,5,3.5,MARIA ESTHER NAVA,33 2184 5609,CAM11-D,,0720,35,4.83,70,24.5,,3.52,0.56,3.87,7.95,1.79,9.3,58,3
LGVTM214,CAMPANA CHICA NIÑO BEBE PLATA,64,26.72,ARTESANIAS,LGVTM214,JORVINA ARTICULOS RELEGIOSOS,YURECUARO,5,3.5,MARIA ESTHER NAVA,33 2184 5609,CAM11-P,,0721,31,4.28,80,24.8,,3.4,0.54,3.79,7.74,1.75,8.76,55,0
LGVTM215,CAMPANA CHICA NIÑA BEBE DORADA,67,30.17,ARTESANIAS,LGVTM215,JORVINA ARTICULOS RELEGIOSOS,YURECUARO,5,3.5,MARIA ESTHER NAVA,33 2184 5609,CAM12-D,,0722,35,4.83,70,24.5,,3.52,0.56,3.87,7.95,1.79,9.3,58,3
LGVTM216,CAMPANA CHICA NIÑA BEBE PLATA,64,26.72,ARTESANIAS,LGVTM216,JORVINA ARTICULOS RELEGIOSOS,YURECUARO,5,3.5,MARIA ESTHER NAVA,33 2184 5609,CAM12-P,,0723,31,4.28,80,24.8,,3.4,0.54,3.79,7.74,1.75,8.76,55,0
LGVTM217,SAN BENITO,0,0,0,LGVTM217,0,0,,,0,0,,,0724,,0,0,,,2.5,,,,0,0,0,0
LGVTM218,CRUZ CELTICA MEDALLON DORADO,597,325.86,ARTESANIAS,LGVTM218,JORVINA ARTICULOS RELEGIOSOS,YURECUARO,26,26,MARIA ESTHER NAVA,33 2184 5609,CCBD,,0725,378,52.14,50,189,,13.46,2.15,14.25,29.87,6.74,82.33,515,459
LGVTM219,CRUZ CELTICA MEDALLON PLATA,597,325.86,ARTESANIAS,LGVTM219,JORVINA ARTICULOS RELEGIOSOS,YURECUARO,26,26,MARIA ESTHER NAVA,33 2184 5609,CCBP,,0726,378,52.14,50,189,,13.46,2.15,14.25,29.87,6.74,82.33,515,459
LGVTM220,PORTA LLAVES SAN BENITO DORADO,480,261.21,ARTESANIAS,LGVTM220,JORVINA ARTICULOS RELEGIOSOS,YURECUARO,18.5,23.5,MARIA ESTHER NAVA,33 2184 5609,PLLSB-D,,0727,303,41.79,50,151.5,,11.29,1.81,11.95,25.04,5.66,66.14,413,358
LGVTM221,PORTA LLAVES SAN BENITO PLATA,458,249.14,ARTESANIAS,LGVTM221,JORVINA ARTICULOS RELEGIOSOS,YURECUARO,18.5,23.5,MARIA ESTHER NAVA,33 2184 5609,PLLSB,,0728,289,39.86,50,144.5,,10.88,1.74,11.52,24.14,5.45,63.12,395,339
LGVTM222,PORTA MEDALLA SAN BENITO PLATA C/PIEDRA,336,181.9,ARTESANIAS,LGVTM222,JORVINA ARTICULOS RELEGIOSOS,YURECUARO,13,23.3,MARIA ESTHER NAVA,33 2184 5609,A-PM,,0729,211,29.1,50,105.5,,8.62,1.38,9.13,19.13,4.32,46.29,289,234
LGVTM223,PORTA MEDALLA SAN BENITO DORADA C/PIEDRA,353,191.38,ARTESANIAS,LGVTM223,JORVINA ARTICULOS RELEGIOSOS,YURECUARO,13,23.3,MARIA ESTHER NAVA,33 2184 5609,A-PMD,,0730,222,30.62,50,111,,8.94,1.43,9.47,19.84,4.48,48.67,304,249
LGVTM224,CRUZ RESPLANDOR GDE. DORADA,516,281.03,ARTESANIAS,LGVTM224,JORVINA ARTICULOS RELEGIOSOS,YURECUARO,33.5,21.5,MARIA ESTHER NAVA,33 2184 5609,A-SBR1D,,0731,326,44.97,50,163,,11.95,1.91,12.66,26.52,5.99,71.11,444,389
LGVTM225,CRUZ RESPLANDOR GDE. PLATA,516,281.03,ARTESANIAS,LGVTM225,JORVINA ARTICULOS RELEGIOSOS,YURECUARO,33.5,21.5,MARIA ESTHER NAVA,33 2184 5609,A-SBR1P,,0732,326,44.97,50,163,,11.95,1.91,12.66,26.52,5.99,71.11,444,389
LGVTM226,CRUZ SAN BENITO METALICA DORADA,389,211.21,ARTESANIAS,LGVTM226,JORVINA ARTICULOS RELEGIOSOS,YURECUARO,22,16.5,MARIA ESTHER NAVA,33 2184 5609,CSBM-D,,0733,245,33.79,50,122.5,,9.61,1.54,10.17,21.31,4.81,53.63,335,280
LGVTM227,CRUZ SAN BENITO METALICA PLATA,318,172.41,ARTESANIAS,LGVTM227,JORVINA ARTICULOS RELEGIOSOS,YURECUARO,22,16.5,MARIA ESTHER NAVA,33 2184 5609,CSBM-P,,0734,200,27.59,50,100,,8.3,1.33,8.79,18.42,4.16,43.92,275,219
LGVTM228,CRUZ SAN BENITO METALICA DORADA EN MADER,614,335.34,ARTESANIAS,LGVTM228,JORVINA ARTICULOS RELEGIOSOS,YURECUARO,25,19,MARIA ESTHER NAVA,33 2184 5609,CSBMM-D,,0735,389,53.66,50,194.5,,13.78,2.2,14.59,30.58,6.9,84.7,529,474
LGVTM229,CRUZ SAN BENITO METALICA PLATA EN MADERA,578,315.52,ARTESANIAS,LGVTM229,JORVINA ARTICULOS RELEGIOSOS,YURECUARO,25,19,MARIA ESTHER NAVA,33 2184 5609,CSBMM-P,,0736,366,50.48,50,183,,13.11,2.1,13.88,29.1,6.57,79.74,498,443
LGVTM230,CRUZ SAN BENITO C/BASE GRANDE DORADO,767,419.83,ARTESANIAS,LGVTM230,JORVINA ARTICULOS RELEGIOSOS,YURECUARO,38,18,MARIA ESTHER NAVA,33 2184 5609,CSBD-01,,0737,487,67.17,50,243.5,,16.62,2.66,17.6,36.88,8.33,105.85,662,606
LGVTM231,CRUZ SAN BENITO C/BASE GRANDE PLATA,735,401.72,ARTESANIAS,LGVTM231,JORVINA ARTICULOS RELEGIOSOS,YURECUARO,38,18,MARIA ESTHER NAVA,33 2184 5609,CSBP-01,,0738,466,64.28,50,233,,16.01,2.56,16.95,35.53,8.02,101.31,633,578
LGVTM232,CRUZ SAN BENITO C/BASE GRANDE COMBINADA,767,419.83,ARTESANIAS,LGVTM232,JORVINA ARTICULOS RELEGIOSOS,YURECUARO,38,18,MARIA ESTHER NAVA,33 2184 5609,CSBC-01,,0739,487,67.17,50,243.5,,16.62,2.66,17.6,36.88,8.33,105.85,662,606
LGVTM233,CRUZ SAN BENITO C/BASE MEDIANA DORADA,314,169.83,ARTESANIAS,LGVTM233,JORVINA ARTICULOS RELEGIOSOS,YURECUARO,23,11,MARIA ESTHER NAVA,33 2184 5609,CSBD-02,,0740,197,27.17,50,98.5,,8.21,1.31,8.7,18.23,4.12,43.27,270,215
LGVTM234,CRUZ SAN BENITO C/BASE MEDIANA PLATA,314,169.83,ARTESANIAS,LGVTM234,JORVINA ARTICULOS RELEGIOSOS,YURECUARO,23,11,MARIA ESTHER NAVA,33 2184 5609,CSBP-02,,0741,197,27.17,50,98.5,,8.21,1.31,8.7,18.23,4.12,43.27,270,215
LGVTM235,CRUZ SAN BENITO MINI,145,76.72,ARTESANIAS,LGVTM235,JORVINA ARTICULOS RELEGIOSOS,YURECUARO,11.5,7.5,MARIA ESTHER NAVA,33 2184 5609,SBM,,0742,89,12.28,50,44.5,,5.08,0.81,5.39,11.28,2.55,19.97,125,70
LGVTM236,CRUZ SAN BENITO MINI DORADO,160,85.34,ARTESANIAS,LGVTM236,JORVINA ARTICULOS RELEGIOSOS,YURECUARO,11.5,7.5,MARIA ESTHER NAVA,33 2184 5609,SBM-D,,0743,99,13.66,50,49.5,,5.37,0.86,5.69,11.92,2.69,22.13,138,83
LGVTM237,CRUZ SAN BENITO NUM. 25,735,401.72,ARTESANIAS,LGVTM237,JORVINA ARTICULOS RELEGIOSOS,YURECUARO,44.5,23.5,MARIA ESTHER NAVA,33 2184 5609,A-25SB,,0744,466,64.28,50,233,,16.01,2.56,16.95,35.53,8.02,101.31,633,578
LGVTM238,CRUZ RESINA SAN BENITO PARA COLGAR,1423,781.03,ARTESANIAS,LGVTM238,JORVINA ARTICULOS RELEGIOSOS,YURECUARO,66,40,MARIA ESTHER NAVA,33 2184 5609,CRSB,,0745,906,124.97,50,453,,28.77,4.6,30.45,63.83,14.41,196.25,1227,1171
LGVTM239,CRUZ RESINA SAN BENITO CON BASE,1567,860.34,ARTESANIAS,LGVTM239,JORVINA ARTICULOS RELEGIOSOS,YURECUARO,78,41,MARIA ESTHER NAVA,33 2184 5609,CRSB-B,,0746,998,137.66,50,499,,31.44,5.03,33.27,69.74,15.75,216.1,1351,1295
LGVTM240,CRUZ DE RESINA PARA COLGAR MEDIANO,686,375,ARTESANIAS,LGVTM240,JORVINA ARTICULOS RELEGIOSOS,YURECUARO,,,MARIA ESTHER NAVA,33 2184 5609,CRSB-1,,0747,435,60,50,217.5,,15.12,2.42,16,33.53,7.57,94.63,591,536
LGVTM241,CRUZ DE RESINA PARA COLGAR CHICO,501,273.28,ARTESANIAS,LGVTM241,JORVINA ARTICULOS RELEGIOSOS,YURECUARO,,,MARIA ESTHER NAVA,33 2184 5609,CRSB-2,,0748,317,43.72,50,158.5,,11.69,1.87,12.38,25.95,5.86,69.16,432,377
LGVTM242,CRUZ DE RESINA CON BASE MEDIANO,761,416.38,ARTESANIAS,LGVTM242,JORVINA ARTICULOS RELEGIOSOS,YURECUARO,,,MARIA ESTHER NAVA,33 2184 5609,CRSB-1B,,0749,483,66.62,50,241.5,,16.51,2.64,17.47,36.62,8.27,104.98,656,601
LGVTM243,CRUZ DE RESINA CON BASE CHICO,606,331.03,ARTESANIAS,LGVTM243,JORVINA ARTICULOS RELEGIOSOS,YURECUARO,,,MARIA ESTHER NAVA,33 2184 5609,CRSB-2B,,0750,384,52.97,50,192,,13.64,2.18,14.44,30.25,6.83,83.62,523,467
LGVTM244,CRUZ SAN BENITO PARA COLGAR DORADA MED.,681,372.41,ARTESANIAS,LGVTM244,JORVINA ARTICULOS RELEGIOSOS,YURECUARO,33.5,18,MARIA ESTHER NAVA,33 2184 5609,CSB-D,,0751,432,59.59,50,216,,15.03,2.4,15.91,33.34,7.53,93.98,587,532
LGVTM245,CRUZ SAN BENITO PARA COLGAR PLATA MED.,666,363.79,ARTESANIAS,LGVTM245,JORVINA ARTICULOS RELEGIOSOS,YURECUARO,33.5,18,MARIA ESTHER NAVA,33 2184 5609,CSB-P,,0752,422,58.21,50,211,,14.74,2.36,15.6,32.7,7.38,91.82,574,519
LGVTM246,CRUZ SAN BENITO PARA COLGAR COMBINADA ME,681,372.41,ARTESANIAS,LGVTM246,JORVINA ARTICULOS RELEGIOSOS,YURECUARO,33.5,18,MARIA ESTHER NAVA,33 2184 5609,CSB-C,,0753,432,59.59,50,216,,15.03,2.4,15.91,33.34,7.53,93.98,587,532
LGVTM247,CRUZ SAN BENITO PARA COLGAR DORADA CHICA,259,139.66,ARTESANIAS,LGVTM247,JORVINA ARTICULOS RELEGIOSOS,YURECUARO,20.5,10.5,MARIA ESTHER NAVA,33 2184 5609,CSBD-CH,,0754,162,22.34,50,81,,7.2,1.15,7.63,15.98,3.61,35.72,223,168
LGVTM248,CRUZ SAN BENITO PARA COLGAR PLATA MED.,250,134.48,ARTESANIAS,LGVTM248,JORVINA ARTICULOS RELEGIOSOS,YURECUARO,20.5,10.5,MARIA ESTHER NAVA,33 2184 5609,CSBP-CH,,0755,156,21.52,50,78,,7.02,1.12,7.44,15.59,3.52,34.43,215,160
LGVTM249,CRUZ RESACADA SAN BENITO PLATA,680,371.55,ARTESANIAS,LGVTM249,JORVINA ARTICULOS RELEGIOSOS,YURECUARO,,,MARIA ESTHER NAVA,33 2184 5609,CR-SBP,,0756,431,59.45,50,215.5,,15,2.4,15.88,33.28,7.51,93.76,586,531
LGVTM250,CRUZ RESACADA SAN BENITO DORADO,680,371.55,ARTESANIAS,LGVTM250,JORVINA ARTICULOS RELEGIOSOS,YURECUARO,,,MARIA ESTHER NAVA,33 2184 5609,CR-SBD,,0757,431,59.45,50,215.5,,15,2.4,15.88,33.28,7.51,93.76,586,531
LGVTM251,CRUZ RESACADA SAN BENITO PLATA C/BASE,769,420.69,ARTESANIAS,LGVTM251,JORVINA ARTICULOS RELEGIOSOS,YURECUARO,,,MARIA ESTHER NAVA,33 2184 5609,CR-SBPB,,0758,488,67.31,50,244,,16.65,2.66,17.63,36.94,8.34,106.06,663,608
LGVTM252,CRUZ RESACADA SAN BENITO DORADO C/BASE,769,420.69,ARTESANIAS,LGVTM252,JORVINA ARTICULOS RELEGIOSOS,YURECUARO,,,MARIA ESTHER NAVA,33 2184 5609,CR-SBDB,,0759,488,67.31,50,244,,16.65,2.66,17.63,36.94,8.34,106.06,663,608
LGVTM253,CRUZ SAN BENITO NUM. 16 C/MAD.  EN DORADA,480,261.21,ARTESANIAS,LGVTM253,JORVINA ARTICULOS RELEGIOSOS,YURECUARO,26.5,17.5,MARIA ESTHER NAVA,33 2184 5609,16SBD,,0760,303,41.79,50,151.5,,11.29,1.81,11.95,25.04,5.66,66.14,413,358
LGVTM254,CRUZ SAN BENITO NUM. 16 C/MAD. EN PLATA,431,234.48,ARTESANIAS,LGVTM254,JORVINA ARTICULOS RELEGIOSOS,YURECUARO,26.5,17.5,MARIA ESTHER NAVA,33 2184 5609,16SBP,,0761,272,37.52,50,136,,10.39,1.66,11,23.05,5.2,59.46,372,316
LGVTM255,CRUZ SAN BENITO EN MADERA DORADA MEDIANA,304,164.66,ARTESANIAS,LGVTM255,JORVINA ARTICULOS RELEGIOSOS,YURECUARO,24,14.5,MARIA ESTHER NAVA,33 2184 5609,1SBD,,0762,191,26.34,50,95.5,,8.04,1.29,8.52,17.84,4.03,41.98,262,207
LGVTM256,CRUZ SAN BENITO EN MADERA PLATA MEDIANA,279,150.86,ARTESANIAS,LGVTM256,JORVINA ARTICULOS RELEGIOSOS,YURECUARO,24,14.5,MARIA ESTHER NAVA,33 2184 5609,1SBP,,0763,175,24.14,50,87.5,,7.58,1.21,8.03,16.81,3.8,38.53,241,186
LGVTM257,CRUZ SAN BENITO DORADA C/MADERA CHICA,259,139.66,ARTESANIAS,LGVTM257,JORVINA ARTICULOS RELEGIOSOS,YURECUARO,19,13,MARIA ESTHER NAVA,33 2184 5609,2SBD,,0764,162,22.34,50,81,,7.2,1.15,7.63,15.98,3.61,35.72,223,168
LGVTM258,CRUZ SAN BENITO PLATA C/MADERA CHICA,250,134.48,ARTESANIAS,LGVTM258,JORVINA ARTICULOS RELEGIOSOS,YURECUARO,19,13,MARIA ESTHER NAVA,33 2184 5609,2SBP,,0765,156,21.52,50,78,,7.02,1.12,7.44,15.59,3.52,34.43,215,160
LGVTM259,CRUZ SAN BENITO RESPLANDOR DORADA,314,169.83,ARTESANIAS,LGVTM259,JORVINA ARTICULOS RELEGIOSOS,YURECUARO,20,13,MARIA ESTHER NAVA,33 2184 5609,A-SBRD,,0766,197,27.17,50,98.5,,8.21,1.31,8.7,18.23,4.12,43.27,270,215
LGVTM260,CRUZ SAN BENITO RESPLANDOR PLATA,284,153.45,ARTESANIAS,LGVTM260,JORVINA ARTICULOS RELEGIOSOS,YURECUARO,20,13,MARIA ESTHER NAVA,33 2184 5609,A-SBR,,0767,178,24.55,50,89,,7.66,1.23,8.12,17.01,3.84,39.17,245,190
LGVTM261,CRUZ DE SAN BENITO NUM. 2,85,43.97,ARTESANIAS,LGVTM261,JORVINA ARTICULOS RELEGIOSOS,YURECUARO,15,8.5,MARIA ESTHER NAVA,33 2184 5609,A-SB2,,0768,51,7.03,50,25.5,,3.98,0.64,4.22,8.84,2,11.77,74,18
LGVTM262,CRUZ DE SAN BENITO NUM. 1,128,67.24,ARTESANIAS,LGVTM262,JORVINA ARTICULOS RELEGIOSOS,YURECUARO,15,8.5,MARIA ESTHER NAVA,33 2184 5609,A-SB1,,0769,78,10.76,50,39,,4.76,0.76,5.05,10.57,2.39,17.6,110,55
LGVTM263,MEDALLA JUMBO SAN BENITO DORADA,148,78.45,ARTESANIAS,LGVTM263,JORVINA ARTICULOS RELEGIOSOS,YURECUARO,7.6,7.6,MARIA ESTHER NAVA,33 2184 5609,MJSBD,,0770,91,12.55,50,45.5,,5.14,0.82,5.45,11.41,2.58,20.4,128,72
LGVTM264,MEDALLA JUMBO SAN BENITO PLATA,140,74.14,ARTESANIAS,LGVTM264,JORVINA ARTICULOS RELEGIOSOS,YURECUARO,7.6,7.6,MARIA ESTHER NAVA,33 2184 5609,MJSBP,,0771,86,11.86,50,43,,4.99,0.8,5.3,11.09,2.5,19.32,121,66
LGVTM265,MEDALLA MEDIANA SAN BENITO DORADA,67,29.31,ARTESANIAS,LGVTM265,JORVINA ARTICULOS RELEGIOSOS,YURECUARO,4.6,4.6,MARIA ESTHER NAVA,33 2184 5609,MMSBD,,0772,34,4.69,75,25.5,,3.49,0.56,3.87,7.91,1.79,9.3,58,3
LGVTM266,MEDALLA MEDIANA SAN BENITO PLATA,68,26.72,ARTESANIAS,LGVTM266,JORVINA ARTICULOS RELEGIOSOS,YURECUARO,4.6,4.6,MARIA ESTHER NAVA,33 2184 5609,MMSBP,,0773,31,4.28,95,29.45,,3.4,0.54,3.89,7.83,1.77,9.42,59,4
LGVTM267,MEDALLA CHICA SAN BENITO DORADA,52,12.93,ARTESANIAS,LGVTM267,JORVINA ARTICULOS RELEGIOSOS,YURECUARO,3,3,MARIA ESTHER NAVA,33 2184 5609,MCSBD,,0774,15,2.07,200,30,,2.94,0.47,3.57,6.97,1.57,7.17,45,-10
LGVTM268,MEDALLA CHICA SAN BENITO PLATA,49,12.07,ARTESANIAS,LGVTM268,JORVINA ARTICULOS RELEGIOSOS,YURECUARO,3,3,MARIA ESTHER NAVA,33 2184 5609,MCSBP,,0775,14,1.93,200,28,,2.91,0.46,3.51,6.88,1.55,6.74,42,-13
LGVTM269,MEDALLA JUMBO SAN BENITO ARO MAD. DORA.,217,116.38,ARTESANIAS,LGVTM269,JORVINA ARTICULOS RELEGIOSOS,YURECUARO,11.5,10.5,MARIA ESTHER NAVA,33 2184 5609,MJSB-MD,,0776,135,18.62,50,67.5,,6.42,1.03,6.8,14.24,3.22,29.9,187,132
LGVTM270,MEDALLA JUMBO SAN BENITO ARO MAD. PLATA,198,106.03,ARTESANIAS,LGVTM270,JORVINA ARTICULOS RELEGIOSOS,YURECUARO,11.5,10.5,MARIA ESTHER NAVA,33 2184 5609,MJSB-M,,0777,123,16.97,50,61.5,,6.07,0.97,6.43,13.47,3.04,27.31,171,115
LGVTM271,MEDALLA SAN BENITO OVALO MADERA DORADA,145,76.72,ARTESANIAS,LGVTM271,JORVINA ARTICULOS RELEGIOSOS,YURECUARO,8.5,9.5,MARIA ESTHER NAVA,33 2184 5609,MSB-1D,,0778,89,12.28,50,44.5,,5.08,0.81,5.39,11.28,2.55,19.97,125,70
LGVTM272,MEDALLA SAN BENITO OVALO MADERA PLATA,137,72.41,ARTESANIAS,LGVTM272,JORVINA ARTICULOS RELEGIOSOS,YURECUARO,8.5,9.5,MARIA ESTHER NAVA,33 2184 5609,MSB-1,,0779,84,11.59,50,42,,4.94,0.79,5.23,10.96,2.47,18.89,118,63
LGVTM273,VIRGEN GPE. 1/2 CUERPO ARO DORADO C/PIED.,160,85.34,ARTESANIAS,LGVTM273,JORVINA ARTICULOS RELEGIOSOS,YURECUARO,9,9,MARIA ESTHER NAVA,33 2184 5609,VGMCDP,,0780,99,13.66,50,49.5,,5.37,0.86,5.69,11.92,2.69,22.13,138,83
LGVTM274,VIRGEN GPE. 1/2 CUERPO ARO PLATA C/PIEDRA,145,76.72,ARTESANIAS,LGVTM274,JORVINA ARTICULOS RELEGIOSOS,YURECUARO,9,9,MARIA ESTHER NAVA,33 2184 5609,VGMCPP,,0781,89,12.28,50,44.5,,5.08,0.81,5.39,11.28,2.55,19.97,125,70
LGVTM275,VIRGEN GUADALUPE EN ARO DORADA C/PIEDRA,160,85.34,ARTESANIAS,LGVTM275,JORVINA ARTICULOS RELEGIOSOS,YURECUARO,9,9,MARIA ESTHER NAVA,33 2184 5609,VGADP,,0782,99,13.66,50,49.5,,5.37,0.86,5.69,11.92,2.69,22.13,138,83
LGVTM276,VIRGEN GUADALUPE EN ARO PLATA C/PIEDRA,145,76.72,ARTESANIAS,LGVTM276,JORVINA ARTICULOS RELEGIOSOS,YURECUARO,9,9,MARIA ESTHER NAVA,33 2184 5609,VGAPP,,0783,89,12.28,50,44.5,,5.08,0.81,5.39,11.28,2.55,19.97,125,70
LGVTM277,VIRGEN GUADALUPE EN ARO DORADA,128,67.24,ARTESANIAS,LGVTM277,JORVINA ARTICULOS RELEGIOSOS,YURECUARO,23,15,MARIA ESTHER NAVA,33 2184 5609,VGAD,,0784,78,10.76,50,39,,4.76,0.76,5.05,10.57,2.39,17.6,110,55
LGVTM278,VIRGEN GUADALUPE EN ARO PLATA,118,62.07,ARTESANIAS,LGVTM278,JORVINA ARTICULOS RELEGIOSOS,YURECUARO,23,15,MARIA ESTHER NAVA,33 2184 5609,VGAP,,0785,72,9.93,50,36,,4.59,0.73,4.87,10.19,2.3,16.3,102,47
LGVTM279,VIRGEN GUADALUPE NUEVA RETABLO DORADA,458,249.14,ARTESANIAS,LGVTM279,JORVINA ARTICULOS RELEGIOSOS,YURECUARO,17,13,MARIA ESTHER NAVA,33 2184 5609,VGNR-D,,0786,289,39.86,50,144.5,,10.88,1.74,11.52,24.14,5.45,63.12,395,339
LGVTM280,VIRGEN GUADALUPE NUEVA RETABLO PLATA,422,229.31,ARTESANIAS,LGVTM280,JORVINA ARTICULOS RELEGIOSOS,YURECUARO,10,7,MARIA ESTHER NAVA,33 2184 5609,VGNR-P,,0787,266,36.69,50,133,,10.21,1.63,10.82,22.67,5.12,58.16,364,308
LGVTM281,RETABLO GRANDE MADONA CON NIÑO,243,131.03,ARTESANIAS,LGVTM281,JORVINA ARTICULOS RELEGIOSOS,YURECUARO,23.5,13.5,MARIA ESTHER NAVA,33 2184 5609,RM,,0788,152,20.97,50,76,,6.91,1.11,7.32,15.33,3.46,33.56,210,155
LGVTM282,CAMAFEO MADONA CON NIÑO EN BASE,175,93.1,ARTESANIAS,LGVTM282,JORVINA ARTICULOS RELEGIOSOS,YURECUARO,23.5,13.5,MARIA ESTHER NAVA,33 2184 5609,A-CMN,,0789,108,14.9,50,54,,5.63,0.9,5.97,12.5,2.82,24.07,150,95
LGVTM283,RETABLO VIRGEN GUADALUPE DORADA,267,143.97,ARTESANIAS,LGVTM283,JORVINA ARTICULOS RELEGIOSOS,YURECUARO,10,6.3,MARIA ESTHER NAVA,33 2184 5609,RGGD,,0790,167,23.03,50,83.5,,7.34,1.17,7.78,16.3,3.68,36.8,230,175
LGVTM284,RETABLO VIRGEN GUADALUPE PLATA,246,132.76,ARTESANIAS,LGVTM284,JORVINA ARTICULOS RELEGIOSOS,YURECUARO,10,7.5,MARIA ESTHER NAVA,33 2184 5609,RGG,,0791,154,21.24,50,77,,6.97,1.11,7.38,15.46,3.49,33.99,212,157
LGVTM285,MEDALLON VIRGEN MILAGROSA,175,93.1,ARTESANIAS,LGVTM285,JORVINA ARTICULOS RELEGIOSOS,YURECUARO,10,7.5,MARIA ESTHER NAVA,33 2184 5609,M-VMI,,0792,108,14.9,50,54,,5.63,0.9,5.97,12.5,2.82,24.07,150,95
LGVTM286,MADONA CON NIÑO EN ARO DORADO C/PIEDRA,243,131.03,ARTESANIAS,LGVTM286,JORVINA ARTICULOS RELEGIOSOS,YURECUARO,22,10.5,MARIA ESTHER NAVA,33 2184 5609,AMND,,0793,152,20.97,50,76,,6.91,1.11,7.32,15.33,3.46,33.56,210,155
LGVTM287,MADONA CON NIÑO EN ARO PLATA C/PIEDRA,225,120.69,ARTESANIAS,LGVTM287,JORVINA ARTICULOS RELEGIOSOS,YURECUARO,22,10.5,MARIA ESTHER NAVA,33 2184 5609,AMNP,,0794,140,19.31,50,70,,6.56,1.05,6.95,14.56,3.29,30.97,194,138
LGVTM288,VIRGEN GUADALUPE NUEVA BASE DORADA,422,229.31,ARTESANIAS,LGVTM288,JORVINA ARTICULOS RELEGIOSOS,YURECUARO,10.5,11.5,MARIA ESTHER NAVA,33 2184 5609,VGNB-D,,0795,266,36.69,50,133,,10.21,1.63,10.82,22.67,5.12,58.16,364,308
LGVTM289,VIRGEN GUADALUPE NUEVA BASE PLATA,389,211.21,ARTESANIAS,LGVTM289,JORVINA ARTICULOS RELEGIOSOS,YURECUARO,5.5,5.5,MARIA ESTHER NAVA,33 2184 5609,VGNB-P,,0796,245,33.79,50,122.5,,9.61,1.54,10.17,21.31,4.81,53.63,335,280
LGVTM290,VIRGEN GPE. EN ARO DORADA C/PIEDRA B/MAD.,246,132.76,ARTESANIAS,LGVTM290,JORVINA ARTICULOS RELEGIOSOS,YURECUARO,5.5,5.5,MARIA ESTHER NAVA,33 2184 5609,VGADP-B,,0797,154,21.24,50,77,,6.97,1.11,7.38,15.46,3.49,33.99,212,157
LGVTM291,MADONA EN ARO DORADA,76,38.79,ARTESANIAS,LGVTM291,JORVINA ARTICULOS RELEGIOSOS,YURECUARO,10.5,5.5,MARIA ESTHER NAVA,33 2184 5609,MAD,,0798,45,6.21,50,22.5,,3.81,0.61,4.04,8.45,1.91,10.48,65,10
LGVTM292,MADONA EN ARO PLATA,70,35.34,ARTESANIAS,LGVTM292,JORVINA ARTICULOS RELEGIOSOS,YURECUARO,9.5,5.2,MARIA ESTHER NAVA,33 2184 5609,MAP,,0799,41,5.66,50,20.5,,3.69,0.59,3.92,8.19,1.85,9.61,60,5
LGVTM293,CRUZ MADONA ORANDO,67,33.62,ARTESANIAS,LGVTM293,JORVINA ARTICULOS RELEGIOSOS,YURECUARO,16.5,7,MARIA ESTHER NAVA,33 2184 5609,1MO,,0800,39,5.38,50,19.5,,3.63,0.58,3.85,8.07,1.82,9.18,57,2
LGVTM294,CRUZ MADONA ORANDO ESPECIAL,67,33.62,ARTESANIAS,LGVTM294,JORVINA ARTICULOS RELEGIOSOS,YURECUARO,8.5,4,MARIA ESTHER NAVA,33 2184 5609,2MO,,0801,39,5.38,50,19.5,,3.63,0.58,3.85,8.07,1.82,9.18,57,2
LGVTM295,CRUZ MADONA CON TRENZA,112,58.62,ARTESANIAS,LGVTM295,JORVINA ARTICULOS RELEGIOSOS,YURECUARO,9,5.2,MARIA ESTHER NAVA,33 2184 5609,MTC,,0802,68,9.38,50,34,,4.47,0.72,4.74,9.93,2.24,15.44,96,41
LGVTM296,VIRGEN MILAGROSA EN BULTO,95,49.14,ARTESANIAS,LGVTM296,JORVINA ARTICULOS RELEGIOSOS,YURECUARO,7.5,2.5,MARIA ESTHER NAVA,33 2184 5609,IM03,,0803,57,7.86,50,28.5,,4.15,0.66,4.41,9.22,2.08,13.07,82,26
LGVTM297,VIRGEN MARIA  AUXILIADORA EN BULTO,90,46.55,ARTESANIAS,LGVTM297,JORVINA ARTICULOS RELEGIOSOS,YURECUARO,4.5,2,MARIA ESTHER NAVA,33 2184 5609,VMABU,,0804,54,7.45,50,27,,4.07,0.65,4.31,9.03,2.04,12.42,78,22
LGVTM298,VIRGEN MARIA CON NIÑO EN BULTO,60,30.17,ARTESANIAS,LGVTM298,JORVINA ARTICULOS RELEGIOSOS,YURECUARO,6.5,2.5,MARIA ESTHER NAVA,33 2184 5609,VMBU,,0805,35,4.83,50,17.5,,3.52,0.56,3.73,7.81,1.76,8.32,52,-3
LGVTM299,VIRGEN GUADALUPE COMBINADA CHICA,43,20.69,ARTESANIAS,LGVTM299,JORVINA ARTICULOS RELEGIOSOS,YURECUARO,8,6.5,MARIA ESTHER NAVA,33 2184 5609,IM05,,0806,24,3.31,50,12,,3.2,0.51,3.39,7.1,1.6,5.95,37,-18
LGVTM300,VIRGEN GUADALUPE COMBINADA MEDIANA,85,43.97,ARTESANIAS,LGVTM300,JORVINA ARTICULOS RELEGIOSOS,YURECUARO,8.5,2.5,MARIA ESTHER NAVA,33 2184 5609,IM04,,0807,51,7.03,50,25.5,,3.98,0.64,4.22,8.84,2,11.77,74,18
LGVTM301,VIRGEN GPE. MEDIANA COMBINADA C/BASE MAD,112,58.62,ARTESANIAS,LGVTM301,JORVINA ARTICULOS RELEGIOSOS,YURECUARO,9.5,4.5,MARIA ESTHER NAVA,33 2184 5609,IM04-B,,0808,68,9.38,50,34,,4.47,0.72,4.74,9.93,2.24,15.44,96,41
LGVTM302,VIRGEN GUADALUPE MEDIANA EN BULTO,79,40.52,ARTESANIAS,LGVTM302,JORVINA ARTICULOS RELEGIOSOS,YURECUARO,10.5,11.5,MARIA ESTHER NAVA,33 2184 5609,2VGBU,,0809,47,6.48,50,23.5,,3.86,0.62,4.1,8.58,1.94,10.91,68,13
LGVTM303,VIRGEN GUADALUPE BULTO BASE MADERA,101,52.59,ARTESANIAS,LGVTM303,JORVINA ARTICULOS RELEGIOSOS,YURECUARO,10.5,11.5,MARIA ESTHER NAVA,33 2184 5609,2GB,,0810,61,8.41,50,30.5,,4.27,0.68,4.53,9.48,2.14,13.93,87,32
LGVTM304,VIRGEN GPE. MED.CUERPO DOR. C/BASE MAD.,246,132.76,ARTESANIAS,LGVTM304,JORVINA ARTICULOS RELEGIOSOS,YURECUARO,10.5,11.5,MARIA ESTHER NAVA,33 2184 5609,VGMCDP-B,,0811,154,21.24,50,77,,6.97,1.11,7.38,15.46,3.49,33.99,212,157
LGVTM305,VIRGEN GPE. MED.CUERPO PLA. C/BASE MAD.,246,132.76,ARTESANIAS,LGVTM305,JORVINA ARTICULOS RELEGIOSOS,YURECUARO,,,MARIA ESTHER NAVA,33 2184 5609,VGMCPP-B,,0812,154,21.24,50,77,,6.97,1.11,7.38,15.46,3.49,33.99,212,157
LGVTM306,VIRGEN GPE. ARO PLATA C/PIEDRA SWAROVSK,246,132.76,ARTESANIAS,LGVTM306,JORVINA ARTICULOS RELEGIOSOS,YURECUARO,,,MARIA ESTHER NAVA,33 2184 5609,VGAPP-B,,0813,154,21.24,50,77,,6.97,1.11,7.38,15.46,3.49,33.99,212,157
LGVTM307,RETABLO VIRGEN DE GUADALUPE ACRILICO DORADO,591,322.41,ARTESANIAS,LGVTM307,JORVINA ARTICULOS RELEGIOSOS,YURECUARO,15.5,13,MARIA ESTHER NAVA,33 2184 5609,VGRA-D,,0814,374,51.59,50,187,,13.35,2.14,14.13,29.61,6.69,81.46,509,454
LGVTM308,RETABLO VIRGEN DE GUADALUPE ACRIliCO PLATA,544,296.55,ARTESANIAS,LGVTM308,JORVINA ARTICULOS RELEGIOSOS,YURECUARO,15.5,13,MARIA ESTHER NAVA,33 2184 5609,VGRA-P,,0815,344,47.45,50,172,,12.48,2,13.21,27.68,6.25,74.99,469,414
LGVTM309,MARCO MADONA ORANDO DORADO,270,145.69,ARTESANIAS,LGVTM309,JORVINA ARTICULOS RELEGIOSOS,YURECUARO,8.5,7.3,MARIA ESTHER NAVA,33 2184 5609,MMO-D,,0816,169,23.31,50,84.5,,7.4,1.18,7.84,16.43,3.71,37.23,233,178
LGVTM310,MARCO MADONA ORANDO PLATA,257,138.79,ARTESANIAS,LGVTM310,JORVINA ARTICULOS RELEGIOSOS,YURECUARO,8.5,7.3,MARIA ESTHER NAVA,33 2184 5609,MMO-P,,0817,161,22.21,50,80.5,,7.17,1.15,7.6,15.91,3.59,35.51,222,167
LGVTM311,RETABLO MADONA ITALIANA DORADA,193,103.45,ARTESANIAS,LGVTM311,JORVINA ARTICULOS RELEGIOSOS,YURECUARO,,,MARIA ESTHER NAVA,33 2184 5609,RMI-D,,0818,120,16.55,50,60,,5.98,0.96,6.34,13.28,3,26.66,167,111
LGVTM312,RETABLO MADONA ITALIANA PLATA,181,96.55,ARTESANIAS,LGVTM312,JORVINA ARTICULOS RELEGIOSOS,YURECUARO,,,MARIA ESTHER NAVA,33 2184 5609,RMI-P,,0819,112,15.45,50,56,,5.75,0.92,6.09,12.76,2.88,24.93,156,101
LGVTM313,SAGRADA FAMILIA,0,0,0,LGVTM313,0,0,,,0,0,,,0820,,0,0,,,2.5,,,,0,0,0,0
LGVTM314,SAGRADA FAMILIA ARAGON DE PIE,126,66.38,ARTESANIAS,LGVTM314,JORVINA ARTICULOS RELEGIOSOS,YURECUARO,12,10,MARIA ESTHER NAVA,33 2184 5609,SFAP,,0821,77,10.62,50,38.5,,4.73,0.76,5.02,10.51,2.37,17.38,109,53
LGVTM315,SAGRADA FAMILIA ARAGON EN MADERA,126,66.38,ARTESANIAS,LGVTM315,JORVINA ARTICULOS RELEGIOSOS,YURECUARO,12,10,MARIA ESTHER NAVA,33 2184 5609,SFA,,0822,77,10.62,50,38.5,,4.73,0.76,5.02,10.51,2.37,17.38,109,53
LGVTM316,SAGRADA FAMILIA RETABLO,112,58.62,ARTESANIAS,LGVTM316,JORVINA ARTICULOS RELEGIOSOS,YURECUARO,11.5,8.5,MARIA ESTHER NAVA,33 2184 5609,SFR,,0823,68,9.38,50,34,,4.47,0.72,4.74,9.93,2.24,15.44,96,41
LGVTM317,SAGRADA FAMILIA RETABLO C/BASE EN DORADO,243,131.03,ARTESANIAS,LGVTM317,JORVINA ARTICULOS RELEGIOSOS,YURECUARO,6.6,10.5,MARIA ESTHER NAVA,33 2184 5609,SFR-D,,0824,152,20.97,50,76,,6.91,1.11,7.32,15.33,3.46,33.56,210,155
LGVTM318,SAGRADA FAMILIA RETABLO C/BASE EN PLATA,232,125,ARTESANIAS,LGVTM318,JORVINA ARTICULOS RELEGIOSOS,YURECUARO,6.6,10.5,MARIA ESTHER NAVA,33 2184 5609,SFR-P,,0825,145,20,50,72.5,,6.71,1.07,7.11,14.88,3.36,32.05,200,145
LGVTM319,MEDALLON SAGRADA FAMILIA DORADO C/B MAD.,112,58.62,ARTESANIAS,LGVTM319,JORVINA ARTICULOS RELEGIOSOS,YURECUARO,6.6,10.5,MARIA ESTHER NAVA,33 2184 5609,MSF-B,,0826,68,9.38,50,34,,4.47,0.72,4.74,9.93,2.24,15.44,96,41
LGVTM320,MED. ARO SAGRADA FAMILIA DORADA C/PIED.SW,170,90.52,ARTESANIAS,LGVTM320,JORVINA ARTICULOS RELEGIOSOS,YURECUARO,9,10,MARIA ESTHER NAVA,33 2184 5609,MASFP-D,,0827,105,14.48,50,52.5,,5.55,0.89,5.88,12.31,2.78,23.42,146,91
LGVTM321,MED. ARO SAGRADA FAMILIA PLATA C/PIED. SW,160,85.34,ARTESANIAS,LGVTM321,JORVINA ARTICULOS RELEGIOSOS,YURECUARO,9,10,MARIA ESTHER NAVA,33 2184 5609,MASF-P,,0828,99,13.66,50,49.5,,5.37,0.86,5.69,11.92,2.69,22.13,138,83
LGVTM322,MEDALLON SAGRADA FAM. DORADA C/P BM,246,132.76,ARTESANIAS,LGVTM322,JORVINA ARTICULOS RELEGIOSOS,YURECUARO,10.5,11.5,MARIA ESTHER NAVA,33 2184 5609,MASFP-DB,,0829,154,21.24,50,77,,6.97,1.11,7.38,15.46,3.49,33.99,212,157
LGVTM323,MEDALLON SAGRADA FAM. PLATA C/P BM,246,132.76,ARTESANIAS,LGVTM323,JORVINA ARTICULOS RELEGIOSOS,YURECUARO,10.5,11.5,MARIA ESTHER NAVA,33 2184 5609,MASFP-B,,0830,154,21.24,50,77,,6.97,1.11,7.38,15.46,3.49,33.99,212,157
LGVTM324,MEDALLON SAGRADA FAMILIA DORADO PEDESTA,81,41.38,ARTESANIAS,LGVTM324,JORVINA ARTICULOS RELEGIOSOS,YURECUARO,5.5,5.5,MARIA ESTHER NAVA,33 2184 5609,MSF,,0831,48,6.62,50,24,,3.89,0.62,4.13,8.65,1.95,11.12,70,14
LGVTM325,MEDALLON SAGRADA FAMILIA PLATA PEDESTAL,76,38.79,ARTESANIAS,LGVTM325,JORVINA ARTICULOS RELEGIOSOS,YURECUARO,5.5,5.5,MARIA ESTHER NAVA,33 2184 5609,MSFP,,0832,45,6.21,50,22.5,,3.81,0.61,4.04,8.45,1.91,10.48,65,10
LGVTM326,CRUZ SAGRADA FAMILIA,67,33.62,ARTESANIAS,LGVTM326,JORVINA ARTICULOS RELEGIOSOS,YURECUARO,10.5,5.5,MARIA ESTHER NAVA,33 2184 5609,SF,,0833,39,5.38,50,19.5,,3.63,0.58,3.85,8.07,1.82,9.18,57,2
LGVTM327,CRUZ SAGRADA FAMILIA GRANDE,123,64.66,ARTESANIAS,LGVTM327,JORVINA ARTICULOS RELEGIOSOS,YURECUARO,14,7,MARIA ESTHER NAVA,33 2184 5609,SFC,,0834,75,10.34,50,37.5,,4.68,0.75,4.96,10.38,2.34,16.95,106,51
LGVTM328,SAGRADA FAMILIA CRUZ GRANDE C/MADERA,195,104.31,ARTESANIAS,LGVTM328,JORVINA ARTICULOS RELEGIOSOS,YURECUARO,20.8,13,MARIA ESTHER NAVA,33 2184 5609,SFCM,,0835,121,16.69,50,60.5,,6.01,0.96,6.37,13.34,3.01,26.87,168,113
LGVTM329,SAGRADA FAMILIA CRUZ DE PIE C/MADERA,195,104.31,ARTESANIAS,LGVTM329,JORVINA ARTICULOS RELEGIOSOS,YURECUARO,20.8,13,MARIA ESTHER NAVA,33 2184 5609,SFCP-M,,0836,121,16.69,50,60.5,,6.01,0.96,6.37,13.34,3.01,26.87,168,113
LGVTM330,SAGRADA FAMILIA CRUZ PIE,123,64.66,ARTESANIAS,LGVTM330,JORVINA ARTICULOS RELEGIOSOS,YURECUARO,,,MARIA ESTHER NAVA,33 2184 5609,SFCP,,0837,75,10.34,50,37.5,,4.68,0.75,4.96,10.38,2.34,16.95,106,51
LGVTM331,CRUCES CON BASE,0,0,0,LGVTM331,0,0,,,0,0,,,0838,,0,0,,,2.5,,,,0,0,0,0
LGVTM332,CRUZ PASTORAL ALUMINIO C/BASE MADERA,2000,1099.14,ARTESANIAS,LGVTM332,JORVINA ARTICULOS RELEGIOSOS,YURECUARO,78,33,MARIA ESTHER NAVA,33 2184 5609,A-CP45,,0839,1275,175.86,50,637.5,,39.48,6.32,41.77,87.56,19.77,275.87,1724,1669
LGVTM333,CRISTO # 25 BASE IMPERIAL DORADO,700,382.76,ARTESANIAS,LGVTM333,JORVINA ARTICULOS RELEGIOSOS,YURECUARO,40.5,18.5,MARIA ESTHER NAVA,33 2184 5609,25BI,,0840,444,61.24,50,222,,15.38,2.46,16.28,34.11,7.7,96.57,604,548
LGVTM334,CRUZ # 25 BASE MADERA,666,363.79,ARTESANIAS,LGVTM334,JORVINA ARTICULOS RELEGIOSOS,YURECUARO,42,19,MARIA ESTHER NAVA,33 2184 5609,25BM,,0841,422,58.21,50,211,,14.74,2.36,15.6,32.7,7.38,91.82,574,519
LGVTM335,CRUZ PANTOCRATA,730,399.14,ARTESANIAS,LGVTM335,JORVINA ARTICULOS RELEGIOSOS,YURECUARO,23,19.5,MARIA ESTHER NAVA,33 2184 5609,CP,,0842,463,63.86,50,231.5,,15.93,2.55,16.86,35.33,7.98,100.67,629,574
LGVTM336,CRUZ DE JESUS MADERA RESACADA C/BASE,142,75,ARTESANIAS,LGVTM336,JORVINA ARTICULOS RELEGIOSOS,YURECUARO,18,12.5,MARIA ESTHER NAVA,33 2184 5609,CJ-B,,0843,87,12,50,43.5,,5.02,0.8,5.33,11.15,2.52,19.54,122,67
LGVTM337,RETABO VIACRUCIS,318,172.41,ARTESANIAS,LGVTM337,JORVINA ARTICULOS RELEGIOSOS,YURECUARO,17.5,13.5,MARIA ESTHER NAVA,33 2184 5609,RV,,0844,200,27.59,50,100,,8.3,1.33,8.79,18.42,4.16,43.92,275,219
LGVTM338,CRUCIFIJO # 25 DE BASE MADERA C/METAL,814,445.69,ARTESANIAS,LGVTM338,JORVINA ARTICULOS RELEGIOSOS,YURECUARO,33,19.5,MARIA ESTHER NAVA,33 2184 5609,25BMM,,0845,517,71.31,50,258.5,,17.49,2.8,18.52,38.81,8.76,112.32,702,647
LGVTM339,CRISTO # 16 PAPAL DORADO C/BASE,370,200.86,ARTESANIAS,LGVTM339,JORVINA ARTICULOS RELEGIOSOS,YURECUARO,29.5,13.5,MARIA ESTHER NAVA,33 2184 5609,16PPBD,,0846,233,32.14,50,116.5,,9.26,1.48,9.8,20.54,4.64,51.04,319,264
LGVTM340,CRISTO # 16 PAPAL PLATA C/BASE,347,187.93,ARTESANIAS,LGVTM340,JORVINA ARTICULOS RELEGIOSOS,YURECUARO,29.5,13.5,MARIA ESTHER NAVA,33 2184 5609,16PPBP,,0847,218,30.07,50,109,,8.82,1.41,9.34,19.58,4.42,47.8,299,244
LGVTM341,CRISTO #  2 DORADO CON BASE,85,43.97,ARTESANIAS,LGVTM341,JORVINA ARTICULOS RELEGIOSOS,YURECUARO,12.5,5.5,MARIA ESTHER NAVA,33 2184 5609,2MDB,,0848,51,7.03,50,25.5,,3.98,0.64,4.22,8.84,2,11.77,74,18
LGVTM342,CRISTO INFANTIL CON BASE,56,27.59,ARTESANIAS,LGVTM342,JORVINA ARTICULOS RELEGIOSOS,YURECUARO,8.5,4.7,MARIA ESTHER NAVA,33 2184 5609,IB,,0849,32,4.41,50,16,,3.43,0.55,3.64,7.62,1.72,7.67,48,-7
LGVTM343,CRUZ PADRE HIJO Y ESPIRITU SANTO C/BASE,59,29.31,ARTESANIAS,LGVTM343,JORVINA ARTICULOS RELEGIOSOS,YURECUARO,8.5,4.7,MARIA ESTHER NAVA,33 2184 5609,1PHE,,0850,34,4.69,50,17,,3.49,0.56,3.7,7.74,1.75,8.1,51,-5
LGVTM344,CRISTO # 10 DORADO C/45 CON BASE MADERA,142,75,ARTESANIAS,LGVTM344,JORVINA ARTICULOS RELEGIOSOS,YURECUARO,19,7.5,MARIA ESTHER NAVA,33 2184 5609,10DB,,0851,87,12,50,43.5,,5.02,0.8,5.33,11.15,2.52,19.54,122,67
LGVTM345,CRISTO MINI # 2 LISO DORADO EN B/ MADERA,98,50.86,ARTESANIAS,LGVTM345,JORVINA ARTICULOS RELEGIOSOS,YURECUARO,14,6,MARIA ESTHER NAVA,33 2184 5609,2MDBM,,0852,59,8.14,50,29.5,,4.21,0.67,4.47,9.35,2.11,13.5,84,29
LGVTM346,CRISTO # 3 PAPAL CON BASE MADERA,123,64.66,ARTESANIAS,LGVTM346,JORVINA ARTICULOS RELEGIOSOS,YURECUARO,13,6,MARIA ESTHER NAVA,33 2184 5609,3PMB,,0853,75,10.34,50,37.5,,4.68,0.75,4.96,10.38,2.34,16.95,106,51
LGVTM347,CRISTO # 3 PATINADO CON BASE MADERA,123,64.66,ARTESANIAS,LGVTM347,JORVINA ARTICULOS RELEGIOSOS,YURECUARO,12.5,6,MARIA ESTHER NAVA,33 2184 5609,3MPB,,0854,75,10.34,50,37.5,,4.68,0.75,4.96,10.38,2.34,16.95,106,51
LGVTM348,CRISTO INFANTIL CON BASE MADERA,68,34.48,ARTESANIAS,LGVTM348,JORVINA ARTICULOS RELEGIOSOS,YURECUARO,9.5,4.5,MARIA ESTHER NAVA,33 2184 5609,IBM,,0855,40,5.52,50,20,,3.66,0.59,3.88,8.13,1.84,9.4,59,4
LGVTM349,CRISTO # 10 DOR SOLERA EN MAD. CHOCOL CON BASE,534,291.38,ARTESANIAS,LGVTM349,JORVINA ARTICULOS RELEGIOSOS,YURECUARO,,,MARIA ESTHER NAVA,33 2184 5609,101M-CHB,,0856,338,46.62,50,169,,12.3,1.97,13.03,27.3,6.16,73.7,461,405
LGVTM350,CRUCES DE MADERA,0,0,0,LGVTM350,0,0,,,0,0,,,0857,,0,0,,,2.5,,,,0,0,0,0
LGVTM351,CRUZ PANTOCRATA PARA COLGAR,666,363.79,ARTESANIAS,LGVTM351,JORVINA ARTICULOS RELEGIOSOS,YURECUARO,30,19.5,MARIA ESTHER NAVA,33 2184 5609,CP-1,,0858,422,58.21,50,211,,14.74,2.36,15.6,32.7,7.38,91.82,574,519
LGVTM352,CRISTO # 25 MADERA PATINADO MOD. C,376,204.31,ARTESANIAS,LGVTM352,JORVINA ARTICULOS RELEGIOSOS,YURECUARO,32,21,MARIA ESTHER NAVA,33 2184 5609,25MC,,0859,237,32.69,50,118.5,,9.37,1.5,9.93,20.8,4.7,51.9,324,269
LGVTM353,CRISTO # 25 MADERA PATINADO MOD. B,376,204.31,ARTESANIAS,LGVTM353,JORVINA ARTICULOS RELEGIOSOS,YURECUARO,35,21,MARIA ESTHER NAVA,33 2184 5609,25MB,,0860,237,32.69,50,118.5,,9.37,1.5,9.93,20.8,4.7,51.9,324,269
LGVTM354,CRISTO # 25 MADERA PATINADO MOD. A,332,180.17,ARTESANIAS,LGVTM354,JORVINA ARTICULOS RELEGIOSOS,YURECUARO,34,20,MARIA ESTHER NAVA,33 2184 5609,25MA,,0861,209,28.83,50,104.5,,8.56,1.37,9.07,19,4.29,45.86,287,231
LGVTM355,CRISTO # 25 CRUZ DEL SEMBRADOR EN MADERA,492,268.1,ARTESANIAS,LGVTM355,JORVINA ARTICULOS RELEGIOSOS,YURECUARO,40,20,MARIA ESTHER NAVA,33 2184 5609,25CS,,0862,311,42.9,50,155.5,,11.52,1.84,12.2,25.56,5.77,67.87,424,369
LGVTM356,CRISTO EL SEMBRADOR VERDE,509,277.59,ARTESANIAS,LGVTM356,JORVINA ARTICULOS RELEGIOSOS,YURECUARO,40.5,22.5,MARIA ESTHER NAVA,33 2184 5609,CS-V,,0863,322,44.41,50,161,,11.84,1.89,12.53,26.27,5.93,70.24,439,384
LGVTM357,CRISTO EL SEMBRADOR,509,277.59,ARTESANIAS,LGVTM357,JORVINA ARTICULOS RELEGIOSOS,YURECUARO,40.5,22.5,MARIA ESTHER NAVA,33 2184 5609,CS,,0864,322,44.41,50,161,,11.84,1.89,12.53,26.27,5.93,70.24,439,384
LGVTM358,CRUZ ELEGANZA ESPECIAL DORADA,464,252.59,ARTESANIAS,LGVTM358,JORVINA ARTICULOS RELEGIOSOS,YURECUARO,20.5,13.5,MARIA ESTHER NAVA,33 2184 5609,CEED,,0865,293,40.41,50,146.5,,11,1.76,11.65,24.4,5.51,63.99,400,345
LGVTM359,CRUZ ELEGANZA ESPECIAL PLATA,431,234.48,ARTESANIAS,LGVTM359,JORVINA ARTICULOS RELEGIOSOS,YURECUARO,20.5,13.5,MARIA ESTHER NAVA,33 2184 5609,CEEP,,0866,272,37.52,50,136,,10.39,1.66,11,23.05,5.2,59.46,372,316
LGVTM360,CRUZ JESUS MADERA RESACADA,408,221.55,ARTESANIAS,LGVTM360,JORVINA ARTICULOS RELEGIOSOS,YURECUARO,37.7,29,MARIA ESTHER NAVA,33 2184 5609,CJ,,0867,257,35.45,50,128.5,,9.95,1.59,10.54,22.09,4.99,56.22,351,296
LGVTM361,CRUZ DE JESUS RESACADA EN CHOCOLATE,411,223.28,ARTESANIAS,LGVTM361,JORVINA ARTICULOS RELEGIOSOS,YURECUARO,37.7,29,MARIA ESTHER NAVA,33 2184 5609,CJ-CH,,0868,259,35.72,50,129.5,,10.01,1.6,10.6,22.22,5.02,56.65,354,299
LGVTM362,CRISTO REY INCRUSTACION EN MAD. CHOCOLAT,353,191.38,ARTESANIAS,LGVTM362,JORVINA ARTICULOS RELEGIOSOS,YURECUARO,35,19,MARIA ESTHER NAVA,33 2184 5609,CRI-CH,,0869,222,30.62,50,111,,8.94,1.43,9.47,19.84,4.48,48.67,304,249
LGVTM363,CRISTO REY INCRUSTACION EN MADERA,326,176.72,ARTESANIAS,LGVTM363,JORVINA ARTICULOS RELEGIOSOS,YURECUARO,35,19,MARIA ESTHER NAVA,33 2184 5609,CRI,,0870,205,28.28,50,102.5,,8.45,1.35,8.95,18.74,4.23,45,281,226
LGVTM364,CRUZ SANTICIMA TRINIDAD  CON MADERA,198,106.03,ARTESANIAS,LGVTM364,JORVINA ARTICULOS RELEGIOSOS,YURECUARO,18.3,14,MARIA ESTHER NAVA,33 2184 5609,2PHE,,0871,123,16.97,50,61.5,,6.07,0.97,6.43,13.47,3.04,27.31,171,115
LGVTM365,CRUZ GRABADA ORNAMENTAL MOD. 1,630,343.97,ARTESANIAS,LGVTM365,JORVINA ARTICULOS RELEGIOSOS,YURECUARO,40,24,MARIA ESTHER NAVA,33 2184 5609,CG1,,0872,399,55.03,50,199.5,,14.07,2.25,14.9,31.22,7.05,86.86,543,488
LGVTM366,CRUZ GRABADA ORNAMENTAL,630,343.97,ARTESANIAS,LGVTM366,JORVINA ARTICULOS RELEGIOSOS,YURECUARO,45,23,MARIA ESTHER NAVA,33 2184 5609,CG,,0873,399,55.03,50,199.5,,14.07,2.25,14.9,31.22,7.05,86.86,543,488
LGVTM367,CRUZ # 25 MADERA C/METAL PARA COLGAR,769,420.69,ARTESANIAS,LGVTM367,JORVINA ARTICULOS RELEGIOSOS,YURECUARO,30,19.5,MARIA ESTHER NAVA,33 2184 5609,25MM,,0874,488,67.31,50,244,,16.65,2.66,17.63,36.94,8.34,106.06,663,608
LGVTM368,CRUZ MOD.101 SOLERA GRABADA DOR.MAD/CHO,339,183.62,ARTESANIAS,LGVTM368,JORVINA ARTICULOS RELEGIOSOS,YURECUARO,33.5,17.5,MARIA ESTHER NAVA,33 2184 5609,101MGD-CH,,0875,213,29.38,50,106.5,,8.68,1.39,9.19,19.26,4.35,46.73,292,237
LGVTM369,CRUZ MOD.101 SOLERA GRABADA PLA.MAD/CHO,339,183.62,ARTESANIAS,LGVTM369,JORVINA ARTICULOS RELEGIOSOS,YURECUARO,33.5,17.5,MARIA ESTHER NAVA,33 2184 5609,101MGP-CH,,0876,213,29.38,50,106.5,,8.68,1.39,9.19,19.26,4.35,46.73,292,237
LGVTM370,CRUZ MOD.101 SOLERA GRABADA DOR.MAD. NAT,339,183.62,ARTESANIAS,LGVTM370,JORVINA ARTICULOS RELEGIOSOS,YURECUARO,33.5,17.5,MARIA ESTHER NAVA,33 2184 5609,101MGD,,0877,213,29.38,50,106.5,,8.68,1.39,9.19,19.26,4.35,46.73,292,237
LGVTM371,CRUZ MOD.101 SOLERA GRABADA PLA.MAD. NAT,339,183.62,ARTESANIAS,LGVTM371,JORVINA ARTICULOS RELEGIOSOS,YURECUARO,33.5,17.5,MARIA ESTHER NAVA,33 2184 5609,101MGP,,0878,213,29.38,50,106.5,,8.68,1.39,9.19,19.26,4.35,46.73,292,237
LGVTM372,CRISTO # 10 DORADO SOLERA EN MAD. CHOCOL,359,194.83,ARTESANIAS,LGVTM372,JORVINA ARTICULOS RELEGIOSOS,YURECUARO,33,17.5,MARIA ESTHER NAVA,33 2184 5609,101M-CH,,0879,226,31.17,50,113,,9.05,1.45,9.59,20.09,4.54,49.53,310,254
LGVTM373,CRISTO # 10 DORADO SOLERA EN MAD. NATURAL,359,194.83,ARTESANIAS,LGVTM373,JORVINA ARTICULOS RELEGIOSOS,YURECUARO,33,17.5,MARIA ESTHER NAVA,33 2184 5609,101M,,0880,226,31.17,50,113,,9.05,1.45,9.59,20.09,4.54,49.53,310,254
LGVTM374,CRISTO # 10 DORADO SOLERA EN MAD. CHOCOL,359,194.83,ARTESANIAS,LGVTM374,JORVINA ARTICULOS RELEGIOSOS,YURECUARO,33,17.5,MARIA ESTHER NAVA,33 2184 5609,102M-CH,,0881,226,31.17,50,113,,9.05,1.45,9.59,20.09,4.54,49.53,310,254
LGVTM375,CRISTO # 10 DORADO SOLERA EN MAD. NATURAL,359,194.83,ARTESANIAS,LGVTM375,JORVINA ARTICULOS RELEGIOSOS,YURECUARO,33,17.5,MARIA ESTHER NAVA,33 2184 5609,102M,,0882,226,31.17,50,113,,9.05,1.45,9.59,20.09,4.54,49.53,310,254
LGVTM376,CRISTO # 25 HEXAGONAL ESPEJO  C/MADERA,866,474.14,ARTESANIAS,LGVTM376,JORVINA ARTICULOS RELEGIOSOS,YURECUARO,49.5,25,MARIA ESTHER NAVA,33 2184 5609,25HREM,,0883,550,75.86,50,275,,18.45,2.95,19.53,40.93,9.24,119.44,746,691
LGVTM377,CRISTO # 25 HEXAGONAL RAYADO MAD. NATURAL,799,437.07,ARTESANIAS,LGVTM377,JORVINA ARTICULOS RELEGIOSOS,YURECUARO,49.5,25,MARIA ESTHER NAVA,33 2184 5609,25HRM,,0884,507,69.93,50,253.5,,17.2,2.75,18.21,38.16,8.62,110.16,689,633
LGVTM378,CRISTO # 25 HEXAGONAL LISO MADERA NATURAL,824,450.86,ARTESANIAS,LGVTM378,JORVINA ARTICULOS RELEGIOSOS,YURECUARO,49.5,25,MARIA ESTHER NAVA,33 2184 5609,25HLM,,0885,523,72.14,50,261.5,,17.67,2.83,18.7,39.19,8.85,113.61,710,655
LGVTM379,CRISTO # 22 HEXAGONAL PLATA CON MADERA,769,420.69,ARTESANIAS,LGVTM379,JORVINA ARTICULOS RELEGIOSOS,YURECUARO,45,22,MARIA ESTHER NAVA,33 2184 5609,22HPM,,0886,488,67.31,50,244,,16.65,2.66,17.63,36.94,8.34,106.06,663,608
LGVTM380,CRISTO # 25 ESPECIAL MADERA,824,450.86,ARTESANIAS,LGVTM380,JORVINA ARTICULOS RELEGIOSOS,YURECUARO,49.5,25,MARIA ESTHER NAVA,33 2184 5609,25EM,,0887,523,72.14,50,261.5,,17.67,2.83,18.7,39.19,8.85,113.61,710,655
LGVTM381,CRISTO # 18 HEXAGONAL LISO MADERA CHOCO.,480,261.21,ARTESANIAS,LGVTM381,JORVINA ARTICULOS RELEGIOSOS,YURECUARO,40,20,MARIA ESTHER NAVA,33 2184 5609,18HLM-CH,,0888,303,41.79,50,151.5,,11.29,1.81,11.95,25.04,5.66,66.14,413,358
LGVTM382,CRISTO # 18 HEXAGONAL LISO MADERA NATURAL,470,256.03,ARTESANIAS,LGVTM382,JORVINA ARTICULOS RELEGIOSOS,YURECUARO,40,20,MARIA ESTHER NAVA,33 2184 5609,18HLM,,0889,297,40.97,50,148.5,,11.11,1.78,11.77,24.66,5.57,64.85,405,350
LGVTM383,CRISTO # 16 DORADO ELEGANZA,389,211.21,ARTESANIAS,LGVTM383,JORVINA ARTICULOS RELEGIOSOS,YURECUARO,29,14,MARIA ESTHER NAVA,33 2184 5609,16DE,,0890,245,33.79,50,122.5,,9.61,1.54,10.17,21.31,4.81,53.63,335,280
LGVTM384,CRISTO # 16 PLATA  ELEGANZA,389,211.21,ARTESANIAS,LGVTM384,JORVINA ARTICULOS RELEGIOSOS,YURECUARO,29,14,MARIA ESTHER NAVA,33 2184 5609,16PE,,0891,245,33.79,50,122.5,,9.61,1.54,10.17,21.31,4.81,53.63,335,280
LGVTM385,CRISTO NUM 45 CRUZ MADERA,1244,682.76,ARTESANIAS,LGVTM385,JORVINA ARTICULOS RELEGIOSOS,YURECUARO,56,23,MARIA ESTHER NAVA,33 2184 5609,45CM,,0892,792,109.24,50,396,,25.47,4.07,26.95,56.49,12.76,171.65,1073,1018
LGVTM386,CRUZ JESUS RESUCITADO GRANDE PLATA,1429,784.48,ARTESANIAS,LGVTM386,JORVINA ARTICULOS RELEGIOSOS,YURECUARO,60,32,MARIA ESTHER NAVA,33 2184 5609,JR,,0893,910,125.52,50,455,,28.89,4.62,30.57,64.08,14.47,197.11,1232,1177
LGVTM387,CRUZ JESUS RESUCITADO GRANDE DORADO,1429,784.48,ARTESANIAS,LGVTM387,JORVINA ARTICULOS RELEGIOSOS,YURECUARO,60,32,MARIA ESTHER NAVA,33 2184 5609,JR-D,,0894,910,125.52,50,455,,28.89,4.62,30.57,64.08,14.47,197.11,1232,1177
LGVTM388,CRISTO PASTORAL # 45 EN MADERA,1429,784.48,ARTESANIAS,LGVTM388,JORVINA ARTICULOS RELEGIOSOS,YURECUARO,67,24,MARIA ESTHER NAVA,33 2184 5609,A-PM45,,0895,910,125.52,50,455,,28.89,4.62,30.57,64.08,14.47,197.11,1232,1177
LGVTM389,CRUZ RESACADA CON CUERPO 3/8  DORADA,561,306.03,ARTESANIAS,LGVTM389,JORVINA ARTICULOS RELEGIOSOS,YURECUARO,38,22,MARIA ESTHER NAVA,33 2184 5609,CR-D,,0896,355,48.97,50,177.5,,12.8,2.05,13.55,28.39,6.41,77.36,484,428
LGVTM390,CRUZ RESACADA CON CUERPO 3/8 PLATA,534,291.38,ARTESANIAS,LGVTM390,JORVINA ARTICULOS RELEGIOSOS,YURECUARO,38,22,MARIA ESTHER NAVA,33 2184 5609,CR-P,,0897,338,46.62,50,169,,12.3,1.97,13.03,27.3,6.16,73.7,461,405
LGVTM391,CRUZ RESACADA FLORES DORADA,558,304.31,ARTESANIAS,LGVTM391,JORVINA ARTICULOS RELEGIOSOS,YURECUARO,38,22,MARIA ESTHER NAVA,33 2184 5609,CRF-D,,0898,353,48.69,50,176.5,,12.74,2.04,13.49,28.26,6.38,76.93,481,426
LGVTM392,CRUZ RESACADA FLORES PLATA,525,286.21,ARTESANIAS,LGVTM392,JORVINA ARTICULOS RELEGIOSOS,YURECUARO,38,22,MARIA ESTHER NAVA,33 2184 5609,CRF-P,,0899,332,45.79,50,166,,12.13,1.94,12.84,26.91,6.08,72.4,453,397
LGVTM393,CRUZ PEDRERIA CON FLORES PLATA,583,318.1,ARTESANIAS,LGVTM393,JORVINA ARTICULOS RELEGIOSOS,YURECUARO,,,MARIA ESTHER NAVA,33 2184 5609,CPYF-P,,0900,369,50.9,50,184.5,,13.2,2.11,13.98,29.29,6.61,80.38,502,447
LGVTM394,CRUZ PEDRERIA CON FLORES ORO,583,318.1,ARTESANIAS,LGVTM394,JORVINA ARTICULOS RELEGIOSOS,YURECUARO,,,MARIA ESTHER NAVA,33 2184 5609,CPYF-D,,0901,369,50.9,50,184.5,,13.2,2.11,13.98,29.29,6.61,80.38,502,447
LGVTM395,CRUZ MEDALLAS DORADO,525,286.21,ARTESANIAS,LGVTM395,JORVINA ARTICULOS RELEGIOSOS,YURECUARO,,,MARIA ESTHER NAVA,33 2184 5609,CMED-D,,0902,332,45.79,50,166,,12.13,1.94,12.84,26.91,6.08,72.4,453,397
LGVTM396,CRUZ MEDALLAS PLATA,525,286.21,ARTESANIAS,LGVTM396,JORVINA ARTICULOS RELEGIOSOS,YURECUARO,,,MARIA ESTHER NAVA,33 2184 5609,CMED-P,,0903,332,45.79,50,166,,12.13,1.94,12.84,26.91,6.08,72.4,453,397
LGVTM397,CUERPO # 20 C/FONDO FILIGRANA PLATA,922,505.17,ARTESANIAS,LGVTM397,JORVINA ARTICULOS RELEGIOSOS,YURECUARO,,,MARIA ESTHER NAVA,33 2184 5609,20CF-P,,0904,586,80.83,50,293,,19.49,3.12,20.63,43.25,9.76,127.21,795,740
LGVTM398,CUERPO # 20 C/FONDO FILIGRANA DORADA,980,537.07,ARTESANIAS,LGVTM398,JORVINA ARTICULOS RELEGIOSOS,YURECUARO,,,MARIA ESTHER NAVA,33 2184 5609,20CF-D,,0905,623,85.93,50,311.5,,20.57,3.29,21.77,45.62,10.3,135.19,845,790
LGVTM399,CRUZ PADRE HIJO Y ESPIRIU SANTO DE RESINA CHICO,1293,709.48,ARTESANIAS,LGVTM399,JORVINA ARTICULOS RELEGIOSOS,YURECUARO,,,MARIA ESTHER NAVA,33 2184 5609,4PHE,,0906,823,113.52,50,411.5,,26.37,4.22,27.9,58.49,13.21,178.34,1115,1059
LGVTM400,CRUZ PADRE HIJO Y ESPIRIU SANTO DE RESINA GRANDE,1790,983.62,ARTESANIAS,LGVTM400,JORVINA ARTICULOS RELEGIOSOS,YURECUARO,,,MARIA ESTHER NAVA,33 2184 5609,3PHE,,0907,1141,157.38,50,570.5,,35.59,5.69,37.66,78.94,17.82,246.96,1543,1488
LGVTM401,CRUCIFIJOS,0,0,0,LGVTM401,0,0,,,0,0,,,0908,,0,0,,,2.5,,,,0,0,0,0
LGVTM402,CRISTO # 25 HEXAGONAL RAYADO ESPEJO,653,356.9,ARTESANIAS,LGVTM402,JORVINA ARTICULOS RELEGIOSOS,YURECUARO,40.5,18.5,MARIA ESTHER NAVA,33 2184 5609,25HRE,,0909,414,57.1,50,207,,14.51,2.32,15.36,32.18,7.27,90.09,563,508
LGVTM403,CRISTO # 25 HEXAGONAL RAYADO,630,343.97,ARTESANIAS,LGVTM403,JORVINA ARTICULOS RELEGIOSOS,YURECUARO,40.5,18.5,MARIA ESTHER NAVA,33 2184 5609,25HR,,0910,399,55.03,50,199.5,,14.07,2.25,14.9,31.22,7.05,86.86,543,488
LGVTM404,CRISTO # 25 HEXAGONAL LISO,666,363.79,ARTESANIAS,LGVTM404,JORVINA ARTICULOS RELEGIOSOS,YURECUARO,40.5,18.5,MARIA ESTHER NAVA,33 2184 5609,25HL,,0911,422,58.21,50,211,,14.74,2.36,15.6,32.7,7.38,91.82,574,519
LGVTM405,CRISTO # 22 HEXAGONAL PLATA,572,312.07,ARTESANIAS,LGVTM405,JORVINA ARTICULOS RELEGIOSOS,YURECUARO,37,16.5,MARIA ESTHER NAVA,33 2184 5609,22HP,,0912,362,49.93,50,181,,13,2.08,13.76,28.84,6.51,78.87,493,438
LGVTM406,CRISTO # 18 HEXAGONAL LISO,348,188.79,ARTESANIAS,LGVTM406,JORVINA ARTICULOS RELEGIOSOS,YURECUARO,32.5,15.5,MARIA ESTHER NAVA,33 2184 5609,18HL,,0913,219,30.21,50,109.5,,8.85,1.42,9.38,19.64,4.44,48.02,300,245
LGVTM407,CRISTO # 3/8 HEXAGONAL RAYADO,437,237.93,ARTESANIAS,LGVTM407,JORVINA ARTICULOS RELEGIOSOS,YURECUARO,31.5,14,MARIA ESTHER NAVA,33 2184 5609,3/8HR,,0914,276,38.07,50,138,,10.5,1.68,11.12,23.31,5.26,60.32,377,322
LGVTM408,CRISTO # 3/8 HEXAGONAL LISO,447,243.1,ARTESANIAS,LGVTM408,JORVINA ARTICULOS RELEGIOSOS,YURECUARO,31.5,14,MARIA ESTHER NAVA,33 2184 5609,3/8HL,,0915,282,38.9,50,141,,10.68,1.71,11.31,23.69,5.35,61.61,385,330
LGVTM409,CRISTO HEXAGONAL RAYADO DORADO ESPEJO,295,159.48,ARTESANIAS,LGVTM409,JORVINA ARTICULOS RELEGIOSOS,YURECUARO,30.5,13,MARIA ESTHER NAVA,33 2184 5609,16HRE,,0916,185,25.52,50,92.5,,7.87,1.26,8.33,17.46,3.94,40.68,254,199
LGVTM410,CRISTO HEXAGONAL CON CADENA RAYADO,112,58.62,ARTESANIAS,LGVTM410,JORVINA ARTICULOS RELEGIOSOS,YURECUARO,10.5,5.7,MARIA ESTHER NAVA,33 2184 5609,HCN,,0917,68,9.38,50,34,,4.47,0.72,4.74,9.93,2.24,15.44,96,41
LGVTM411,CRISTO HEXAGONAL CON CADENA LISO,123,64.66,ARTESANIAS,LGVTM411,JORVINA ARTICULOS RELEGIOSOS,YURECUARO,10.5,5.7,MARIA ESTHER NAVA,33 2184 5609,HCNL,,0918,75,10.34,50,37.5,,4.68,0.75,4.96,10.38,2.34,16.95,106,51
LGVTM412,CRISTO MED. HEXAGONAL CON CADENA RAYAD,98,50.86,ARTESANIAS,LGVTM412,JORVINA ARTICULOS RELEGIOSOS,YURECUARO,6,3.5,MARIA ESTHER NAVA,33 2184 5609,2HCN,,0919,59,8.14,50,29.5,,4.21,0.67,4.47,9.35,2.11,13.5,84,29
LGVTM413,CRISTO CHICO HEXAGONAL CON CADENA RAYAD,81,41.38,ARTESANIAS,LGVTM413,JORVINA ARTICULOS RELEGIOSOS,YURECUARO,7,4,MARIA ESTHER NAVA,33 2184 5609,1HCN,,0920,48,6.62,50,24,,3.89,0.62,4.13,8.65,1.95,11.12,70,14
LGVTM414,CRISTO # 25 PAPAL CHAPA DE ORO,611,333.62,ARTESANIAS,LGVTM414,JORVINA ARTICULOS RELEGIOSOS,YURECUARO,37,16,MARIA ESTHER NAVA,33 2184 5609,25PCH,,0921,387,53.38,50,193.5,,13.72,2.2,14.53,30.45,6.87,84.27,527,472
LGVTM415,CRISTO # 16 PAPAL RAYADO DORADO,236,126.72,ARTESANIAS,LGVTM415,JORVINA ARTICULOS RELEGIOSOS,YURECUARO,29.5,13,MARIA ESTHER NAVA,33 2184 5609,16PRD,,0922,147,20.28,50,73.5,,6.76,1.08,7.17,15.01,3.39,32.48,203,148
LGVTM416,CRISTO # 16 PAPAL RAYADO PLATA,218,117.24,ARTESANIAS,LGVTM416,JORVINA ARTICULOS RELEGIOSOS,YURECUARO,29.5,13,MARIA ESTHER NAVA,33 2184 5609,16PRP,,0923,136,18.76,50,68,,6.44,1.03,6.83,14.3,3.23,30.11,188,133
LGVTM417,CRISTO # 16 REDONDO PAPAL,261,140.52,ARTESANIAS,LGVTM417,JORVINA ARTICULOS RELEGIOSOS,YURECUARO,29.5,13,MARIA ESTHER NAVA,33 2184 5609,16RP,,0924,163,22.48,50,81.5,,7.23,1.16,7.66,16.04,3.62,35.94,225,169
LGVTM418,CRISTO # 3 PAPAL DORADO,90,46.55,ARTESANIAS,LGVTM418,JORVINA ARTICULOS RELEGIOSOS,YURECUARO,13,6,MARIA ESTHER NAVA,33 2184 5609,3P-D,,0925,54,7.45,50,27,,4.07,0.65,4.31,9.03,2.04,12.42,78,22
LGVTM419,CRISTO # 3 PAPAL PLATA,81,41.38,ARTESANIAS,LGVTM419,JORVINA ARTICULOS RELEGIOSOS,YURECUARO,13,6,MARIA ESTHER NAVA,33 2184 5609,3P,,0926,48,6.62,50,24,,3.89,0.62,4.13,8.65,1.95,11.12,70,14
LGVTM420,CRISTO # 16 DORADO RAYADO,250,134.48,ARTESANIAS,LGVTM420,JORVINA ARTICULOS RELEGIOSOS,YURECUARO,34,12.5,MARIA ESTHER NAVA,33 2184 5609,16DR,,0927,156,21.52,50,78,,7.02,1.12,7.44,15.59,3.52,34.43,215,160
LGVTM421,CRISTO # 16 DORADO LISO,261,140.52,ARTESANIAS,LGVTM421,JORVINA ARTICULOS RELEGIOSOS,YURECUARO,34,12.5,MARIA ESTHER NAVA,33 2184 5609,16DL,,0928,163,22.48,50,81.5,,7.23,1.16,7.66,16.04,3.62,35.94,225,169
LGVTM422,CRISTO # 16 PATINADO LISO,243,131.03,ARTESANIAS,LGVTM422,JORVINA ARTICULOS RELEGIOSOS,YURECUARO,34,12.5,MARIA ESTHER NAVA,33 2184 5609,16PL,,0929,152,20.97,50,76,,6.91,1.11,7.32,15.33,3.46,33.56,210,155
LGVTM423,CRISTO # 16DORADO CON AUREOLA,218,117.24,ARTESANIAS,LGVTM423,JORVINA ARTICULOS RELEGIOSOS,YURECUARO,31,11,MARIA ESTHER NAVA,33 2184 5609,16DA,,0930,136,18.76,50,68,,6.44,1.03,6.83,14.3,3.23,30.11,188,133
LGVTM424,CRISTO MINI # 16 REDONDO DORADO,93,48.28,ARTESANIAS,LGVTM424,JORVINA ARTICULOS RELEGIOSOS,YURECUARO,12,6.5,MARIA ESTHER NAVA,33 2184 5609,16MRD,,0931,56,7.72,50,28,,4.12,0.66,4.38,9.16,2.07,12.85,80,25
LGVTM425,CRISTO MINI # 16 REDONDO PLATA,90,46.55,ARTESANIAS,LGVTM425,JORVINA ARTICULOS RELEGIOSOS,YURECUARO,12,6.5,MARIA ESTHER NAVA,33 2184 5609,16MRP,,0932,54,7.45,50,27,,4.07,0.65,4.31,9.03,2.04,12.42,78,22
LGVTM426,CRISTO # 10 SOLERA DORADO,226,121.55,ARTESANIAS,LGVTM426,JORVINA ARTICULOS RELEGIOSOS,YURECUARO,24,10,MARIA ESTHER NAVA,33 2184 5609,10SD,,0933,141,19.45,50,70.5,,6.59,1.05,6.98,14.63,3.3,31.19,195,140
LGVTM427,CRISTO # 10 SOLERA DORADO GRABADO,190,101.72,ARTESANIAS,LGVTM427,JORVINA ARTICULOS RELEGIOSOS,YURECUARO,24,10,MARIA ESTHER NAVA,33 2184 5609,101DG,,0934,118,16.28,50,59,,5.92,0.95,6.28,13.15,2.97,26.23,164,109
LGVTM428,CRISTO # 10 SOLERA C/45,162,86.21,ARTESANIAS,LGVTM428,JORVINA ARTICULOS RELEGIOSOS,YURECUARO,24,10,MARIA ESTHER NAVA,33 2184 5609,10S,,0935,100,13.79,50,50,,5.4,0.86,5.73,11.99,2.71,22.34,140,84
LGVTM429,CRISTO # 25 RAYADO CUADRADO DORADO,492,268.1,ARTESANIAS,LGVTM429,JORVINA ARTICULOS RELEGIOSOS,YURECUARO,41.5,19.5,MARIA ESTHER NAVA,33 2184 5609,25CD,,0936,311,42.9,50,155.5,,11.52,1.84,12.2,25.56,5.77,67.87,424,369
LGVTM430,CRISTO # 16 RAYADO CUADRADO PLATA,261,140.52,ARTESANIAS,LGVTM430,JORVINA ARTICULOS RELEGIOSOS,YURECUARO,32,13,MARIA ESTHER NAVA,33 2184 5609,16CP,,0937,163,22.48,50,81.5,,7.23,1.16,7.66,16.04,3.62,35.94,225,169
LGVTM431,CRISTO # 15 CUADRADO DORADO CON AUREOLA,198,106.03,ARTESANIAS,LGVTM431,JORVINA ARTICULOS RELEGIOSOS,YURECUARO,25,11,MARIA ESTHER NAVA,33 2184 5609,15CDA,,0938,123,16.97,50,61.5,,6.07,0.97,6.43,13.47,3.04,27.31,171,115
LGVTM432,CRISTO # 16 CUADRADO RAYADO DORADO,261,140.52,ARTESANIAS,LGVTM432,JORVINA ARTICULOS RELEGIOSOS,YURECUARO,32,13,MARIA ESTHER NAVA,33 2184 5609,16CD,,0939,163,22.48,50,81.5,,7.23,1.16,7.66,16.04,3.62,35.94,225,169
LGVTM433,CRISTO # 16 CUADRADO DORADO CUERPO PLAT,261,140.52,ARTESANIAS,LGVTM433,JORVINA ARTICULOS RELEGIOSOS,YURECUARO,32,13,MARIA ESTHER NAVA,33 2184 5609,16CDP,,0940,163,22.48,50,81.5,,7.23,1.16,7.66,16.04,3.62,35.94,225,169
LGVTM434,CRISTO # 3/8 REDONDO RAYADO DORADO,401,218.1,ARTESANIAS,LGVTM434,JORVINA ARTICULOS RELEGIOSOS,YURECUARO,31.5,14,MARIA ESTHER NAVA,33 2184 5609,3/8RRD,,0941,253,34.9,50,126.5,,9.84,1.57,10.42,21.83,4.93,55.36,346,291
LGVTM435,CRISTO # 3/8  REDONDO ALUMINIO,314,169.83,ARTESANIAS,LGVTM435,JORVINA ARTICULOS RELEGIOSOS,YURECUARO,31.5,14,MARIA ESTHER NAVA,33 2184 5609,3/8RAD,,0942,197,27.17,50,98.5,,8.21,1.31,8.7,18.23,4.12,43.27,270,215
LGVTM436,CRISTO # 3/8 REDONDO LISO DORADO,408,221.55,ARTESANIAS,LGVTM436,JORVINA ARTICULOS RELEGIOSOS,YURECUARO,31.5,14,MARIA ESTHER NAVA,33 2184 5609,3/8RLD,,0943,257,35.45,50,128.5,,9.95,1.59,10.54,22.09,4.99,56.22,351,296
LGVTM437,CRISTO # 25 REDONDO ALUMINIO,431,234.48,ARTESANIAS,LGVTM437,JORVINA ARTICULOS RELEGIOSOS,YURECUARO,41.5,19.5,MARIA ESTHER NAVA,33 2184 5609,25RAD,,0944,272,37.52,50,136,,10.39,1.66,11,23.05,5.2,59.46,372,316
LGVTM438,CRISTO INFANTIL RAYADO DORADO,51,25,ARTESANIAS,LGVTM438,JORVINA ARTICULOS RELEGIOSOS,YURECUARO,8,4.5,MARIA ESTHER NAVA,33 2184 5609,INFANTIL,,0945,29,4,50,14.5,,3.34,0.53,3.55,7.42,1.68,7.02,44,-11
LGVTM439,CRUZ ROSTRO DE JESUS GRANDE,118,62.07,ARTESANIAS,LGVTM439,JORVINA ARTICULOS RELEGIOSOS,YURECUARO,16,9,MARIA ESTHER NAVA,33 2184 5609,1RJ,,0946,72,9.93,50,36,,4.59,0.73,4.87,10.19,2.3,16.3,102,47
LGVTM440,CRISTO INFANTIL RAYADO PLATA,51,25,ARTESANIAS,LGVTM440,JORVINA ARTICULOS RELEGIOSOS,YURECUARO,8,4.5,MARIA ESTHER NAVA,33 2184 5609,INFANTIL P,,0947,29,4,50,14.5,,3.34,0.53,3.55,7.42,1.68,7.02,44,-11
LGVTM441,CRISTO # 15 DORADO RAYADO,193,103.45,ARTESANIAS,LGVTM441,JORVINA ARTICULOS RELEGIOSOS,YURECUARO,27,10.5,MARIA ESTHER NAVA,33 2184 5609,15DR,,0948,120,16.55,50,60,,5.98,0.96,6.34,13.28,3,26.66,167,111
LGVTM442,CRISTO # 15 PATINADO RAYADO,189,100.86,ARTESANIAS,LGVTM442,JORVINA ARTICULOS RELEGIOSOS,YURECUARO,27,10.5,MARIA ESTHER NAVA,33 2184 5609,15PR,,0949,117,16.14,50,58.5,,5.89,0.94,6.25,13.08,2.95,26.01,163,107
LGVTM443,CRISTO # 15 DORADO LISO,193,103.45,ARTESANIAS,LGVTM443,JORVINA ARTICULOS RELEGIOSOS,YURECUARO,27,10.5,MARIA ESTHER NAVA,33 2184 5609,15DL,,0950,120,16.55,50,60,,5.98,0.96,6.34,13.28,3,26.66,167,111
LGVTM444,CRISTO # 15 PATINADO LISO,189,100.86,ARTESANIAS,LGVTM444,JORVINA ARTICULOS RELEGIOSOS,YURECUARO,27,10.5,MARIA ESTHER NAVA,33 2184 5609,5PL,,0951,117,16.14,50,58.5,,5.89,0.94,6.25,13.08,2.95,26.01,163,107
LGVTM445,CRISTO MINI # 2 REDONDO RAYADO,76,38.79,ARTESANIAS,LGVTM445,JORVINA ARTICULOS RELEGIOSOS,YURECUARO,12.5,6,MARIA ESTHER NAVA,33 2184 5609,2MRR,,0952,45,6.21,50,22.5,,3.81,0.61,4.04,8.45,1.91,10.48,65,10
LGVTM446,CRISTO MINI # 2 REDONDO LISO,81,41.38,ARTESANIAS,LGVTM446,JORVINA ARTICULOS RELEGIOSOS,YURECUARO,12.5,6,MARIA ESTHER NAVA,33 2184 5609,2MRL,,0953,48,6.62,50,24,,3.89,0.62,4.13,8.65,1.95,11.12,70,14
LGVTM447,CRISTO MINI # 2 REDONDO LISO PATINADO,81,41.38,ARTESANIAS,LGVTM447,JORVINA ARTICULOS RELEGIOSOS,YURECUARO,12.5,6,MARIA ESTHER NAVA,33 2184 5609,2MLP,,0954,48,6.62,50,24,,3.89,0.62,4.13,8.65,1.95,11.12,70,14
LGVTM448,CRISTO # 10 DORADO LISO,107,56.03,ARTESANIAS,LGVTM448,JORVINA ARTICULOS RELEGIOSOS,YURECUARO,17,7.5,MARIA ESTHER NAVA,33 2184 5609,10D,,0955,65,8.97,50,32.5,,4.39,0.7,4.65,9.74,2.2,14.79,92,37
LGVTM449,CRISTO INFANTIL C/CADENA DORADO,85,43.97,ARTESANIAS,LGVTM449,JORVINA ARTICULOS RELEGIOSOS,YURECUARO,8,4.5,MARIA ESTHER NAVA,33 2184 5609,INFANTIL CN,,0956,51,7.03,50,25.5,,3.98,0.64,4.22,8.84,2,11.77,74,18
LGVTM450,MODELOS VARIOS,0,0,0,LGVTM450,0,0,,,0,0,,,0957,,0,0,,,2.5,,,,0,0,0,0
LGVTM451,DIVINO NIÑO DORADO CON BASE MADERA,112,58.62,ARTESANIAS,LGVTM451,JORVINA ARTICULOS RELEGIOSOS,YURECUARO,8,7,MARIA ESTHER NAVA,33 2184 5609,DN-D,,0958,68,9.38,50,34,,4.47,0.72,4.74,9.93,2.24,15.44,96,41
LGVTM452,DIVINO NIÑO PLATA CON BASE MADERA,106,55.17,ARTESANIAS,LGVTM452,JORVINA ARTICULOS RELEGIOSOS,YURECUARO,8,7,MARIA ESTHER NAVA,33 2184 5609,DN-P,,0959,64,8.83,50,32,,4.36,0.7,4.62,9.67,2.18,14.58,91,36
LGVTM453,HADA DORADA,107,56.03,ARTESANIAS,LGVTM453,JORVINA ARTICULOS RELEGIOSOS,YURECUARO,5,5,MARIA ESTHER NAVA,33 2184 5609,ADD,,0960,65,8.97,50,32.5,,4.39,0.7,4.65,9.74,2.2,14.79,92,37
LGVTM454,HADA PLATA,96,50,ARTESANIAS,LGVTM454,JORVINA ARTICULOS RELEGIOSOS,YURECUARO,5,5,MARIA ESTHER NAVA,33 2184 5609,ADP,,0961,58,8,50,29,,4.18,0.67,4.44,9.29,2.1,13.28,83,28
LGVTM455,QUERUBIN ALAS DORADAS MOD. A,93,48.28,ARTESANIAS,LGVTM455,JORVINA ARTICULOS RELEGIOSOS,YURECUARO,,,MARIA ESTHER NAVA,33 2184 5609,QA,,0962,56,7.72,50,28,,4.12,0.66,4.38,9.16,2.07,12.85,80,25
LGVTM456,QUERUBIN ALAS DORADAS MOD. B,93,48.28,ARTESANIAS,LGVTM456,JORVINA ARTICULOS RELEGIOSOS,YURECUARO,,,MARIA ESTHER NAVA,33 2184 5609,QB,,0963,56,7.72,50,28,,4.12,0.66,4.38,9.16,2.07,12.85,80,25
LGVTM457,ANGEL ORANDO DE BULTO ALAS DORADAS,85,43.97,ARTESANIAS,LGVTM457,JORVINA ARTICULOS RELEGIOSOS,YURECUARO,,,MARIA ESTHER NAVA,33 2184 5609,AO,,0964,51,7.03,50,25.5,,3.98,0.64,4.22,8.84,2,11.77,74,18
LGVTM458,JUDAS TADEO,90,46.55,ARTESANIAS,LGVTM458,JORVINA ARTICULOS RELEGIOSOS,YURECUARO,6.5,2.7,MARIA ESTHER NAVA,33 2184 5609,JT,,0965,54,7.45,50,27,,4.07,0.65,4.31,9.03,2.04,12.42,78,22
LGVTM459,MANOS DE PAZ Y AMOR PLATA BASE MADERA,176,93.97,ARTESANIAS,LGVTM459,JORVINA ARTICULOS RELEGIOSOS,YURECUARO,10,11.4,MARIA ESTHER NAVA,33 2184 5609,MPA,,0966,109,15.03,50,54.5,,5.66,0.91,6,12.57,2.84,24.29,152,97
LGVTM460,MANOS DE PAZ Y AMOR DORADA B/MADERA,195,104.31,ARTESANIAS,LGVTM460,JORVINA ARTICULOS RELEGIOSOS,YURECUARO,10,11.4,MARIA ESTHER NAVA,33 2184 5609,MPA-D,,0967,121,16.69,50,60.5,,6.01,0.96,6.37,13.34,3.01,26.87,168,113
LGVTM461,RETABLO ARCANGEL CHICO,81,41.38,ARTESANIAS,LGVTM461,JORVINA ARTICULOS RELEGIOSOS,YURECUARO,9,6.8,MARIA ESTHER NAVA,33 2184 5609,1RA,,0968,48,6.62,50,24,,3.89,0.62,4.13,8.65,1.95,11.12,70,14
LGVTM462,RETABLO SAGRADO CORAZON NUEVO,123,64.66,ARTESANIAS,LGVTM462,JORVINA ARTICULOS RELEGIOSOS,YURECUARO,,,MARIA ESTHER NAVA,33 2184 5609,RSC1,,0969,75,10.34,50,37.5,,4.68,0.75,4.96,10.38,2.34,16.95,106,51
LGVTM463,SEÑOR DE LA MISERICORDIA,181,96.55,ARTESANIAS,LGVTM463,JORVINA ARTICULOS RELEGIOSOS,YURECUARO,,,MARIA ESTHER NAVA,33 2184 5609,SRM,,0970,112,15.45,50,56,,5.75,0.92,6.09,12.76,2.88,24.93,156,101
LGVTM464,PESEBRE DORADO,195,104.31,ARTESANIAS,LGVTM464,JORVINA ARTICULOS RELEGIOSOS,YURECUARO,7.5,10,MARIA ESTHER NAVA,33 2184 5609,PE-D,,0971,121,16.69,50,60.5,,6.01,0.96,6.37,13.34,3.01,26.87,168,113
LGVTM465,PESEBRE PLATA,189,100.86,ARTESANIAS,LGVTM465,JORVINA ARTICULOS RELEGIOSOS,YURECUARO,7.5,10,MARIA ESTHER NAVA,33 2184 5609,PE-P,,0972,117,16.14,50,58.5,,5.89,0.94,6.25,13.08,2.95,26.01,163,107
LGVTM466,NACIMIENTO DORADO GRANDE,401,218.1,ARTESANIAS,LGVTM466,JORVINA ARTICULOS RELEGIOSOS,YURECUARO,19.5,14,MARIA ESTHER NAVA,33 2184 5609,NAD-01,,0973,253,34.9,50,126.5,,9.84,1.57,10.42,21.83,4.93,55.36,346,291
LGVTM467,NACIMIENTO PLATA GRANDE,384,208.62,ARTESANIAS,LGVTM467,JORVINA ARTICULOS RELEGIOSOS,YURECUARO,19.5,14,MARIA ESTHER NAVA,33 2184 5609,NAP-01,,0974,242,33.38,50,121,,9.52,1.52,10.08,21.12,4.77,52.98,331,276
LGVTM468,NACIMIENTO COMBINADO GRANDE,401,218.1,ARTESANIAS,LGVTM468,JORVINA ARTICULOS RELEGIOSOS,YURECUARO,19.5,14,MARIA ESTHER NAVA,33 2184 5609,NAC-01,,0975,253,34.9,50,126.5,,9.84,1.57,10.42,21.83,4.93,55.36,346,291
LGVTM469,NACIMIENTO DORADO CHICO,148,78.45,ARTESANIAS,LGVTM469,JORVINA ARTICULOS RELEGIOSOS,YURECUARO,10,8,MARIA ESTHER NAVA,33 2184 5609,NAD-02,,0976,91,12.55,50,45.5,,5.14,0.82,5.45,11.41,2.58,20.4,128,72
LGVTM470,NACIMIENTO PLATA CHICO,137,72.41,ARTESANIAS,LGVTM470,JORVINA ARTICULOS RELEGIOSOS,YURECUARO,10,8,MARIA ESTHER NAVA,33 2184 5609,NAP-02,,0977,84,11.59,50,42,,4.94,0.79,5.23,10.96,2.47,18.89,118,63
LGVTM471,NACIMIENTO COMBINADO CHICO,148,78.45,ARTESANIAS,LGVTM471,JORVINA ARTICULOS RELEGIOSOS,YURECUARO,10,8,MARIA ESTHER NAVA,33 2184 5609,NAC-02,,0978,91,12.55,50,45.5,,5.14,0.82,5.45,11.41,2.58,20.4,128,72
LGVTM472,NACIMIENTO REYES DORADO,195,104.31,ARTESANIAS,LGVTM472,JORVINA ARTICULOS RELEGIOSOS,YURECUARO,8,9.5,MARIA ESTHER NAVA,33 2184 5609,NAR-D,,0979,121,16.69,50,60.5,,6.01,0.96,6.37,13.34,3.01,26.87,168,113
LGVTM473,NACIMIENTO REYES PLATA,181,96.55,ARTESANIAS,LGVTM473,JORVINA ARTICULOS RELEGIOSOS,YURECUARO,8,9.5,MARIA ESTHER NAVA,33 2184 5609,NAR-P,,0980,112,15.45,50,56,,5.75,0.92,6.09,12.76,2.88,24.93,156,101
LGVTM474,CRUZ NAVIDAD GRABADA EN MADERA MOD. A,123,64.66,ARTESANIAS,LGVTM474,JORVINA ARTICULOS RELEGIOSOS,YURECUARO,,,MARIA ESTHER NAVA,33 2184 5609,CNGA,,0981,75,10.34,50,37.5,,4.68,0.75,4.96,10.38,2.34,16.95,106,51
LGVTM475,CRUZ NAVIDAD GRABADA EN MADERA MOD. B,123,64.66,ARTESANIAS,LGVTM475,JORVINA ARTICULOS RELEGIOSOS,YURECUARO,,,MARIA ESTHER NAVA,33 2184 5609,CNGB,,0982,75,10.34,50,37.5,,4.68,0.75,4.96,10.38,2.34,16.95,106,51
LGVTM476,PORTA CIRIO ANGELES DORADO,889,487.07,ARTESANIAS,LGVTM476,JORVINA ARTICULOS RELEGIOSOS,YURECUARO,,,MARIA ESTHER NAVA,33 2184 5609,PCA,,0983,565,77.93,50,282.5,,18.89,3.02,19.99,41.89,9.46,122.68,767,712
LGVTM477,PORTA CIRIOS MADONA CAMAFEO DORADO,889,487.07,ARTESANIAS,LGVTM477,JORVINA ARTICULOS RELEGIOSOS,YURECUARO,,,MARIA ESTHER NAVA,33 2184 5609,PCMD,,0984,565,77.93,50,282.5,,18.89,3.02,19.99,41.89,9.46,122.68,767,712
LGVTM478,PORTA CIRIO PAN Y VINO PLATA,858,469.83,ARTESANIAS,LGVTM478,JORVINA ARTICULOS RELEGIOSOS,YURECUARO,,,MARIA ESTHER NAVA,33 2184 5609,PCPV,,0985,545,75.17,50,272.5,,18.31,2.93,19.37,40.61,9.17,118.36,740,685
LGVTM479,PORTA CIRIO ANGELES MOÑO PLATA,858,469.83,ARTESANIAS,LGVTM479,JORVINA ARTICULOS RELEGIOSOS,YURECUARO,,,MARIA ESTHER NAVA,33 2184 5609,PCAM,,0986,545,75.17,50,272.5,,18.31,2.93,19.37,40.61,9.17,118.36,740,685
LGVTM480,CUADRO MADONA CONVINADA C/BASE,442,240.52,ARTESANIAS,LGVTM480,JORVINA ARTICULOS RELEGIOSOS,YURECUARO,,,MARIA ESTHER NAVA,33 2184 5609,CM-BC,,0987,279,38.48,50,139.5,,10.59,1.69,11.22,23.5,5.31,60.97,381,326
LGVTM481,CUADRO SAGRADA FAMILIA CONV. C/BASE,577,314.66,ARTESANIAS,LGVTM481,JORVINA ARTICULOS RELEGIOSOS,YURECUARO,,,MARIA ESTHER NAVA,33 2184 5609,CSF-BC,,0988,365,50.34,50,182.5,,13.09,2.09,13.85,29.03,6.56,79.52,497,442
LGVTM482,OVALO SAGRADA FAMILIA ORO Y PLATA,442,240.52,ARTESANIAS,LGVTM482,JORVINA ARTICULOS RELEGIOSOS,YURECUARO,,,MARIA ESTHER NAVA,33 2184 5609,OSF-C,,0989,279,38.48,50,139.5,,10.59,1.69,11.22,23.5,5.31,60.97,381,326
LGVTM483,OVALO  MADONA ORANDO ORO Y PLATA,442,240.52,ARTESANIAS,LGVTM483,JORVINA ARTICULOS RELEGIOSOS,YURECUARO,,,MARIA ESTHER NAVA,33 2184 5609,OMO-C,,0990,279,38.48,50,139.5,,10.59,1.69,11.22,23.5,5.31,60.97,381,326
LGVTM484,OVALO ANGELES C/ BASE ORO Y PLATA,442,240.52,ARTESANIAS,LGVTM484,JORVINA ARTICULOS RELEGIOSOS,YURECUARO,,,MARIA ESTHER NAVA,33 2184 5609,OA-BC,,0991,279,38.48,50,139.5,,10.59,1.69,11.22,23.5,5.31,60.97,381,326
LGVTM485,OVALO ANGELES  ORO Y PLATA,442,240.52,ARTESANIAS,LGVTM485,JORVINA ARTICULOS RELEGIOSOS,YURECUARO,,,MARIA ESTHER NAVA,33 2184 5609,OA-C,,0992,279,38.48,50,139.5,,10.59,1.69,11.22,23.5,5.31,60.97,381,326
LGVTM486,"ACRILICO, CUADROS Y DISTINTIVOS",0,0,0,LGVTM486,0,0,,,0,0,,,0993,,0,0,,,2.5,,,,0,0,0,0
LGVTM487,CUADRO VIRGEN GUADALUPE,473,257.76,ARTESANIAS,LGVTM487,JORVINA ARTICULOS RELEGIOSOS,YURECUARO,,,MARIA ESTHER NAVA,33 2184 5609,C-VG,,0994,299,41.24,50,149.5,,11.17,1.79,11.83,24.79,5.6,65.28,408,353
LGVTM488,CUADRO VIRGEN GUADALUPE ARO DORADO,550,300,ARTESANIAS,LGVTM488,JORVINA ARTICULOS RELEGIOSOS,YURECUARO,,,MARIA ESTHER NAVA,33 2184 5609,C-VGAD,,0995,348,48,50,174,,12.59,2.01,13.33,27.94,6.31,75.85,474,419
LGVTM489,CUADRO ANGEL PALOMA,473,257.76,ARTESANIAS,LGVTM489,JORVINA ARTICULOS RELEGIOSOS,YURECUARO,,,MARIA ESTHER NAVA,33 2184 5609,C-AP,,0996,299,41.24,50,149.5,,11.17,1.79,11.83,24.79,5.6,65.28,408,353
LGVTM490,CUADRO CALIZ DORADO,550,300,ARTESANIAS,LGVTM490,JORVINA ARTICULOS RELEGIOSOS,YURECUARO,,,MARIA ESTHER NAVA,33 2184 5609,C-CA,,0997,348,48,50,174,,12.59,2.01,13.33,27.94,6.31,75.85,474,419
LGVTM491,CUADRO ANGEL PUENTE PLATA,550,300,ARTESANIAS,LGVTM491,JORVINA ARTICULOS RELEGIOSOS,YURECUARO,,,MARIA ESTHER NAVA,33 2184 5609,C-APT,,0998,348,48,50,174,,12.59,2.01,13.33,27.94,6.31,75.85,474,419
LGVTM492,CUADRO MARIPOSA DORADA,550,300,ARTESANIAS,LGVTM492,JORVINA ARTICULOS RELEGIOSOS,YURECUARO,,,MARIA ESTHER NAVA,33 2184 5609,C-MD,,0999,348,48,50,174,,12.59,2.01,13.33,27.94,6.31,75.85,474,419
LGVTM493,CUADRO MEDALLA SAN BENITO DORAD,550,300,ARTESANIAS,LGVTM493,JORVINA ARTICULOS RELEGIOSOS,YURECUARO,,,MARIA ESTHER NAVA,33 2184 5609,C-MSBD,,1000,348,48,50,174,,12.59,2.01,13.33,27.94,6.31,75.85,474,419
LGVTM494,CUADRO MEDALLA SAN BENITO PLATA,550,300,ARTESANIAS,LGVTM494,JORVINA ARTICULOS RELEGIOSOS,YURECUARO,,,MARIA ESTHER NAVA,33 2184 5609,C-MSBP,,1001,348,48,50,174,,12.59,2.01,13.33,27.94,6.31,75.85,474,419
LGVTM495,CUADRO SAN DAMIAN,875,479.31,ARTESANIAS,LGVTM495,JORVINA ARTICULOS RELEGIOSOS,YURECUARO,,,MARIA ESTHER NAVA,33 2184 5609,C-SDM,,1002,556,76.69,50,278,,18.62,2.98,19.71,41.32,9.33,120.73,755,699
LGVTM496,CUADRO SAN JUDAS TADEO,968,530.17,ARTESANIAS,LGVTM496,JORVINA ARTICULOS RELEGIOSOS,YURECUARO,,,MARIA ESTHER NAVA,33 2184 5609,C-JT,,1003,615,84.83,50,307.5,,20.34,3.25,21.52,45.11,10.19,133.46,834,779
LGVTM497,CUADRO MADONA C/FLORES MARCO PERLAS,1051,575.86,ARTESANIAS,LGVTM497,JORVINA ARTICULOS RELEGIOSOS,YURECUARO,,,MARIA ESTHER NAVA,33 2184 5609,C-MFP,,1004,668,92.14,50,334,,21.87,3.5,23.15,48.52,10.96,144.9,906,850
LGVTM498,CUADRO ES NIÑO DORADO,885,484.48,ARTESANIAS,LGVTM498,JORVINA ARTICULOS RELEGIOSOS,YURECUARO,,,MARIA ESTHER NAVA,33 2184 5609,C-NOD,,1005,562,77.52,50,281,,18.8,3.01,19.9,41.7,9.42,122.03,763,708
LGVTM499,CUADRO ES NIÑA DORADO,885,484.48,ARTESANIAS,LGVTM499,JORVINA ARTICULOS RELEGIOSOS,YURECUARO,,,MARIA ESTHER NAVA,33 2184 5609,C-NAD,,1006,562,77.52,50,281,,18.8,3.01,19.9,41.7,9.42,122.03,763,708
LGVTM500,CUADRO OVALO SAGRADA FAMILIA DOR. C/FLOR,1091,598.28,ARTESANIAS,LGVTM500,JORVINA ARTICULOS RELEGIOSOS,YURECUARO,,,MARIA ESTHER NAVA,33 2184 5609,C-0SFD,,1007,694,95.72,50,347,,22.63,3.62,23.94,50.19,11.33,150.51,941,886
LGVTM501,CUADRO ARO MADONA C/NIÑO CON SWAROSKY,550,300,ARTESANIAS,LGVTM501,JORVINA ARTICULOS RELEGIOSOS,YURECUARO,,,MARIA ESTHER NAVA,33 2184 5609,C-AMN,,1008,348,48,50,174,,12.59,2.01,13.33,27.94,6.31,75.85,474,419
LGVTM502,CUADRO ANGEL LUNA,550,300,ARTESANIAS,LGVTM502,JORVINA ARTICULOS RELEGIOSOS,YURECUARO,,,MARIA ESTHER NAVA,33 2184 5609,C-AL,,1009,348,48,50,174,,12.59,2.01,13.33,27.94,6.31,75.85,474,419
LGVTM503,CUADRO QUERUBIN FLORES,550,300,ARTESANIAS,LGVTM503,JORVINA ARTICULOS RELEGIOSOS,YURECUARO,,,MARIA ESTHER NAVA,33 2184 5609,C-QF,,1010,348,48,50,174,,12.59,2.01,13.33,27.94,6.31,75.85,474,419
LGVTM504,CUADRO ESPIRITU SANTO,550,300,ARTESANIAS,LGVTM504,JORVINA ARTICULOS RELEGIOSOS,YURECUARO,,,MARIA ESTHER NAVA,33 2184 5609,C-EP,,1011,348,48,50,174,,12.59,2.01,13.33,27.94,6.31,75.85,474,419
LGVTM505,DISTINTIVO SAN BENITO DORADO,195,104.31,ARTESANIAS,LGVTM505,JORVINA ARTICULOS RELEGIOSOS,YURECUARO,,,MARIA ESTHER NAVA,33 2184 5609,DSBD,,1012,121,16.69,50,60.5,,6.01,0.96,6.37,13.34,3.01,26.87,168,113
LGVTM506,DISTINTIVO SAN BENITO PLATA,192,102.59,ARTESANIAS,LGVTM506,JORVINA ARTICULOS RELEGIOSOS,YURECUARO,,,MARIA ESTHER NAVA,33 2184 5609,DSBP,,1013,119,16.41,50,59.5,,5.95,0.95,6.31,13.21,2.98,26.44,165,110
LGVTM507,DISTINTIVO SAN BENITO DORADO,175,93.1,ARTESANIAS,LGVTM507,JORVINA ARTICULOS RELEGIOSOS,YURECUARO,,,MARIA ESTHER NAVA,33 2184 5609,D-SBD,,1014,108,14.9,50,54,,5.63,0.9,5.97,12.5,2.82,24.07,150,95
LGVTM508,DISTINTIVO SAN BENITO PLATA,160,85.34,ARTESANIAS,LGVTM508,JORVINA ARTICULOS RELEGIOSOS,YURECUARO,,,MARIA ESTHER NAVA,33 2184 5609,D-SBP,,1015,99,13.66,50,49.5,,5.37,0.86,5.69,11.92,2.69,22.13,138,83
LGVTM509,DISTINTIVO CRUZ CALIZ DORADO,175,93.1,ARTESANIAS,LGVTM509,JORVINA ARTICULOS RELEGIOSOS,YURECUARO,,,MARIA ESTHER NAVA,33 2184 5609,D-CCD,,1016,108,14.9,50,54,,5.63,0.9,5.97,12.5,2.82,24.07,150,95
LGVTM510,DISTINTIVO CRUZ CALIZ PLATA,160,85.34,ARTESANIAS,LGVTM510,JORVINA ARTICULOS RELEGIOSOS,YURECUARO,,,MARIA ESTHER NAVA,33 2184 5609,D-CCP,,1017,99,13.66,50,49.5,,5.37,0.86,5.69,11.92,2.69,22.13,138,83
LGVTM511,DISTINTIVO MADONA CAMAFEO DORADO,175,93.1,ARTESANIAS,LGVTM511,JORVINA ARTICULOS RELEGIOSOS,YURECUARO,,,MARIA ESTHER NAVA,33 2184 5609,D-MCD,,1018,108,14.9,50,54,,5.63,0.9,5.97,12.5,2.82,24.07,150,95
LGVTM512,DISTINTIVO MADONA CAMAFEO PLATA,160,85.34,ARTESANIAS,LGVTM512,JORVINA ARTICULOS RELEGIOSOS,YURECUARO,,,MARIA ESTHER NAVA,33 2184 5609,D-MCP,,1019,99,13.66,50,49.5,,5.37,0.86,5.69,11.92,2.69,22.13,138,83
LGVTM513,DISTINTIVO BEBE DURMIENDO PLATA,160,85.34,ARTESANIAS,LGVTM513,JORVINA ARTICULOS RELEGIOSOS,YURECUARO,,,MARIA ESTHER NAVA,33 2184 5609,D-BDP,,1020,99,13.66,50,49.5,,5.37,0.86,5.69,11.92,2.69,22.13,138,83
LGVTM514,DISTINTIVO BEBE DURMIENDO DORADO,175,93.1,ARTESANIAS,LGVTM514,JORVINA ARTICULOS RELEGIOSOS,YURECUARO,,,MARIA ESTHER NAVA,33 2184 5609,D-BDD,,1021,108,14.9,50,54,,5.63,0.9,5.97,12.5,2.82,24.07,150,95
LGVTM515,DISTINTIVO CALIZ DORADO,175,93.1,ARTESANIAS,LGVTM515,JORVINA ARTICULOS RELEGIOSOS,YURECUARO,,,MARIA ESTHER NAVA,33 2184 5609,D-CD,,1022,108,14.9,50,54,,5.63,0.9,5.97,12.5,2.82,24.07,150,95
LGVTM516,DISTINTIVO CALIZ PLATA,160,85.34,ARTESANIAS,LGVTM516,JORVINA ARTICULOS RELEGIOSOS,YURECUARO,,,MARIA ESTHER NAVA,33 2184 5609,D-CP,,1023,99,13.66,50,49.5,,5.37,0.86,5.69,11.92,2.69,22.13,138,83
LGVTM517,DISTINTIVO ANGEL PENSANDO DORADO,175,93.1,ARTESANIAS,LGVTM517,JORVINA ARTICULOS RELEGIOSOS,YURECUARO,,,MARIA ESTHER NAVA,33 2184 5609,D-APD,,1024,108,14.9,50,54,,5.63,0.9,5.97,12.5,2.82,24.07,150,95
LGVTM518,DISTINTIVO ANGEL PENSANDO PLATA,160,85.34,ARTESANIAS,LGVTM518,JORVINA ARTICULOS RELEGIOSOS,YURECUARO,,,MARIA ESTHER NAVA,33 2184 5609,D-APP,,1025,99,13.66,50,49.5,,5.37,0.86,5.69,11.92,2.69,22.13,138,83
LGVTM519,DISTINTIVO PAN Y VINO DORADO,175,93.1,ARTESANIAS,LGVTM519,JORVINA ARTICULOS RELEGIOSOS,YURECUARO,,,MARIA ESTHER NAVA,33 2184 5609,D-PVD,,1026,108,14.9,50,54,,5.63,0.9,5.97,12.5,2.82,24.07,150,95
LGVTM520,DISTINTIVO PAN Y VINO PLATA,160,85.34,ARTESANIAS,LGVTM520,JORVINA ARTICULOS RELEGIOSOS,YURECUARO,,,MARIA ESTHER NAVA,33 2184 5609,D-PVP,,1027,99,13.66,50,49.5,,5.37,0.86,5.69,11.92,2.69,22.13,138,83
LGVTM521,DISTINTIVO SILUETA ANGEL PLATA,160,85.34,ARTESANIAS,LGVTM521,JORVINA ARTICULOS RELEGIOSOS,YURECUARO,,,MARIA ESTHER NAVA,33 2184 5609,D-ASP,,1028,99,13.66,50,49.5,,5.37,0.86,5.69,11.92,2.69,22.13,138,83
LGVTM522,DISTINTIVO SILUETA ANGEL DORADO,175,93.1,ARTESANIAS,LGVTM522,JORVINA ARTICULOS RELEGIOSOS,YURECUARO,,,MARIA ESTHER NAVA,33 2184 5609,D-ASD,,1029,108,14.9,50,54,,5.63,0.9,5.97,12.5,2.82,24.07,150,95
LGVTM523,DISTINTIVO MADONA CON NIÑO PLATA,160,85.34,ARTESANIAS,LGVTM523,JORVINA ARTICULOS RELEGIOSOS,YURECUARO,,,MARIA ESTHER NAVA,33 2184 5609,D-MNP,,1030,99,13.66,50,49.5,,5.37,0.86,5.69,11.92,2.69,22.13,138,83
LGVTM524,CRUZ ACRILICO CHOCOLATE  DOBLE PLATA,777,425,ARTESANIAS,LGVTM524,JORVINA ARTICULOS RELEGIOSOS,YURECUARO,,,MARIA ESTHER NAVA,33 2184 5609,CV-01P,,1031,493,68,50,246.5,,16.8,2.69,17.78,37.26,8.41,107.14,670,614
LGVTM525,CRUZ ACRILICO AZUL DOBLE DORADA,789,431.9,ARTESANIAS,LGVTM525,JORVINA ARTICULOS RELEGIOSOS,YURECUARO,,,MARIA ESTHER NAVA,33 2184 5609,CV-01-D,,1032,501,69.1,50,250.5,,17.03,2.72,18.03,37.78,8.53,108.87,680,625
LGVTM526,CRUZ ACRILICO ROJO CUERPO PLATA,777,425,ARTESANIAS,LGVTM526,JORVINA ARTICULOS RELEGIOSOS,YURECUARO,,,MARIA ESTHER NAVA,33 2184 5609,CV-02P,,1033,493,68,50,246.5,,16.8,2.69,17.78,37.26,8.41,107.14,670,614
LGVTM527,CRUZ ACRILICO OCRE CUERPO DORADO,789,431.9,ARTESANIAS,LGVTM527,JORVINA ARTICULOS RELEGIOSOS,YURECUARO,,,MARIA ESTHER NAVA,33 2184 5609,CV-02D,,1034,501,69.1,50,250.5,,17.03,2.72,18.03,37.78,8.53,108.87,680,625
LGVTM528,CRUZ ACRILICO OCRE ESPIRITU SANTO PLATA,720,393.97,ARTESANIAS,LGVTM528,JORVINA ARTICULOS RELEGIOSOS,YURECUARO,,,MARIA ESTHER NAVA,33 2184 5609,CV-03P,,1035,457,63.03,50,228.5,,15.75,2.52,16.68,34.95,7.89,99.37,621,566
LGVTM529,CRUZ ACRILICO ROJO ESPIRITU SANTO DORA,742,406.03,ARTESANIAS,LGVTM529,JORVINA ARTICULOS RELEGIOSOS,YURECUARO,,,MARIA ESTHER NAVA,33 2184 5609,CV-03D,,1036,471,64.97,50,235.5,,16.16,2.59,17.1,35.85,8.09,102.39,640,585
LGVTM530,CRUZ ACRILICO OCRE Y MAD. FILIGRANA PLA,680,371.55,ARTESANIAS,LGVTM530,JORVINA ARTICULOS RELEGIOSOS,YURECUARO,,,MARIA ESTHER NAVA,33 2184 5609,CV-04-P,,1037,431,59.45,50,215.5,,15,2.4,15.88,33.28,7.51,93.76,586,531
LGVTM531,CRUZ ACRILICO ROJO Y MAD. FILIGRANA DOR.,706,386.21,ARTESANIAS,LGVTM531,JORVINA ARTICULOS RELEGIOSOS,YURECUARO,,,MARIA ESTHER NAVA,33 2184 5609,CV-04-D,,1038,448,61.79,50,224,,15.49,2.48,16.4,34.37,7.76,97.43,609,554
LGVTM532,CRUZ ACRILICO VERDE Y MAD. FILIG. PLA.,777,425,ARTESANIAS,LGVTM532,JORVINA ARTICULOS RELEGIOSOS,YURECUARO,,,MARIA ESTHER NAVA,33 2184 5609,CV-05P,,1039,493,68,50,246.5,,16.8,2.69,17.78,37.26,8.41,107.14,670,614
LGVTM533,CRUZ ACRILICO MORADO Y MAD. FILIGR. DOR.,789,431.9,ARTESANIAS,LGVTM533,JORVINA ARTICULOS RELEGIOSOS,YURECUARO,,,MARIA ESTHER NAVA,33 2184 5609,CV-05D,,1040,501,69.1,50,250.5,,17.03,2.72,18.03,37.78,8.53,108.87,680,625
LGVTM534,CRUZ ACRILICO AZUL Y MADERA C/CUER.PLA,749,409.48,ARTESANIAS,LGVTM534,JORVINA ARTICULOS RELEGIOSOS,YURECUARO,,,MARIA ESTHER NAVA,33 2184 5609,CV-06P,,1041,475,65.52,50,237.5,,16.28,2.6,17.23,36.11,8.15,103.26,645,590
LGVTM535,"CRUZ ACRILICO CHOCO. Y MAD. C/CUER, DOR",761,416.38,ARTESANIAS,LGVTM535,JORVINA ARTICULOS RELEGIOSOS,YURECUARO,,,MARIA ESTHER NAVA,33 2184 5609,CV-06D,,1042,483,66.62,50,241.5,,16.51,2.64,17.47,36.62,8.27,104.98,656,601
LGVTM536,CRUZ ACRILICO AZUL MED. S/BENITO PLATA,1790,983.62,ARTESANIAS,LGVTM536,JORVINA ARTICULOS RELEGIOSOS,YURECUARO,,,MARIA ESTHER NAVA,33 2184 5609,CV-07P,,1043,1141,157.38,50,570.5,,35.59,5.69,37.66,78.94,17.82,246.96,1543,1488
LGVTM537,CRUZ ACRILICO ROJO MED.S/BENITO DORADA,1790,983.62,ARTESANIAS,LGVTM537,JORVINA ARTICULOS RELEGIOSOS,YURECUARO,,,MARIA ESTHER NAVA,33 2184 5609,CV-07-D,,1044,1141,157.38,50,570.5,,35.59,5.69,37.66,78.94,17.82,246.96,1543,1488
LGVTM538,CRUZ ACRILICO OCRE MED.S/BENITO CONVIN,1790,983.62,ARTESANIAS,LGVTM538,JORVINA ARTICULOS RELEGIOSOS,YURECUARO,,,MARIA ESTHER NAVA,33 2184 5609,CV-07C,,1045,1141,157.38,50,570.5,,35.59,5.69,37.66,78.94,17.82,246.96,1543,1488
LGVTM539,CRUZ ACRILICO OCRE MED.S/BENITO C/BASE,473,257.76,ARTESANIAS,LGVTM539,JORVINA ARTICULOS RELEGIOSOS,YURECUARO,,,MARIA ESTHER NAVA,33 2184 5609,CV-08D,,1046,299,41.24,50,149.5,,11.17,1.79,11.83,24.79,5.6,65.28,408,353
LGVTM540,MODELOS NUEVOS,0,0,0,LGVTM540,0,0,,,0,0,,,1047,,0,0,,,2.5,,,,0,0,0,0
LGVTM541,CUADRO ROMBO VIRGEN GUADALUPE CAFÉ,417,226.72,ARTESANIAS,LGVTM541,JORVINA ARTICULOS RELEGIOSOS,YURECUARO,36,30,MARIA ESTHER NAVA,33 2184 5609,CROVG-C,,1048,263,36.28,50,131.5,,10.13,1.62,10.72,22.47,5.07,57.51,359,304
LGVTM542,CUADRO ROMBO VIRGEN GUADALUPE BEIGE,417,226.72,ARTESANIAS,LGVTM542,JORVINA ARTICULOS RELEGIOSOS,YURECUARO,36,30,MARIA ESTHER NAVA,33 2184 5609,CROVG-B,,1049,263,36.28,50,131.5,,10.13,1.62,10.72,22.47,5.07,57.51,359,304
LGVTM543,CRUZ ORACION SAN BENITO,112,58.62,ARTESANIAS,LGVTM543,JORVINA ARTICULOS RELEGIOSOS,YURECUARO,21,13,MARIA ESTHER NAVA,33 2184 5609,COSB,,1050,68,9.38,50,34,,4.47,0.72,4.74,9.93,2.24,15.44,96,41
LGVTM544,PLATO RESACADO MADERA ESPIRITU SANTO DORADO,206,110.34,ARTESANIAS,LGVTM544,JORVINA ARTICULOS RELEGIOSOS,YURECUARO,13,13,MARIA ESTHER NAVA,33 2184 5609,PRM-ESD,,1051,128,17.66,50,64,,6.21,0.99,6.58,13.79,3.11,28.38,177,122
LGVTM545,PLATO RESACADO MADERA ESPIRITU SANTO PLATA,193,103.45,ARTESANIAS,LGVTM545,JORVINA ARTICULOS RELEGIOSOS,YURECUARO,13,13,MARIA ESTHER NAVA,33 2184 5609,PRM-ESP,,1052,120,16.55,50,60,,5.98,0.96,6.34,13.28,3,26.66,167,111
LGVTM546,PLATO RESACADO MADERA ANGEL QUERUBIN DORADO,232,125,ARTESANIAS,LGVTM546,JORVINA ARTICULOS RELEGIOSOS,YURECUARO,13,13,MARIA ESTHER NAVA,33 2184 5609,PRM-AQD,,1053,145,20,50,72.5,,6.71,1.07,7.11,14.88,3.36,32.05,200,145
LGVTM547,PLATO RESACADO MADERA VIRGEN GUADALUPE DORADO,232,125,ARTESANIAS,LGVTM547,JORVINA ARTICULOS RELEGIOSOS,YURECUARO,13,13,MARIA ESTHER NAVA,33 2184 5609,PRM-VGD,,1054,145,20,50,72.5,,6.71,1.07,7.11,14.88,3.36,32.05,200,145
LGVTM548,PLATO RESACADO MADERA MADONA CON NIÑO DORADA,232,125,ARTESANIAS,LGVTM548,JORVINA ARTICULOS RELEGIOSOS,YURECUARO,13,13,MARIA ESTHER NAVA,33 2184 5609,PRM-MND,,1055,145,20,50,72.5,,6.71,1.07,7.11,14.88,3.36,32.05,200,145
LGVTM549,NACIMIENTO PORTAL,444,241.38,ARTESANIAS,LGVTM549,JORVINA ARTICULOS RELEGIOSOS,YURECUARO,13,17,MARIA ESTHER NAVA,33 2184 5609,NPO-01,,1056,280,38.62,50,140,,10.62,1.7,11.25,23.57,5.32,61.18,382,327
LGVTM550,CRUZ DOBLE SAGRADA FAMILIA DORADA,459,250,ARTESANIAS,LGVTM550,JORVINA ARTICULOS RELEGIOSOS,YURECUARO,34,23,MARIA ESTHER NAVA,33 2184 5609,CDSF-D,,1057,290,40,50,145,,10.91,1.75,11.55,24.21,5.47,63.34,396,341
LGVTM551,CRUZ NACIMIENTO DORADA,1881,1033.62,ARTESANIAS,LGVTM551,JORVINA ARTICULOS RELEGIOSOS,YURECUARO,45,32,MARIA ESTHER NAVA,33 2184 5609,CNA-D,,1058,1199,165.38,50,599.5,,37.27,5.96,39.43,82.67,18.67,259.47,1622,1567
LGVTM552,CRUZ NACIMIENTO PLATA,1803,990.52,ARTESANIAS,LGVTM552,JORVINA ARTICULOS RELEGIOSOS,YURECUARO,30,19.5,MARIA ESTHER NAVA,33 2184 5609,CNA-P,,1059,1149,158.48,50,574.5,,35.82,5.73,37.9,79.45,17.94,248.68,1554,1499
LGVTM553,CRUZ MADERA TALLADA ROSTRO DE JESUS,490,267.24,ARTESANIAS,LGVTM553,JORVINA ARTICULOS RELEGIOSOS,YURECUARO,30,19.5,MARIA ESTHER NAVA,33 2184 5609,CMT-RJ,,1060,310,42.76,50,155,,11.49,1.84,12.17,25.49,5.76,67.65,423,368
LGVTM554,CRUZ DECORATIVA RUSTICA MADERA ALUMIN IO,553,301.72,ARTESANIAS,LGVTM554,JORVINA ARTICULOS RELEGIOSOS,YURECUARO,30,19.5,MARIA ESTHER NAVA,33 2184 5609,CDR-MA,,1061,350,48.28,50,175,,12.65,2.02,13.39,28.07,6.34,76.29,477,422
LGVTM555,CRUZ MURANO MADERA DORADA,334,181.03,ARTESANIAS,LGVTM555,JORVINA ARTICULOS RELEGIOSOS,YURECUARO,28,18,MARIA ESTHER NAVA,33 2184 5609,CMUM-D,,1062,210,28.97,50,105,,8.59,1.37,9.1,19.06,4.3,46.08,288,233
LGVTM556,CRUZ MURANO MADERA PLATA,334,181.03,ARTESANIAS,LGVTM556,JORVINA ARTICULOS RELEGIOSOS,YURECUARO,28,18,MARIA ESTHER NAVA,33 2184 5609,CMUM-P,,1063,210,28.97,50,105,,8.59,1.37,9.1,19.06,4.3,46.08,288,233
LGVTM557,CRUZ MADERA ROSA,295,159.48,ARTESANIAS,LGVTM557,JORVINA ARTICULOS RELEGIOSOS,YURECUARO,33,27,MARIA ESTHER NAVA,33 2184 5609,CMR,,1064,185,25.52,50,92.5,,7.87,1.26,8.33,17.46,3.94,40.68,254,199
LGVTM558,CRUZ CORAZON SAGRADO,397,215.52,ARTESANIAS,LGVTM558,JORVINA ARTICULOS RELEGIOSOS,YURECUARO,32,21,MARIA ESTHER NAVA,33 2184 5609,CCS,,1065,250,34.48,50,125,,9.75,1.56,10.33,21.64,4.89,54.71,342,287
LGVTM559,ENRAMADA MUERTOS MOD. 2 DE 1/2 PAPEL CHINA,280,137.93,PAPEL PICADO,LGVTM559,PAPEL PICADO A LA MEXICANA,PUEBLA,,,-----,24 9150 6743,CCS,,1066,160,22.07,65,104,,7.14,1.14,8.05,16.33,3.69,38.67,242,186
LGVTM560,JORONGO DE SARAPE PARA PERRO TALLA 0,244,175,ARTESANIAS,LGVTM560,STOCK,STOCK,,,OEPM SHOP,44 7116 3750,CCS,,1067,175,28,30,52.5,,7.58,1.21,7.33,16.11,3.64,33.6,210,155
LGVTM561,JORONGO DE SARAPE PARA PERRO TALLA 1,278,200,ARTESANIAS,LGVTM561,STOCK,STOCK,,,OEPM SHOP,44 7116 3750,CCS,,1068,200,32,30,60,,8.3,1.33,7.99,17.62,3.98,38.29,239,184
LGVTM562,JORONGO DE SARAPE PARA PERRO TALLA 2,312,225,ARTESANIAS,LGVTM562,STOCK,STOCK,,,OEPM SHOP,44 7116 3750,CCS,,1069,225,36,30,67.5,,9.03,1.44,8.66,19.13,4.32,42.98,269,213
LGVTM563,JORONGO DE SARAPE PARA PERRO TALLA 3,346,250,ARTESANIAS,LGVTM563,STOCK,STOCK,,,OEPM SHOP,44 7116 3750,CCS,,1070,250,40,30,75,,9.75,1.56,9.33,20.64,4.66,47.67,298,243
LGVTM564,JORONGO DE SARAPE PARA PERRO TALLA 4,380,275,ARTESANIAS,LGVTM564,STOCK,STOCK,,,OEPM SHOP,44 7116 3750,CCS,,1071,275,44,30,82.5,,10.48,1.68,9.99,22.14,5,52.36,327,272
LGVTM565,JORONGO DE SARAPE PARA PERRO TALLA 5,414,300,ARTESANIAS,LGVTM565,STOCK,STOCK,,,OEPM SHOP,44 7116 3750,CCS,,1072,300,48,30,90,,11.2,1.79,10.66,23.65,5.34,57.06,357,301
LGVTM566,JORONGO DE SARAPE PARA PERRO TALLA 6,448,325,ARTESANIAS,LGVTM566,STOCK,STOCK,,,OEPM SHOP,44 7116 3750,CCS,,1073,325,52,30,97.5,,11.93,1.91,11.33,25.16,5.68,61.75,386,331
LGVTM567,JORONGO DE SARAPE PARA PERRO TALLA 7,482,350,ARTESANIAS,LGVTM567,STOCK,STOCK,,,OEPM SHOP,44 7116 3750,CCS,,1074,350,56,30,105,,12.65,2.02,11.99,26.67,6.02,66.44,415,360
LGVTM568,JORONGO DE SALTILLO PARA PERRO TALLA 0,278,200,ARTESANIAS,LGVTM568,STOCK,STOCK,,,OEPM SHOP,44 7116 3750,CCS,,1075,200,32,30,60,,8.3,1.33,7.99,17.62,3.98,38.29,239,184
LGVTM569,JORONGO DE SALTILLO PARA PERRO TALLA 1,312,225,ARTESANIAS,LGVTM569,STOCK,STOCK,,,OEPM SHOP,44 7116 3750,CCS,,1076,225,36,30,67.5,,9.03,1.44,8.66,19.13,4.32,42.98,269,213
LGVTM570,JORONGO DE SALTILLO PARA PERRO TALLA 2,346,250,ARTESANIAS,LGVTM570,STOCK,STOCK,,,OEPM SHOP,44 7116 3750,CCS,,1077,250,40,30,75,,9.75,1.56,9.33,20.64,4.66,47.67,298,243
LGVTM571,JORONGO DE SALTILLO PARA PERRO TALLA 3,380,275,ARTESANIAS,LGVTM571,STOCK,STOCK,,,OEPM SHOP,44 7116 3750,CCS,,1078,275,44,30,82.5,,10.48,1.68,9.99,22.14,5,52.36,327,272
LGVTM572,JORONGO DE SALTILLO PARA PERRO TALLA 4,414,300,ARTESANIAS,LGVTM572,STOCK,STOCK,,,OEPM SHOP,44 7116 3750,CCS,,1079,300,48,30,90,,11.2,1.79,10.66,23.65,5.34,57.06,357,301
LGVTM573,JORONGO DE SALTILLO PARA PERRO TALLA 5,448,325,ARTESANIAS,LGVTM573,STOCK,STOCK,,,OEPM SHOP,44 7116 3750,CCS,,1080,325,52,30,97.5,,11.93,1.91,11.33,25.16,5.68,61.75,386,331
LGVTM574,JORONGO DE SALTILLO PARA PERRO TALLA 6,482,350,ARTESANIAS,LGVTM574,STOCK,STOCK,,,OEPM SHOP,44 7116 3750,CCS,,1081,350,56,30,105,,12.65,2.02,11.99,26.67,6.02,66.44,415,360
LGVTM575,JORONGO DE SALTILLO PARA PERRO TALLA 7,516,375,ARTESANIAS,LGVTM575,STOCK,STOCK,,,OEPM SHOP,44 7116 3750,CCS,,1082,375,60,30,112.5,,13.38,2.14,12.66,28.18,6.36,71.13,445,389
LGVTM576,,,,,LGVTM576,,,,,,,CCS,,1083,,,,,,,,,,,,,
LGVTM577,,,,,LGVTM577,,,,,,,CCS,,1084,,,,,,,,,,,,,
LGVTM578,,,,,LGVTM578,,,,,,,CCS,,1085,,,,,,,,,,,,,
LGVTM579,,,,,LGVTM579,,,,,,,CCS,,1086,,,,,,,,,,,,,
LGVTM580,,,,,LGVTM580,,,,,,,CCS,,1087,,,,,,,,,,,,,
LGVTM581,,,,,LGVTM581,,,,,,,CCS,,1088,,,,,,,,,,,,,
SINCODIGO-1105,,,,,,,,,,,,,,,,,,,,2.5,,,,,,,
SINCODIGO-1106,,,,,,,,,,,,,,,,,,,,2.5,,,,,,,
SINCODIGO-1107,,,,,,,,,,,,,,,,,,,,2.5,,,,,,,
SINCODIGO-1108,,,,,,,,,,,,,,,,,,,,2.5,,,,,,,
SINCODIGO-1109,,,,,,,,,,,,,,,,,,,,2.5,,,,,,,
SINCODIGO-1110,,,,,,,,,,,,,,,,,,,,2.5,,,,,,,
SINCODIGO-1111,,,,,,,,,,,,,,,,,,,,2.5,,,,,,,
SINCODIGO-1112,,,,,,,,,,,,,,,,,,,,2.5,,,,,,,
SINCODIGO-1113,,,,,,,,,,,,,,,,,,,,2.5,,,,,,,
SINCODIGO-1114,,,,,,,,,,,,,,,,,,,,2.5,,,,,,,
SINCODIGO-1115,,,,,,,,,,,,,,,,,,,,2.5,,,,,,,
SINCODIGO-1116,,,,,,,,,,,,,,,,,,,,2.5,,,,,,,