No.,ID Articulo,Codigo Fabricante,Nombre del Articulo,MEDIDAS ,Categoría,Proveedor,Ubicación,Teléfono,Contacto, Precio Compra Sin  IVA, IVA,Precio de Compra Con IVA (Neto),% a Ganar,Utilidad,Es compra Interna?,"Open Pay
(2.99% + 2.5)","IVA 
Open Pay",Comisión Tienda Nube,Total Comisiones,% Descuento En Pago Con Transferencia,Precio de Venta con IVA,,IVA a Desglozar,Precio de Vta. Sin IVA,Ganancia Real,,,,,,,,,Calcula ID,,,,,,,,,
0001,OL-DUR-DUL-0001,OL-DUR-DUL-0001,DURAZNO PRENSADO DE 1 KG. ,,DULCES TIPICOS Y ALIMENTOS,El Huerto,UCAREO,4434101030,Yadira Mendoza Soto, $ 139 , $ 26.40 , $ 165 ,45.00%, $ 74.25 ,, $ 7.29 , $ 1.17 , $ 7.55 , $ 16.00 ,3.14%,$255,,$35.21,$220,$81,,,,,,,,,OL,DUR,DUL,-,0001,,0,0,0,1
0002,OL-DUR-DUL-0002,OL-DUR-DUL-0002,DURAZNO PRENSADO DE 500 GR,,DULCES TIPICOS Y ALIMENTOS,El Huerto,UCAREO,4434101030,Yadira Mendoza Soto, $ 84 , $ 16.00 , $ 100.00 ,45.00%, $ 45.00 ,, $ 5.40 , $ 0.86 , $ 5.63 , $ 11.89 ,3.79%,$157,,$21.64,$135,$51,,,,,,,,,OL,DUR,DUL,-,0002,,0,0,0,2
0003,OL-DUR-DUL-0003,OL-DUR-DUL-0003,DURAZNO PRENSADO DE 150 GRS ,,DULCES TIPICOS Y ALIMENTOS,El Huerto,UCAREO,4434101030,Yadira Mendoza Soto, $ 29 , $ 5.60 , $ 35.00 ,45.00%, $ 15.75 ,, $ 3.52 , $ 0.56 , $ 3.70 , $ 7.77 ,6.64%,$59,,$8.07,$50,$21,,,,,,,,,OL,DUR,DUL,-,0003,,0,0,0,3
0004,OL-PER-DUL-0004,OL-PER-DUL-0004,PERA PRENSADA DE 500 GR,,DULCES TIPICOS Y ALIMENTOS,El Huerto,UCAREO,4434101030,Yadira Mendoza Soto, $ 80 , $ 15.20 , $ 95.00 ,45.00%, $ 42.75 ,, $ 5.26 , $ 0.84 , $ 5.48 , $ 11.57 ,3.88%,$149,,$20.60,$129,$49,,,,,,,,,OL,PER,DUL,-,0004,,0,0,0,4
0005,OL-DUR-DUL-0005,OL-DUR-DUL-0005,DURAZNO PRENSADO DE 150 GR CAJITA PET ,,DULCES TIPICOS Y ALIMENTOS,El Huerto,UCAREO,4434101030,Yadira Mendoza Soto, $ -   , $ -  .00 , $ -   ,0.00%, $ -   ,, $ 2.50 , $ 0.40 , $ 2.66 , $ 5.56 ,50.00%,$6,,$0.77,$5,$5,,,,,,,,,OL,DUR,DUL,-,0005,,0,0,0,5
0006,OL-PER-DUL-0006,OL-PER-DUL-0006,PERA PRENSADA DE 150 GR BOLSA,,DULCES TIPICOS Y ALIMENTOS,El Huerto,UCAREO,4434101030,Yadira Mendoza Soto, $ -   , $ -  .00 , $ -   ,0.00%, $ -   ,, $ 2.50 , $ 0.40 , $ 2.66 , $ 5.56 ,50.00%,$6,,$0.77,$5,$5,,,,,,,,,OL,PER,DUL,-,0006,,0,0,0,6
0007,OL-HIG-DUL-0007,OL-HIG-DUL-0007,HIGO PRENSADO 500 GR,,DULCES TIPICOS Y ALIMENTOS,El Huerto,UCAREO,4434101030,Yadira Mendoza Soto, $ 84 , $ 16.00 , $ 100.00 ,45.00%, $ 45.00 ,, $ 5.40 , $ 0.86 , $ 5.63 , $ 11.89 ,3.79%,$157,,$21.64,$135,$51,,,,,,,,,OL,HIG,DUL,-,0007,,0,0,0,7
0008,OL-BOC-DUL-0008,OL-BOC-DUL-0008,BOCADILLO DE CHOCOLATE CON HIGO Y DURAZNO DE 100G ,,DULCES TIPICOS Y ALIMENTOS,El Huerto,UCAREO,4434101030,Yadira Mendoza Soto, $ 42 , $ 8.00 , $ 50.00 ,45.00%, $ 22.50 ,, $ 3.95 , $ 0.63 , $ 4.14 , $ 8.72 ,5.37%,$81,,$11.20,$70,$28,,,,,,,,,OL,BOC,DUL,-,0008,,0,0,0,8
0009,OL-BOC-DUL-0009,OL-BOC-DUL-0009,BOCADILLO DE CHOCOLATE CON HIGO Y DURAZNO DE 500G,,DULCES TIPICOS Y ALIMENTOS,El Huerto,UCAREO,4434101030,Yadira Mendoza Soto, $ 176 , $ 33.60 , $ 210.00 ,45.00%, $ 94.50 ,, $ 8.59 , $ 1.37 , $ 8.89 , $ 18.85 ,2.92%,$323,,$44.60,$279,$102,,,,,,,,,OL,BOC,DUL,-,0009,,0,0,0,9
,,,Charola Redonda de 1200gr surtida de prensado,,,,,,, $ 176 , $ 33.60 , $ 210.00 ,45.00%, $ 94.50 ,, $ 8.59 , $ 1.37 , $ 8.89 , $ 18.85 ,2.92%,$323,,$44.60,$279,$102,,,,,,,,,,,,,,,,,,
,,,Charola Redonda de 600gr surtida de prensado,,,,,,, $ 84 , $ 16.00 , $ 100.00 ,45.00%, $ 45.00 ,, $ 5.40 , $ 0.86 , $ 5.63 , $ 11.89 ,3.79%,$157,,$21.64,$135,$51,,,,,,,,,,,,,,,,,,
,,,Charola 2 divisiones de 200 gr de prensado,,,,,,, $ 38 , $ 7.20 , $ 45.00 ,45.00%, $ 20.25 ,, $ 3.81 , $ 0.61 , $ 3.99 , $ 8.41 ,5.71%,$74,,$10.16,$63,$26,,,,,,,,,,,,,,,,,,
,,,Charola cuadrada de 500gr 4 divisiones surtido,,,,,,, $ 84 , $ 16.00 , $ 100.00 ,45.00%, $ 45.00 ,, $ 5.40 , $ 0.86 , $ 5.63 , $ 11.89 ,3.79%,$157,,$21.64,$135,$51,,,,,,,,,,,,,,,,,,
0010,OL-DUR-DUL-0010,OL-DUR-DUL-0010,DURAZNO PRENSADO CON CHAMOY DE 1KG ,,DULCES TIPICOS Y ALIMENTOS,El Huerto,UCAREO,4434101030,Yadira Mendoza Soto, $ 143 , $ 27.20 , $ 170.00 ,45.00%, $ 76.50 ,, $ 7.43 , $ 1.19 , $ 7.70 , $ 16.32 ,3.10%,$263,,$36.25,$227,$84,,,,,,,,,OL,DUR,DUL,-,0010,,0,0,,10
0011,OL-DUR-DUL-0011,OL-DUR-DUL-0011,DURAZNO PRENSADO C/ CHAMOY DE 500GR ,,DULCES TIPICOS Y ALIMENTOS,El Huerto,UCAREO,4434101030,Yadira Mendoza Soto, $ 88 , $ 16.80 , $ 105.00 ,45.00%, $ 47.25 ,, $ 5.55 , $ 0.89 , $ 5.77 , $ 12.21 ,3.71%,$164,,$22.68,$142,$54,,,,,,,,,OL,DUR,DUL,-,0011,,0,0,,11
0012,OL-DUR-DUL-0012,OL-DUR-DUL-0012,DURAZNO PRENSADO C/CHAMOY DE 150 GR BOLSA ,,DULCES TIPICOS Y ALIMENTOS,El Huerto,UCAREO,4434101030,Yadira Mendoza Soto, $ 34 , $ 6.40 , $ 40.00 ,45.00%, $ 18.00 ,, $ 3.66 , $ 0.59 , $ 3.84 , $ 8.09 ,6.12%,$66,,$9.12,$57,$23,,,,,,,,,OL,DUR,DUL,-,0012,,0,0,,12
0013,OL-MIX-DUL-0013,OL-MIX-DUL-0013,MIX CHAMOY 150gr,,DULCES TIPICOS Y ALIMENTOS,El Huerto,UCAREO,4434101030,Yadira Mendoza Soto, $ 34 , $ 6.40 , $ 40.00 ,45.00%, $ 18.00 ,, $ 3.66 , $ 0.59 , $ 3.84 , $ 8.09 ,6.12%,$66,,$9.12,$57,$23,,,,,,,,,OL,MIX,DUL,-,0013,,0,0,,13
,,,Manzana Prensada con chamoy 150gr,,,,,,, $ 34 , $ 6.40 , $ 40.00 ,45.00%, $ 18.00 ,, $ 3.66 , $ 0.59 , $ 3.84 , $ 8.09 ,6.12%,$66,,$9.12,$57,$23,,,,,,,,,,,,,,,,,,
,,,Manzana Prensada con chamoy 500gr,,,,,,, $ 29 , $ 5.60 , $ 35.00 ,45.00%, $ 15.75 ,, $ 3.52 , $ 0.56 , $ 3.70 , $ 7.77 ,6.64%,$59,,$8.07,$50,$21,,,,,,,,,,,,,,,,,,
,,,Pera Prensada con chamoy de 500 gr,,,,,,, $ 84 , $ 16.00 , $ 100.00 ,45.00%, $ 45.00 ,, $ 5.40 , $ 0.86 , $ 5.63 , $ 11.89 ,3.79%,$157,,$21.64,$135,$51,,,,,,,,,,,,,,,,,,
0014,OL-PER-DUL-0014,OL-PER-DUL-0014,PERA PRENSADA CON CHAMOY DE 150GR BOLSA,,DULCES TIPICOS Y ALIMENTOS,El Huerto,UCAREO,4434101030,Yadira Mendoza Soto, $ 29 , $ 5.60 , $ 35.00 ,45.00%, $ 15.75 ,, $ 3.52 , $ 0.56 , $ 3.70 , $ 7.77 ,6.64%,$59,,$8.07,$50,$21,,,,,,,,,OL,PER,DUL,-,0014,,0,0,,14
0015,OL-DUR-DUL-0015,OL-DUR-DUL-0015,DURAZNO PRENSADO CON CHILE DE 150 GRS,,DULCES TIPICOS Y ALIMENTOS,El Huerto,UCAREO,4434101030,Yadira Mendoza Soto, $ -   , $ -  .00 , $ -   ,0.00%, $ -   ,, $ 2.50 , $ 0.40 , $ 2.66 , $ 5.56 ,50.00%,$6,,$0.77,$5,$5,,,,,,,,,OL,DUR,DUL,-,0015,,0,0,,15
0016,OL-PER-DUL-0016,OL-PER-DUL-0016,PERA PRENSADA CON CHILE DE 150 GRS ,,DULCES TIPICOS Y ALIMENTOS,El Huerto,UCAREO,4434101030,Yadira Mendoza Soto, $ -   , $ -  .00 , $ -   ,0.00%, $ -   ,, $ 2.50 , $ 0.40 , $ 2.66 , $ 5.56 ,50.00%,$6,,$0.77,$5,$5,,,,,,,,,OL,PER,DUL,-,0016,,0,0,,16
0017,OL-MIX-DUL-0017,OL-MIX-DUL-0017,MIX FRUTA PRENSADA CHILE DE 150 GR ,,DULCES TIPICOS Y ALIMENTOS,El Huerto,UCAREO,4434101030,Yadira Mendoza Soto, $ 29 , $ 5.60 , $ 35.00 ,0.00%, $ -   ,, $ 3.52 , $ 0.56 , $ 3.38 , $ 7.46 ,8.78%,$42,,$5.86,$37,$7,,,,,,,,,OL,MIX,DUL,-,0017,,0,0,,17
0018,OL-DUR-DUL-0018,OL-DUR-DUL-0018,DURAZNO EN ALMIBAR DE 4 KG. ,,DULCES TIPICOS Y ALIMENTOS,El Huerto,UCAREO,4434101030,Yadira Mendoza Soto, $ -   , $ -  .00 , $ -   ,0.00%, $ -   ,, $ 2.50 , $ 0.40 , $ 2.66 , $ 5.56 ,50.00%,$6,,$0.77,$5,$5,,,,,,,,,OL,DUR,DUL,-,0018,,0,0,,18
0019,OL-DUR-DUL-0019,OL-DUR-DUL-0019,DURAZNO EN ALMIBAR DE 2 KG. ,,DULCES TIPICOS Y ALIMENTOS,El Huerto,UCAREO,4434101030,Yadira Mendoza Soto, $ 210 , $ 40.00 , $ 250.00 ,45.00%, $ 112.50 ,, $ 9.75 , $ 1.56 , $ 10.08 , $ 21.39 ,2.79%,$384,,$52.95,$331,$121,,,,,,,,,OL,DUR,DUL,-,0019,,0,0,,19
0020,OL-DUR-DUL-0020,OL-DUR-DUL-0020,DURAZNO EN ALMIBAR DE 1 KG. ,,DULCES TIPICOS Y ALIMENTOS,El Huerto,UCAREO,4434101030,Yadira Mendoza Soto, $ 105 , $ 20.00 , $ 125.00 ,45.00%, $ 56.25 ,, $ 6.13 , $ 0.98 , $ 6.37 , $ 13.47 ,3.46%,$195,,$26.86,$168,$63,,,,,,,,,OL,DUR,DUL,-,0020,,0,0,,20
0021,OL-DUR-DUL-0021,OL-DUR-DUL-0021,DURAZNO EN ALMIBAR DE 1/2 KG. ,,DULCES TIPICOS Y ALIMENTOS,El Huerto,UCAREO,4434101030,Yadira Mendoza Soto, $ 59 , $ 11.20 , $ 70.00 ,45.00%, $ 31.50 ,, $ 4.53 , $ 0.72 , $ 4.74 , $ 9.99 ,4.48%,$111,,$15.38,$96,$37,,,,,,,,,OL,DUR,DUL,-,0021,,0,0,,21
0022,OL-DUR-DUL-0022,OL-DUR-DUL-0022,DURAZNO RAJA/MITADES EN ALMIBAR DE 1KG,,DULCES TIPICOS Y ALIMENTOS,El Huerto,UCAREO,4434101030,Yadira Mendoza Soto, $ 114 , $ 21.76 , $ 136.00 ,45.00%, $ 61.20 ,, $ 6.44 , $ 1.03 , $ 6.69 , $ 14.17 ,3.35%,$211,,$29.15,$182,$68,,,,,,,,,OL,DUR,DUL,-,0022,,0,0,,22
0023,OL-MAC-DUL-0023,OL-MAC-DUL-0023,"MACEDONIA EN ALMIBAR DE 1 KG COMBINACIÒN DE FRUTAS DE HIGO, PERA, DURAZNO ",,DULCES TIPICOS Y ALIMENTOS,El Huerto,UCAREO,4434101030,Yadira Mendoza Soto, $ 114 , $ 21.76 , $ 136.00 ,45.00%, $ 61.20 ,, $ 6.44 , $ 1.03 , $ 6.69 , $ 14.17 ,3.35%,$211,,$29.15,$182,$68,,,,,,,,,OL,MAC,DUL,-,0023,,0,0,,23
0024,OL-MAC-DUL-0024,OL-MAC-DUL-0024,"MACEDONIA EN ALMIBAR DE 1/2 KG COMBINACIÒN DE FRUTAS DE HIGO, PERA, DURAZNO",,DULCES TIPICOS Y ALIMENTOS,El Huerto,UCAREO,4434101030,Yadira Mendoza Soto, $ -   , $ -  .00 , $ -   ,0.00%, $ -   ,, $ 2.50 , $ 0.40 , $ 2.66 , $ 5.56 ,50.00%,$6,,$0.77,$5,$5,,,,,,,,,OL,MAC,DUL,-,0024,,0,0,,24
0025,OL-PER-DUL-0025,OL-PER-DUL-0025,PERAS EN ALMIBAR DE 1 KG ,,DULCES TIPICOS Y ALIMENTOS,El Huerto,UCAREO,4434101030,Yadira Mendoza Soto, $ 97 , $ 18.40 , $ 115.00 ,45.00%, $ 51.75 ,, $ 5.84 , $ 0.93 , $ 6.07 , $ 12.84 ,3.57%,$180,,$24.77,$155,$58,,,,,,,,,OL,PER,DUL,-,0025,,0,0,,25
0026,OL-PER-DUL-0026,OL-PER-DUL-0026,PERAS EN ALMIBAR DE 1/2 KG ,,DULCES TIPICOS Y ALIMENTOS,El Huerto,UCAREO,4434101030,Yadira Mendoza Soto, $ 55 , $ 10.56 , $ 66.00 ,45.00%, $ 29.70 ,, $ 4.41 , $ 0.71 , $ 4.62 , $ 9.74 ,4.62%,$105,,$14.54,$91,$35,,,,,,,,,OL,PER,DUL,-,0026,,0,0,,26
0027,OL-MEM-DUL-0027,OL-MEM-DUL-0027,MEMBRILLOS EN ALMIBAR DE 1/2 KG ,,DULCES TIPICOS Y ALIMENTOS,El Huerto,UCAREO,4434101030,Yadira Mendoza Soto, $ 59 , $ 11.20 , $ 70.00 ,45.00%, $ 31.50 ,, $ 4.53 , $ 0.72 , $ 4.74 , $ 9.99 ,4.48%,$111,,$15.38,$96,$37,,,,,,,,,OL,MEM,DUL,-,0027,,0,0,,27
0028,OL-ZAR-DUL-0028,OL-ZAR-DUL-0028,ZARZAMORA EN ALMIBAR DE 1/2KG ,,DULCES TIPICOS Y ALIMENTOS,El Huerto,UCAREO,4434101030,Yadira Mendoza Soto, $ -   , $ -  .00 , $ -   ,0.00%, $ -   ,, $ 2.50 , $ 0.40 , $ 2.66 , $ 5.56 ,50.00%,$6,,$0.77,$5,$5,,,,,,,,,OL,ZAR,DUL,-,0028,,0,0,,28
0029,OL-TEJ-DUL-0029,OL-TEJ-DUL-0029,TEJOCOTES EN ALMIBAR DE 1KG ,,DULCES TIPICOS Y ALIMENTOS,El Huerto,UCAREO,4434101030,Yadira Mendoza Soto, $ 122 , $ 23.20 , $ 145.00 ,45.00%, $ 65.25 ,, $ 6.71 , $ 1.07 , $ 6.96 , $ 14.74 ,3.28%,$225,,$31.03,$194,$72,,,,,,,,,OL,TEJ,DUL,-,0029,,0,0,,29
0030,OL-TEJ-DUL-0030,OL-TEJ-DUL-0030,TEJOCOTES EN ALMIBAR DE 1/2KG ,,DULCES TIPICOS Y ALIMENTOS,El Huerto,UCAREO,4434101030,Yadira Mendoza Soto, $ 76 , $ 14.40 , $ 90.00 ,45.00%, $ 40.50 ,, $ 5.11 , $ 0.82 , $ 5.33 , $ 11.26 ,3.97%,$142,,$19.55,$122,$47,,,,,,,,,OL,TEJ,DUL,-,0030,,0,0,,30
0031,OL-HIG-DUL-0031,OL-HIG-DUL-0031,HIGO EN ALMIBAR DE 1/2KG ,,DULCES TIPICOS Y ALIMENTOS,El Huerto,UCAREO,4434101030,Yadira Mendoza Soto, $ 59 , $ 11.20 , $ 70.00 ,45.00%, $ 31.50 ,, $ 4.53 , $ 0.72 , $ 4.74 , $ 9.99 ,4.48%,$111,,$15.38,$96,$37,,,,,,,,,OL,HIG,DUL,-,0031,,0,0,,31
0032,OL-CHO-DUL-0032,OL-CHO-DUL-0032,CHONGOS DE 500 GR ,,DULCES TIPICOS Y ALIMENTOS,El Huerto,UCAREO,4434101030,Yadira Mendoza Soto, $ 97 , $ 18.40 , $ 115.00 ,45.00%, $ 51.75 ,, $ 5.84 , $ 0.93 , $ 6.07 , $ 12.84 ,3.57%,$180,,$24.77,$155,$58,,,,,,,,,OL,CHO,DUL,-,0032,,0,0,,32
0033,OL-CHO-DUL-0033,OL-CHO-DUL-0033,CHONGOS DE 1000 GR ,,DULCES TIPICOS Y ALIMENTOS,El Huerto,UCAREO,4434101030,Yadira Mendoza Soto, $ 113 , $ 21.60 , $ 135.00 ,45.00%, $ 60.75 ,, $ 6.42 , $ 1.03 , $ 6.66 , $ 14.11 ,3.36%,$210,,$28.95,$181,$68,,,,,,,,,OL,CHO,DUL,-,0033,,0,0,,33
0034,OL-CAP-DUL-0034,OL-CAP-DUL-0034,CAPULINES EN DULCE 1 KG. ,,DULCES TIPICOS Y ALIMENTOS,El Huerto,UCAREO,4434101030,Yadira Mendoza Soto, $ 126 , $ 24.00 , $ 150.00 ,45.00%, $ 67.50 ,, $ 6.85 , $ 1.10 , $ 7.11 , $ 15.05 ,3.24%,$233,,$32.08,$200,$74,,,,,,,,,OL,CAP,DUL,-,0034,,0,0,,34
0035,OL-CAP-DUL-0035,OL-CAP-DUL-0035,CAPULINES EN DULCE 1/2 KG. ,,DULCES TIPICOS Y ALIMENTOS,El Huerto,UCAREO,4434101030,Yadira Mendoza Soto, $ -   , $ -  .00 , $ -   ,0.00%, $ -   ,, $ 2.50 , $ 0.40 , $ 2.66 , $ 5.56 ,50.00%,$6,,$0.77,$5,$5,,,,,,,,,OL,CAP,DUL,-,0035,,0,0,,35
0036,OL-MER-DUL-0036,OL-MER-DUL-0036,MERMELADA DE TEJOCOTE 330 GR. ,,DULCES TIPICOS Y ALIMENTOS,El Huerto,UCAREO,4434101030,Yadira Mendoza Soto, $ 40 , $ 7.68 , $ 48.00 ,45.00%, $ 21.60 ,, $ 3.89 , $ 0.62 , $ 4.08 , $ 8.60 ,5.50%,$78,,$10.79,$67,$27,,,,,,,,,OL,MER,DUL,-,0036,,0,0,,36
0037,OL-MER-DUL-0037,OL-MER-DUL-0037,MERMELADA DE MEMBRILLO 330 GR. ,,DULCES TIPICOS Y ALIMENTOS,El Huerto,UCAREO,4434101030,Yadira Mendoza Soto, $ 40 , $ 7.68 , $ 48.00 ,45.00%, $ 21.60 ,, $ 3.89 , $ 0.62 , $ 4.08 , $ 8.60 ,5.50%,$78,,$10.79,$67,$27,,,,,,,,,OL,MER,DUL,-,0037,,0,0,,37
0038,OL-MER-DUL-0038,OL-MER-DUL-0038,MERMELADA DE CHABACANO 330GR. ,,DULCES TIPICOS Y ALIMENTOS,El Huerto,UCAREO,4434101030,Yadira Mendoza Soto, $ 40 , $ 7.68 , $ 48.00 ,45.00%, $ 21.60 ,, $ 3.89 , $ 0.62 , $ 4.08 , $ 8.60 ,5.50%,$78,,$10.79,$67,$27,,,,,,,,,OL,MER,DUL,-,0038,,0,0,,38
0039,OL-MER-DUL-0039,OL-MER-DUL-0039,MERMELADA DE ZARZAMORA 330 GR ,,DULCES TIPICOS Y ALIMENTOS,El Huerto,UCAREO,4434101030,Yadira Mendoza Soto, $ 55 , $ 10.56 , $ 66.00 ,45.00%, $ 29.70 ,, $ 4.41 , $ 0.71 , $ 4.62 , $ 9.74 ,4.62%,$105,,$14.54,$91,$35,,,,,,,,,OL,MER,DUL,-,0039,,0,0,,39
0040,OL-MER-DUL-0040,OL-MER-DUL-0040,MERMELADA DE HIGO 330 GR. ,,DULCES TIPICOS Y ALIMENTOS,El Huerto,UCAREO,4434101030,Yadira Mendoza Soto, $ 40 , $ 7.68 , $ 48.00 ,45.00%, $ 21.60 ,, $ 3.89 , $ 0.62 , $ 4.08 , $ 8.60 ,5.50%,$78,,$10.79,$67,$27,,,,,,,,,OL,MER,DUL,-,0040,,0,0,,40
0041,OL-MER-DUL-0041,OL-MER-DUL-0041,MERMELADA DE ZARZAMORA CON CHILE DE 330 GR ,,DULCES TIPICOS Y ALIMENTOS,El Huerto,UCAREO,4434101030,Yadira Mendoza Soto, $ 55 , $ 10.56 , $ 66.00 ,45.00%, $ 29.70 ,, $ 4.41 , $ 0.71 , $ 4.62 , $ 9.74 ,4.62%,$105,,$14.54,$91,$35,,,,,,,,,OL,MER,DUL,-,0041,,0,0,,41
0042,OL-MER-DUL-0042,OL-MER-DUL-0042,MERMELADA DE ARANDANO DE 330 GR ,,DULCES TIPICOS Y ALIMENTOS,El Huerto,UCAREO,4434101030,Yadira Mendoza Soto, $ 55 , $ 10.56 , $ 66.00 ,45.00%, $ 29.70 ,, $ 4.41 , $ 0.71 , $ 4.62 , $ 9.74 ,4.62%,$105,,$14.54,$91,$35,,,,,,,,,OL,MER,DUL,-,0042,,0,0,,42
0043,OL-MER-DUL-0043,OL-MER-DUL-0043,MERMELADA DE DURAZNO C/ TAMARINDO DE 330 GR ,,DULCES TIPICOS Y ALIMENTOS,El Huerto,UCAREO,4434101030,Yadira Mendoza Soto, $ 40 , $ 7.68 , $ 48.00 ,45.00%, $ 21.60 ,, $ 3.89 , $ 0.62 , $ 4.08 , $ 8.60 ,5.50%,$78,,$10.79,$67,$27,,,,,,,,,OL,MER,DUL,-,0043,,0,0,,43
0044,OL-MER-DUL-0044,OL-MER-DUL-0044,MERMELADA DE PERA CIRUELA Y CHIA DE 330 GR ,,DULCES TIPICOS Y ALIMENTOS,El Huerto,UCAREO,4434101030,Yadira Mendoza Soto, $ -   , $ -  .00 , $ -   ,0.00%, $ -   ,, $ 2.50 , $ 0.40 , $ 2.66 , $ 5.56 ,50.00%,$6,,$0.77,$5,$5,,,,,,,,,OL,MER,DUL,-,0044,,0,0,,44
0045,OL-MER-DUL-0045,OL-MER-DUL-0045,MERMELADA DE COCTEL DE FRUTAS CON CHÍA DE 330 GR ,,DULCES TIPICOS Y ALIMENTOS,El Huerto,UCAREO,4434101030,Yadira Mendoza Soto, $ -   , $ -  .00 , $ -   ,0.00%, $ -   ,, $ 2.50 , $ 0.40 , $ 2.66 , $ 5.56 ,50.00%,$6,,$0.77,$5,$5,,,,,,,,,OL,MER,DUL,-,0045,,0,0,,45
0046,OL-MER-DUL-0046,OL-MER-DUL-0046,MERMELADA GUAYABA CON CHILE DE 330 GR ,,DULCES TIPICOS Y ALIMENTOS,El Huerto,UCAREO,4434101030,Yadira Mendoza Soto, $ 40 , $ 7.68 , $ 48.00 ,45.00%, $ 21.60 ,, $ 3.89 , $ 0.62 , $ 4.08 , $ 8.60 ,5.50%,$78,,$10.79,$67,$27,,,,,,,,,OL,MER,DUL,-,0046,,0,0,,46
0047,OL-MER-DUL-0047,OL-MER-DUL-0047,MERMELADA DE GUAYABA CON CHIA DE 330 GR ,,DULCES TIPICOS Y ALIMENTOS,El Huerto,UCAREO,4434101030,Yadira Mendoza Soto, $ 40 , $ 7.68 , $ 48.00 ,45.00%, $ 21.60 ,, $ 3.89 , $ 0.62 , $ 4.08 , $ 8.60 ,5.50%,$78,,$10.79,$67,$27,,,,,,,,,OL,MER,DUL,-,0047,,0,0,,47
0048,OL-MER-DUL-0048,OL-MER-DUL-0048,MERMELADA DE MANZANA MANZANILLA CANELA DE 330 GR ,,DULCES TIPICOS Y ALIMENTOS,El Huerto,UCAREO,4434101030,Yadira Mendoza Soto, $ 40 , $ 7.68 , $ 48.00 ,45.00%, $ 21.60 ,, $ 3.89 , $ 0.62 , $ 4.08 , $ 8.60 ,5.50%,$78,,$10.79,$67,$27,,,,,,,,,OL,MER,DUL,-,0048,,0,0,,48
0049,OL-DUR-DUL-0049,OL-DUR-DUL-0049,DURAZNOS PRENSADOS CON MIEL DE AGAVE DE 500 GR ,,DULCES TIPICOS Y ALIMENTOS,El Huerto,UCAREO,4434101030,Yadira Mendoza Soto, $ -   , $ -  .00 , $ -   ,0.00%, $ -   ,, $ 2.50 , $ 0.40 , $ 2.66 , $ 5.56 ,50.00%,$6,,$0.77,$5,$5,,,,,,,,,OL,DUR,DUL,-,0049,,0,0,,49
0050,OL-DUR-DUL-0050,OL-DUR-DUL-0050,DURAZNOS EN ALMIBAR CON MIEL DE AGAVE DE 500 GR ,,DULCES TIPICOS Y ALIMENTOS,El Huerto,UCAREO,4434101030,Yadira Mendoza Soto, $ -   , $ -  .00 , $ -   ,0.00%, $ -   ,, $ 2.50 , $ 0.40 , $ 2.66 , $ 5.56 ,50.00%,$6,,$0.77,$5,$5,,,,,,,,,OL,DUR,DUL,-,0050,,0,0,,50
0051,OL-MER-DUL-0051,OL-MER-DUL-0051,MERMELADA DE HIGO CON HIERBABUENA Y MIEL DE AGAVE DE 330 GR ,,DULCES TIPICOS Y ALIMENTOS,El Huerto,UCAREO,4434101030,Yadira Mendoza Soto, $ -   , $ -  .00 , $ -   ,0.00%, $ -   ,, $ 2.50 , $ 0.40 , $ 2.66 , $ 5.56 ,50.00%,$6,,$0.77,$5,$5,,,,,,,,,OL,MER,DUL,-,0051,,0,0,,51
0052,OL-MER-DUL-0052,OL-MER-DUL-0052,MERMELADA DE DURAZNO CON MIEL DE AGAVE DE 330 GR ,,DULCES TIPICOS Y ALIMENTOS,El Huerto,UCAREO,4434101030,Yadira Mendoza Soto, $ 59 , $ 11.20 , $ 70.00 ,45.00%, $ 31.50 ,, $ 4.53 , $ 0.72 , $ 4.74 , $ 9.99 ,4.48%,$111,,$15.38,$96,$37,,,,,,,,,OL,MER,DUL,-,0052,,0,0,,52
0053,OL-MER-DUL-0053,OL-MER-DUL-0053,Mermelada de Tejocote con Miel de Agave de 330gr,,DULCES TIPICOS Y ALIMENTOS,El Huerto,UCAREO,4434101030,Yadira Mendoza Soto, $ 59 , $ 11.20 , $ 70.00 ,45.00%, $ 31.50 ,, $ 4.53 , $ 0.72 , $ 4.74 , $ 9.99 ,4.48%,$111,,$15.38,$96,$37,,,,,,,,,OL,Mer,DUL,-,0053,,0,0,,53
,,,Mermelada de Membrillo con Miel de Agave de 330gr,,,,,,, $ 59 , $ 11.20 , $ 70.00 ,45.00%, $ 31.50 ,, $ 4.53 , $ 0.72 , $ 4.74 , $ 9.99 ,4.48%,$111,,$15.38,$96,$37,,,,,,,,,,,,,,,,,,
,,,Mermelada de manzana manzanilla canela de 330 gr,,,,,,, $ 59 , $ 11.20 , $ 70.00 ,45.00%, $ 31.50 ,, $ 4.53 , $ 0.72 , $ 4.74 , $ 9.99 ,4.48%,$111,,$15.38,$96,$37,,,,,,,,,,,,,,,,,,
,,,Cajeta Quemada y Envinada de 1 kg,,,,,,, $ 101 , $ 19.20 , $ 120.00 ,45.00%, $ 54.00 ,, $ 5.98 , $ 0.96 , $ 6.22 , $ 13.16 ,3.51%,$187,,$25.81,$161,$61,,,,,,,,,,,,,,,,,,
,,,Cajeta Quemada y Envinada de 500 gr,,,,,,, $ 55 , $ 10.40 , $ 65.00 ,45.00%, $ 29.25 ,, $ 4.39 , $ 0.70 , $ 4.59 , $ 9.67 ,4.65%,$104,,$14.33,$90,$35,,,,,,,,,,,,,,,,,,
,,,Cajeta Quemada y Envinada de 250 gr,,,,,,, $ 59 , $ 11.20 , $ 70.00 ,45.00%, $ 31.50 ,, $ 4.53 , $ 0.72 , $ 4.74 , $ 9.99 ,4.48%,$111,,$15.38,$96,$37,,,,,,,,,,,,,,,,,,
0054,OL-SAL-DUL-0054,OL-SAL-DUL-0054,SALSA DE CHILE CHILPOTLE CON PERA DE 275GR. ,,DULCES TIPICOS Y ALIMENTOS,El Huerto,UCAREO,4434101030,Yadira Mendoza Soto, $ 59 , $ 11.20 , $ 70.00 ,45.00%, $ 31.50 ,, $ 4.53 , $ 0.72 , $ 4.74 , $ 9.99 ,4.48%,$111,,$15.38,$96,$37,,,,,,,,,OL,SAL,DUL,-,0054,,0,0,,54
0055,OL-SAL-DUL-0055,OL-SAL-DUL-0055,SALSA MACHA DE SEMILLAS DE 275GR. ,,DULCES TIPICOS Y ALIMENTOS,El Huerto,UCAREO,4434101030,Yadira Mendoza Soto, $ 76 , $ 14.40 , $ 90.00 ,45.00%, $ 40.50 ,, $ 5.11 , $ 0.82 , $ 5.33 , $ 11.26 ,3.97%,$142,,$19.55,$122,$47,,,,,,,,,OL,SAL,DUL,-,0055,,0,0,,55
,,,Chile Peron En Escabeche de 1000g,,,,,,, $ 101 , $ 19.20 , $ 120.00 ,45.00%, $ 54.00 ,, $ 5.98 , $ 0.96 , $ 6.22 , $ 13.16 ,3.51%,$187,,$25.81,$161,$61,,,,,,,,,,,,,,,,,,
,,,"Chile Peron En Escabeche de 500 kg",,,,,,, $ 63 , $ 12.00 , $ 75.00 ,45.00%, $ 33.75 ,, $ 4.68 , $ 0.75 , $ 4.88 , $ 10.31 ,4.33%,$119,,$16.42,$103,$40,,,,,,,,,,,,,,,,,,
0056,OL-CHI-DUL-0056,OL-CHI-DUL-0056,CHILE CHIPOTLE EN ESCABECHE DE 1000 G ,,DULCES TIPICOS Y ALIMENTOS,El Huerto,UCAREO,4434101030,Yadira Mendoza Soto, $ -   , $ -  .00 , $ -   ,0.00%, $ -   ,, $ 2.50 , $ 0.40 , $ 2.66 , $ 5.56 ,50.00%,$6,,$0.77,$5,$5,,,,,,,,,OL,CHI,DUL,-,0056,,0,0,,56
0057,OL-NOP-DUL-0057,OL-NOP-DUL-0057,NOPALES EN ESCABECHE DE 500KG ,,DULCES TIPICOS Y ALIMENTOS,El Huerto,UCAREO,4434101030,Yadira Mendoza Soto, $ -   , $ -  .00 , $ -   ,0.00%, $ -   ,, $ 2.50 , $ 0.40 , $ 2.66 , $ 5.56 ,50.00%,$6,,$0.77,$5,$5,,,,,,,,,OL,NOP,DUL,-,0057,,0,0,,57
0059,OL-LIC-DUL-0059,OL-LIC-DUL-0059,LICOR DE MEMBRILLO DE 750 ML. ,,DULCES TIPICOS Y ALIMENTOS,El Huerto,UCAREO,4434101030,Yadira Mendoza Soto, $ 113 , $ 21.60 , $ 135.00 ,45.00%, $ 60.75 ,, $ 6.42 , $ 1.03 , $ 6.66 , $ 14.11 ,3.36%,$210,,$28.95,$181,$68,,,,,,,,,OL,LIC,DUL,-,0059,,0,0,,59
0060,OL-LIC-DUL-0060,OL-LIC-DUL-0060,LICOR DE MEMBRILLO DE 500 ML. ,,DULCES TIPICOS Y ALIMENTOS,El Huerto,UCAREO,4434101030,Yadira Mendoza Soto, $ 97 , $ 18.40 , $ 115.00 ,45.00%, $ 51.75 ,, $ 5.84 , $ 0.93 , $ 6.07 , $ 12.84 ,3.57%,$180,,$24.77,$155,$58,,,,,,,,,OL,LIC,DUL,-,0060,,0,0,,60
0061,OL-LIC-DUL-0061,OL-LIC-DUL-0061,LICOR DE MEMBRILLO DE 250 ML. ,,DULCES TIPICOS Y ALIMENTOS,El Huerto,UCAREO,4434101030,Yadira Mendoza Soto, $ 63 , $ 12.00 , $ 75.00 ,45.00%, $ 33.75 ,, $ 4.68 , $ 0.75 , $ 4.88 , $ 10.31 ,4.33%,$119,,$16.42,$103,$40,,,,,,,,,OL,LIC,DUL,-,0061,,0,0,,61
0062,OL-LIC-DUL-0062,OL-LIC-DUL-0062,LICOR DE MEMBRILLO DE 50 ML. ,,DULCES TIPICOS Y ALIMENTOS,El Huerto,UCAREO,4434101030,Yadira Mendoza Soto, $ 17 , $ 3.20 , $ 20.00 ,45.00%, $ 9.00 ,, $ 3.08 , $ 0.49 , $ 3.25 , $ 6.82 ,9.52%,$36,,$4.94,$31,$14,,,,,,,,,OL,LIC,DUL,-,0062,,0,0,,62
0063,OL-LIC-DUL-0063,OL-LIC-DUL-0063,LICOR DE CAPULIN DE 750 ML. ,,DULCES TIPICOS Y ALIMENTOS,El Huerto,UCAREO,4434101030,Yadira Mendoza Soto, $ 113 , $ 21.60 , $ 135.00 ,45.00%, $ 60.75 ,, $ 6.42 , $ 1.03 , $ 6.66 , $ 14.11 ,3.36%,$210,,$28.95,$181,$68,,,,,,,,,OL,LIC,DUL,-,0063,,0,0,,63
0064,OL-LIC-DUL-0064,OL-LIC-DUL-0064,LICOR DE CAPULIN DE 500 ML. ,,DULCES TIPICOS Y ALIMENTOS,El Huerto,UCAREO,4434101030,Yadira Mendoza Soto, $ 97 , $ 18.40 , $ 115.00 ,45.00%, $ 51.75 ,, $ 5.84 , $ 0.93 , $ 6.07 , $ 12.84 ,3.57%,$180,,$24.77,$155,$58,,,,,,,,,OL,LIC,DUL,-,0064,,0,0,,64
0065,OL-LIC-DUL-0065,OL-LIC-DUL-0065,LICOR DE CAPULIN DE 250 ML. ,,DULCES TIPICOS Y ALIMENTOS,El Huerto,UCAREO,4434101030,Yadira Mendoza Soto, $ 63 , $ 12.00 , $ 75.00 ,45.00%, $ 33.75 ,, $ 4.68 , $ 0.75 , $ 4.88 , $ 10.31 ,4.33%,$119,,$16.42,$103,$40,,,,,,,,,OL,LIC,DUL,-,0065,,0,0,,65
0066,OL-LIC-DUL-0066,OL-LIC-DUL-0066,LICOR DE CAPULIN DE 50 ML. ,,DULCES TIPICOS Y ALIMENTOS,El Huerto,UCAREO,4434101030,Yadira Mendoza Soto, $ 17 , $ 3.20 , $ 20.00 ,45.00%, $ 9.00 ,, $ 3.08 , $ 0.49 , $ 3.25 , $ 6.82 ,9.52%,$36,,$4.94,$31,$14,,,,,,,,,OL,LIC,DUL,-,0066,,0,0,,66
0067,OL-CRE-DUL-0067,OL-CRE-DUL-0067,CREMA DE CHABACANO DE 750 ML. ,,DULCES TIPICOS Y ALIMENTOS,El Huerto,UCAREO,4434101030,Yadira Mendoza Soto, $ 113 , $ 21.60 , $ 135.00 ,45.00%, $ 60.75 ,, $ 6.42 , $ 1.03 , $ 6.66 , $ 14.11 ,3.36%,$210,,$28.95,$181,$68,,,,,,,,,OL,CRE,DUL,-,0067,,0,0,,67
0068,OL-CRE-DUL-0068,OL-CRE-DUL-0068,CREMA DE CHABACANO DE 500 ML. ,,DULCES TIPICOS Y ALIMENTOS,El Huerto,UCAREO,4434101030,Yadira Mendoza Soto, $ 97 , $ 18.40 , $ 115.00 ,45.00%, $ 51.75 ,, $ 5.84 , $ 0.93 , $ 6.07 , $ 12.84 ,3.57%,$180,,$24.77,$155,$58,,,,,,,,,OL,CRE,DUL,-,0068,,0,0,,68
0069,OL-CRE-DUL-0069,OL-CRE-DUL-0069,CREMA DE CHABACANO DE 250 ML. ,,DULCES TIPICOS Y ALIMENTOS,El Huerto,UCAREO,4434101030,Yadira Mendoza Soto, $ 63 , $ 12.00 , $ 75.00 ,45.00%, $ 33.75 ,, $ 4.68 , $ 0.75 , $ 4.88 , $ 10.31 ,4.33%,$119,,$16.42,$103,$40,,,,,,,,,OL,CRE,DUL,-,0069,,0,0,,69
0070,OL-CRE-DUL-0070,OL-CRE-DUL-0070,CREMA DE CHABACANO DE 50 ML. ,,DULCES TIPICOS Y ALIMENTOS,El Huerto,UCAREO,4434101030,Yadira Mendoza Soto, $ 17 , $ 3.20 , $ 20.00 ,45.00%, $ 9.00 ,, $ 3.08 , $ 0.49 , $ 3.25 , $ 6.82 ,9.52%,$36,,$4.94,$31,$14,,,,,,,,,OL,CRE,DUL,-,0070,,0,0,,70
0071,OL-LIC-DUL-0071,OL-LIC-DUL-0071,LICOR CREMA DE DURAZNO DE 750 ML. ,,DULCES TIPICOS Y ALIMENTOS,El Huerto,UCAREO,4434101030,Yadira Mendoza Soto, $ 113 , $ 21.60 , $ 135.00 ,45.00%, $ 60.75 ,, $ 6.42 , $ 1.03 , $ 6.66 , $ 14.11 ,3.36%,$210,,$28.95,$181,$68,,,,,,,,,OL,LIC,DUL,-,0071,,0,0,,71
0072,OL-LIC-DUL-0072,OL-LIC-DUL-0072,LICOR CREMA DE DURAZNO DE 500 ML. ,,DULCES TIPICOS Y ALIMENTOS,El Huerto,UCAREO,4434101030,Yadira Mendoza Soto, $ 97 , $ 18.40 , $ 115.00 ,45.00%, $ 51.75 ,, $ 5.84 , $ 0.93 , $ 6.07 , $ 12.84 ,3.57%,$180,,$24.77,$155,$58,,,,,,,,,OL,LIC,DUL,-,0072,,0,0,,72
0073,OL-LIC-DUL-0073,OL-LIC-DUL-0073,LICOR CREMA DE DURAZNO DE 250 ML. ,,DULCES TIPICOS Y ALIMENTOS,El Huerto,UCAREO,4434101030,Yadira Mendoza Soto, $ 63 , $ 12.00 , $ 75.00 ,45.00%, $ 33.75 ,, $ 4.68 , $ 0.75 , $ 4.88 , $ 10.31 ,4.33%,$119,,$16.42,$103,$40,,,,,,,,,OL,LIC,DUL,-,0073,,0,0,,73
0074,OL-LIC-DUL-0074,OL-LIC-DUL-0074,LICOR CREMA DE DURAZNO DE 50 ML. ,,DULCES TIPICOS Y ALIMENTOS,El Huerto,UCAREO,4434101030,Yadira Mendoza Soto, $ 17 , $ 3.20 , $ 20.00 ,45.00%, $ 9.00 ,, $ 3.08 , $ 0.49 , $ 3.25 , $ 6.82 ,9.52%,$36,,$4.94,$31,$14,,,,,,,,,OL,LIC,DUL,-,0074,,0,0,,74
0075,OL-LIC-DUL-0075,OL-LIC-DUL-0075,LICOR DE MANZANA DE 750 ML. ,,DULCES TIPICOS Y ALIMENTOS,El Huerto,UCAREO,4434101030,Yadira Mendoza Soto, $ 113 , $ 21.60 , $ 135.00 ,45.00%, $ 60.75 ,, $ 6.42 , $ 1.03 , $ 6.66 , $ 14.11 ,3.36%,$210,,$28.95,$181,$68,,,,,,,,,OL,LIC,DUL,-,0075,,0,0,,75
0076,OL-LIC-DUL-0076,OL-LIC-DUL-0076,LICOR DE MANZANA DE 500 ML. ,,DULCES TIPICOS Y ALIMENTOS,El Huerto,UCAREO,4434101030,Yadira Mendoza Soto, $ 97 , $ 18.40 , $ 115.00 ,45.00%, $ 51.75 ,, $ 5.84 , $ 0.93 , $ 6.07 , $ 12.84 ,3.57%,$180,,$24.77,$155,$58,,,,,,,,,OL,LIC,DUL,-,0076,,0,0,,76
0077,OL-LIC-DUL-0077,OL-LIC-DUL-0077,LICOR DE MANZANA DE 250 ML. ,,DULCES TIPICOS Y ALIMENTOS,El Huerto,UCAREO,4434101030,Yadira Mendoza Soto, $ 63 , $ 12.00 , $ 75.00 ,45.00%, $ 33.75 ,, $ 4.68 , $ 0.75 , $ 4.88 , $ 10.31 ,4.33%,$119,,$16.42,$103,$40,,,,,,,,,OL,LIC,DUL,-,0077,,0,0,,77
0078,OL-LIC-DUL-0078,OL-LIC-DUL-0078,LICOR DE MANZANA DE 50 ML. ,,DULCES TIPICOS Y ALIMENTOS,El Huerto,UCAREO,4434101030,Yadira Mendoza Soto, $ 17 , $ 3.20 , $ 20.00 ,45.00%, $ 9.00 ,, $ 3.08 , $ 0.49 , $ 3.25 , $ 6.82 ,9.52%,$36,,$4.94,$31,$14,,,,,,,,,OL,LIC,DUL,-,0078,,0,0,,78
0079,OL-LIC-DUL-0079,OL-LIC-DUL-0079,LICOR CREMA DE GUAYABA DE 750 ML. ,,DULCES TIPICOS Y ALIMENTOS,El Huerto,UCAREO,4434101030,Yadira Mendoza Soto, $ 113 , $ 21.60 , $ 135.00 ,45.00%, $ 60.75 ,, $ 6.42 , $ 1.03 , $ 6.66 , $ 14.11 ,3.36%,$210,,$28.95,$181,$68,,,,,,,,,OL,LIC,DUL,-,0079,,0,0,,79
0080,OL-LIC-DUL-0080,OL-LIC-DUL-0080,LICOR CREMA DE GUAYABA DE 500 ML. ,,DULCES TIPICOS Y ALIMENTOS,El Huerto,UCAREO,4434101030,Yadira Mendoza Soto, $ 97 , $ 18.40 , $ 115.00 ,45.00%, $ 51.75 ,, $ 5.84 , $ 0.93 , $ 6.07 , $ 12.84 ,3.57%,$180,,$24.77,$155,$58,,,,,,,,,OL,LIC,DUL,-,0080,,0,0,,80
0081,OL-LIC-DUL-0081,OL-LIC-DUL-0081,LICOR CREMA DE GUAYABA DE 250 ML. ,,DULCES TIPICOS Y ALIMENTOS,El Huerto,UCAREO,4434101030,Yadira Mendoza Soto, $ 63 , $ 12.00 , $ 75.00 ,45.00%, $ 33.75 ,, $ 4.68 , $ 0.75 , $ 4.88 , $ 10.31 ,4.33%,$119,,$16.42,$103,$40,,,,,,,,,OL,LIC,DUL,-,0081,,0,0,,81
0082,OL-LIC-DUL-0082,OL-LIC-DUL-0082,LICOR CREMA DE GUAYABA DE 50 ML. ,,DULCES TIPICOS Y ALIMENTOS,El Huerto,UCAREO,4434101030,Yadira Mendoza Soto, $ 17 , $ 3.20 , $ 20.00 ,45.00%, $ 9.00 ,, $ 3.08 , $ 0.49 , $ 3.25 , $ 6.82 ,9.52%,$36,,$4.94,$31,$14,,,,,,,,,OL,LIC,DUL,-,0082,,0,0,,82
0083,OL-LIC-DUL-0083,OL-LIC-DUL-0083,LICOR CREMA DE TEJOCOTE DE 750 ML. ,,DULCES TIPICOS Y ALIMENTOS,El Huerto,UCAREO,4434101030,Yadira Mendoza Soto, $ 113 , $ 21.60 , $ 135.00 ,45.00%, $ 60.75 ,, $ 6.42 , $ 1.03 , $ 6.66 , $ 14.11 ,3.36%,$210,,$28.95,$181,$68,,,,,,,,,OL,LIC,DUL,-,0083,,0,0,,83
0084,OL-LIC-DUL-0084,OL-LIC-DUL-0084,LICOR CREMA DE TEJOCOTE DE 500 ML. ,,DULCES TIPICOS Y ALIMENTOS,El Huerto,UCAREO,4434101030,Yadira Mendoza Soto, $ 97 , $ 18.40 , $ 115.00 ,45.00%, $ 51.75 ,, $ 5.84 , $ 0.93 , $ 6.07 , $ 12.84 ,3.57%,$180,,$24.77,$155,$58,,,,,,,,,OL,LIC,DUL,-,0084,,0,0,,84
0085,OL-LIC-DUL-0085,OL-LIC-DUL-0085,LICOR CREMA DE TEJOCOTE DE 250 ML. ,,DULCES TIPICOS Y ALIMENTOS,El Huerto,UCAREO,4434101030,Yadira Mendoza Soto, $ 63 , $ 12.00 , $ 75.00 ,45.00%, $ 33.75 ,, $ 4.68 , $ 0.75 , $ 4.88 , $ 10.31 ,4.33%,$119,,$16.42,$103,$40,,,,,,,,,OL,LIC,DUL,-,0085,,0,0,,85
0086,OL-LIC-DUL-0086,OL-LIC-DUL-0086,LICOR CREMA DE TEJOCOTE DE 50 ML. ,,DULCES TIPICOS Y ALIMENTOS,El Huerto,UCAREO,4434101030,Yadira Mendoza Soto, $ 17 , $ 3.20 , $ 20.00 ,45.00%, $ 9.00 ,, $ 3.08 , $ 0.49 , $ 3.25 , $ 6.82 ,9.52%,$36,,$4.94,$31,$14,,,,,,,,,OL,LIC,DUL,-,0086,,0,0,,86
0087,OL-LIC-DUL-0087,OL-LIC-DUL-0087,LICOR CREMA DE CIRUELA DE 750 ML ,,DULCES TIPICOS Y ALIMENTOS,El Huerto,UCAREO,4434101030,Yadira Mendoza Soto, $ 113 , $ 21.60 , $ 135.00 ,45.00%, $ 60.75 ,, $ 6.42 , $ 1.03 , $ 6.66 , $ 14.11 ,3.36%,$210,,$28.95,$181,$68,,,,,,,,,OL,LIC,DUL,-,0087,,0,0,,87
0088,OL-LIC-DUL-0088,OL-LIC-DUL-0088,LICOR CREMA DE CIRUELA DE 500 ML. ,,DULCES TIPICOS Y ALIMENTOS,El Huerto,UCAREO,4434101030,Yadira Mendoza Soto, $ 97 , $ 18.40 , $ 115.00 ,45.00%, $ 51.75 ,, $ 5.84 , $ 0.93 , $ 6.07 , $ 12.84 ,3.57%,$180,,$24.77,$155,$58,,,,,,,,,OL,LIC,DUL,-,0088,,0,0,,88
0089,OL-LIC-DUL-0089,OL-LIC-DUL-0089,LICOR CREMA DE CIRUELA DE 250 ML. ,,DULCES TIPICOS Y ALIMENTOS,El Huerto,UCAREO,4434101030,Yadira Mendoza Soto, $ 63 , $ 12.00 , $ 75.00 ,45.00%, $ 33.75 ,, $ 4.68 , $ 0.75 , $ 4.88 , $ 10.31 ,4.33%,$119,,$16.42,$103,$40,,,,,,,,,OL,LIC,DUL,-,0089,,0,0,,89
0090,OL-LIC-DUL-0090,OL-LIC-DUL-0090,LICOR CREMA DE CIRUELA DE 50 ML. ,,DULCES TIPICOS Y ALIMENTOS,El Huerto,UCAREO,4434101030,Yadira Mendoza Soto, $ 17 , $ 3.20 , $ 20.00 ,45.00%, $ 9.00 ,, $ 3.08 , $ 0.49 , $ 3.25 , $ 6.82 ,9.52%,$36,,$4.94,$31,$14,,,,,,,,,OL,LIC,DUL,-,0090,,0,0,,90
0091,OL-LIC-DUL-0091,OL-LIC-DUL-0091,LICOR CREMA DE ZARZAMORA DE 750 ML ,,DULCES TIPICOS Y ALIMENTOS,El Huerto,UCAREO,4434101030,Yadira Mendoza Soto, $ 139 , $ 26.40 , $ 165.00 ,45.00%, $ 74.25 ,, $ 7.29 , $ 1.17 , $ 7.55 , $ 16.00 ,3.14%,$255,,$35.21,$220,$81,,,,,,,,,OL,LIC,DUL,-,0091,,0,0,,91
0092,OL-LIC-DUL-0092,OL-LIC-DUL-0092,LICOR CREMA DE ZARZAMORA DE 500 ML ,,DULCES TIPICOS Y ALIMENTOS,El Huerto,UCAREO,4434101030,Yadira Mendoza Soto, $ 113 , $ 21.60 , $ 135.00 ,45.00%, $ 60.75 ,, $ 6.42 , $ 1.03 , $ 6.66 , $ 14.11 ,3.36%,$210,,$28.95,$181,$68,,,,,,,,,OL,LIC,DUL,-,0092,,0,0,,92
0093,OL-LIC-DUL-0093,OL-LIC-DUL-0093,LICOR CREMA DE ZARZAMORA DE 250 ML ,,DULCES TIPICOS Y ALIMENTOS,El Huerto,UCAREO,4434101030,Yadira Mendoza Soto, $ 76 , $ 14.40 , $ 90.00 ,45.00%, $ 40.50 ,, $ 5.11 , $ 0.82 , $ 5.33 , $ 11.26 ,3.97%,$142,,$19.55,$122,$47,,,,,,,,,OL,LIC,DUL,-,0093,,0,0,,93
0094,OL-LIC-DUL-0094,OL-LIC-DUL-0094,LICOR CREMA DE ZARZAMORA DE 50 ML ,,DULCES TIPICOS Y ALIMENTOS,El Huerto,UCAREO,4434101030,Yadira Mendoza Soto, $ 21 , $ 4.00 , $ 25.00 ,45.00%, $ 11.25 ,, $ 3.23 , $ 0.52 , $ 3.40 , $ 7.14 ,8.23%,$43,,$5.98,$37,$16,,,,,,,,,OL,LIC,DUL,-,0094,,0,0,,94
0095,OL-LIC-DUL-0095,OL-LIC-DUL-0095,LICOR DE CAFÉ DE 750 ML ,,DULCES TIPICOS Y ALIMENTOS,El Huerto,UCAREO,4434101030,Yadira Mendoza Soto, $ 113 , $ 21.60 , $ 135.00 ,45.00%, $ 60.75 ,, $ 6.42 , $ 1.03 , $ 6.66 , $ 14.11 ,3.36%,$210,,$28.95,$181,$68,,,,,,,,,OL,LIC,DUL,-,0095,,0,0,,95
0096,OL-LIC-DUL-0096,OL-LIC-DUL-0096,LICOR DE CAFÉ DE 500 ML ,,DULCES TIPICOS Y ALIMENTOS,El Huerto,UCAREO,4434101030,Yadira Mendoza Soto, $ 97 , $ 18.40 , $ 115.00 ,45.00%, $ 51.75 ,, $ 5.84 , $ 0.93 , $ 6.07 , $ 12.84 ,3.57%,$180,,$24.77,$155,$58,,,,,,,,,OL,LIC,DUL,-,0096,,0,0,,96
0097,OL-LIC-DUL-0097,OL-LIC-DUL-0097,LICOR DE CAFÉ DE 250 ML ,,DULCES TIPICOS Y ALIMENTOS,El Huerto,UCAREO,4434101030,Yadira Mendoza Soto, $ 63 , $ 12.00 , $ 75.00 ,45.00%, $ 33.75 ,, $ 4.68 , $ 0.75 , $ 4.88 , $ 10.31 ,4.33%,$119,,$16.42,$103,$40,,,,,,,,,OL,LIC,DUL,-,0097,,0,0,,97
0098,OL-LIC-DUL-0098,OL-LIC-DUL-0098,LICOR DE CAFÉ DE 50 ML ,,DULCES TIPICOS Y ALIMENTOS,El Huerto,UCAREO,4434101030,Yadira Mendoza Soto, $ 17 , $ 3.20 , $ 20.00 ,45.00%, $ 9.00 ,, $ 3.08 , $ 0.49 , $ 3.25 , $ 6.82 ,9.52%,$36,,$4.94,$31,$14,,,,,,,,,OL,LIC,DUL,-,0098,,0,0,,98
,,,Mezcal de Membrillo de 750 ml,,,,,,, $ 235 , $ 44.80 , $ 280.00 ,45.00%, $ 126.00 ,, $ 10.62 , $ 1.70 , $ 10.97 , $ 23.29 ,2.71%,$429,,$59.21,$370,$135,,,,,,,,,,,,,,,,,,
,,,Mezcal de Manzana de 750 ml,,,,,,, $ 235 , $ 44.80 , $ 280.00 ,45.00%, $ 126.00 ,, $ 10.62 , $ 1.70 , $ 10.97 , $ 23.29 ,2.71%,$429,,$59.21,$370,$135,,,,,,,,,,,,,,,,,,
0099,OL-LIC-DUL-0099,OL-LIC-DUL-0099,LICOR DE NUEZ DE 750 ML ,,DULCES TIPICOS Y ALIMENTOS,El Huerto,UCAREO,4434101030,Yadira Mendoza Soto, $ -   , $ -  .00 , $ -   ,0.00%, $ -   ,, $ 2.50 , $ 0.40 , $ 2.66 , $ 5.56 ,50.00%,$6,,$0.77,$5,$5,,,,,,,,,OL,LIC,DUL,-,0099,,0,0,,99
0100,OL-LIC-DUL-0100,OL-LIC-DUL-0100,LICOR DE NUEZ DE 500 ML ,,DULCES TIPICOS Y ALIMENTOS,El Huerto,UCAREO,4434101030,Yadira Mendoza Soto, $ -   , $ -  .00 , $ -   ,0.00%, $ -   ,, $ 2.50 , $ 0.40 , $ 2.66 , $ 5.56 ,50.00%,$6,,$0.77,$5,$5,,,,,,,,,OL,LIC,DUL,-,0100,,0,,,100
0101,OL-LIC-DUL-0101,OL-LIC-DUL-0101,LICOR DE NUEZ DE 250 ML ,,DULCES TIPICOS Y ALIMENTOS,El Huerto,UCAREO,4434101030,Yadira Mendoza Soto, $ -   , $ -  .00 , $ -   ,0.00%, $ -   ,, $ 2.50 , $ 0.40 , $ 2.66 , $ 5.56 ,50.00%,$6,,$0.77,$5,$5,,,,,,,,,OL,LIC,DUL,-,0101,,0,,,101
0102,OL-LIC-DUL-0102,OL-LIC-DUL-0102,LICOR DE NUEZ DE 50 ML ,,DULCES TIPICOS Y ALIMENTOS,El Huerto,UCAREO,4434101030,Yadira Mendoza Soto, $ -   , $ -  .00 , $ -   ,0.00%, $ -   ,, $ 2.50 , $ 0.40 , $ 2.66 , $ 5.56 ,50.00%,$6,,$0.77,$5,$5,,,,,,,,,OL,LIC,DUL,-,0102,,0,,,102
0103,OL-CRE-DUL-0103,OL-CRE-DUL-0103,CREMA DE COCO DE 500 ML ,,DULCES TIPICOS Y ALIMENTOS,El Huerto,UCAREO,4434101030,Yadira Mendoza Soto, $ -   , $ -  .00 , $ -   ,0.00%, $ -   ,, $ 2.50 , $ 0.40 , $ 2.66 , $ 5.56 ,50.00%,$6,,$0.77,$5,$5,,,,,,,,,OL,CRE,DUL,-,0103,,0,,,103
0104,OL-CRE-DUL-0104,OL-CRE-DUL-0104,CREMA DE PISTACHE DE 500 ML ,,DULCES TIPICOS Y ALIMENTOS,El Huerto,UCAREO,4434101030,Yadira Mendoza Soto, $ 168 , $ 32.00 , $ 200.00 ,45.00%, $ 90.00 ,, $ 8.30 , $ 1.33 , $ 8.59 , $ 18.22 ,2.96%,$308,,$42.51,$266,$98,,,,,,,,,OL,CRE,DUL,-,0104,,0,,,104
0105,OL-CRE-DUL-0105,OL-CRE-DUL-0105,CREMA DE CAFÉ DE 500 ML ,,DULCES TIPICOS Y ALIMENTOS,El Huerto,UCAREO,4434101030,Yadira Mendoza Soto, $ 168 , $ 32.00 , $ 200.00 ,45.00%, $ 90.00 ,, $ 8.30 , $ 1.33 , $ 8.59 , $ 18.22 ,2.96%,$308,,$42.51,$266,$98,,,10%,10%,15%,15%,20%,,OL,CRE,DUL,-,0105,,0,,,105
0106,OL-CRE-DUL-0106,OL-CRE-DUL-0106,CREMA DE PIÑON DE 500 ML ,,DULCES TIPICOS Y ALIMENTOS,El Huerto,UCAREO,4434101030,Yadira Mendoza Soto, $ 168 , $ 32.00 , $ 200.00 ,45.00%, $ 90.00 ,, $ 8.30 , $ 1.33 , $ 8.59 , $ 18.22 ,2.96%,$308,,$42.51,$266,$98,,,1 a 50,50 a 100,100 a 500,"500 a 1,000","1,000 o mas",,OL,CRE,DUL,-,0106,,0,,,106
,,,,,,,,,,,,,,,, $ 2.50 ,,,,,,,,,,,,,,,,,,,,,,,,,,,
0107,ACEITERA B,CABOA1 ,ACEITERA BOLA (18x11.5),,ARTESANIAS ,SERVIN ,TARANDACUAU GTO , 421 107 2674,VERONICA , $ 448.28 , $ 71.72 , $ 520.00,35.00%, $ 182.00 ,, $ 17.58 , $ 2.81 , $ 17.05 , $ 37.44 ,2.53%,$739,,$101.99,$637,$189,,,,,,,,,,ACE,,,,,,,,
0108, ALCANCIA ,CAGAA1 , ALCANCIA GATO (28x9x17) ,,ARTESANIAS ,SERVIN ,TARANDACUAU GTO , 422 107 2674,VERONICA , $ 844.83 , $ 135.17 , $ 980.00,35.00%, $ 343.00 ,, $ 30.92 , $ 4.95 , $ 29.78 , $ 65.64 ,2.36%,"$1,389",,$191.54,"$1,197",$352,,,,,,,,,,,,,,,,,,
0109, ALCANCIA ,CAPUA1 , ALCANCIA PUERQUITO (16.5x16),,ARTESANIAS ,SERVIN ,TARANDACUAU GTO , 423 107 2674,VERONICA , $ 762.93 , $ 122.07 , $ 885.00,35.00%, $ 309.75 ,, $ 28.17 , $ 4.51 , $ 27.15 , $ 59.82 ,2.38%,"$1,255",,$173.04,"$1,082",$319,,,,,,,,,,,,,,,,,,
0110, ALCANCIA ,CAVAA1 , ALCANCIA VACA (10x6x17.5),,ARTESANIAS ,SERVIN ,TARANDACUAU GTO , 424 107 2674,VERONICA , $ 599.14 , $ 95.86 , $ 695.00,35.00%, $ 243.25 ,, $ 22.66 , $ 3.62 , $ 21.89 , $ 48.17 ,2.44%,$986,,$136.06,$850,$251,,,,,,,,,,,,,,,,,,
0111, AROMATIZA,CACCA1 , AROMATIZADOR CALADO CHICO (10x7.5),,ARTESANIAS ,SERVIN ,TARANDACUAU GTO , 425 107 2674,VERONICA , $ 353.45 , $ 56.55 , $ 410.00,35.00%, $ 143.50 ,, $ 14.39 , $ 2.30 , $ 14.00 , $ 30.70 ,2.63%,$584,,$80.58,$504,$150,,,,,,,,,,,,,,,,,,
0112, AROMATIZA,CACGA1 , AROMATIZADOR CALADO GRANDE (14x11),,ARTESANIAS ,SERVIN ,TARANDACUAU GTO , 426 107 2674,VERONICA , $ 500.00 , $ 80.00 , $ 580.00,35.00%, $ 203.00 ,, $ 19.32 , $ 3.09 , $ 18.71 , $ 41.12 ,2.49%,$824,,$113.67,$710,$210,,,,,,,,,,,,,,,,,,
0113, AROMATIZA,CACMA1 , AROMATIZADOR CALADO MEDIANO (11.5x9) ,,ARTESANIAS ,SERVIN ,TARANDACUAU GTO , 427 107 2674,VERONICA , $ 448.28 , $ 71.72 , $ 520.00,35.00%, $ 182.00 ,, $ 17.58 , $ 2.81 , $ 17.05 , $ 37.44 ,2.53%,$739,,$101.99,$637,$189,,,,,,,,,,,,,,,,,,
0114, AROMATIZA,CACOA1 , AROMATIZADOR COLMENA (11.5x8.5) ,,ARTESANIAS ,SERVIN ,TARANDACUAU GTO , 428 107 2674,VERONICA , $ 362.07 , $ 57.93 , $ 420.00,35.00%, $ 147.00 ,, $ 14.68 , $ 2.35 , $ 14.28 , $ 31.31 ,2.62%,$598,,$82.53,$516,$154,,,,,,,,,,,,,,,,,,
0115, AZUCARERA,CAAMA1 , AZUCARERA AMERICANO (11.5x9) ,,ARTESANIAS ,SERVIN ,TARANDACUAU GTO , 429 107 2674,VERONICA , $ 327.59 , $ 52.41 , $ 380.00,35.00%, $ 133.00 ,, $ 13.52 , $ 2.16 , $ 13.17 , $ 28.86 ,2.66%,$542,,$74.74,$467,$140,,,,,,,,,,,,,,,,,,
0116, AZUCARERA,CAASA1 , AZUCARERA CON ASA (13.5x8.5) ,,ARTESANIAS ,SERVIN ,TARANDACUAU GTO , 430 107 2674,VERONICA , $ 327.59 , $ 52.41 , $ 380.00,35.00%, $ 133.00 ,, $ 13.52 , $ 2.16 , $ 13.17 , $ 28.86 ,2.66%,$542,,$74.74,$467,$140,,,,,,,,,,,,,,,,,,
0117, AZUCARERA,CAEXA1 , AZUCARERA EXPRESS (11x8.5) ,,ARTESANIAS ,SERVIN ,TARANDACUAU GTO , 431 107 2674,VERONICA , $ 306.03 , $ 48.97 , $ 355.00,35.00%, $ 124.25 ,, $ 12.80 , $ 2.05 , $ 12.48 , $ 27.32 ,2.70%,$507,,$69.87,$437,$131,,,,,,,,,,,,,,,,,,
0118, AZULEJO (,CAZUA1 , AZULEJO (0.5x5x5) ,,ARTESANIAS ,SERVIN ,TARANDACUAU GTO , 432 107 2674,VERONICA , $ 107.76 , $ 17.24 , $ 125.00,35.00%, $ 43.75 ,, $ 6.13 , $ 0.98 , $ 6.12 , $ 13.22 ,3.63%,$182,,$25.10,$157,$49,,,,,,,,,,,,,,,,,,
0119, BASE DE G,CBGAA1 , BASE DE GARRAFON (27x24.5) ,,ARTESANIAS ,SERVIN ,TARANDACUAU GTO , 433 107 2674,VERONICA ," $ 4,030.17 ", $ 644.83 ," $ 4,675.00",35.00%," $ 1,636.25 ",, $ 138.08 , $ 22.09 , $ 132.03 , $ 292.20 ,2.21%,"$6,603",,$910.82,"$5,693","$1,662",,,,,,,,,,,,,,,,,,
0120, BOMBONERA,CBOMA1 , BOMBONERA (11.5x14),,ARTESANIAS ,SERVIN ,TARANDACUAU GTO , 434 107 2674,VERONICA , $ 599.14 , $ 95.86 , $ 695.00,35.00%, $ 243.25 ,, $ 22.66 , $ 3.62 , $ 21.89 , $ 48.17 ,2.44%,$986,,$136.06,$850,$251,,,,,,,,,,,,,,,,,,
0121, BOTANERO ,CBOVA1 , BOTANERO OVAL (6x13x14) ,,ARTESANIAS ,SERVIN ,TARANDACUAU GTO , 435 107 2674,VERONICA , $ 362.07 , $ 57.93 , $ 420.00,35.00%, $ 147.00 ,, $ 14.68 , $ 2.35 , $ 14.28 , $ 31.31 ,2.62%,$598,,$82.53,$516,$154,,,,,,,,,,,,,,,,,,
0122, BOTANERO ,CBRCA1 , BOTANERO RECTANGULAR CHICO (3x10x13.5) ,,ARTESANIAS ,SERVIN ,TARANDACUAU GTO , 436 107 2674,VERONICA , $ 306.03 , $ 48.97 , $ 355.00,35.00%, $ 124.25 ,, $ 12.80 , $ 2.05 , $ 12.48 , $ 27.32 ,2.70%,$507,,$69.87,$437,$131,,,,,,,,,,,,,,,,,,
0123, BOTANERO ,CBTRA1 , BOTANERO TRIANGULAR (5x13) ,,ARTESANIAS ,SERVIN ,TARANDACUAU GTO , 437 107 2674,VERONICA , $ 306.03 , $ 48.97 , $ 355.00,35.00%, $ 124.25 ,, $ 12.80 , $ 2.05 , $ 12.48 , $ 27.32 ,2.70%,$507,,$69.87,$437,$131,,,,,,,,,,,,,,,,,,
0124, BOTELLA P,CBPSA1 , BOTELLA PARA SAKE (14x8.5) ,,ARTESANIAS ,SERVIN ,TARANDACUAU GTO , 438 107 2674,VERONICA , $ 469.83 , $ 75.17 , $ 545.00,35.00%, $ 190.75 ,, $ 18.31 , $ 2.93 , $ 17.74 , $ 38.97 ,2.52%,$775,,$106.86,$668,$198,,,,,,,,,,,,,,,,,,
0125, BOWL REDO,CBRCB1 , BOWL REDONDO CHICO (9x17),,ARTESANIAS ,SERVIN ,TARANDACUAU GTO , 439 107 2674,VERONICA , $ 797.41 , $ 127.59 , $ 925.00,35.00%, $ 323.75 ,, $ 29.33 , $ 4.69 , $ 28.26 , $ 62.27 ,2.37%,"$1,311",,$180.83,"$1,130",$333,,,,,,,,,,,,,,,,,,
0126, BOWL REDO,CBRGA1 , BOWL REDONDO GRANDE (12x23.5),,ARTESANIAS ,SERVIN ,TARANDACUAU GTO , 440 107 2674,VERONICA ," $ 1,672.41 ", $ 267.59 ," $ 1,940.00",35.00%, $ 679.00 ,, $ 58.76 , $ 9.40 , $ 56.34 , $ 124.50 ,2.27%,"$2,744",,$378.41,"$2,365",$693,,,,,,,,,,,,,,,,,,
0127, BOWL REDO,CBRMA1 , BOWL REDONDO MEDIANO (10x20.5) ,,ARTESANIAS ,SERVIN ,TARANDACUAU GTO , 441 107 2674,VERONICA ," $ 1,215.52 ", $ 194.48 ," $ 1,410.00",35.00%, $ 493.50 ,, $ 43.39 , $ 6.94 , $ 41.68 , $ 92.01 ,2.31%,"$1,996",,$275.24,"$1,720",$505,,,,,,,,,,,,,,,,,,
0128, BOWL REDO,CBRMB1 , BOWL REDONDO MINI (7.5x14.5) ,,ARTESANIAS ,SERVIN ,TARANDACUAU GTO , 442 107 2674,VERONICA , $ 646.55 , $ 103.45 , $ 750.00,35.00%, $ 262.50 ,, $ 24.25 , $ 3.88 , $ 23.41 , $ 51.54 ,2.42%,"$1,064",,$146.76,$917,$271,,,,,,,,,,,,,,,,,,
0129, CABALLITO,CCCUA1 , CABALLITO CUADRADO (8.5x3.5) ,,ARTESANIAS ,SERVIN ,TARANDACUAU GTO , 443 107 2674,VERONICA , $ 142.24 , $ 22.76 , $ 165.00,35.00%, $ 57.75 ,, $ 7.29 , $ 1.17 , $ 7.22 , $ 15.67 ,3.29%,$238,,$32.89,$206,$63,,,,,,,,,,,,,,,,,,
0130, CALAVERIT,CCALC1 , CALAVERITA CHICA (8X6.5X8) ,,ARTESANIAS ,SERVIN ,TARANDACUAU GTO , 444 107 2674,VERONICA , $ 237.07 , $ 37.93 , $ 275.00,35.00%, $ 96.25 ,, $ 10.48 , $ 1.68 , $ 10.27 , $ 22.42 ,2.85%,$394,,$54.30,$339,$102,,,,,,,,,,,,,,,,,,
0131, CALAVERIT,CCALM1 , CALAVERITA MEDIANA (12.5X9.5X9) ,,ARTESANIAS ,SERVIN ,TARANDACUAU GTO , 445 107 2674,VERONICA , $ 392.24 , $ 62.76 , $ 455.00,35.00%, $ 159.25 ,, $ 15.70 , $ 2.51 , $ 15.25 , $ 33.46 ,2.58%,$648,,$89.34,$558,$166,,,,,,,,,,,,,,,,,,
0132, CALIZ CON,CCCPA1 , CALIZ CON PATENA (11.5x17) ,,ARTESANIAS ,SERVIN ,TARANDACUAU GTO , 446 107 2674,VERONICA ," $ 1,116.38 ", $ 178.62 ," $ 1,295.00",35.00%, $ 453.25 ,, $ 40.06 , $ 6.41 , $ 38.49 , $ 84.96 ,2.32%,"$1,833",,$252.86,"$1,580",$464,,,,,,,,,,,,,,,,,,
0133, CAMPANA #,CCAMA1 , CAMPANA # 1 (7x4),,ARTESANIAS ,SERVIN ,TARANDACUAU GTO , 447 107 2674,VERONICA , $ 155.17 , $ 24.83 , $ 180.00,35.00%, $ 63.00 ,, $ 7.72 , $ 1.24 , $ 7.64 , $ 16.59 ,3.20%,$260,,$35.81,$224,$69,,,,,,,,,,,,,,,,,,
0134, CAMPANA #,CCAMB1 , CAMPANA # 2 (10.5x6) ,,ARTESANIAS ,SERVIN ,TARANDACUAU GTO , 448 107 2674,VERONICA , $ 185.34 , $ 29.66 , $ 215.00,35.00%, $ 75.25 ,, $ 8.74 , $ 1.40 , $ 8.61 , $ 18.74 ,3.03%,$309,,$42.62,$266,$81,,,,,,,,,,,,,,,,,,
0135, CANDELERO,CCACA1 , CANDELERO ASA CHICO (5x10) ,,ARTESANIAS ,SERVIN ,TARANDACUAU GTO , 449 107 2674,VERONICA , $ 198.28 , $ 31.72 , $ 230.00,35.00%, $ 80.50 ,, $ 9.17 , $ 1.47 , $ 9.02 , $ 19.66 ,2.98%,$330,,$45.54,$285,$86,,,,,,,,,,,,,,,,,,
0136, CANDELERO,CCAGA1 , CANDELERO ASA GRANDE (5.5x12) ,,ARTESANIAS ,SERVIN ,TARANDACUAU GTO , 450 107 2674,VERONICA , $ 219.83 , $ 35.17 , $ 255.00,35.00%, $ 89.25 ,, $ 9.90 , $ 1.58 , $ 9.71 , $ 21.19 ,2.90%,$365,,$50.41,$315,$95,,,,,,,,,,,,,,,,,,
0137, CANDELERO,CCTCA1 , CANDELERO TORRE CHICO (9x6),,ARTESANIAS ,SERVIN ,TARANDACUAU GTO , 451 107 2674,VERONICA , $ 198.28 , $ 31.72 , $ 230.00,35.00%, $ 80.50 ,, $ 9.17 , $ 1.47 , $ 9.02 , $ 19.66 ,2.98%,$330,,$45.54,$285,$86,,,,,,,,,,,,,,,,,,
0138, CANDELERO,CCTGA1 , CANDELERO TORRE GRANDE (10.5x8),,ARTESANIAS ,SERVIN ,TARANDACUAU GTO , 452 107 2674,VERONICA , $ 219.83 , $ 35.17 , $ 255.00,35.00%, $ 89.25 ,, $ 9.90 , $ 1.58 , $ 9.71 , $ 21.19 ,2.90%,$365,,$50.41,$315,$95,,,,,,,,,,,,,,,,,,
0139, CENICERO ,CCENA1 , CENICERO # 1 (2.5x6),,ARTESANIAS ,SERVIN ,TARANDACUAU GTO , 453 107 2674,VERONICA , $ 129.31 , $ 20.69 , $ 150.00,35.00%, $ 52.50 ,, $ 6.85 , $ 1.10 , $ 6.81 , $ 14.75 ,3.40%,$217,,$29.97,$187,$58,,,,,,,,,,,,,,,,,,
0140, CENICERO ,CCENB1 , CENICERO # 2 (2.5x7),,ARTESANIAS ,SERVIN ,TARANDACUAU GTO , 454 107 2674,VERONICA , $ 142.24 , $ 22.76 , $ 165.00,35.00%, $ 57.75 ,, $ 7.29 , $ 1.17 , $ 7.22 , $ 15.67 ,3.29%,$238,,$32.89,$206,$63,,,,,,,,,,,,,,,,,,
0141, CENICERO ,CCENC1 , CENICERO # 3 (2.5x8.5),,ARTESANIAS ,SERVIN ,TARANDACUAU GTO , 455 107 2674,VERONICA , $ 155.17 , $ 24.83 , $ 180.00,35.00%, $ 63.00 ,, $ 7.72 , $ 1.24 , $ 7.64 , $ 16.59 ,3.20%,$260,,$35.81,$224,$69,,,,,,,,,,,,,,,,,,
0142, CENICERO ,CCEND1 , CENICERO # 4 (2.5x10) ,,ARTESANIAS ,SERVIN ,TARANDACUAU GTO , 456 107 2674,VERONICA , $ 163.79 , $ 26.21 , $ 190.00,35.00%, $ 66.50 ,, $ 8.01 , $ 1.28 , $ 7.92 , $ 17.21 ,3.14%,$274,,$37.75,$236,$72,,,,,,,,,,,,,,,,,,
0143, CENICERO ,CCENE1 , CENICERO # 5 (2.5x12) ,,ARTESANIAS ,SERVIN ,TARANDACUAU GTO , 457 107 2674,VERONICA , $ 185.34 , $ 29.66 , $ 215.00,35.00%, $ 75.25 ,, $ 8.74 , $ 1.40 , $ 8.61 , $ 18.74 ,3.03%,$309,,$42.62,$266,$81,,,,,,,,,,,,,,,,,,
0144, CHAROLA R,CCEDA1 , CHAROLA RECTANGULAR EX-GDE. DECORADA (2.5x16.5x30) ,,ARTESANIAS ,SERVIN ,TARANDACUAU GTO , 423 107 2674,VERONICA , $ 961.21 , $ 153.79 ," $ 1,115.00",35.00%, $ 390.25 ,, $ 34.84 , $ 5.57 , $ 33.51 , $ 73.92 ,2.34%,"$1,579",,$217.82,"$1,361",$400,,,,,,,,,,,,,,,,,,
0145, CHAROLA R,CCEEA1 , CHAROLA RECTANGULAR EX-GDE. ESMALTADA (2.5x16.5x30),,ARTESANIAS ,SERVIN ,TARANDACUAU GTO , 424 107 2674,VERONICA , $ 327.59 , $ 52.41 , $ 380.00,35.00%, $ 133.00 ,, $ 13.52 , $ 2.16 , $ 13.17 , $ 28.86 ,2.66%,$542,,$74.74,$467,$140,,,,,,,,,,,,,,,,,,
0146, CHAROLA R,CCMDA1 , CHAROLA RECTANGULAR MEDIANA DECORADA (1.5x10.5x18.5) ,,ARTESANIAS ,SERVIN ,TARANDACUAU GTO , 425 107 2674,VERONICA , $ 461.21 , $ 73.79 , $ 535.00,35.00%, $ 187.25 ,, $ 18.02 , $ 2.88 , $ 17.46 , $ 38.36 ,2.52%,$761,,$104.91,$656,$194,,,,,,,,,,,,,,,,,,
0147, CHAROLA R,CCMEA1 , CHAROLA RECTANGULAR MEDIANA ESMALTADA (1.5x10.5x18.5),,ARTESANIAS ,SERVIN ,TARANDACUAU GTO , 426 107 2674,VERONICA , $ 262.93 , $ 42.07 , $ 305.00,35.00%, $ 106.75 ,, $ 11.35 , $ 1.82 , $ 11.10 , $ 24.26 ,2.78%,$436,,$60.14,$376,$113,,,,,,,,,,,,,,,,,,
0148, CHAROLA R,CCCDA1 , CHAROLA RECTANGULAR CHICA DECORADA (1.5x8x17.5),,ARTESANIAS ,SERVIN ,TARANDACUAU GTO , 427 107 2674,VERONICA , $ 353.45 , $ 56.55 , $ 410.00,35.00%, $ 143.50 ,, $ 14.39 , $ 2.30 , $ 14.00 , $ 30.70 ,2.63%,$584,,$80.58,$504,$150,,,,,,,,,,,,,,,,,,
0149, CHAROLA R,CCCEA1 , CHAROLA RECTANGULAR CHICA ESMALTADA (1.5x8x17.5),,ARTESANIAS ,SERVIN ,TARANDACUAU GTO , 428 107 2674,VERONICA , $ 219.83 , $ 35.17 , $ 255.00,35.00%, $ 89.25 ,, $ 9.90 , $ 1.58 , $ 9.71 , $ 21.19 ,2.90%,$365,,$50.41,$315,$95,,,,,,,,,,,,,,,,,,
0150, CHAROLA R,CCGDA1 , CHAROLA RECTANGULAR GRANDE DECORADA (2.5x16x25.5) ,,ARTESANIAS ,SERVIN ,TARANDACUAU GTO , 429 107 2674,VERONICA , $ 663.79 , $ 106.21 , $ 770.00,35.00%, $ 269.50 ,, $ 24.83 , $ 3.97 , $ 23.97 , $ 52.77 ,2.42%,"$1,092",,$150.66,$942,$278,,,,,,,,,,,,,,,,,,
0151, CHAROLA R,CCGEA1 , CHAROLA RECTANGULAR GRANDE ESMALTADA (2.5x16x25.5) ,,ARTESANIAS ,SERVIN ,TARANDACUAU GTO , 430 107 2674,VERONICA , $ 284.48 , $ 45.52 , $ 330.00,35.00%, $ 115.50 ,, $ 12.07 , $ 1.93 , $ 11.79 , $ 25.79 ,2.74%,$471,,$65.01,$406,$122,,,,,,,,,,,,,,,,,,
0152, COPA PARA,CCPVA1 , COPA PARA VELA (3x5),,ARTESANIAS ,SERVIN ,TARANDACUAU GTO , 431 107 2674,VERONICA , $ 129.31 , $ 20.69 , $ 150.00,35.00%, $ 52.50 ,, $ 6.85 , $ 1.10 , $ 6.81 , $ 14.75 ,3.40%,$217,,$29.97,$187,$58,,,,,,,,,,,,,,,,,,
0153, COPA PORR,CCPCA1 , COPA PORRON CHICA (4x4),,ARTESANIAS ,SERVIN ,TARANDACUAU GTO , 432 107 2674,VERONICA , $ 129.31 , $ 20.69 , $ 150.00,35.00%, $ 52.50 ,, $ 6.85 , $ 1.10 , $ 6.81 , $ 14.75 ,3.40%,$217,,$29.97,$187,$58,,,,,,,,,,,,,,,,,,
0154, COPA PORR,CCPGA1 , COPA PORRON GRANDE (5.5x5) ,,ARTESANIAS ,SERVIN ,TARANDACUAU GTO , 433 107 2674,VERONICA , $ 142.24 , $ 22.76 , $ 165.00,35.00%, $ 57.75 ,, $ 7.29 , $ 1.17 , $ 7.22 , $ 15.67 ,3.29%,$238,,$32.89,$206,$63,,,,,,,,,,,,,,,,,,
0155, COPA TEQU,CCTCB1 , COPA TEQUILERA CHICA (5.5x4),,ARTESANIAS ,SERVIN ,TARANDACUAU GTO , 434 107 2674,VERONICA , $ 129.31 , $ 20.69 , $ 150.00,35.00%, $ 52.50 ,, $ 6.85 , $ 1.10 , $ 6.81 , $ 14.75 ,3.40%,$217,,$29.97,$187,$58,,,,,,,,,,,,,,,,,,
0156, COPA TEQU,CCTGB1 , COPA TEQUILERA GRANDE (7.5x4.5),,ARTESANIAS ,SERVIN ,TARANDACUAU GTO , 435 107 2674,VERONICA , $ 142.24 , $ 22.76 , $ 165.00,35.00%, $ 57.75 ,, $ 7.29 , $ 1.17 , $ 7.22 , $ 15.67 ,3.29%,$238,,$32.89,$206,$63,,,,,,,,,,,,,,,,,,
0157, COPON (16,CCOPA1 , COPON (16x13) ,,ARTESANIAS ,SERVIN ,TARANDACUAU GTO , 436 107 2674,VERONICA ," $ 1,159.48 ", $ 185.52 ," $ 1,345.00",35.00%, $ 470.75 ,, $ 41.51 , $ 6.64 , $ 39.88 , $ 88.02 ,2.31%,"$1,904",,$262.59,"$1,641",$482,,,,,,,,,,,,,,,,,,
0158, CREMERA A,CCAME1 , CREMERA AMERICANO (8.5x8.5),,ARTESANIAS ,SERVIN ,TARANDACUAU GTO , 437 107 2674,VERONICA , $ 254.31 , $ 40.69 , $ 295.00,35.00%, $ 103.25 ,, $ 11.06 , $ 1.77 , $ 10.82 , $ 23.65 ,2.80%,$422,,$58.19,$364,$109,,,,,,,,,,,,,,,,,,
0159, CREMERA E,CCEXA1 , CREMERA EXPRESS (6.5x6) ,,ARTESANIAS ,SERVIN ,TARANDACUAU GTO , 438 107 2674,VERONICA , $ 185.34 , $ 29.66 , $ 215.00,35.00%, $ 75.25 ,, $ 8.74 , $ 1.40 , $ 8.61 , $ 18.74 ,3.03%,$309,,$42.62,$266,$81,,,,,,,,,,,,,,,,,,
0160, CRUZ # 1 ,CCRUA1 , CRUZ # 1 (9x6),,ARTESANIAS ,SERVIN ,TARANDACUAU GTO , 439 107 2674,VERONICA , $ 155.17 , $ 24.83 , $ 180.00,35.00%, $ 63.00 ,, $ 7.72 , $ 1.24 , $ 7.64 , $ 16.59 ,3.20%,$260,,$35.81,$224,$69,,,,,,,,,,,,,,,,,,
0161, CRUZ # 2 ,CCRUB1 , CRUZ # 2 (15.5x11.5),,ARTESANIAS ,SERVIN ,TARANDACUAU GTO , 440 107 2674,VERONICA , $ 237.07 , $ 37.93 , $ 275.00,35.00%, $ 96.25 ,, $ 10.48 , $ 1.68 , $ 10.27 , $ 22.42 ,2.85%,$394,,$54.30,$339,$102,,,,,,,,,,,,,,,,,,
0162, CRUZ # 3 ,CCRUC1 , CRUZ # 3 (23.5x13.5),,ARTESANIAS ,SERVIN ,TARANDACUAU GTO , 441 107 2674,VERONICA , $ 469.83 , $ 75.17 , $ 545.00,35.00%, $ 190.75 ,, $ 18.31 , $ 2.93 , $ 17.74 , $ 38.97 ,2.52%,$775,,$106.86,$668,$198,,,,,,,,,,,,,,,,,,
0163, CUCHARA (,CCUCA1 , CUCHARA (3x4x15.5) ,,ARTESANIAS ,SERVIN ,TARANDACUAU GTO , 442 107 2674,VERONICA , $ 163.79 , $ 26.21 , $ 190.00,35.00%, $ 66.50 ,, $ 8.01 , $ 1.28 , $ 7.92 , $ 17.21 ,3.14%,$274,,$37.75,$236,$72,,,,,,,,,,,,,,,,,,
0164, DEDAL (2.,CDEDA1 , DEDAL (2.5x2) ,,ARTESANIAS ,SERVIN ,TARANDACUAU GTO , 443 107 2674,VERONICA , $ 43.10 , $ 6.90 , $ 50.00,35.00%, $ 17.50 ,, $ 3.95 , $ 0.63 , $ 4.04 , $ 8.62 ,5.66%,$76,,$10.50,$66,$23,,,,,,,,,,,,,,,,,,
0165, DESPACHAD,CDJAL1 , DESPACHADOR DE JABON LIQUIDO (8X18),,ARTESANIAS ,SERVIN ,TARANDACUAU GTO , 444 107 2674,VERONICA , $ 556.03 , $ 88.97 , $ 645.00,35.00%, $ 225.75 ,, $ 21.21 , $ 3.39 , $ 20.51 , $ 45.10 ,2.46%,$916,,$126.32,$790,$233,,,,,,,,,,,,,,,,,,
0166, ELEFANTE ,CELEA1 , ELEFANTE (11.5x6x12) ,,ARTESANIAS ,SERVIN ,TARANDACUAU GTO , 445 107 2674,VERONICA , $ 318.97 , $ 51.03 , $ 370.00,35.00%, $ 129.50 ,, $ 13.23 , $ 2.12 , $ 12.90 , $ 28.24 ,2.68%,$528,,$72.79,$455,$136,,,,,,,,,,,,,,,,,,
0167, ENSALADER,CENSA1 , ENSALADERA (9x32),,ARTESANIAS ,SERVIN ,TARANDACUAU GTO , 446 107 2674,VERONICA ," $ 5,310.34 ", $ 849.66 ," $ 6,160.00",35.00%," $ 2,156.00 ",, $ 181.14 , $ 28.98 , $ 173.12 , $ 383.24 ,2.20%,"$8,699",,"$1,199.90","$7,499","$2,189",,,,,,,,,,,,,,,,,,
0168, ESFERA # ,CESFA1 , ESFERA # 1 (5),,ARTESANIAS ,SERVIN ,TARANDACUAU GTO , 447 107 2674,VERONICA , $ 155.17 , $ 24.83 , $ 180.00,35.00%, $ 63.00 ,, $ 7.72 , $ 1.24 , $ 7.64 , $ 16.59 ,3.20%,$260,,$35.81,$224,$69,,,,,,,,,,,,,,,,,,
0169, ESFERA # ,CESFB1 , ESFERA # 2 (6),,ARTESANIAS ,SERVIN ,TARANDACUAU GTO , 448 107 2674,VERONICA , $ 163.79 , $ 26.21 , $ 190.00,35.00%, $ 66.50 ,, $ 8.01 , $ 1.28 , $ 7.92 , $ 17.21 ,3.14%,$274,,$37.75,$236,$72,,,,,,,,,,,,,,,,,,
0170, ESFERA # ,CESFC1 , ESFERA # 3 (6.,,ARTESANIAS ,SERVIN ,TARANDACUAU GTO , 449 107 2674,VERONICA , $ 185.34 , $ 29.66 , $ 215.00,35.00%, $ 75.25 ,, $ 8.74 , $ 1.40 , $ 8.61 , $ 18.74 ,3.03%,$309,,$42.62,$266,$81,,,,,,,,,,,,,,,,,,
0171, ESFERA # ,CESFD1 , ESFERA # 4 (8),,ARTESANIAS ,SERVIN ,TARANDACUAU GTO , 450 107 2674,VERONICA , $ 219.83 , $ 35.17 , $ 255.00,35.00%, $ 89.25 ,, $ 9.90 , $ 1.58 , $ 9.71 , $ 21.19 ,2.90%,$365,,$50.41,$315,$95,,,,,,,,,,,,,,,,,,
0172, ESFERA # ,CESFE1 , ESFERA # 5 (8.5),,ARTESANIAS ,SERVIN ,TARANDACUAU GTO , 451 107 2674,VERONICA , $ 262.93 , $ 42.07 , $ 305.00,35.00%, $ 106.75 ,, $ 11.35 , $ 1.82 , $ 11.10 , $ 24.26 ,2.78%,$436,,$60.14,$376,$113,,,,,,,,,,,,,,,,,,
0173, ESFERA # ,CESFF1 , ESFERA # 6 (10.5),,ARTESANIAS ,SERVIN ,TARANDACUAU GTO , 452 107 2674,VERONICA , $ 284.48 , $ 45.52 , $ 330.00,35.00%, $ 115.50 ,, $ 12.07 , $ 1.93 , $ 11.79 , $ 25.79 ,2.74%,$471,,$65.01,$406,$122,,,,,,,,,,,,,,,,,,
0174, ESFERA # ,CEPCA1 , ESFERA # 1 PARA COLGAR (5) ,,ARTESANIAS ,SERVIN ,TARANDACUAU GTO , 453 107 2674,VERONICA , $ 163.79 , $ 26.21 , $ 190.00,35.00%, $ 66.50 ,, $ 8.01 , $ 1.28 , $ 7.92 , $ 17.21 ,3.14%,$274,,$37.75,$236,$72,,,,,,,,,,,,,,,,,,
0175, ESFERA # ,CEPCB1 , ESFERA # 2 PARA COLGAR (6) ,,ARTESANIAS ,SERVIN ,TARANDACUAU GTO , 454 107 2674,VERONICA , $ 185.34 , $ 29.66 , $ 215.00,35.00%, $ 75.25 ,, $ 8.74 , $ 1.40 , $ 8.61 , $ 18.74 ,3.03%,$309,,$42.62,$266,$81,,,,,,,,,,,,,,,,,,
0176, ESFERA # ,CEPCC1 , ESFERA # 3 PARA COLGAR (6.5),,ARTESANIAS ,SERVIN ,TARANDACUAU GTO , 455 107 2674,VERONICA , $ 198.28 , $ 31.72 , $ 230.00,35.00%, $ 80.50 ,, $ 9.17 , $ 1.47 , $ 9.02 , $ 19.66 ,2.98%,$330,,$45.54,$285,$86,,,,,,,,,,,,,,,,,,
0177, ESFERA # ,CEPCD1 , ESFERA # 4 PARA COLGAR (8) ,,ARTESANIAS ,SERVIN ,TARANDACUAU GTO , 456 107 2674,VERONICA , $ 237.07 , $ 37.93 , $ 275.00,35.00%, $ 96.25 ,, $ 10.48 , $ 1.68 , $ 10.27 , $ 22.42 ,2.85%,$394,,$54.30,$339,$102,,,,,,,,,,,,,,,,,,
0178, ESFERA # ,CEPCE1 , ESFERA # 5 PARA COLGAR (8.5),,ARTESANIAS ,SERVIN ,TARANDACUAU GTO , 457 107 2674,VERONICA , $ 271.55 , $ 43.45 , $ 315.00,35.00%, $ 110.25 ,, $ 11.64 , $ 1.86 , $ 11.37 , $ 24.87 ,2.76%,$450,,$62.09,$388,$116,,,,,,,,,,,,,,,,,,
0179, ESFERA # ,CEPCF1 , ESFERA # 6 PARA COLGAR (10.5),,ARTESANIAS ,SERVIN ,TARANDACUAU GTO , 423 107 2674,VERONICA , $ 306.03 , $ 48.97 , $ 355.00,35.00%, $ 124.25 ,, $ 12.80 , $ 2.05 , $ 12.48 , $ 27.32 ,2.70%,$507,,$69.87,$437,$131,,,,,,,,,,,,,,,,,,
0180, ESPEJO (4,CESPA1 , ESPEJO (44x58),,ARTESANIAS ,SERVIN ,TARANDACUAU GTO , 424 107 2674,VERONICA ," $ 3,974.14 ", $ 635.86 ," $ 4,610.00",35.00%," $ 1,613.50 ",, $ 136.19 , $ 21.79 , $ 130.23 , $ 288.21 ,2.21%,"$6,512",,$898.17,"$5,614","$1,639",,,,,,,,,,,,,,,,,,
0181, FLORERO #,CFLOA1 , FLORERO # 1 (7),,ARTESANIAS ,SERVIN ,TARANDACUAU GTO , 425 107 2674,VERONICA , $ 129.31 , $ 20.69 , $ 150.00,35.00%, $ 52.50 ,, $ 6.85 , $ 1.10 , $ 6.81 , $ 14.75 ,3.40%,$217,,$29.97,$187,$58,,,,,,,,,,,,,,,,,,
0182, FLORERO #,CFLOB1 , FLORERO # 10 (34),,ARTESANIAS ,SERVIN ,TARANDACUAU GTO , 426 107 2674,VERONICA ," $ 3,521.55 ", $ 563.45 ," $ 4,085.00",35.00%," $ 1,429.75 ",, $ 120.97 , $ 19.35 , $ 115.70 , $ 256.02 ,2.22%,"$5,771",,$795.97,"$4,975","$1,453",,,,,,,,,,,,,,,,,,
0183, FLORERO #,CFLOC1 , FLORERO # 2 (8.5),,ARTESANIAS ,SERVIN ,TARANDACUAU GTO , 427 107 2674,VERONICA , $ 142.24 , $ 22.76 , $ 165.00,35.00%, $ 57.75 ,, $ 7.29 , $ 1.17 , $ 7.22 , $ 15.67 ,3.29%,$238,,$32.89,$206,$63,,,,,,,,,,,,,,,,,,
0184, FLORERO #,CFLOD1 , FLORERO # 3 (10.5),,ARTESANIAS ,SERVIN ,TARANDACUAU GTO , 428 107 2674,VERONICA , $ 198.28 , $ 31.72 , $ 230.00,35.00%, $ 80.50 ,, $ 9.17 , $ 1.47 , $ 9.02 , $ 19.66 ,2.98%,$330,,$45.54,$285,$86,,,,,,,,,,,,,,,,,,
0185, FLORERO #,CFLOE1 , FLORERO # 4 (12) ,,ARTESANIAS ,SERVIN ,TARANDACUAU GTO , 429 107 2674,VERONICA , $ 262.93 , $ 42.07 , $ 305.00,35.00%, $ 106.75 ,, $ 11.35 , $ 1.82 , $ 11.10 , $ 24.26 ,2.78%,$436,,$60.14,$376,$113,,,,,,,,,,,,,,,,,,
0186, FLORERO #,CFLOF1 , FLORERO # 5 (15) ,,ARTESANIAS ,SERVIN ,TARANDACUAU GTO , 430 107 2674,VERONICA , $ 435.34 , $ 69.66 , $ 505.00,35.00%, $ 176.75 ,, $ 17.15 , $ 2.74 , $ 16.63 , $ 36.52 ,2.54%,$718,,$99.07,$619,$184,,,,,,,,,,,,,,,,,,
0187, FLORERO #,CFLOG1 , FLORERO # 6 (17) ,,ARTESANIAS ,SERVIN ,TARANDACUAU GTO , 431 107 2674,VERONICA , $ 556.03 , $ 88.97 , $ 645.00,35.00%, $ 225.75 ,, $ 21.21 , $ 3.39 , $ 20.51 , $ 45.10 ,2.46%,$916,,$126.32,$790,$233,,,,,,,,,,,,,,,,,,
0188, FLORERO #,CFLOH1 , FLORERO # 7 (22x14),,ARTESANIAS ,SERVIN ,TARANDACUAU GTO , 432 107 2674,VERONICA , $ 969.83 , $ 155.17 ," $ 1,125.00",35.00%, $ 393.75 ,, $ 35.13 , $ 5.62 , $ 33.79 , $ 74.53 ,2.34%,"$1,593",,$219.76,"$1,374",$404,,,,,,,,,,,,,,,,,,
0189, FLORERO #,CFLOI1 , FLORERO # 8 (25.5) ,,ARTESANIAS ,SERVIN ,TARANDACUAU GTO , 433 107 2674,VERONICA ," $ 1,625.00 ", $ 260.00 ," $ 1,885.00",35.00%, $ 659.75 ,, $ 57.17 , $ 9.15 , $ 54.82 , $ 121.13 ,2.27%,"$2,666",,$367.71,"$2,298",$673,,,,,,,,,,,,,,,,,,
0190, FLORERO #,CFLOJ1 , FLORERO # 9 (31.5) ,,ARTESANIAS ,SERVIN ,TARANDACUAU GTO , 434 107 2674,VERONICA ," $ 2,750.00 ", $ 440.00 ," $ 3,190.00",35.00%," $ 1,116.50 ",, $ 95.01 , $ 15.20 , $ 90.93 , $ 201.15 ,2.23%,"$4,508",,$621.74,"$3,886","$1,136",,,,,,,,,,,,,,,,,,
0191, FLORERO C,CFCCA1 , FLORERO CUADRADO CHICO (17.5x4.5) ,,ARTESANIAS ,SERVIN ,TARANDACUAU GTO , 435 107 2674,VERONICA , $ 392.24 , $ 62.76 , $ 455.00,35.00%, $ 159.25 ,, $ 15.70 , $ 2.51 , $ 15.25 , $ 33.46 ,2.58%,$648,,$89.34,$558,$166,,,,,,,,,,,,,,,,,,
0192, FLORERO C,CFCGA1 , FLORERO CUADRADO GRANDE (26x6) ,,ARTESANIAS ,SERVIN ,TARANDACUAU GTO , 436 107 2674,VERONICA , $ 887.93 , $ 142.07 ," $ 1,030.00",35.00%, $ 360.50 ,, $ 32.37 , $ 5.18 , $ 31.16 , $ 68.71 ,2.35%,"$1,459",,$201.27,"$1,258",$370,,,,,,,,,,,,,,,,,,
0193, FLORERO D,CFDEA1 , FLORERO DELGADO (37x10),,ARTESANIAS ,SERVIN ,TARANDACUAU GTO , 437 107 2674,VERONICA ," $ 1,060.34 ", $ 169.66 ," $ 1,230.00",35.00%, $ 430.50 ,, $ 38.17 , $ 6.11 , $ 36.70 , $ 80.97 ,2.32%,"$1,741",,$240.20,"$1,501",$441,,,,,,,,,,,,,,,,,,
0194, FLORERO D,CFDCA1 , FLORERO DONA CHICO (15.5x5.5x16.5),,ARTESANIAS ,SERVIN ,TARANDACUAU GTO , 438 107 2674,VERONICA , $ 646.55 , $ 103.45 , $ 750.00,35.00%, $ 262.50 ,, $ 24.25 , $ 3.88 , $ 23.41 , $ 51.54 ,2.42%,"$1,064",,$146.76,$917,$271,,,,,,,,,,,,,,,,,,
0195,FLORERO DO,FDGA1 F,FLORERO DONA GRANDE (20x8x21) ,,ARTESANIAS ,SERVIN ,TARANDACUAU GTO , 439 107 2674,VERONICA ," $ 1,025.86 ", $ 164.14 ," $ 1,190.00",35.00%, $ 416.50 ,, $ 37.01 , $ 5.92 , $ 35.59 , $ 78.52 ,2.33%,"$1,685",,$232.42,"$1,453",$427,,,,,,,,,,,,,,,,,,
0196, FLORERO G,CFGOA1 , FLORERO GORDO (23x19) ,,ARTESANIAS ,SERVIN ,TARANDACUAU GTO , 440 107 2674,VERONICA ," $ 1,280.17 ", $ 204.83 ," $ 1,485.00",35.00%, $ 519.75 ,, $ 45.57 , $ 7.29 , $ 43.75 , $ 96.61 ,2.30%,"$2,101",,$289.84,"$1,812",$531,,,,,,,,,,,,,,,,,,
0197, FLORERO M,CFMIA1 , FLORERO MICRO (3),,ARTESANIAS ,SERVIN ,TARANDACUAU GTO , 441 107 2674,VERONICA , $ 43.10 , $ 6.90 , $ 50.00,35.00%, $ 17.50 ,, $ 3.95 , $ 0.63 , $ 4.04 , $ 8.62 ,5.66%,$76,,$10.50,$66,$23,,,,,,,,,,,,,,,,,,
0198, FLORERO M,CFMIB1 , FLORERO MINI (5) ,,ARTESANIAS ,SERVIN ,TARANDACUAU GTO , 442 107 2674,VERONICA , $ 107.76 , $ 17.24 , $ 125.00,35.00%, $ 43.75 ,, $ 6.13 , $ 0.98 , $ 6.12 , $ 13.22 ,3.63%,$182,,$25.10,$157,$49,,,,,,,,,,,,,,,,,,
0199, FLORERO P,CFPCA1 , FLORERO PEZ CHICO (18.5x9.5x14.5) ,,ARTESANIAS ,SERVIN ,TARANDACUAU GTO , 443 107 2674,VERONICA , $ 646.55 , $ 103.45 , $ 750.00,35.00%, $ 262.50 ,, $ 24.25 , $ 3.88 , $ 23.41 , $ 51.54 ,2.42%,"$1,064",,$146.76,$917,$271,,,,,,,,,,,,,,,,,,
0200, FLORERO P,CFPGA1 , FLORERO PEZ GRANDE (42x22x31),,ARTESANIAS ,SERVIN ,TARANDACUAU GTO , 444 107 2674,VERONICA ," $ 4,711.21 ", $ 753.79 ," $ 5,465.00",35.00%," $ 1,912.75 ",, $ 160.99 , $ 25.76 , $ 153.89 , $ 340.63 ,2.21%,"$7,718",,"$1,064.60","$6,654","$1,943",,,,,,,,,,,,,,,,,,
0201, FLORERO P,CFPMA1 , FLORERO PEZ MEDIANO (31x16x22) ,,ARTESANIAS ,SERVIN ,TARANDACUAU GTO , 445 107 2674,VERONICA ," $ 2,750.00 ", $ 440.00 ," $ 3,190.00",35.00%," $ 1,116.50 ",, $ 95.01 , $ 15.20 , $ 90.93 , $ 201.15 ,2.23%,"$4,508",,$621.74,"$3,886","$1,136",,,,,,,,,,,,,,,,,,
0202, FRUTERO C,CFCHA1 , FRUTERO CHICO (5.5x24),,ARTESANIAS ,SERVIN ,TARANDACUAU GTO , 446 107 2674,VERONICA ," $ 1,706.90 ", $ 273.10 ," $ 1,980.00",35.00%, $ 693.00 ,, $ 59.92 , $ 9.59 , $ 57.45 , $ 126.96 ,2.27%,"$2,800",,$386.20,"$2,414",$707,,,,,,,,,,,,,,,,,,
0203, GALLETERO,CGCHA1 , GALLETERO CHICO (12x10.5),,ARTESANIAS ,SERVIN ,TARANDACUAU GTO , 447 107 2674,VERONICA , $ 461.21 , $ 73.79 , $ 535.00,35.00%, $ 187.25 ,, $ 18.02 , $ 2.88 , $ 17.46 , $ 38.36 ,2.52%,$761,,$104.91,$656,$194,,,,,,,,,,,,,,,,,,
0204, GALLETERO,CGMEA1 , GALLETERO MEDIANO (14.5x12) ,,ARTESANIAS ,SERVIN ,TARANDACUAU GTO , 448 107 2674,VERONICA , $ 599.14 , $ 95.86 , $ 695.00,35.00%, $ 243.25 ,, $ 22.66 , $ 3.62 , $ 21.89 , $ 48.17 ,2.44%,$986,,$136.06,$850,$251,,,,,,,,,,,,,,,,,,
0205, GATO PORT,CGPOA1 , GATO PORTA-ANILLOS (12.5x4.5x8.5),,ARTESANIAS ,SERVIN ,TARANDACUAU GTO , 449 107 2674,VERONICA , $ 306.03 , $ 48.97 , $ 355.00,35.00%, $ 124.25 ,, $ 12.80 , $ 2.05 , $ 12.48 , $ 27.32 ,2.70%,$507,,$69.87,$437,$131,,,,,,,,,,,,,,,,,,
0206, JARRA DE , CJAGA1, JARRA DE AGUA (20.5x16.5) ,,ARTESANIAS ,SERVIN ,TARANDACUAU GTO , 450 107 2674,VERONICA ," $ 1,487.07 ", $ 237.93 ," $ 1,725.00",35.00%, $ 603.75 ,, $ 52.53 , $ 8.40 , $ 50.39 , $ 111.32 ,2.28%,"$2,440",,$336.56,"$2,104",$616,,,,,,,,,,,,,,,,,,
0207, JARRA DE , CJADA1, JARRA DE AGUA DONA (31x12x21) ,,ARTESANIAS ,SERVIN ,TARANDACUAU GTO , 451 107 2674,VERONICA ," $ 2,491.38 ", $ 398.62 ," $ 2,890.00",35.00%," $ 1,011.50 ",, $ 86.31 , $ 13.81 , $ 82.63 , $ 182.75 ,2.24%,"$4,084",,$563.35,"$3,521","$1,030",,,,,,,,,,,,,,,,,,
0208, JARRA DE , CJCAA1, JARRA DE CAFE AMERICANO (18x13.5) ,,ARTESANIAS ,SERVIN ,TARANDACUAU GTO , 452 107 2674,VERONICA ," $ 1,409.48 ", $ 225.52 ," $ 1,635.00",35.00%, $ 572.25 ,, $ 49.92 , $ 7.99 , $ 47.90 , $ 105.80 ,2.29%,"$2,313",,$319.04,"$1,994",$585,,,,,,,,,,,,,,,,,,
0209, JARRA DE , CJCEA1, JARRA DE CAFE EXPRESS (16x12) ,,ARTESANIAS ,SERVIN ,TARANDACUAU GTO , 453 107 2674,VERONICA ," $ 1,103.45 ", $ 176.55 ," $ 1,280.00",35.00%, $ 448.00 ,, $ 39.62 , $ 6.34 , $ 38.08 , $ 84.04 ,2.32%,"$1,812",,$249.94,"$1,562",$459,,,,,,,,,,,,,,,,,,
0210, JARRA DE , CJTCA1, JARRA DE TE CHICA (10x12.5x16) ,,ARTESANIAS ,SERVIN ,TARANDACUAU GTO , 454 107 2674,VERONICA , $ 706.90 , $ 113.10 , $ 820.00,35.00%, $ 287.00 ,, $ 26.28 , $ 4.20 , $ 25.35 , $ 55.83 ,2.40%,"$1,163",,$160.39,"$1,002",$296,,,,,,,,,,,,,,,,,,
0211, JARRA DE , CJTGA1, JARRA DE TE GRANDE (11.5x18x22.5) ,,ARTESANIAS ,SERVIN ,TARANDACUAU GTO , 455 107 2674,VERONICA ," $ 1,280.17 ", $ 204.83 ," $ 1,485.00",35.00%, $ 519.75 ,, $ 45.57 , $ 7.29 , $ 43.75 , $ 96.61 ,2.30%,"$2,101",,$289.84,"$1,812",$531,,,,,,,,,,,,,,,,,,
0212, JARRITA A, CJACA1, JARRITA ACEITERA (13x8.5) ,,ARTESANIAS ,SERVIN ,TARANDACUAU GTO , 456 107 2674,VERONICA , $ 392.24 , $ 62.76 , $ 455.00,35.00%, $ 159.25 ,, $ 15.70 , $ 2.51 , $ 15.25 , $ 33.46 ,2.58%,$648,,$89.34,$558,$166,,,,,,,,,,,,,,,,,,
0213, JARRITO P, CJPOA1, JARRITO PONCHERO (9x8) ,,ARTESANIAS ,SERVIN ,TARANDACUAU GTO , 457 107 2674,VERONICA , $ 262.93 , $ 42.07 , $ 305.00,35.00%, $ 106.75 ,, $ 11.35 , $ 1.82 , $ 11.10 , $ 24.26 ,2.78%,$436,,$60.14,$376,$113,,,,,,,,,,,,,,,,,,
0214, JOYERO # , CJBOA1, JOYERO # 1 BOLA (4x5.5) ,,ARTESANIAS ,SERVIN ,TARANDACUAU GTO , 423 107 2674,VERONICA , $ 163.79 , $ 26.21 , $ 190.00,35.00%, $ 66.50 ,, $ 8.01 , $ 1.28 , $ 7.92 , $ 17.21 ,3.14%,$274,,$37.75,$236,$72,,,,,,,,,,,,,,,,,,
0215, JOYERO # , CJHPA1, JOYERO # 1 HEXAGONAL CON PERILLA (4.5x4.5) ,,ARTESANIAS ,SERVIN ,TARANDACUAU GTO , 424 107 2674,VERONICA , $ 163.79 , $ 26.21 , $ 190.00,35.00%, $ 66.50 ,, $ 8.01 , $ 1.28 , $ 7.92 , $ 17.21 ,3.14%,$274,,$37.75,$236,$72,,,,,,,,,,,,,,,,,,
0216, JOYERO # , CJPLA1, JOYERO # 1 PLANO (4x5) ,,ARTESANIAS ,SERVIN ,TARANDACUAU GTO , 425 107 2674,VERONICA , $ 163.79 , $ 26.21 , $ 190.00,35.00%, $ 66.50 ,, $ 8.01 , $ 1.28 , $ 7.92 , $ 17.21 ,3.14%,$274,,$37.75,$236,$72,,,,,,,,,,,,,,,,,,
0217, JOYERO # , CJBOB1, JOYERO # 2 BOLA (5.5x7.5),,ARTESANIAS ,SERVIN ,TARANDACUAU GTO , 426 107 2674,VERONICA , $ 198.28 , $ 31.72 , $ 230.00,35.00%, $ 80.50 ,, $ 9.17 , $ 1.47 , $ 9.02 , $ 19.66 ,2.98%,$330,,$45.54,$285,$86,,,,,,,,,,,,,,,,,,
0218, JOYERO # , CJHPB1, JOYERO # 2 HEXAGONAL CON PERILLA (5.5x6) ,,ARTESANIAS ,SERVIN ,TARANDACUAU GTO , 427 107 2674,VERONICA , $ 198.28 , $ 31.72 , $ 230.00,35.00%, $ 80.50 ,, $ 9.17 , $ 1.47 , $ 9.02 , $ 19.66 ,2.98%,$330,,$45.54,$285,$86,,,,,,,,,,,,,,,,,,
0219, JOYERO # , CJPLB1, JOYERO # 2 PLANO (4x7) ,,ARTESANIAS ,SERVIN ,TARANDACUAU GTO , 428 107 2674,VERONICA , $ 198.28 , $ 31.72 , $ 230.00,35.00%, $ 80.50 ,, $ 9.17 , $ 1.47 , $ 9.02 , $ 19.66 ,2.98%,$330,,$45.54,$285,$86,,,,,,,,,,,,,,,,,,
0220, JOYERO # , CJBOC1, JOYERO # 3 BOLA (7.5x9) ,,ARTESANIAS ,SERVIN ,TARANDACUAU GTO , 429 107 2674,VERONICA , $ 237.07 , $ 37.93 , $ 275.00,35.00%, $ 96.25 ,, $ 10.48 , $ 1.68 , $ 10.27 , $ 22.42 ,2.85%,$394,,$54.30,$339,$102,,,,,,,,,,,,,,,,,,
0221, JOYERO # , CJHPC1, JOYERO # 3 HEXAGONAL CON PERILLA (7x9) ,,ARTESANIAS ,SERVIN ,TARANDACUAU GTO , 430 107 2674,VERONICA , $ 237.07 , $ 37.93 , $ 275.00,35.00%, $ 96.25 ,, $ 10.48 , $ 1.68 , $ 10.27 , $ 22.42 ,2.85%,$394,,$54.30,$339,$102,,,,,,,,,,,,,,,,,,
0222, JOYERO # , CJPLC1, JOYERO # 3 PLANO (6.5x8.5),,ARTESANIAS ,SERVIN ,TARANDACUAU GTO , 431 107 2674,VERONICA , $ 237.07 , $ 37.93 , $ 275.00,35.00%, $ 96.25 ,, $ 10.48 , $ 1.68 , $ 10.27 , $ 22.42 ,2.85%,$394,,$54.30,$339,$102,,,,,,,,,,,,,,,,,,
0223, JOYERO # , CJBOD1, JOYERO # 4 BOLA (8.5x10),,ARTESANIAS ,SERVIN ,TARANDACUAU GTO , 432 107 2674,VERONICA , $ 284.48 , $ 45.52 , $ 330.00,35.00%, $ 115.50 ,, $ 12.07 , $ 1.93 , $ 11.79 , $ 25.79 ,2.74%,$471,,$65.01,$406,$122,,,,,,,,,,,,,,,,,,
0224, JOYERO # , CJHPD1, JOYERO # 4 HEXAGONAL CON PERILLA (5x10),,ARTESANIAS ,SERVIN ,TARANDACUAU GTO , 433 107 2674,VERONICA , $ 284.48 , $ 45.52 , $ 330.00,35.00%, $ 115.50 ,, $ 12.07 , $ 1.93 , $ 11.79 , $ 25.79 ,2.74%,$471,,$65.01,$406,$122,,,,,,,,,,,,,,,,,,
0225, JOYERO # , CJPLD1, JOYERO # 4 PLANO (7x10.5) ,,ARTESANIAS ,SERVIN ,TARANDACUAU GTO , 434 107 2674,VERONICA , $ 284.48 , $ 45.52 , $ 330.00,35.00%, $ 115.50 ,, $ 12.07 , $ 1.93 , $ 11.79 , $ 25.79 ,2.74%,$471,,$65.01,$406,$122,,,,,,,,,,,,,,,,,,
0226, JOYERO MI, CJMBA1, JOYERO MICRO BOLA (2x2.5) ,,ARTESANIAS ,SERVIN ,TARANDACUAU GTO , 435 107 2674,VERONICA , $ 107.76 , $ 17.24 , $ 125.00,35.00%, $ 43.75 ,, $ 6.13 , $ 0.98 , $ 6.12 , $ 13.22 ,3.63%,$182,,$25.10,$157,$49,,,,,,,,,,,,,,,,,,
0227, JOYERO MI, CJMPA1, JOYERO MICRO PLANO (2x25) ,,ARTESANIAS ,SERVIN ,TARANDACUAU GTO , 436 107 2674,VERONICA , $ 107.76 , $ 17.24 , $ 125.00,35.00%, $ 43.75 ,, $ 6.13 , $ 0.98 , $ 6.12 , $ 13.22 ,3.63%,$182,,$25.10,$157,$49,,,,,,,,,,,,,,,,,,
0228, JOYERO MI, CJMBB1, JOYERO MINI BOLA (3.5x4) ,,ARTESANIAS ,SERVIN ,TARANDACUAU GTO , 437 107 2674,VERONICA , $ 142.24 , $ 22.76 , $ 165.00,35.00%, $ 57.75 ,, $ 7.29 , $ 1.17 , $ 7.22 , $ 15.67 ,3.29%,$238,,$32.89,$206,$63,,,,,,,,,,,,,,,,,,
0229, JOYERO MI, CJMPB1, JOYERO MINI PLANO (3x4) ,,ARTESANIAS ,SERVIN ,TARANDACUAU GTO , 438 107 2674,VERONICA , $ 142.24 , $ 22.76 , $ 165.00,35.00%, $ 57.75 ,, $ 7.29 , $ 1.17 , $ 7.22 , $ 15.67 ,3.29%,$238,,$32.89,$206,$63,,,,,,,,,,,,,,,,,,
0230, JUEGO DE , CJAGB1, JUEGO DE AGUA (7 PIEZAS) ,,ARTESANIAS ,SERVIN ,TARANDACUAU GTO , 439 107 2674,VERONICA ," $ 3,064.66 ", $ 490.34 ," $ 3,555.00",35.00%," $ 1,244.25 ",, $ 105.60 , $ 16.90 , $ 101.03 , $ 223.53 ,2.23%,"$5,023",,$692.80,"$4,330","$1,265",,,,,,,,,,,,,,,,,,
0231, JUEGO DE , CJADB1, JUEGO DE AGUA DONA (7 PIEZAS) ,,ARTESANIAS ,SERVIN ,TARANDACUAU GTO , 440 107 2674,VERONICA ," $ 4,219.83 ", $ 675.17 ," $ 4,895.00",35.00%," $ 1,713.25 ",, $ 144.46 , $ 23.11 , $ 138.12 , $ 305.68 ,2.21%,"$6,914",,$953.65,"$5,960","$1,740",,,,,,,,,,,,,,,,,,
0232, JUEGO DE , CJCAB1, JUEGO DE CAFE AMERICANO (15 PIEZAS),,ARTESANIAS ,SERVIN ,TARANDACUAU GTO , 441 107 2674,VERONICA ," $ 4,939.66 ", $ 790.34 ," $ 5,730.00",35.00%," $ 2,005.50 ",, $ 168.67 , $ 26.99 , $ 161.22 , $ 356.88 ,2.21%,"$8,092",,"$1,116.19","$6,976","$2,037",,,,,,,,,,,,,,,,,,
0233, JUEGO DE , CJCEB1, JUEGO DE CAFE EXPRESS (15 PIEZAS) ,,ARTESANIAS ,SERVIN ,TARANDACUAU GTO , 442 107 2674,VERONICA ," $ 3,224.14 ", $ 515.86 ," $ 3,740.00",35.00%," $ 1,309.00 ",, $ 110.96 , $ 17.75 , $ 106.15 , $ 234.87 ,2.22%,"$5,284",,$728.81,"$4,555","$1,331",,,,,,,,,,,,,,,,,,
0234, JUEGO DE , CJESA1, JUEGO DE ESCRITORIO (3 PIEZAS) ,,ARTESANIAS ,SERVIN ,TARANDACUAU GTO , 443 107 2674,VERONICA , $ 646.55 , $ 103.45 , $ 750.00,35.00%, $ 262.50 ,, $ 24.25 , $ 3.88 , $ 23.41 , $ 51.54 ,2.42%,"$1,064",,$146.76,$917,$271,,,,,,,,,,,,,,,,,,
0235, JUEGO DE , CJTCB1, JUEGO DE TE CHICO (5 PIEZAS) ,,ARTESANIAS ,SERVIN ,TARANDACUAU GTO , 444 107 2674,VERONICA ," $ 1,448.28 ", $ 231.72 ," $ 1,680.00",35.00%, $ 588.00 ,, $ 51.22 , $ 8.20 , $ 49.15 , $ 108.56 ,2.28%,"$2,377",,$327.80,"$2,049",$600,,,,,,,,,,,,,,,,,,
0236, JUEGO DE , CJTGB1, JUEGO DE TE GRANDE (7 PIEZAS),,ARTESANIAS ,SERVIN ,TARANDACUAU GTO , 445 107 2674,VERONICA ," $ 2,702.59 ", $ 432.41 ," $ 3,135.00",35.00%," $ 1,097.25 ",, $ 93.42 , $ 14.95 , $ 89.41 , $ 197.77 ,2.23%,"$4,430",,$611.04,"$3,819","$1,116",,,,,,,,,,,,,,,,,,
0237, JUEGO SAL, CJSCA1, JUEGO SAL/PIMIENTA CUADRADO (2 PIEZAS) ,,ARTESANIAS ,SERVIN ,TARANDACUAU GTO , 446 107 2674,VERONICA , $ 327.59 , $ 52.41 , $ 380.00,35.00%, $ 133.00 ,, $ 13.52 , $ 2.16 , $ 13.17 , $ 28.86 ,2.66%,$542,,$74.74,$467,$140,,,,,,,,,,,,,,,,,,
0238, JUEGO TEQ, CJTEA1, JUEGO TEQUILERO (4 PIEZAS) ,,ARTESANIAS ,SERVIN ,TARANDACUAU GTO , 447 107 2674,VERONICA , $ 681.03 , $ 108.97 , $ 790.00,35.00%, $ 276.50 ,, $ 25.41 , $ 4.07 , $ 24.52 , $ 54.00 ,2.41%,"$1,120",,$154.55,$966,$285,,,,,,,,,,,,,,,,,,
0239, LAMPARA #, CLAMC1, LAMPARA # 6 (25) ,,ARTESANIAS ,SERVIN ,TARANDACUAU GTO , 448 107 2674,VERONICA , $ 887.93 , $ 142.07 ," $ 1,030.00",35.00%, $ 360.50 ,, $ 32.37 , $ 5.18 , $ 31.16 , $ 68.71 ,2.35%,"$1,459",,$201.27,"$1,258",$370,,,,,,,,,,,,,,,,,,
0240, LAMPARA #, CLAMB1, LAMPARA # 7 (28) ,,ARTESANIAS ,SERVIN ,TARANDACUAU GTO , 449 107 2674,VERONICA ," $ 1,323.28 ", $ 211.72 ," $ 1,535.00",35.00%, $ 537.25 ,, $ 47.02 , $ 7.52 , $ 45.14 , $ 99.67 ,2.29%,"$2,172",,$299.58,"$1,872",$549,,,,,,,,,,,,,,,,,,
0241, LAMPARA #, CLAMD1, LAMPARA # 8 (33.5) ,,ARTESANIAS ,SERVIN ,TARANDACUAU GTO , 450 107 2674,VERONICA ," $ 1,987.07 ", $ 317.93 ," $ 2,305.00",35.00%, $ 806.75 ,, $ 69.35 , $ 11.10 , $ 66.44 , $ 146.88 ,2.25%,"$3,259",,$449.47,"$2,809",$822,,,,,,,,,,,,,,,,,,
0242, LAMPARA B, CLBMA1, LAMPARA BOLA MEDIANA (22x12.5) ,,ARTESANIAS ,SERVIN ,TARANDACUAU GTO , 451 107 2674,VERONICA , $ 918.10 , $ 146.90 ," $ 1,065.00",35.00%, $ 372.75 ,, $ 33.39 , $ 5.34 , $ 32.13 , $ 70.86 ,2.35%,"$1,509",,$208.08,"$1,301",$382,,,,,,,,,,,,,,,,,,
0243, LAMPARA C, CLCCA1, LAMPARA CILINDRICA (58x30) ,,ARTESANIAS ,SERVIN ,TARANDACUAU GTO , 452 107 2674,VERONICA ," $ 2,021.55 ", $ 323.45 ," $ 2,345.00",35.00%, $ 820.75 ,, $ 70.51 , $ 11.28 , $ 67.55 , $ 149.34 ,2.25%,"$3,315",,$457.25,"$2,858",$836,,,,,,,,,,,,,,,,,,
0244, LICORERA , CLBCB1, LICORERA BOLA CHICA (22.5x11) ,,ARTESANIAS ,SERVIN ,TARANDACUAU GTO , 453 107 2674,VERONICA , $ 646.55 , $ 103.45 , $ 750.00,35.00%, $ 262.50 ,, $ 24.25 , $ 3.88 , $ 23.41 , $ 51.54 ,2.42%,"$1,064",,$146.76,$917,$271,,,,,,,,,,,,,,,,,,
0245, LICORERA , CLBGB1, LICORERA BOLA GRANDE (25x12.5) ,,ARTESANIAS ,SERVIN ,TARANDACUAU GTO , 454 107 2674,VERONICA ," $ 1,189.66 ", $ 190.34 ," $ 1,380.00",35.00%, $ 483.00 ,, $ 42.52 , $ 6.80 , $ 40.85 , $ 90.17 ,2.31%,"$1,953",,$269.40,"$1,684",$494,,,,,,,,,,,,,,,,,,
0246, LICORERA , CLCUA1, LICORERA CUADRADA (18x15),,ARTESANIAS ,SERVIN ,TARANDACUAU GTO , 455 107 2674,VERONICA ," $ 1,189.66 ", $ 190.34 ," $ 1,380.00",35.00%, $ 483.00 ,, $ 42.52 , $ 6.80 , $ 40.85 , $ 90.17 ,2.31%,"$1,953",,$269.40,"$1,684",$494,,,,,,,,,,,,,,,,,,
0247, LICORERA , CLDCA1, LICORERA DONA CERRADA CHICA (17x15) ,,ARTESANIAS ,SERVIN ,TARANDACUAU GTO , 456 107 2674,VERONICA , $ 698.28 , $ 111.72 , $ 810.00,35.00%, $ 283.50 ,, $ 25.99 , $ 4.16 , $ 25.07 , $ 55.22 ,2.40%,"$1,149",,$158.44,$990,$292,,,,,,,,,,,,,,,,,,
0248, LICORERA , CLDCB1, LICORERA DONA CERRADA GRANDE (22x6x20),,ARTESANIAS ,SERVIN ,TARANDACUAU GTO , 457 107 2674,VERONICA ," $ 1,232.76 ", $ 197.24 ," $ 1,430.00",35.00%, $ 500.50 ,, $ 43.97 , $ 7.04 , $ 42.23 , $ 93.24 ,2.30%,"$2,024",,$279.14,"$1,745",$512,,,,,,,,,,,,,,,,,,
0249, LICORERA , CLDCC1, LICORERA DONA CHICA (9x8.5),,ARTESANIAS ,SERVIN ,TARANDACUAU GTO , 423 107 2674,VERONICA , $ 262.93 , $ 42.07 , $ 305.00,35.00%, $ 106.75 ,, $ 11.35 , $ 1.82 , $ 11.10 , $ 24.26 ,2.78%,$436,,$60.14,$376,$113,,,,,,,,,,,,,,,,,,
0250, LICORERA , CLDMA1, LICORERA DONA MEDIANA (14.5x14.5) ,,ARTESANIAS ,SERVIN ,TARANDACUAU GTO , 424 107 2674,VERONICA , $ 853.45 , $ 136.55 , $ 990.00,35.00%, $ 346.50 ,, $ 31.21 , $ 4.99 , $ 30.05 , $ 66.26 ,2.36%,"$1,403",,$193.48,"$1,209",$356,,,,,,,,,,,,,,,,,,
0251, LICORERA , CLDGA1, LICORERA DONA GRANDE (22x22) ,,ARTESANIAS ,SERVIN ,TARANDACUAU GTO , 425 107 2674,VERONICA ," $ 1,366.38 ", $ 218.62 ," $ 1,585.00",35.00%, $ 554.75 ,, $ 48.47 , $ 7.75 , $ 46.52 , $ 102.74 ,2.29%,"$2,242",,$309.31,"$1,933",$567,,,,,,,,,,,,,,,,,,
0252, LICORERA , CLDMB1, LICORERA DONA MINI (6x6),,ARTESANIAS ,SERVIN ,TARANDACUAU GTO , 426 107 2674,VERONICA , $ 185.34 , $ 29.66 , $ 215.00,35.00%, $ 75.25 ,, $ 8.74 , $ 1.40 , $ 8.61 , $ 18.74 ,3.03%,$309,,$42.62,$266,$81,,,,,,,,,,,,,,,,,,
0253, LICORERA , CLLCA1, LICORERA LUNA CHICA (16x6x16.5),,ARTESANIAS ,SERVIN ,TARANDACUAU GTO , 427 107 2674,VERONICA , $ 698.28 , $ 111.72 , $ 810.00,35.00%, $ 283.50 ,, $ 25.99 , $ 4.16 , $ 25.07 , $ 55.22 ,2.40%,"$1,149",,$158.44,$990,$292,,,,,,,,,,,,,,,,,,
0254, LICORERA , CLLGA1, LICORERA LUNA GRANDE (20x8x21) ,,ARTESANIAS ,SERVIN ,TARANDACUAU GTO , 428 107 2674,VERONICA ," $ 1,159.48 ", $ 185.52 ," $ 1,345.00",35.00%, $ 470.75 ,, $ 41.51 , $ 6.64 , $ 39.88 , $ 88.02 ,2.31%,"$1,904",,$262.59,"$1,641",$482,,,,,,,,,,,,,,,,,,
0255, LICORERA , CLMMA1, LICORERA MINI 50 ML. (7.5x3x7) ,,ARTESANIAS ,SERVIN ,TARANDACUAU GTO , 429 107 2674,VERONICA , $ 185.34 , $ 29.66 , $ 215.00,35.00%, $ 75.25 ,, $ 8.74 , $ 1.40 , $ 8.61 , $ 18.74 ,3.03%,$309,,$42.62,$266,$81,,,,,,,,,,,,,,,,,,
0256, LICORERA , CLACA1, LICORERA REDONDA CHICA CON ASAS (17.5x16.5) ,,ARTESANIAS ,SERVIN ,TARANDACUAU GTO , 430 107 2674,VERONICA ," $ 1,068.97 ", $ 171.03 ," $ 1,240.00",35.00%, $ 434.00 ,, $ 38.46 , $ 6.15 , $ 36.97 , $ 81.59 ,2.32%,"$1,756",,$242.15,"$1,513",$444,,,,,,,,,,,,,,,,,,
0257, LICORERA , CLTCA1, LICORERA TRIANGULAR CHICA (19.5x19.5),,ARTESANIAS ,SERVIN ,TARANDACUAU GTO , 431 107 2674,VERONICA ," $ 1,189.66 ", $ 190.34 ," $ 1,380.00",35.00%, $ 483.00 ,, $ 42.52 , $ 6.80 , $ 40.85 , $ 90.17 ,2.31%,"$1,953",,$269.40,"$1,684",$494,,,,,,,,,,,,,,,,,,
0258, MACETA # , CMACB1, MACETA # 10 (25x27),,ARTESANIAS ,SERVIN ,TARANDACUAU GTO , 432 107 2674,VERONICA ," $ 2,883.62 ", $ 461.38 ," $ 3,345.00",35.00%," $ 1,170.75 ",, $ 99.51 , $ 15.92 , $ 95.22 , $ 210.65 ,2.23%,"$4,726",,$651.92,"$4,074","$1,191",,,,,,,,,,,,,,,,,,
0259, MACETA # , CMACE1, MACETA # 4 (10x8.5) ,,ARTESANIAS ,SERVIN ,TARANDACUAU GTO , 433 107 2674,VERONICA , $ 284.48 , $ 45.52 , $ 330.00,35.00%, $ 115.50 ,, $ 12.07 , $ 1.93 , $ 11.79 , $ 25.79 ,2.74%,$471,,$65.01,$406,$122,,,,,,,,,,,,,,,,,,
0260, MACETA # , CMACF1, MACETA # 6 (15.5x16.5),,ARTESANIAS ,SERVIN ,TARANDACUAU GTO , 434 107 2674,VERONICA , $ 969.83 , $ 155.17 ," $ 1,125.00",35.00%, $ 393.75 ,, $ 35.13 , $ 5.62 , $ 33.79 , $ 74.53 ,2.34%,"$1,593",,$219.76,"$1,374",$404,,,,,,,,,,,,,,,,,,
0261, MACETA # , CMACG1, MACETA # 7 (18.5x19.5),,ARTESANIAS ,SERVIN ,TARANDACUAU GTO , 435 107 2674,VERONICA ," $ 1,232.76 ", $ 197.24 ," $ 1,430.00",35.00%, $ 500.50 ,, $ 43.97 , $ 7.04 , $ 42.23 , $ 93.24 ,2.30%,"$2,024",,$279.14,"$1,745",$512,,,,,,,,,,,,,,,,,,
0262, MACETA CU, CMCCA1, MACETA CUADRADA CHICA (12x7.5) ,,ARTESANIAS ,SERVIN ,TARANDACUAU GTO , 436 107 2674,VERONICA , $ 306.03 , $ 48.97 , $ 355.00,35.00%, $ 124.25 ,, $ 12.80 , $ 2.05 , $ 12.48 , $ 27.32 ,2.70%,$507,,$69.87,$437,$131,,,,,,,,,,,,,,,,,,
0263, MACETA CU, CMCGA1, MACETA CUADRADA GRANDE (21x14.5) ,,ARTESANIAS ,SERVIN ,TARANDACUAU GTO , 437 107 2674,VERONICA ," $ 1,280.17 ", $ 204.83 ," $ 1,485.00",35.00%, $ 519.75 ,, $ 45.57 , $ 7.29 , $ 43.75 , $ 96.61 ,2.30%,"$2,101",,$289.84,"$1,812",$531,,,,,,,,,,,,,,,,,,
0264, MACETA CU, CMCMA1, MACETA CUADRADA MEDIANA (11.5x14.5) ,,ARTESANIAS ,SERVIN ,TARANDACUAU GTO , 438 107 2674,VERONICA , $ 663.79 , $ 106.21 , $ 770.00,35.00%, $ 269.50 ,, $ 24.83 , $ 3.97 , $ 23.97 , $ 52.77 ,2.42%,"$1,092",,$150.66,$942,$278,,,,,,,,,,,,,,,,,,
0265, MACETA VI, CMVIA1, MACETA VIOLETERA (11x12.5) ,,ARTESANIAS ,SERVIN ,TARANDACUAU GTO , 439 107 2674,VERONICA , $ 556.03 , $ 88.97 , $ 645.00,35.00%, $ 225.75 ,, $ 21.21 , $ 3.39 , $ 20.51 , $ 45.10 ,2.46%,$916,,$126.32,$790,$233,,,,,,,,,,,,,,,,,,
0266, MANTEQUIL, CMTQA1, MANTEQUILLERA RECTANGULAR (17.5x7x6) ,,ARTESANIAS ,SERVIN ,TARANDACUAU GTO , 440 107 2674,VERONICA , $ 306.03 , $ 48.97 , $ 355.00,35.00%, $ 124.25 ,, $ 12.80 , $ 2.05 , $ 12.48 , $ 27.32 ,2.70%,$507,,$69.87,$437,$131,,,,,,,,,,,,,,,,,,
0267, MIELERA (, CMIEA1, MIELERA (13.5x9.5) ,,ARTESANIAS ,SERVIN ,TARANDACUAU GTO , 441 107 2674,VERONICA , $ 448.28 , $ 71.72 , $ 520.00,35.00%, $ 182.00 ,, $ 17.58 , $ 2.81 , $ 17.05 , $ 37.44 ,2.53%,$739,,$101.99,$637,$189,,,,,,,,,,,,,,,,,,
0268, MOLCAJETE, CMSGA1, MOLCAJETE SANTA MARIA GRANDE (11.5x18.5) ,,ARTESANIAS ,SERVIN ,TARANDACUAU GTO , 442 107 2674,VERONICA , $ 788.79 , $ 126.21 , $ 915.00,35.00%, $ 320.25 ,, $ 29.04 , $ 4.65 , $ 27.98 , $ 61.66 ,2.38%,"$1,297",,$178.88,"$1,118",$329,,,,,,,,,,,,,,,,,,
0269, MOLCAJETE, CMSCA1, MOLCAJETE SANTA MARIA CHICO (6x11) ,,ARTESANIAS ,SERVIN ,TARANDACUAU GTO , 443 107 2674,VERONICA , $ 318.97 , $ 51.03 , $ 370.00,35.00%, $ 129.50 ,, $ 13.23 , $ 2.12 , $ 12.90 , $ 28.24 ,2.68%,$528,,$72.79,$455,$136,,,,,,,,,,,,,,,,,,
0270, MOLCAJETE, CMSMA1, MOLCAJETE SANTA MARIA MEDIANO (10.5x16.5),,ARTESANIAS ,SERVIN ,TARANDACUAU GTO , 444 107 2674,VERONICA , $ 633.62 , $ 101.38 , $ 735.00,35.00%, $ 257.25 ,, $ 23.82 , $ 3.81 , $ 23.00 , $ 50.62 ,2.43%,"$1,043",,$143.84,$899,$265,,,,,,,,,,,,,,,,,,
0271, PAYASO BO, CPBOA1, PAYASO BOLITAS (30x9) ,,ARTESANIAS ,SERVIN ,TARANDACUAU GTO , 445 107 2674,VERONICA , $ 818.97 , $ 131.03 , $ 950.00,35.00%, $ 332.50 ,, $ 30.05 , $ 4.81 , $ 28.95 , $ 63.81 ,2.37%,"$1,346",,$185.70,"$1,161",$342,,,,,,,,,,,,,,,,,,
0272, PAYASO BO, CPBLA1, PAYASO BOLITAS LARGO (50x8) ,,ARTESANIAS ,SERVIN ,TARANDACUAU GTO , 446 107 2674,VERONICA , $ 952.59 , $ 152.41 ," $ 1,105.00",35.00%, $ 386.75 ,, $ 34.55 , $ 5.53 , $ 33.24 , $ 73.31 ,2.34%,"$1,565",,$215.87,"$1,349",$397,,,,,,,,,,,,,,,,,,
0273, PAYASO GO, CPGOA1, PAYASO GORDO (17x17),,ARTESANIAS ,SERVIN ,TARANDACUAU GTO , 447 107 2674,VERONICA , $ 788.79 , $ 126.21 , $ 915.00,35.00%, $ 320.25 ,, $ 29.04 , $ 4.65 , $ 27.98 , $ 61.66 ,2.38%,"$1,297",,$178.88,"$1,118",$329,,,,,,,,,,,,,,,,,,
0274, PAYASO KI, CPKIA1, PAYASO KIM (25.5x8) ,,ARTESANIAS ,SERVIN ,TARANDACUAU GTO , 448 107 2674,VERONICA , $ 788.79 , $ 126.21 , $ 915.00,35.00%, $ 320.25 ,, $ 29.04 , $ 4.65 , $ 27.98 , $ 61.66 ,2.38%,"$1,297",,$178.88,"$1,118",$329,,,,,,,,,,,,,,,,,,
0275, PAYASO SH, CPSHA1, PAYASO SHORT (23.5x8) ,,ARTESANIAS ,SERVIN ,TARANDACUAU GTO , 449 107 2674,VERONICA , $ 788.79 , $ 126.21 , $ 915.00,35.00%, $ 320.25 ,, $ 29.04 , $ 4.65 , $ 27.98 , $ 61.66 ,2.38%,"$1,297",,$178.88,"$1,118",$329,,,,,,,,,,,,,,,,,,
0276, PIMIENTER, CPCHA1, PIMIENTERO CHICO (3.5x3),,ARTESANIAS ,SERVIN ,TARANDACUAU GTO , 450 107 2674,VERONICA , $ 129.31 , $ 20.69 , $ 150.00,35.00%, $ 52.50 ,, $ 6.85 , $ 1.10 , $ 6.81 , $ 14.75 ,3.40%,$217,,$29.97,$187,$58,,,,,,,,,,,,,,,,,,
0277, PIMIENTER, CPCUA1, PIMIENTERO CUADRADO (8x3) ,,ARTESANIAS ,SERVIN ,TARANDACUAU GTO , 451 107 2674,VERONICA , $ 163.79 , $ 26.21 , $ 190.00,35.00%, $ 66.50 ,, $ 8.01 , $ 1.28 , $ 7.92 , $ 17.21 ,3.14%,$274,,$37.75,$236,$72,,,,,,,,,,,,,,,,,,
0278, PIMIENTER, CPGRA1, PIMIENTERO GRANDE (6.5x4.5),,ARTESANIAS ,SERVIN ,TARANDACUAU GTO , 452 107 2674,VERONICA , $ 142.24 , $ 22.76 , $ 165.00,35.00%, $ 57.75 ,, $ 7.29 , $ 1.17 , $ 7.22 , $ 15.67 ,3.29%,$238,,$32.89,$206,$63,,,,,,,,,,,,,,,,,,
0279, PLATO BAS, CPBAA1, PLATO BASE (28),,ARTESANIAS ,SERVIN ,TARANDACUAU GTO , 453 107 2674,VERONICA , $ 862.07 , $ 137.93 ," $ 1,000.00",35.00%, $ 350.00 ,, $ 31.50 , $ 5.04 , $ 30.33 , $ 66.87 ,2.36%,"$1,417",,$195.43,"$1,221",$359,,,,,,,,,,,,,,,,,,
0280, PLATO CON, CPSOA1, PLATO CONSOME (6x12.5),,ARTESANIAS ,SERVIN ,TARANDACUAU GTO , 454 107 2674,VERONICA , $ 392.24 , $ 62.76 , $ 455.00,35.00%, $ 159.25 ,, $ 15.70 , $ 2.51 , $ 15.25 , $ 33.46 ,2.58%,$648,,$89.34,$558,$166,,,,,,,,,,,,,,,,,,
0281, PLATO PAN, CPPAA1, PLATO PAN (20),,ARTESANIAS ,SERVIN ,TARANDACUAU GTO , 455 107 2674,VERONICA , $ 556.03 , $ 88.97 , $ 645.00,35.00%, $ 225.75 ,, $ 21.21 , $ 3.39 , $ 20.51 , $ 45.10 ,2.46%,$916,,$126.32,$790,$233,,,,,,,,,,,,,,,,,,
0282, PLATO PAR, CPPCA1, PLATO PARA COLGAR (10),,ARTESANIAS ,SERVIN ,TARANDACUAU GTO , 456 107 2674,VERONICA , $ 198.28 , $ 31.72 , $ 230.00,35.00%, $ 80.50 ,, $ 9.17 , $ 1.47 , $ 9.02 , $ 19.66 ,2.98%,$330,,$45.54,$285,$86,,,,,,,,,,,,,,,,,,
0283,PLATO PARA,CPPCC1 ,PLATO PARA COLGAR (15) ,,ARTESANIAS ,SERVIN ,TARANDACUAU GTO , 457 107 2674,VERONICA , $ 318.97 , $ 51.03 , $ 370.00,35.00%, $ 129.50 ,, $ 13.23 , $ 2.12 , $ 12.90 , $ 28.24 ,2.68%,$528,,$72.79,$455,$136,,,,,,,,,,,,,,,,,,
0284, PLATO PAR, CPPCD1, PLATO PARA COLGAR (17),,ARTESANIAS ,SERVIN ,TARANDACUAU GTO , 423 107 2674,VERONICA , $ 469.83 , $ 75.17 , $ 545.00,35.00%, $ 190.75 ,, $ 18.31 , $ 2.93 , $ 17.74 , $ 38.97 ,2.52%,$775,,$106.86,$668,$198,,,,,,,,,,,,,,,,,,
0285, PLATO PAR, CPPCE1, PLATO PARA COLGAR (20),,ARTESANIAS ,SERVIN ,TARANDACUAU GTO , 424 107 2674,VERONICA , $ 681.03 , $ 108.97 , $ 790.00,35.00%, $ 276.50 ,, $ 25.41 , $ 4.07 , $ 24.52 , $ 54.00 ,2.41%,"$1,120",,$154.55,$966,$285,,,,,,,,,,,,,,,,,,
0286, PLATO PAR, CPPCF1, PLATO PARA COLGAR (24),,ARTESANIAS ,SERVIN ,TARANDACUAU GTO , 425 107 2674,VERONICA , $ 806.03 , $ 128.97 , $ 935.00,35.00%, $ 327.25 ,, $ 29.62 , $ 4.74 , $ 28.53 , $ 62.89 ,2.37%,"$1,325",,$182.78,"$1,142",$336,,,,,,,,,,,,,,,,,,
0287, PLATO PAR, CPPCG1, PLATO PARA COLGAR (28),,ARTESANIAS ,SERVIN ,TARANDACUAU GTO , 426 107 2674,VERONICA ," $ 1,025.86 ", $ 164.14 ," $ 1,190.00",35.00%, $ 416.50 ,, $ 37.01 , $ 5.92 , $ 35.59 , $ 78.52 ,2.33%,"$1,685",,$232.42,"$1,453",$427,,,,,,,,,,,,,,,,,,
0288, PLATO PAS, CPPAB1, PLATO PASTEL (17),,ARTESANIAS ,SERVIN ,TARANDACUAU GTO , 427 107 2674,VERONICA , $ 405.17 , $ 64.83 , $ 470.00,35.00%, $ 164.50 ,, $ 16.13 , $ 2.58 , $ 15.66 , $ 34.38 ,2.57%,$669,,$92.26,$577,$171,,,,,,,,,,,,,,,,,,
0289, PLATO POS, CPPOA1, PLATO POSTRE (14),,ARTESANIAS ,SERVIN ,TARANDACUAU GTO , 428 107 2674,VERONICA , $ 271.55 , $ 43.45 , $ 315.00,35.00%, $ 110.25 ,, $ 11.64 , $ 1.86 , $ 11.37 , $ 24.87 ,2.76%,$450,,$62.09,$388,$116,,,,,,,,,,,,,,,,,,
0290, PLATO SOP, CPSOB1, PLATO SOPA (5.5x17),,ARTESANIAS ,SERVIN ,TARANDACUAU GTO , 429 107 2674,VERONICA , $ 732.76 , $ 117.24 , $ 850.00,35.00%, $ 297.50 ,, $ 27.15 , $ 4.34 , $ 26.18 , $ 57.67 ,2.39%,"$1,205",,$166.23,"$1,039",$306,,,,,,,,,,,,,,,,,,
0291, PLATO TRI, CPTRA1, PLATO TRINCHE (24) ,,ARTESANIAS ,SERVIN ,TARANDACUAU GTO , 430 107 2674,VERONICA , $ 681.03 , $ 108.97 , $ 790.00,35.00%, $ 276.50 ,, $ 25.41 , $ 4.07 , $ 24.52 , $ 54.00 ,2.41%,"$1,120",,$154.55,$966,$285,,,,,,,,,,,,,,,,,,
0292, PLATON OV, CPOCA1, PLATON OVAL CHICO (24x32) ,,ARTESANIAS ,SERVIN ,TARANDACUAU GTO , 431 107 2674,VERONICA ," $ 1,232.76 ", $ 197.24 ," $ 1,430.00",35.00%, $ 500.50 ,, $ 43.97 , $ 7.04 , $ 42.23 , $ 93.24 ,2.30%,"$2,024",,$279.14,"$1,745",$512,,,,,,,,,,,,,,,,,,
0293, PLATON OV, CPOGA1, PLATON OVAL GRANDE HONDO (28x40) ,,ARTESANIAS ,SERVIN ,TARANDACUAU GTO , 432 107 2674,VERONICA ," $ 1,487.07 ", $ 237.93 ," $ 1,725.00",35.00%, $ 603.75 ,, $ 52.53 , $ 8.40 , $ 50.39 , $ 111.32 ,2.28%,"$2,440",,$336.56,"$2,104",$616,,,,,,,,,,,,,,,,,,
0294, POLKA CHI, CPCHB1, POLKA CHICA (21x12) ,,ARTESANIAS ,SERVIN ,TARANDACUAU GTO , 433 107 2674,VERONICA ," $ 1,103.45 ", $ 176.55 ," $ 1,280.00",35.00%, $ 448.00 ,, $ 39.62 , $ 6.34 , $ 38.08 , $ 84.04 ,2.32%,"$1,812",,$249.94,"$1,562",$459,,,,,,,,,,,,,,,,,,
0295, PORTA CUC, CPCGA1, PORTA CUCHARA GOTA (14x9.3),,ARTESANIAS ,SERVIN ,TARANDACUAU GTO , 434 107 2674,VERONICA , $ 284.48 , $ 45.52 , $ 330.00,35.00%, $ 115.50 ,, $ 12.07 , $ 1.93 , $ 11.79 , $ 25.79 ,2.74%,$471,,$65.01,$406,$122,,,,,,,,,,,,,,,,,,
0296, PORTA CUC, CPCGB1, PORTA CUCHARA GRANDE (25x9),,ARTESANIAS ,SERVIN ,TARANDACUAU GTO , 435 107 2674,VERONICA , $ 409.48 , $ 65.52 , $ 475.00,35.00%, $ 166.25 ,, $ 16.28 , $ 2.60 , $ 15.80 , $ 34.68 ,2.57%,$676,,$93.23,$583,$173,,,,,,,,,,,,,,,,,,
0297, PORTACAND, CPCAA1, PORTACANDEREL (6.5x11.5x8) ,,ARTESANIAS ,SERVIN ,TARANDACUAU GTO , 436 107 2674,VERONICA , $ 271.55 , $ 43.45 , $ 315.00,35.00%, $ 110.25 ,, $ 11.64 , $ 1.86 , $ 11.37 , $ 24.87 ,2.76%,$450,,$62.09,$388,$116,,,,,,,,,,,,,,,,,,
0298, PORTACLIP, CPORA1, PORTACLIPS (5x6.5) ,,ARTESANIAS ,SERVIN ,TARANDACUAU GTO , 437 107 2674,VERONICA , $ 185.34 , $ 29.66 , $ 215.00,35.00%, $ 75.25 ,, $ 8.74 , $ 1.40 , $ 8.61 , $ 18.74 ,3.03%,$309,,$42.62,$266,$81,,,,,,,,,,,,,,,,,,
0299, PORTALAPI, CPORB1, PORTALAPICES (10.5x6.5) ,,ARTESANIAS ,SERVIN ,TARANDACUAU GTO , 438 107 2674,VERONICA , $ 262.93 , $ 42.07 , $ 305.00,35.00%, $ 106.75 ,, $ 11.35 , $ 1.82 , $ 11.10 , $ 24.26 ,2.78%,$436,,$60.14,$376,$113,,,,,,,,,,,,,,,,,,
0300, PORTAVELA, CPCCA1, PORTAVELA CALADO CHICO (7.5x8.5) ,,ARTESANIAS ,SERVIN ,TARANDACUAU GTO , 439 107 2674,VERONICA , $ 318.97 , $ 51.03 , $ 370.00,35.00%, $ 129.50 ,, $ 13.23 , $ 2.12 , $ 12.90 , $ 28.24 ,2.68%,$528,,$72.79,$455,$136,,,,,,,,,,,,,,,,,,
0301, PORTAVELA, CPCMA1, PORTAVELA CALADO MEDIANO (10.5x10.5),,ARTESANIAS ,SERVIN ,TARANDACUAU GTO , 440 107 2674,VERONICA , $ 461.21 , $ 73.79 , $ 535.00,35.00%, $ 187.25 ,, $ 18.02 , $ 2.88 , $ 17.46 , $ 38.36 ,2.52%,$761,,$104.91,$656,$194,,,,,,,,,,,,,,,,,,
0302, QUESERA (, CQUEA1, QUESERA (9.5x21) ,,ARTESANIAS ,SERVIN ,TARANDACUAU GTO , 441 107 2674,VERONICA ," $ 1,004.31 ", $ 160.69 ," $ 1,165.00",35.00%, $ 407.75 ,, $ 36.29 , $ 5.81 , $ 34.90 , $ 76.99 ,2.33%,"$1,650",,$227.55,"$1,422",$418,,,,,,,,,,,,,,,,,,
0303, SALERO / , CSPBA1, SALERO / PIMIENTERO BOLA (9x8.5) ,,ARTESANIAS ,SERVIN ,TARANDACUAU GTO , 442 107 2674,VERONICA , $ 362.07 , $ 57.93 , $ 420.00,35.00%, $ 147.00 ,, $ 14.68 , $ 2.35 , $ 14.28 , $ 31.31 ,2.62%,$598,,$82.53,$516,$154,,,,,,,,,,,,,,,,,,
0304, SALERO CH, CSCHA1, SALERO CHICO (3.5x3) ,,ARTESANIAS ,SERVIN ,TARANDACUAU GTO , 443 107 2674,VERONICA , $ 129.31 , $ 20.69 , $ 150.00,35.00%, $ 52.50 ,, $ 6.85 , $ 1.10 , $ 6.81 , $ 14.75 ,3.40%,$217,,$29.97,$187,$58,,,,,,,,,,,,,,,,,,
0305, SALERO CU, CSCUA1, SALERO CUADRADO (8x3) ,,ARTESANIAS ,SERVIN ,TARANDACUAU GTO , 444 107 2674,VERONICA , $ 163.79 , $ 26.21 , $ 190.00,35.00%, $ 66.50 ,, $ 8.01 , $ 1.28 , $ 7.92 , $ 17.21 ,3.14%,$274,,$37.75,$236,$72,,,,,,,,,,,,,,,,,,
0306, SALERO GR, CSGRA1, SALERO GRANDE (6.5x4.5) ,,ARTESANIAS ,SERVIN ,TARANDACUAU GTO , 445 107 2674,VERONICA , $ 142.24 , $ 22.76 , $ 165.00,35.00%, $ 57.75 ,, $ 7.29 , $ 1.17 , $ 7.22 , $ 15.67 ,3.29%,$238,,$32.89,$206,$63,,,,,,,,,,,,,,,,,,
0307, SALSERA C, CSCHB1, SALSERA CHICA (7.5x9.5) ,,ARTESANIAS ,SERVIN ,TARANDACUAU GTO , 446 107 2674,VERONICA , $ 318.97 , $ 51.03 , $ 370.00,35.00%, $ 129.50 ,, $ 13.23 , $ 2.12 , $ 12.90 , $ 28.24 ,2.68%,$528,,$72.79,$455,$136,,,,,,,,,,,,,,,,,,
0308, SERVILLET, CSRIA1, SERVILLETERO REDONDO INDIVIDUAL (4.5x3.5) ,,ARTESANIAS ,SERVIN ,TARANDACUAU GTO , 447 107 2674,VERONICA , $ 129.31 , $ 20.69 , $ 150.00,35.00%, $ 52.50 ,, $ 6.85 , $ 1.10 , $ 6.81 , $ 14.75 ,3.40%,$217,,$29.97,$187,$58,,,,,,,,,,,,,,,,,,
0309, SET ACEIT, CSAVA1, SET ACEITE Y VINAGRE (3 PIEZAS) ,,ARTESANIAS ,SERVIN ,TARANDACUAU GTO , 448 107 2674,VERONICA ," $ 1,112.07 ", $ 177.93 ," $ 1,290.00",35.00%, $ 451.50 ,, $ 39.91 , $ 6.39 , $ 38.36 , $ 84.65 ,2.32%,"$1,826",,$251.88,"$1,574",$462,,,,,,,,,,,,,,,,,,
0310, SET CREME, CCAAA1, SET CREMERA Y AZUCARERA AMERICANO (3 PIEZAS),,ARTESANIAS ,SERVIN ,TARANDACUAU GTO , 449 107 2674,VERONICA , $ 866.38 , $ 138.62 ," $ 1,005.00",35.00%, $ 351.75 ,, $ 31.65 , $ 5.06 , $ 30.47 , $ 67.18 ,2.36%,"$1,424",,$196.40,"$1,228",$361,,,,,,,,,,,,,,,,,,
0311, SET CREME, CCAEA1, SET CREMERA Y AZUCARERA EXRESS (3 PIEZAS) ,,ARTESANIAS ,SERVIN ,TARANDACUAU GTO , 450 107 2674,VERONICA , $ 775.86 , $ 124.14 , $ 900.00,35.00%, $ 315.00 ,, $ 28.60 , $ 4.58 , $ 27.56 , $ 60.74 ,2.38%,"$1,276",,$175.96,"$1,100",$324,,,,,,,,,,,,,,,,,,
0312, TARJETERO, CTARA1, TARJETERO (6.5x11) ,,ARTESANIAS ,SERVIN ,TARANDACUAU GTO , 451 107 2674,VERONICA , $ 198.28 , $ 31.72 , $ 230.00,35.00%, $ 80.50 ,, $ 9.17 , $ 1.47 , $ 9.02 , $ 19.66 ,2.98%,$330,,$45.54,$285,$86,,,,,,,,,,,,,,,,,,
0313, TARRO ALT, CTALA1, TARRO ALTO (11.5x8.5),,ARTESANIAS ,SERVIN ,TARANDACUAU GTO , 452 107 2674,VERONICA , $ 271.55 , $ 43.45 , $ 315.00,35.00%, $ 110.25 ,, $ 11.64 , $ 1.86 , $ 11.37 , $ 24.87 ,2.76%,$450,,$62.09,$388,$116,,,,,,,,,,,,,,,,,,
0314, TARRO ASA, CTASA1, TARRO ASA (9.5x8),,ARTESANIAS ,SERVIN ,TARANDACUAU GTO , 453 107 2674,VERONICA , $ 271.55 , $ 43.45 , $ 315.00,35.00%, $ 110.25 ,, $ 11.64 , $ 1.86 , $ 11.37 , $ 24.87 ,2.76%,$450,,$62.09,$388,$116,,,,,,,,,,,,,,,,,,
0315, TARRO CAF, CTCGA1, TARRO CAFETERO GRANDE (10x8) ,,ARTESANIAS ,SERVIN ,TARANDACUAU GTO , 454 107 2674,VERONICA , $ 271.55 , $ 43.45 , $ 315.00,35.00%, $ 110.25 ,, $ 11.64 , $ 1.86 , $ 11.37 , $ 24.87 ,2.76%,$450,,$62.09,$388,$116,,,,,,,,,,,,,,,,,,
0316, TARRO CER, CTCAA1, TARRO CERVECERO ANCHO (13.5x9.5) ,,ARTESANIAS ,SERVIN ,TARANDACUAU GTO , 455 107 2674,VERONICA , $ 435.34 , $ 69.66 , $ 505.00,35.00%, $ 176.75 ,, $ 17.15 , $ 2.74 , $ 16.63 , $ 36.52 ,2.54%,$718,,$99.07,$619,$184,,,,,,,,,,,,,,,,,,
0317, TARRO CER, CTCCA1, TARRO CERVECERO CHICO (13.5x8.5) ,,ARTESANIAS ,SERVIN ,TARANDACUAU GTO , 456 107 2674,VERONICA , $ 327.59 , $ 52.41 , $ 380.00,35.00%, $ 133.00 ,, $ 13.52 , $ 2.16 , $ 13.17 , $ 28.86 ,2.66%,$542,,$74.74,$467,$140,,,,,,,,,,,,,,,,,,
0318, TARRO CHI, CTCHA1, TARRO CHICO (7.5x7.5) ,,ARTESANIAS ,SERVIN ,TARANDACUAU GTO , 457 107 2674,VERONICA , $ 254.31 , $ 40.69 , $ 295.00,35.00%, $ 103.25 ,, $ 11.06 , $ 1.77 , $ 10.82 , $ 23.65 ,2.80%,$422,,$58.19,$364,$109,,,,,,,,,,,,,,,,,,
0319, TARRO PIR, CTPIA1, TARRO PIRAMIDE (10.5x8) ,,ARTESANIAS ,SERVIN ,TARANDACUAU GTO , 423 107 2674,VERONICA , $ 271.55 , $ 43.45 , $ 315.00,35.00%, $ 110.25 ,, $ 11.64 , $ 1.86 , $ 11.37 , $ 24.87 ,2.76%,$450,,$62.09,$388,$116,,,,,,,,,,,,,,,,,,
0320, TAZA DE C, CTCAB1, TAZA DE CAFE AMERICANO (7.5x9.5) ,,ARTESANIAS ,SERVIN ,TARANDACUAU GTO , 424 107 2674,VERONICA , $ 254.31 , $ 40.69 , $ 295.00,35.00%, $ 103.25 ,, $ 11.06 , $ 1.77 , $ 10.82 , $ 23.65 ,2.80%,$422,,$58.19,$364,$109,,,,,,,,,,,,,,,,,,
0321, TAZA DE C, CTCEA1, TAZA DE CAFE EXPRESS (5.5x5.5) ,,ARTESANIAS ,SERVIN ,TARANDACUAU GTO , 425 107 2674,VERONICA , $ 142.24 , $ 22.76 , $ 165.00,35.00%, $ 57.75 ,, $ 7.29 , $ 1.17 , $ 7.22 , $ 15.67 ,3.29%,$238,,$32.89,$206,$63,,,,,,,,,,,,,,,,,,
0322, TAZA CHOC, CTCHB1, TAZA CHOCOLATERA (11.5X16.5),,ARTESANIAS ,SERVIN ,TARANDACUAU GTO , 426 107 2674,VERONICA , $ 435.34 , $ 69.66 , $ 505.00,35.00%, $ 176.75 ,, $ 17.15 , $ 2.74 , $ 16.63 , $ 36.52 ,2.54%,$718,,$99.07,$619,$184,,,,,,,,,,,,,,,,,,
0323, TERNO AME, CTAMA1, TERNO AMERICANO (PLATO Y TAZA) (2 PIEZAS) ,,ARTESANIAS ,SERVIN ,TARANDACUAU GTO , 427 107 2674,VERONICA , $ 491.38 , $ 78.62 , $ 570.00,35.00%, $ 199.50 ,, $ 19.03 , $ 3.04 , $ 18.43 , $ 40.51 ,2.50%,$810,,$111.73,$698,$207,,,,,,,,,,,,,,,,,,
0324, TERNO EXP, CTEXA1, TERNO EXPRESS (PLATO Y TAZA) (2 PIEZAS),,ARTESANIAS ,SERVIN ,TARANDACUAU GTO , 428 107 2674,VERONICA , $ 271.55 , $ 43.45 , $ 315.00,35.00%, $ 110.25 ,, $ 11.64 , $ 1.86 , $ 11.37 , $ 24.87 ,2.76%,$450,,$62.09,$388,$116,,,,,,,,,,,,,,,,,,
0325, TIBOR ALT, CTALC1, TIBOR ALTO # 9 (45x27),,ARTESANIAS ,SERVIN ,TARANDACUAU GTO , 429 107 2674,VERONICA ," $ 5,375.00 ", $ 860.00 ," $ 6,235.00",35.00%," $ 2,182.25 ",, $ 183.32 , $ 29.33 , $ 175.20 , $ 387.84 ,2.20%,"$8,805",,"$1,214.50","$7,591","$2,216",,,,,,,,,,,,,,,,,,
0326, TIBOR GOR, CTGOB1, TIBOR GORDO # 7 (21.5x16.5) ,,ARTESANIAS ,SERVIN ,TARANDACUAU GTO , 430 107 2674,VERONICA ," $ 1,159.48 ", $ 185.52 ," $ 1,345.00",35.00%, $ 470.75 ,, $ 41.51 , $ 6.64 , $ 39.88 , $ 88.02 ,2.31%,"$1,904",,$262.59,"$1,641",$482,,,,,,,,,,,,,,,,,,
0327, TIBOR GOR, CTGOC1, TIBOR GORDO # 8 (30.5x21.5) ,,ARTESANIAS ,SERVIN ,TARANDACUAU GTO , 431 107 2674,VERONICA ," $ 2,586.21 ", $ 413.79 ," $ 3,000.00",35.00%," $ 1,050.00 ",, $ 89.50 , $ 14.32 , $ 85.68 , $ 189.50 ,2.23%,"$4,239",,$584.76,"$3,655","$1,069",,,,,,,,,,,,,,,,,,
0328, TIBOR GOR, CTGOD1, TIBOR GORDO # 9 (40x35) ,,ARTESANIAS ,SERVIN ,TARANDACUAU GTO , 432 107 2674,VERONICA ," $ 6,051.72 ", $ 968.28 ," $ 7,020.00",35.00%," $ 2,457.00 ",, $ 206.08 , $ 32.97 , $ 196.92 , $ 435.97 ,2.20%,"$9,913",,"$1,367.31","$8,546","$2,494",,,,,,,,,,,,,,,,,,
0329, TITERE AN, CTANA1, TITERE ANGELITO (10x8.5),,ARTESANIAS ,SERVIN ,TARANDACUAU GTO , 433 107 2674,VERONICA , $ 306.03 , $ 48.97 , $ 355.00,35.00%, $ 124.25 ,, $ 12.80 , $ 2.05 , $ 12.48 , $ 27.32 ,2.70%,$507,,$69.87,$437,$131,,,,,,,,,,,,,,,,,,
0330, TITERE OS, CTOSA1, TITERE OSO (9x8) ,,ARTESANIAS ,SERVIN ,TARANDACUAU GTO , 434 107 2674,VERONICA , $ 306.03 , $ 48.97 , $ 355.00,35.00%, $ 124.25 ,, $ 12.80 , $ 2.05 , $ 12.48 , $ 27.32 ,2.70%,$507,,$69.87,$437,$131,,,,,,,,,,,,,,,,,,
0331, TITERE RA, CTRAA1, TITERE RANA (13x7) ,,ARTESANIAS ,SERVIN ,TARANDACUAU GTO , 435 107 2674,VERONICA , $ 306.03 , $ 48.97 , $ 355.00,35.00%, $ 124.25 ,, $ 12.80 , $ 2.05 , $ 12.48 , $ 27.32 ,2.70%,$507,,$69.87,$437,$131,,,,,,,,,,,,,,,,,,
0332, VASO DE A, CVAGA1, VASO DE AGUA (12x7.5) ,,ARTESANIAS ,SERVIN ,TARANDACUAU GTO , 436 107 2674,VERONICA , $ 262.93 , $ 42.07 , $ 305.00,35.00%, $ 106.75 ,, $ 11.35 , $ 1.82 , $ 11.10 , $ 24.26 ,2.78%,$436,,$60.14,$376,$113,,,,,,,,,,,,,,,,,,
0333, VASO DE A, CVAAA1, VASO DE AGUA ALTO (15x8),,ARTESANIAS ,SERVIN ,TARANDACUAU GTO , 437 107 2674,VERONICA , $ 306.03 , $ 48.97 , $ 355.00,35.00%, $ 124.25 ,, $ 12.80 , $ 2.05 , $ 12.48 , $ 27.32 ,2.70%,$507,,$69.87,$437,$131,,,,,,,,,,,,,,,,,,
0334, VASO DE T, CVTGA1, VASO DE TE GRANDE (6.5x8.5) ,,ARTESANIAS ,SERVIN ,TARANDACUAU GTO , 438 107 2674,VERONICA , $ 237.07 , $ 37.93 , $ 275.00,35.00%, $ 96.25 ,, $ 10.48 , $ 1.68 , $ 10.27 , $ 22.42 ,2.85%,$394,,$54.30,$339,$102,,,,,,,,,,,,,,,,,,
0335, VASO DE T, CVTMA1, VASO DE TE MEDIANO (5x7.5) ,,ARTESANIAS ,SERVIN ,TARANDACUAU GTO , 439 107 2674,VERONICA , $ 185.34 , $ 29.66 , $ 215.00,35.00%, $ 75.25 ,, $ 8.74 , $ 1.40 , $ 8.61 , $ 18.74 ,3.03%,$309,,$42.62,$266,$81,,,,,,,,,,,,,,,,,,
0336, CALAVERIT, DCALA1, CALAVERITA BLANCA (5.5x7.5) ,,ARTESANIAS ,SERVIN ,TARANDACUAU GTO , 440 107 2674,VERONICA , $ 237.07 , $ 37.93 , $ 275.00,35.00%, $ 96.25 ,, $ 10.48 , $ 1.68 , $ 10.27 , $ 22.42 ,2.85%,$394,,$54.30,$339,$102,,,,,,,,,,,,,,,,,,
0337, CALAVERIT, DCALB1, CALAVERITA COLORES(5.5x7.5) ,,ARTESANIAS ,SERVIN ,TARANDACUAU GTO , 441 107 2674,VERONICA , $ 271.55 , $ 43.45 , $ 315.00,35.00%, $ 110.25 ,, $ 11.64 , $ 1.86 , $ 11.37 , $ 24.87 ,2.76%,$450,,$62.09,$388,$116,,,,,,,,,,,,,,,,,,
0338, MACETA BE, DMBEA1, MACETA BEBE (13X8.5X11) ,,ARTESANIAS ,SERVIN ,TARANDACUAU GTO , 442 107 2674,VERONICA , $ 392.24 , $ 62.76 , $ 455.00,35.00%, $ 159.25 ,, $ 15.70 , $ 2.51 , $ 15.25 , $ 33.46 ,2.58%,$648,,$89.34,$558,$166,,,,,,,,,,,,,,,,,,
0339, MACETA BO, DMBTA1, MACETA BOTITA ,,ARTESANIAS ,SERVIN ,TARANDACUAU GTO , 443 107 2674,VERONICA , $ 392.24 , $ 62.76 , $ 455.00,35.00%, $ 159.25 ,, $ 15.70 , $ 2.51 , $ 15.25 , $ 33.46 ,2.58%,$648,,$89.34,$558,$166,,,,,,,,,,,,,,,,,,
0340, PAJARITO , DPMIA1, PAJARITO MINI (2.5x2.5x4.5),,ARTESANIAS ,SERVIN ,TARANDACUAU GTO , 444 107 2674,VERONICA , $ 107.76 , $ 17.24 , $ 125.00,35.00%, $ 43.75 ,, $ 6.13 , $ 0.98 , $ 6.12 , $ 13.22 ,3.63%,$182,,$25.10,$157,$49,,,,,,,,,,,,,,,,,,
0341, PAJARITO , DPSPA1, PAJARITO SALERO / PIMENTERO (2 PIEZAS) (6x3.7x4.4) ,,ARTESANIAS ,SERVIN ,TARANDACUAU GTO , 445 107 2674,VERONICA , $ 306.03 , $ 48.97 , $ 355.00,35.00%, $ 124.25 ,, $ 12.80 , $ 2.05 , $ 12.48 , $ 27.32 ,2.70%,$507,,$69.87,$437,$131,,,,,,,,,,,,,,,,,,
0342, PAJARITO , DPADA1, PAJARITO DECORATIVO (6x3.7x4.4) ,,ARTESANIAS ,SERVIN ,TARANDACUAU GTO , 446 107 2674,VERONICA , $ 142.24 , $ 22.76 , $ 165.00,35.00%, $ 57.75 ,, $ 7.29 , $ 1.17 , $ 7.22 , $ 15.67 ,3.29%,$238,,$32.89,$206,$63,,,,,,,,,,,,,,,,,,
0343, TAZA MANI, DTEMC1, TAZA MANITA BLANCA O NEGRA (5x8.5x5.5) ,,ARTESANIAS ,SERVIN ,TARANDACUAU GTO , 447 107 2674,VERONICA , $ 306.03 , $ 48.97 , $ 355.00,35.00%, $ 124.25 ,, $ 12.80 , $ 2.05 , $ 12.48 , $ 27.32 ,2.70%,$507,,$69.87,$437,$131,,,,,,,,,,,,,,,,,,
0344, TAZA MANI, DTEMD1, TAZA MANITA COLORES (5x8.5x5.5) ,,ARTESANIAS ,SERVIN ,TARANDACUAU GTO , 448 107 2674,VERONICA , $ 362.07 , $ 57.93 , $ 420.00,35.00%, $ 147.00 ,, $ 14.68 , $ 2.35 , $ 14.28 , $ 31.31 ,2.62%,$598,,$82.53,$516,$154,,,,,,,,,,,,,,,,,,
0345, TERNO TE , DTTEA1, TERNO TE DE ESCUCHAR CHICO (2 PIEZAS) (6.5x8.5) ,,ARTESANIAS ,SERVIN ,TARANDACUAU GTO , 449 107 2674,VERONICA , $ 461.21 , $ 73.79 , $ 535.00,35.00%, $ 187.25 ,, $ 18.02 , $ 2.88 , $ 17.46 , $ 38.36 ,2.52%,$761,,$104.91,$656,$194,,,,,,,,,,,,,,,,,,
0346, TERNO TE , DTTEB1, TERNO TE DE ESCUCHAR GRANDE (2 PIEZAS) (10x10.5),,ARTESANIAS ,SERVIN ,TARANDACUAU GTO , 450 107 2674,VERONICA , $ 547.41 , $ 87.59 , $ 635.00,35.00%, $ 222.25 ,, $ 20.92 , $ 3.35 , $ 20.23 , $ 44.49 ,2.47%,$902,,$124.38,$777,$230,,,,,,,,,,,,,,,,,,
0347, VASO ALCA, DVALC1, VASO ALCATRAZ BLANCO (5.5X7.5),,ARTESANIAS ,SERVIN ,TARANDACUAU GTO , 451 107 2674,VERONICA , $ 142.24 , $ 22.76 , $ 165.00,35.00%, $ 57.75 ,, $ 7.29 , $ 1.17 , $ 7.22 , $ 15.67 ,3.29%,$238,,$32.89,$206,$63,,,,,,,,,,,,,,,,,,
0348, VASO ALCA, DVALT1, VASO ALCATRAZ COLORES (5.5X7.5) ,,ARTESANIAS ,SERVIN ,TARANDACUAU GTO , 452 107 2674,VERONICA , $ 362.07 , $ 57.93 , $ 420.00,35.00%, $ 147.00 ,, $ 14.68 , $ 2.35 , $ 14.28 , $ 31.31 ,2.62%,$598,,$82.53,$516,$154,,,,,,,,,,,,,,,,,,
0349, VASO TE D, DVTEA1, VASO TE DE ESCUCHAR CHICO (6.5x4) ,,ARTESANIAS ,SERVIN ,TARANDACUAU GTO , 453 107 2674,VERONICA , $ 306.03 , $ 48.97 , $ 355.00,35.00%, $ 124.25 ,, $ 12.80 , $ 2.05 , $ 12.48 , $ 27.32 ,2.70%,$507,,$69.87,$437,$131,,,,,,,,,,,,,,,,,,
0350, VASO TE D, DVTEB1, VASO TE DE ESCUCHAR GRANDE (9.5x5.5),,ARTESANIAS ,SERVIN ,TARANDACUAU GTO , 454 107 2674,VERONICA , $ 362.07 , $ 57.93 , $ 420.00,35.00%, $ 147.00 ,, $ 14.68 , $ 2.35 , $ 14.28 , $ 31.31 ,2.62%,$598,,$82.53,$516,$154,,,,,,,,,,,,,,,,,,
0351, AZUCARERA, BAEXA1, AZUCARERA EXPRESS (11x8.5) BCO,,ARTESANIAS ,SERVIN ,TARANDACUAU GTO , 455 107 2674,VERONICA , $ 362.07 , $ 57.93 , $ 420.00,35.00%, $ 147.00 ,, $ 14.68 , $ 2.35 , $ 14.28 , $ 31.31 ,2.62%,$598,,$82.53,$516,$154,,,,,,,,,,,,,,,,,,
0352, BOWL REDO, BBRCB1, BOWL REDONDO CHICO (9x17) BCO.,,ARTESANIAS ,SERVIN ,TARANDACUAU GTO , 456 107 2674,VERONICA , $ 952.59 , $ 152.41 ," $ 1,105.00",35.00%, $ 386.75 ,, $ 34.55 , $ 5.53 , $ 33.24 , $ 73.31 ,2.34%,"$1,565",,$215.87,"$1,349",$397,,,,,,,,,,,,,,,,,,
0353, BOWL REDO, BBRMA1, BOWL REDONDO MEDIANO (10x20.5) BCO,,ARTESANIAS ,SERVIN ,TARANDACUAU GTO , 457 107 2674,VERONICA ," $ 1,452.59 ", $ 232.41 ," $ 1,685.00",35.00%, $ 589.75 ,, $ 51.37 , $ 8.22 , $ 49.29 , $ 108.87 ,2.28%,"$2,384",,$328.78,"$2,055",$602,,,,,,,,,,,,,,,,,,
0354, CHAROLA R, BCCDA1, CHAROLA RECTANGULAR CHICA DECORADA (1.5x8x17.5) BCO,,ARTESANIAS ,SERVIN ,TARANDACUAU GTO , 423 107 2674,VERONICA , $ 426.72 , $ 68.28 , $ 495.00,35.00%, $ 173.25 ,, $ 16.86 , $ 2.70 , $ 16.36 , $ 35.91 ,2.55%,$704,,$97.13,$607,$180,,,,,,,,,,,,,,,,,,
0355, COPA TEQU, BCTCB1, COPA TEQUILERA CHICA (5.5x4) BCO,,ARTESANIAS ,SERVIN ,TARANDACUAU GTO , 424 107 2674,VERONICA , $ 155.17 , $ 24.83 , $ 180.00,35.00%, $ 63.00 ,, $ 7.72 , $ 1.24 , $ 7.64 , $ 16.59 ,3.20%,$260,,$35.81,$224,$69,,,,,,,,,,,,,,,,,,
0356, CREMERA E, BCEXA1, CREMERA EXPRESS (6.5x6) BCO. ,,ARTESANIAS ,SERVIN ,TARANDACUAU GTO , 425 107 2674,VERONICA , $ 219.83 , $ 35.17 , $ 255.00,35.00%, $ 89.25 ,, $ 9.90 , $ 1.58 , $ 9.71 , $ 21.19 ,2.90%,$365,,$50.41,$315,$95,,,,,,,,,,,,,,,,,,
0357, CUCHARA (, BCUCA1, CUCHARA (3x4x15.5) BCO.,,ARTESANIAS ,SERVIN ,TARANDACUAU GTO , 426 107 2674,VERONICA , $ 206.90 , $ 33.10 , $ 240.00,35.00%, $ 84.00 ,, $ 9.46 , $ 1.51 , $ 9.30 , $ 20.27 ,2.94%,$344,,$47.49,$297,$90,,,,,,,,,,,,,,,,,,
0358, DESPACHAD, BDJAL1, DESPACHADOR DE JABON LIQUIDO BCO. ,,ARTESANIAS ,SERVIN ,TARANDACUAU GTO , 427 107 2674,VERONICA , $ 663.79 , $ 106.21 , $ 770.00,35.00%, $ 269.50 ,, $ 24.83 , $ 3.97 , $ 23.97 , $ 52.77 ,2.42%,"$1,092",,$150.66,$942,$278,,,,,,,,,,,,,,,,,,
0359, FLORERO #, BFLOD1, FLORERO # 3 (10.5) BCO. ,,ARTESANIAS ,SERVIN ,TARANDACUAU GTO , 428 107 2674,VERONICA , $ 228.45 , $ 36.55 , $ 265.00,35.00%, $ 92.75 ,, $ 10.19 , $ 1.63 , $ 9.99 , $ 21.81 ,2.87%,$380,,$52.35,$327,$99,,,,,,,,,,,,,,,,,,
0360, FLORERO #, BFLOF1, FLORERO # 5 (15) BCO.,,ARTESANIAS ,SERVIN ,TARANDACUAU GTO , 429 107 2674,VERONICA , $ 517.24 , $ 82.76 , $ 600.00,35.00%, $ 210.00 ,, $ 19.90 , $ 3.18 , $ 19.26 , $ 42.35 ,2.48%,$852,,$117.56,$735,$218,,,,,,,,,,,,,,,,,,
0361, FLORERO #, BFLOH1, FLORERO # 7 (22x14) BCO.,,ARTESANIAS ,SERVIN ,TARANDACUAU GTO , 430 107 2674,VERONICA ," $ 1,168.10 ", $ 186.90 ," $ 1,355.00",35.00%, $ 474.25 ,, $ 41.80 , $ 6.69 , $ 40.15 , $ 88.64 ,2.31%,"$1,918",,$264.54,"$1,653",$485,,,,,,,,,,,,,,,,,,
0362, FLORERO C, BFCCA1, FLORERO CUADRADO CHICO (17.5x4.5) BCO.,,ARTESANIAS ,SERVIN ,TARANDACUAU GTO , 431 107 2674,VERONICA , $ 482.76 , $ 77.24 , $ 560.00,35.00%, $ 196.00 ,, $ 18.74 , $ 3.00 , $ 18.15 , $ 39.89 ,2.51%,$796,,$109.78,$686,$203,,,,,,,,,,,,,,,,,,
0363, FLORERO C, BFCGA1, FLORERO CUADRADO GRANDE (26x6) BCO. ,,ARTESANIAS ,SERVIN ,TARANDACUAU GTO , 432 107 2674,VERONICA ," $ 1,068.97 ", $ 171.03 ," $ 1,240.00",35.00%, $ 434.00 ,, $ 38.46 , $ 6.15 , $ 36.97 , $ 81.59 ,2.32%,"$1,756",,$242.15,"$1,513",$444,,,,,,,,,,,,,,,,,,
0364, FLORERO P, BFPCA1, FLORERO PEZ CHICO (18.5x9.5x14.5) BCO.,,ARTESANIAS ,SERVIN ,TARANDACUAU GTO , 433 107 2674,VERONICA , $ 788.79 , $ 126.21 , $ 915.00,35.00%, $ 320.25 ,, $ 29.04 , $ 4.65 , $ 27.98 , $ 61.66 ,2.38%,"$1,297",,$178.88,"$1,118",$329,,,,,,,,,,,,,,,,,,
0365, FLORERO P, BFPMA1, FLORERO PEZ MEDIANO (31x16x22) BCO. ,,ARTESANIAS ,SERVIN ,TARANDACUAU GTO , 434 107 2674,VERONICA ," $ 3,310.34 ", $ 529.66 ," $ 3,840.00",35.00%," $ 1,344.00 ",, $ 113.86 , $ 18.22 , $ 108.92 , $ 241.00 ,2.22%,"$5,425",,$748.28,"$4,677","$1,366",,,,,,,,,,,,,,,,,,
0366, GATO PORT, BGPOA1, GATO PORTA-ANILLOS (12.5x4.5x8.5) BCO,,ARTESANIAS ,SERVIN ,TARANDACUAU GTO , 435 107 2674,VERONICA , $ 362.07 , $ 57.93 , $ 420.00,35.00%, $ 147.00 ,, $ 14.68 , $ 2.35 , $ 14.28 , $ 31.31 ,2.62%,$598,,$82.53,$516,$154,,,,,,,,,,,,,,,,,,
0367, JOYERO # , BJBOB1, JOYERO # 2 BOLA (5.5x7.5) BCO.,,ARTESANIAS ,SERVIN ,TARANDACUAU GTO , 436 107 2674,VERONICA , $ 228.45 , $ 36.55 , $ 265.00,35.00%, $ 92.75 ,, $ 10.19 , $ 1.63 , $ 9.99 , $ 21.81 ,2.87%,$380,,$52.35,$327,$99,,,,,,,,,,,,,,,,,,
0368, JOYERO # , BJHPB1, JOYERO # 2 HEXAGONAL CON PERILLA (5.5x6) BCO,,ARTESANIAS ,SERVIN ,TARANDACUAU GTO , 437 107 2674,VERONICA , $ 228.45 , $ 36.55 , $ 265.00,35.00%, $ 92.75 ,, $ 10.19 , $ 1.63 , $ 9.99 , $ 21.81 ,2.87%,$380,,$52.35,$327,$99,,,,,,,,,,,,,,,,,,
0369, JOYERO # , BJBOC1, JOYERO # 3 BOLA (7.5x9) BCO. ,,ARTESANIAS ,SERVIN ,TARANDACUAU GTO , 438 107 2674,VERONICA , $ 284.48 , $ 45.52 , $ 330.00,35.00%, $ 115.50 ,, $ 12.07 , $ 1.93 , $ 11.79 , $ 25.79 ,2.74%,$471,,$65.01,$406,$122,,,,,,,,,,,,,,,,,,
0370, JOYERO # , BJHPC1, JOYERO # 3 HEXAGONAL CON PERILLA (7x9) BCO. ,,ARTESANIAS ,SERVIN ,TARANDACUAU GTO , 439 107 2674,VERONICA , $ 284.48 , $ 45.52 , $ 330.00,35.00%, $ 115.50 ,, $ 12.07 , $ 1.93 , $ 11.79 , $ 25.79 ,2.74%,$471,,$65.01,$406,$122,,,,,,,,,,,,,,,,,,
0371, JUEGO DE , BJADB1, JUEGO DE AGUA DONA (7 PIEZAS) BCO.,,ARTESANIAS ,SERVIN ,TARANDACUAU GTO , 440 107 2674,VERONICA ," $ 5,155.17 ", $ 824.83 ," $ 5,980.00",35.00%," $ 2,093.00 ",, $ 175.92 , $ 28.15 , $ 168.14 , $ 372.21 ,2.20%,"$8,445",,"$1,164.86","$7,280","$2,125",,,,,,,,,,,,,,,,,,
0372, JUEGO DE , BJTCB1, JUEGO DE TE CHICO (5 PIEZAS) BCO. ,,ARTESANIAS ,SERVIN ,TARANDACUAU GTO , 441 107 2674,VERONICA ," $ 1,732.76 ", $ 277.24 ," $ 2,010.00",35.00%, $ 703.50 ,, $ 60.79 , $ 9.73 , $ 58.28 , $ 128.80 ,2.27%,"$2,842",,$392.04,"$2,450",$717,,,,,,,,,,,,,,,,,,
0373, LAMPARA #, BLAMC1, LAMPARA # 6 (25) BCO.,,ARTESANIAS ,SERVIN ,TARANDACUAU GTO , 442 107 2674,VERONICA ," $ 1,068.97 ", $ 171.03 ," $ 1,240.00",35.00%, $ 434.00 ,, $ 38.46 , $ 6.15 , $ 36.97 , $ 81.59 ,2.32%,"$1,756",,$242.15,"$1,513",$444,,,,,,,,,,,,,,,,,,
0374, LAMPARA C, BLCCA1, LAMPARA CILINDRICA (58x30) BCO,,ARTESANIAS ,SERVIN ,TARANDACUAU GTO , 443 107 2674,VERONICA ," $ 2,379.31 ", $ 380.69 ," $ 2,760.00",35.00%, $ 966.00 ,, $ 82.54 , $ 13.21 , $ 79.03 , $ 174.78 ,2.24%,"$3,901",,$538.04,"$3,363",$983,,,,,,,,,,,,,,,,,,
0375, LICORERA , BLBCB1, LICORERA BOLA CHICA (22.5x11) BCO.,,ARTESANIAS ,SERVIN ,TARANDACUAU GTO , 444 107 2674,VERONICA , $ 788.79 , $ 126.21 , $ 915.00,35.00%, $ 320.25 ,, $ 29.04 , $ 4.65 , $ 27.98 , $ 61.66 ,2.38%,"$1,297",,$178.88,"$1,118",$329,,,,,,,,,,,,,,,,,,
0376, MOLCAJETE, BMSMA1, MOLCAJETE SANTA MARIA MEDIANO (10.5x16.5) BCO,,ARTESANIAS ,SERVIN ,TARANDACUAU GTO , 445 107 2674,VERONICA , $ 762.93 , $ 122.07 , $ 885.00,35.00%, $ 309.75 ,, $ 28.17 , $ 4.51 , $ 27.15 , $ 59.82 ,2.38%,"$1,255",,$173.04,"$1,082",$319,,,,,,,,,,,,,,,,,,
0377, PLATO CON, BPSOA1, PLATO CONSOME (6x12.5) BCO. ,,ARTESANIAS ,SERVIN ,TARANDACUAU GTO , 446 107 2674,VERONICA , $ 482.76 , $ 77.24 , $ 560.00,35.00%, $ 196.00 ,, $ 18.74 , $ 3.00 , $ 18.15 , $ 39.89 ,2.51%,$796,,$109.78,$686,$203,,,,,,,,,,,,,,,,,,
0378, SALERO GR, BSGRA1, SALERO GRANDE (6.5x4.5) BCO.,,ARTESANIAS ,SERVIN ,TARANDACUAU GTO , 447 107 2674,VERONICA , $ 163.79 , $ 26.21 , $ 190.00,35.00%, $ 66.50 ,, $ 8.01 , $ 1.28 , $ 7.92 , $ 17.21 ,3.14%,$274,,$37.75,$236,$72,,,,,,,,,,,,,,,,,,
0379, TARRO ALT, BTALA1, TARRO ALTO (11.5x8.5) BCO.,,ARTESANIAS ,SERVIN ,TARANDACUAU GTO , 448 107 2674,VERONICA , $ 336.21 , $ 53.79 , $ 390.00,35.00%, $ 136.50 ,, $ 13.81 , $ 2.21 , $ 13.45 , $ 29.47 ,2.65%,$556,,$76.69,$479,$143,,,,,,,,,,,,,,,,,,
0380, TARRO ASA, BTASA1, TARRO ASA (9.5x8) BCO.,,ARTESANIAS ,SERVIN ,TARANDACUAU GTO , 449 107 2674,VERONICA , $ 336.21 , $ 53.79 , $ 390.00,35.00%, $ 136.50 ,, $ 13.81 , $ 2.21 , $ 13.45 , $ 29.47 ,2.65%,$556,,$76.69,$479,$143,,,,,,,,,,,,,,,,,,
0381, TARRO CHI, BTCHA1, TARRO CHICO (7.5x7.5) BCO.,,ARTESANIAS ,SERVIN ,TARANDACUAU GTO , 450 107 2674,VERONICA , $ 306.03 , $ 48.97 , $ 355.00,35.00%, $ 124.25 ,, $ 12.80 , $ 2.05 , $ 12.48 , $ 27.32 ,2.70%,$507,,$69.87,$437,$131,,,,,,,,,,,,,,,,,,
0382, VASO DE T, BVTMA1, VASO DE TE MEDIANO (5x7.5) BCO. ,,ARTESANIAS ,SERVIN ,TARANDACUAU GTO , 451 107 2674,VERONICA , $ 219.83 , $ 35.17 , $ 255.00,35.00%, $ 89.25 ,, $ 9.90 , $ 1.58 , $ 9.71 , $ 21.19 ,2.90%,$365,,$50.41,$315,$95,,,,,,,,,,,,,,,,,,
0383, AZUCARERA, GAEXA1, AZUCARERA EXPRESS (11x8.5) NG. ,,ARTESANIAS ,SERVIN ,TARANDACUAU GTO , 452 107 2674,VERONICA , $ 362.07 , $ 57.93 , $ 420.00,35.00%, $ 147.00 ,, $ 14.68 , $ 2.35 , $ 14.28 , $ 31.31 ,2.62%,$598,,$82.53,$516,$154,,,,,,,,,,,,,,,,,,
0384, BOWL REDO, GBRCB1, BOWL REDONDO CHICO (9x17) NG,,ARTESANIAS ,SERVIN ,TARANDACUAU GTO , 453 107 2674,VERONICA , $ 952.59 , $ 152.41 ," $ 1,105.00",35.00%, $ 386.75 ,, $ 34.55 , $ 5.53 , $ 33.24 , $ 73.31 ,2.34%,"$1,565",,$215.87,"$1,349",$397,,,,,,,,,,,,,,,,,,
0385, BOWL REDO, GBRMA1, BOWL REDONDO MEDIANO (10x20.5) NG,,ARTESANIAS ,SERVIN ,TARANDACUAU GTO , 454 107 2674,VERONICA ," $ 1,452.59 ", $ 232.41 ," $ 1,685.00",35.00%, $ 589.75 ,, $ 51.37 , $ 8.22 , $ 49.29 , $ 108.87 ,2.28%,"$2,384",,$328.78,"$2,055",$602,,,,,,,,,,,,,,,,,,
0386, CHAROLA R, GCCDA1, CHAROLA RECTANGULAR CHICA DECORADA (1.5x8x17.5) NG. ,,ARTESANIAS ,SERVIN ,TARANDACUAU GTO , 455 107 2674,VERONICA , $ 426.72 , $ 68.28 , $ 495.00,35.00%, $ 173.25 ,, $ 16.86 , $ 2.70 , $ 16.36 , $ 35.91 ,2.55%,$704,,$97.13,$607,$180,,,,,,,,,,,,,,,,,,
0387, COPA TEQU, GCTCA1, COPA TEQUILERA CHICA (5.5x4) NG.,,ARTESANIAS ,SERVIN ,TARANDACUAU GTO , 456 107 2674,VERONICA , $ 155.17 , $ 24.83 , $ 180.00,35.00%, $ 63.00 ,, $ 7.72 , $ 1.24 , $ 7.64 , $ 16.59 ,3.20%,$260,,$35.81,$224,$69,,,,,,,,,,,,,,,,,,
0388, CREMERA E, GCEXA1, CREMERA EXPRESS (6.5x6) NG. ,,ARTESANIAS ,SERVIN ,TARANDACUAU GTO , 457 107 2674,VERONICA , $ 219.83 , $ 35.17 , $ 255.00,35.00%, $ 89.25 ,, $ 9.90 , $ 1.58 , $ 9.71 , $ 21.19 ,2.90%,$365,,$50.41,$315,$95,,,,,,,,,,,,,,,,,,
0389, CUCHARA (, GCUCA1, CUCHARA (3x4x15.5) NG,,ARTESANIAS ,SERVIN ,TARANDACUAU GTO , 423 107 2674,VERONICA , $ 206.90 , $ 33.10 , $ 240.00,35.00%, $ 84.00 ,, $ 9.46 , $ 1.51 , $ 9.30 , $ 20.27 ,2.94%,$344,,$47.49,$297,$90,,,,,,,,,,,,,,,,,,
0390, DESPACHAD, GDJAL1, DESPACHADOR DE JABON LIQUIDO NG. ,,ARTESANIAS ,SERVIN ,TARANDACUAU GTO , 424 107 2674,VERONICA , $ 663.79 , $ 106.21 , $ 770.00,35.00%, $ 269.50 ,, $ 24.83 , $ 3.97 , $ 23.97 , $ 52.77 ,2.42%,"$1,092",,$150.66,$942,$278,,,,,,,,,,,,,,,,,,
0391, FLORERO #, GFLOD1, FLORERO # 3 (10.5) NG. ,,ARTESANIAS ,SERVIN ,TARANDACUAU GTO , 425 107 2674,VERONICA , $ 228.45 , $ 36.55 , $ 265.00,35.00%, $ 92.75 ,, $ 10.19 , $ 1.63 , $ 9.99 , $ 21.81 ,2.87%,$380,,$52.35,$327,$99,,,,,,,,,,,,,,,,,,
0392, FLORERO #, GFLOF1, FLORERO # 5 (15) NG,,ARTESANIAS ,SERVIN ,TARANDACUAU GTO , 426 107 2674,VERONICA , $ 517.24 , $ 82.76 , $ 600.00,35.00%, $ 210.00 ,, $ 19.90 , $ 3.18 , $ 19.26 , $ 42.35 ,2.48%,$852,,$117.56,$735,$218,,,,,,,,,,,,,,,,,,
0393, FLORERO #, GFLOH1, FLORERO # 7 (22x14) NG.,,ARTESANIAS ,SERVIN ,TARANDACUAU GTO , 427 107 2674,VERONICA ," $ 1,168.10 ", $ 186.90 ," $ 1,355.00",35.00%, $ 474.25 ,, $ 41.80 , $ 6.69 , $ 40.15 , $ 88.64 ,2.31%,"$1,918",,$264.54,"$1,653",$485,,,,,,,,,,,,,,,,,,
0394, FLORERO C, GFCCA1, FLORERO CUADRADO CHICO (17.5x4.5)NG. ,,ARTESANIAS ,SERVIN ,TARANDACUAU GTO , 428 107 2674,VERONICA , $ 482.76 , $ 77.24 , $ 560.00,35.00%, $ 196.00 ,, $ 18.74 , $ 3.00 , $ 18.15 , $ 39.89 ,2.51%,$796,,$109.78,$686,$203,,,,,,,,,,,,,,,,,,
0395, FLORERO C, GFCGA1, FLORERO CUADRADO GRANDE (26x6) NG. ,,ARTESANIAS ,SERVIN ,TARANDACUAU GTO , 429 107 2674,VERONICA ," $ 1,068.97 ", $ 171.03 ," $ 1,240.00",35.00%, $ 434.00 ,, $ 38.46 , $ 6.15 , $ 36.97 , $ 81.59 ,2.32%,"$1,756",,$242.15,"$1,513",$444,,,,,,,,,,,,,,,,,,
0396, FLORERO P, GFPCA1, FLORERO PEZ CHICO (18.5x9.5x14.5) NG.,,ARTESANIAS ,SERVIN ,TARANDACUAU GTO , 430 107 2674,VERONICA , $ 788.79 , $ 126.21 , $ 915.00,35.00%, $ 320.25 ,, $ 29.04 , $ 4.65 , $ 27.98 , $ 61.66 ,2.38%,"$1,297",,$178.88,"$1,118",$329,,,,,,,,,,,,,,,,,,
0397, FLORERO P, GFPMA1, FLORERO PEZ MEDIANO (31x16x22) NG. ,,ARTESANIAS ,SERVIN ,TARANDACUAU GTO , 431 107 2674,VERONICA ," $ 3,310.34 ", $ 529.66 ," $ 3,840.00",35.00%," $ 1,344.00 ",, $ 113.86 , $ 18.22 , $ 108.92 , $ 241.00 ,2.22%,"$5,425",,$748.28,"$4,677","$1,366",,,,,,,,,,,,,,,,,,
0398, GATO PORT, GGPOA1, GATO PORTA-ANILLOS (12.5x4.5x8.5) NG.,,ARTESANIAS ,SERVIN ,TARANDACUAU GTO , 432 107 2674,VERONICA , $ 362.07 , $ 57.93 , $ 420.00,35.00%, $ 147.00 ,, $ 14.68 , $ 2.35 , $ 14.28 , $ 31.31 ,2.62%,$598,,$82.53,$516,$154,,,,,,,,,,,,,,,,,,
0399, JOYERO # , GJBOB1, JOYERO # 2 BOLA (5.5x7.5) NG,,ARTESANIAS ,SERVIN ,TARANDACUAU GTO , 433 107 2674,VERONICA , $ 228.45 , $ 36.55 , $ 265.00,35.00%, $ 92.75 ,, $ 10.19 , $ 1.63 , $ 9.99 , $ 21.81 ,2.87%,$380,,$52.35,$327,$99,,,,,,,,,,,,,,,,,,
0400, JOYERO # , GJHPB1, JOYERO # 2 HEXAGONAL CON PERILLA (5.5x6) NG.,,ARTESANIAS ,SERVIN ,TARANDACUAU GTO , 434 107 2674,VERONICA , $ 228.45 , $ 36.55 , $ 265.00,35.00%, $ 92.75 ,, $ 10.19 , $ 1.63 , $ 9.99 , $ 21.81 ,2.87%,$380,,$52.35,$327,$99,,,,,,,,,,,,,,,,,,
0401, JOYERO # , GJBOC1, JOYERO # 3 BOLA (7.5x9) NG. ,,ARTESANIAS ,SERVIN ,TARANDACUAU GTO , 435 107 2674,VERONICA , $ 284.48 , $ 45.52 , $ 330.00,35.00%, $ 115.50 ,, $ 12.07 , $ 1.93 , $ 11.79 , $ 25.79 ,2.74%,$471,,$65.01,$406,$122,,,,,,,,,,,,,,,,,,
0402, JOYERO # , GJHPC1, JOYERO # 3 HEXAGONAL CON PERILLA (7x9) NG. ,,ARTESANIAS ,SERVIN ,TARANDACUAU GTO , 436 107 2674,VERONICA , $ 284.48 , $ 45.52 , $ 330.00,35.00%, $ 115.50 ,, $ 12.07 , $ 1.93 , $ 11.79 , $ 25.79 ,2.74%,$471,,$65.01,$406,$122,,,,,,,,,,,,,,,,,,
0403, JUEGO DE , GJADB1, JUEGO DE AGUA DONA (7 PIEZAS) NG.,,ARTESANIAS ,SERVIN ,TARANDACUAU GTO , 437 107 2674,VERONICA ," $ 5,155.17 ", $ 824.83 ," $ 5,980.00",35.00%," $ 2,093.00 ",, $ 175.92 , $ 28.15 , $ 168.14 , $ 372.21 ,2.20%,"$8,445",,"$1,164.86","$7,280","$2,125",,,,,,,,,,,,,,,,,,
0404, JUEGO DE , GJTCB1, JUEGO DE TE CHICO (5 PIEZAS) NG. ,,ARTESANIAS ,SERVIN ,TARANDACUAU GTO , 438 107 2674,VERONICA ," $ 1,732.76 ", $ 277.24 ," $ 2,010.00",35.00%, $ 703.50 ,, $ 60.79 , $ 9.73 , $ 58.28 , $ 128.80 ,2.27%,"$2,842",,$392.04,"$2,450",$717,,,,,,,,,,,,,,,,,,
0405, LAMPARA #, GLAMC1, LAMPARA # 6 (25) NG. ,,ARTESANIAS ,SERVIN ,TARANDACUAU GTO , 439 107 2674,VERONICA ," $ 1,068.97 ", $ 171.03 ," $ 1,240.00",35.00%, $ 434.00 ,, $ 38.46 , $ 6.15 , $ 36.97 , $ 81.59 ,2.32%,"$1,756",,$242.15,"$1,513",$444,,,,,,,,,,,,,,,,,,
0406, LAMPARA C, GLCCA1, LAMPARA CILINDRICA (58X30) NG. ,,ARTESANIAS ,SERVIN ,TARANDACUAU GTO , 440 107 2674,VERONICA ," $ 2,379.31 ", $ 380.69 ," $ 2,760.00",35.00%, $ 966.00 ,, $ 82.54 , $ 13.21 , $ 79.03 , $ 174.78 ,2.24%,"$3,901",,$538.04,"$3,363",$983,,,,,,,,,,,,,,,,,,
0407, LICORERA , GLBCB1, LICORERA BOLA CHICA (22.5x11) NG.,,ARTESANIAS ,SERVIN ,TARANDACUAU GTO , 441 107 2674,VERONICA , $ 788.79 , $ 126.21 , $ 915.00,35.00%, $ 320.25 ,, $ 29.04 , $ 4.65 , $ 27.98 , $ 61.66 ,2.38%,"$1,297",,$178.88,"$1,118",$329,,,,,,,,,,,,,,,,,,
0408, MOLCAJETE, GMSMA1, MOLCAJETE SANTA MARIA MEDIANO (10.5x16.5) NG,,ARTESANIAS ,SERVIN ,TARANDACUAU GTO , 442 107 2674,VERONICA , $ 762.93 , $ 122.07 , $ 885.00,35.00%, $ 309.75 ,, $ 28.17 , $ 4.51 , $ 27.15 , $ 59.82 ,2.38%,"$1,255",,$173.04,"$1,082",$319,,,,,,,,,,,,,,,,,,
0409, PLATO CON, GPSOA1, PLATO CONSOME (6x12.5) NG. ,,ARTESANIAS ,SERVIN ,TARANDACUAU GTO , 443 107 2674,VERONICA , $ 482.76 , $ 77.24 , $ 560.00,35.00%, $ 196.00 ,, $ 18.74 , $ 3.00 , $ 18.15 , $ 39.89 ,2.51%,$796,,$109.78,$686,$203,,,,,,,,,,,,,,,,,,
0410, SALERO GR, GSGRA1, SALERO GRANDE (6.5x4.5) NG. ,,ARTESANIAS ,SERVIN ,TARANDACUAU GTO , 444 107 2674,VERONICA , $ 163.79 , $ 26.21 , $ 190.00,35.00%, $ 66.50 ,, $ 8.01 , $ 1.28 , $ 7.92 , $ 17.21 ,3.14%,$274,,$37.75,$236,$72,,,,,,,,,,,,,,,,,,
0411, TARRO ALT, GTALA1, TARRO ALTO (11.5x8.5) NG.,,ARTESANIAS ,SERVIN ,TARANDACUAU GTO , 445 107 2674,VERONICA , $ 336.21 , $ 53.79 , $ 390.00,35.00%, $ 136.50 ,, $ 13.81 , $ 2.21 , $ 13.45 , $ 29.47 ,2.65%,$556,,$76.69,$479,$143,,,,,,,,,,,,,,,,,,
0412, TARRO ASA, GTASA1, TARRO ASA (9.5x8) NG.,,ARTESANIAS ,SERVIN ,TARANDACUAU GTO , 446 107 2674,VERONICA , $ 336.21 , $ 53.79 , $ 390.00,35.00%, $ 136.50 ,, $ 13.81 , $ 2.21 , $ 13.45 , $ 29.47 ,2.65%,$556,,$76.69,$479,$143,,,,,,,,,,,,,,,,,,
0413, TARRO CHI, GTCHA1, TARRO CHICO (7.5x7.5) NG.,,ARTESANIAS ,SERVIN ,TARANDACUAU GTO , 447 107 2674,VERONICA , $ 306.03 , $ 48.97 , $ 355.00,35.00%, $ 124.25 ,, $ 12.80 , $ 2.05 , $ 12.48 , $ 27.32 ,2.70%,$507,,$69.87,$437,$131,,,,,,,,,,,,,,,,,,
0414, VASO DE T, GVTMA1, VASO DE TE MEDIANO (5x7.5) NG,,ARTESANIAS ,SERVIN ,TARANDACUAU GTO , 448 107 2674,VERONICA , $ 219.83 , $ 35.17 , $ 255.00,35.00%, $ 89.25 ,, $ 9.90 , $ 1.58 , $ 9.71 , $ 21.19 ,2.90%,$365,,$50.41,$315,$95,,,,,,,,,,,,,,,,,,
0415, AZUCARERA, RSAEX1, AZUCARERA EXPRESS (11x8.5) NR. ,,ARTESANIAS ,SERVIN ,TARANDACUAU GTO , 449 107 2674,VERONICA , $ 362.07 , $ 57.93 , $ 420.00,35.00%, $ 147.00 ,, $ 14.68 , $ 2.35 , $ 14.28 , $ 31.31 ,2.62%,$598,,$82.53,$516,$154,,,,,,,,,,,,,,,,,,
0416, BOWL REDO, RSBRC1, BOWL REDONDO CHICO (9x17) NR,,ARTESANIAS ,SERVIN ,TARANDACUAU GTO , 450 107 2674,VERONICA , $ 952.59 , $ 152.41 ," $ 1,105.00",35.00%, $ 386.75 ,, $ 34.55 , $ 5.53 , $ 33.24 , $ 73.31 ,2.34%,"$1,565",,$215.87,"$1,349",$397,,,,,,,,,,,,,,,,,,
0417, BOWL REDO, RSBRM1, BOWL REDONDO MEDIANO (10x20.5) NR.,,ARTESANIAS ,SERVIN ,TARANDACUAU GTO , 451 107 2674,VERONICA ," $ 1,452.59 ", $ 232.41 ," $ 1,685.00",35.00%, $ 589.75 ,, $ 51.37 , $ 8.22 , $ 49.29 , $ 108.87 ,2.28%,"$2,384",,$328.78,"$2,055",$602,,,,,,,,,,,,,,,,,,
0418, CHAROLA R, RSCCD1, CHAROLA RECTANGULAR CHICA DECORADA (1.5x8x17.5) NR.,,ARTESANIAS ,SERVIN ,TARANDACUAU GTO , 452 107 2674,VERONICA , $ 426.72 , $ 68.28 , $ 495.00,35.00%, $ 173.25 ,, $ 16.86 , $ 2.70 , $ 16.36 , $ 35.91 ,2.55%,$704,,$97.13,$607,$180,,,,,,,,,,,,,,,,,,
0419, COPA TEQU, RSCTC1, COPA TEQUILERA CHICA (5.5x4) NR.,,ARTESANIAS ,SERVIN ,TARANDACUAU GTO , 453 107 2674,VERONICA , $ 155.17 , $ 24.83 , $ 180.00,35.00%, $ 63.00 ,, $ 7.72 , $ 1.24 , $ 7.64 , $ 16.59 ,3.20%,$260,,$35.81,$224,$69,,,,,,,,,,,,,,,,,,
0420, CREMERA E, RSCEX1, CREMERA EXPRESS (6.5x6) NR. ,,ARTESANIAS ,SERVIN ,TARANDACUAU GTO , 454 107 2674,VERONICA , $ 219.83 , $ 35.17 , $ 255.00,35.00%, $ 89.25 ,, $ 9.90 , $ 1.58 , $ 9.71 , $ 21.19 ,2.90%,$365,,$50.41,$315,$95,,,,,,,,,,,,,,,,,,
0421, CUCHARA (, RSCUC1, CUCHARA (3x4x15.5) NR.,,ARTESANIAS ,SERVIN ,TARANDACUAU GTO , 455 107 2674,VERONICA , $ 206.90 , $ 33.10 , $ 240.00,35.00%, $ 84.00 ,, $ 9.46 , $ 1.51 , $ 9.30 , $ 20.27 ,2.94%,$344,,$47.49,$297,$90,,,,,,,,,,,,,,,,,,
0422, DESPACHAD, RSDJA1, DESPACHADOR DE JABON LIQUIDO NR. ,,ARTESANIAS ,SERVIN ,TARANDACUAU GTO , 456 107 2674,VERONICA , $ 663.79 , $ 106.21 , $ 770.00,35.00%, $ 269.50 ,, $ 24.83 , $ 3.97 , $ 23.97 , $ 52.77 ,2.42%,"$1,092",,$150.66,$942,$278,,,,,,,,,,,,,,,,,,
0423, FLORERO #, RSFLD1, FLORERO # 3 (10.5) NR.,,ARTESANIAS ,SERVIN ,TARANDACUAU GTO , 457 107 2674,VERONICA , $ 228.45 , $ 36.55 , $ 265.00,35.00%, $ 92.75 ,, $ 10.19 , $ 1.63 , $ 9.99 , $ 21.81 ,2.87%,$380,,$52.35,$327,$99,,,,,,,,,,,,,,,,,,
0424, FLORERO #, RSFLF1, FLORERO # 5 (15) NR.,,ARTESANIAS ,SERVIN ,TARANDACUAU GTO , 423 107 2674,VERONICA , $ 517.24 , $ 82.76 , $ 600.00,35.00%, $ 210.00 ,, $ 19.90 , $ 3.18 , $ 19.26 , $ 42.35 ,2.48%,$852,,$117.56,$735,$218,,,,,,,,,,,,,,,,,,
0425, FLORERO #, RSFLH1, FLORERO # 7 (22x14) NR,,ARTESANIAS ,SERVIN ,TARANDACUAU GTO , 424 107 2674,VERONICA ," $ 1,168.10 ", $ 186.90 ," $ 1,355.00",35.00%, $ 474.25 ,, $ 41.80 , $ 6.69 , $ 40.15 , $ 88.64 ,2.31%,"$1,918",,$264.54,"$1,653",$485,,,,,,,,,,,,,,,,,,
0426, FLORERO C, RSFCC1, FLORERO CUADRADO CHICO (17.5x4.5) NR.,,ARTESANIAS ,SERVIN ,TARANDACUAU GTO , 425 107 2674,VERONICA , $ 482.76 , $ 77.24 , $ 560.00,35.00%, $ 196.00 ,, $ 18.74 , $ 3.00 , $ 18.15 , $ 39.89 ,2.51%,$796,,$109.78,$686,$203,,,,,,,,,,,,,,,,,,
0427, FLORERO C, RSFCG1, FLORERO CUADRADO GRANDE (26x6) NR. ,,ARTESANIAS ,SERVIN ,TARANDACUAU GTO , 426 107 2674,VERONICA ," $ 1,068.97 ", $ 171.03 ," $ 1,240.00",35.00%, $ 434.00 ,, $ 38.46 , $ 6.15 , $ 36.97 , $ 81.59 ,2.32%,"$1,756",,$242.15,"$1,513",$444,,,,,,,,,,,,,,,,,,
0428, FLORERO P, RSFPC1, FLORERO PEZ CHICO (18.5x9.5x14.5) NR.,,ARTESANIAS ,SERVIN ,TARANDACUAU GTO , 427 107 2674,VERONICA , $ 788.79 , $ 126.21 , $ 915.00,35.00%, $ 320.25 ,, $ 29.04 , $ 4.65 , $ 27.98 , $ 61.66 ,2.38%,"$1,297",,$178.88,"$1,118",$329,,,,,,,,,,,,,,,,,,
0429, FLORERO P, RSFPM1, FLORERO PEZ MEDIANO (31x16x22) NR. ,,ARTESANIAS ,SERVIN ,TARANDACUAU GTO , 428 107 2674,VERONICA ," $ 3,310.34 ", $ 529.66 ," $ 3,840.00",35.00%," $ 1,344.00 ",, $ 113.86 , $ 18.22 , $ 108.92 , $ 241.00 ,2.22%,"$5,425",,$748.28,"$4,677","$1,366",,,,,,,,,,,,,,,,,,
0430, GATO PORT, RSGPO1, GATO PORTA-ANILLOS (12.5x4.5x8.5) NR.,,ARTESANIAS ,SERVIN ,TARANDACUAU GTO , 429 107 2674,VERONICA , $ 362.07 , $ 57.93 , $ 420.00,35.00%, $ 147.00 ,, $ 14.68 , $ 2.35 , $ 14.28 , $ 31.31 ,2.62%,$598,,$82.53,$516,$154,,,,,,,,,,,,,,,,,,
0431, JOYERO # , RSJBA1, JOYERO # 2 BOLA (5.5x7.5) NR,,ARTESANIAS ,SERVIN ,TARANDACUAU GTO , 430 107 2674,VERONICA , $ 228.45 , $ 36.55 , $ 265.00,35.00%, $ 92.75 ,, $ 10.19 , $ 1.63 , $ 9.99 , $ 21.81 ,2.87%,$380,,$52.35,$327,$99,,,,,,,,,,,,,,,,,,
0432, JOYERO # , RSJHB1, JOYERO # 2 HEXAGONAL CON PERILLA (5.5x6) NR.,,ARTESANIAS ,SERVIN ,TARANDACUAU GTO , 431 107 2674,VERONICA , $ 228.45 , $ 36.55 , $ 265.00,35.00%, $ 92.75 ,, $ 10.19 , $ 1.63 , $ 9.99 , $ 21.81 ,2.87%,$380,,$52.35,$327,$99,,,,,,,,,,,,,,,,,,
0433, JOYERO # , RSJBO1, JOYERO # 3 BOLA (7.5x9) NR. ,,ARTESANIAS ,SERVIN ,TARANDACUAU GTO , 432 107 2674,VERONICA , $ 284.48 , $ 45.52 , $ 330.00,35.00%, $ 115.50 ,, $ 12.07 , $ 1.93 , $ 11.79 , $ 25.79 ,2.74%,$471,,$65.01,$406,$122,,,,,,,,,,,,,,,,,,
0434, JOYERO # , RSJHC1, JOYERO # 3 HEXAGONAL CON PERILLA (7x9) NR.,,ARTESANIAS ,SERVIN ,TARANDACUAU GTO , 433 107 2674,VERONICA , $ 284.48 , $ 45.52 , $ 330.00,35.00%, $ 115.50 ,, $ 12.07 , $ 1.93 , $ 11.79 , $ 25.79 ,2.74%,$471,,$65.01,$406,$122,,,,,,,,,,,,,,,,,,
0435, JUEGO DE , RSJAD1, JUEGO DE AGUA DONA (7 PIEZAS) NR. ,,ARTESANIAS ,SERVIN ,TARANDACUAU GTO , 434 107 2674,VERONICA ," $ 5,155.17 ", $ 824.83 ," $ 5,980.00",35.00%," $ 2,093.00 ",, $ 175.92 , $ 28.15 , $ 168.14 , $ 372.21 ,2.20%,"$8,445",,"$1,164.86","$7,280","$2,125",,,,,,,,,,,,,,,,,,
0436, JUEGO DE , RSJTC1, JUEGO DE TE CHICO (5 PIEZAS) NR. ,,ARTESANIAS ,SERVIN ,TARANDACUAU GTO , 435 107 2674,VERONICA ," $ 1,732.76 ", $ 277.24 ," $ 2,010.00",35.00%, $ 703.50 ,, $ 60.79 , $ 9.73 , $ 58.28 , $ 128.80 ,2.27%,"$2,842",,$392.04,"$2,450",$717,,,,,,,,,,,,,,,,,,
0437, LAMPARA #, RSLAM1, LAMPARA # 6 (25) NR.,,ARTESANIAS ,SERVIN ,TARANDACUAU GTO , 436 107 2674,VERONICA ," $ 1,068.97 ", $ 171.03 ," $ 1,240.00",35.00%, $ 434.00 ,, $ 38.46 , $ 6.15 , $ 36.97 , $ 81.59 ,2.32%,"$1,756",,$242.15,"$1,513",$444,,,,,,,,,,,,,,,,,,
0438, LAMPARA C, RSLCC1, LAMPARA CILINDRICA (58X30) NR.,,ARTESANIAS ,SERVIN ,TARANDACUAU GTO , 437 107 2674,VERONICA ," $ 2,379.31 ", $ 380.69 ," $ 2,760.00",35.00%, $ 966.00 ,, $ 82.54 , $ 13.21 , $ 79.03 , $ 174.78 ,2.24%,"$3,901",,$538.04,"$3,363",$983,,,,,,,,,,,,,,,,,,
0439, LICORERA , RSLBC1, LICORERA BOLA CHICA (22.5x11) NR.,,ARTESANIAS ,SERVIN ,TARANDACUAU GTO , 438 107 2674,VERONICA , $ 788.79 , $ 126.21 , $ 915.00,35.00%, $ 320.25 ,, $ 29.04 , $ 4.65 , $ 27.98 , $ 61.66 ,2.38%,"$1,297",,$178.88,"$1,118",$329,,,,,,,,,,,,,,,,,,
0440, MOLCAJETE, RSMSM1, MOLCAJETE SANTA MARIA MEDIANO (10.5x16.5) NR.,,ARTESANIAS ,SERVIN ,TARANDACUAU GTO , 439 107 2674,VERONICA , $ 762.93 , $ 122.07 , $ 885.00,35.00%, $ 309.75 ,, $ 28.17 , $ 4.51 , $ 27.15 , $ 59.82 ,2.38%,"$1,255",,$173.04,"$1,082",$319,,,,,,,,,,,,,,,,,,
0441, PLATO CON, RSPSO1, PLATO CONSOME (6x12.5) NR. ,,ARTESANIAS ,SERVIN ,TARANDACUAU GTO , 440 107 2674,VERONICA , $ 482.76 , $ 77.24 , $ 560.00,35.00%, $ 196.00 ,, $ 18.74 , $ 3.00 , $ 18.15 , $ 39.89 ,2.51%,$796,,$109.78,$686,$203,,,,,,,,,,,,,,,,,,
0442, SALERO GR, RSSGR1, SALERO GRANDE (6.5x4.5) NR. ,,ARTESANIAS ,SERVIN ,TARANDACUAU GTO , 441 107 2674,VERONICA , $ 163.79 , $ 26.21 , $ 190.00,35.00%, $ 66.50 ,, $ 8.01 , $ 1.28 , $ 7.92 , $ 17.21 ,3.14%,$274,,$37.75,$236,$72,,,,,,,,,,,,,,,,,,
0443, TARRO ALT, RSTAL1, TARRO ALTO (11.5x8.5) NR. ,,ARTESANIAS ,SERVIN ,TARANDACUAU GTO , 442 107 2674,VERONICA , $ 336.21 , $ 53.79 , $ 390.00,35.00%, $ 136.50 ,, $ 13.81 , $ 2.21 , $ 13.45 , $ 29.47 ,2.65%,$556,,$76.69,$479,$143,,,,,,,,,,,,,,,,,,
0444, TARRO ASA, RSTAS1, TARRO ASA (9.5x8) NR. ,,ARTESANIAS ,SERVIN ,TARANDACUAU GTO , 443 107 2674,VERONICA , $ 336.21 , $ 53.79 , $ 390.00,35.00%, $ 136.50 ,, $ 13.81 , $ 2.21 , $ 13.45 , $ 29.47 ,2.65%,$556,,$76.69,$479,$143,,,,,,,,,,,,,,,,,,
0445, TARRO CHI, RSTCH1, TARRO CHICO (7.5x7.5) NR.,,ARTESANIAS ,SERVIN ,TARANDACUAU GTO , 444 107 2674,VERONICA , $ 306.03 , $ 48.97 , $ 355.00,35.00%, $ 124.25 ,, $ 12.80 , $ 2.05 , $ 12.48 , $ 27.32 ,2.70%,$507,,$69.87,$437,$131,,,,,,,,,,,,,,,,,,
0446, VASO DE T, RSVTM1, VASO DE TE MEDIANO (5x7.5) NR. ,,ARTESANIAS ,SERVIN ,TARANDACUAU GTO , 445 107 2674,VERONICA , $ 219.83 , $ 35.17 , $ 255.00,35.00%, $ 89.25 ,, $ 9.90 , $ 1.58 , $ 9.71 , $ 21.19 ,2.90%,$365,,$50.41,$315,$95,,,,,,,,,,,,,,,,,,
0447, AZUCARERA, LBAEX1, AZUCARERA EXPRESS (11x8.5) SB. ,,ARTESANIAS ,SERVIN ,TARANDACUAU GTO , 446 107 2674,VERONICA , $ 797.41 , $ 127.59 , $ 925.00,35.00%, $ 323.75 ,, $ 29.33 , $ 4.69 , $ 28.26 , $ 62.27 ,2.37%,"$1,311",,$180.83,"$1,130",$333,,,,,,,,,,,,,,,,,,
0448, BOWL REDO, LBBRC1, BOWL REDONDO CHICO (9x17) SB.,,ARTESANIAS ,SERVIN ,TARANDACUAU GTO , 447 107 2674,VERONICA ," $ 2,086.21 ", $ 333.79 ," $ 2,420.00",35.00%, $ 847.00 ,, $ 72.68 , $ 11.63 , $ 69.63 , $ 153.93 ,2.25%,"$3,421",,$471.85,"$2,949",$863,,,,,,,,,,,,,,,,,,
0449, BOWL REDO, LBBRM1, BOWL REDONDO MEDIANO (10x20.5) SB.,,ARTESANIAS ,SERVIN ,TARANDACUAU GTO , 448 107 2674,VERONICA ," $ 3,202.59 ", $ 512.41 ," $ 3,715.00",35.00%," $ 1,300.25 ",, $ 110.24 , $ 17.64 , $ 105.46 , $ 233.34 ,2.22%,"$5,249",,$723.94,"$4,525","$1,322",,,,,,,,,,,,,,,,,,
0450, CHAROLA R, LBCCD1, CHAROLA RECTANGULAR CHICA DECORADA (1.5x8x17.5) SB.,,ARTESANIAS ,SERVIN ,TARANDACUAU GTO , 449 107 2674,VERONICA , $ 844.83 , $ 135.17 , $ 980.00,35.00%, $ 343.00 ,, $ 30.92 , $ 4.95 , $ 29.78 , $ 65.64 ,2.36%,"$1,389",,$191.54,"$1,197",$352,,,,,,,,,,,,,,,,,,
0451, COPA TEQU, LBCTC1, COPA TEQUILERA CHICA (5.5x4) SB.,,ARTESANIAS ,SERVIN ,TARANDACUAU GTO , 450 107 2674,VERONICA , $ 353.45 , $ 56.55 , $ 410.00,35.00%, $ 143.50 ,, $ 14.39 , $ 2.30 , $ 14.00 , $ 30.70 ,2.63%,$584,,$80.58,$504,$150,,,,,,,,,,,,,,,,,,
0452, CREMERA E, LBCEX1, CREMERA EXPRESS (6.5x6) SB. ,,ARTESANIAS ,SERVIN ,TARANDACUAU GTO , 451 107 2674,VERONICA , $ 435.34 , $ 69.66 , $ 505.00,35.00%, $ 176.75 ,, $ 17.15 , $ 2.74 , $ 16.63 , $ 36.52 ,2.54%,$718,,$99.07,$619,$184,,,,,,,,,,,,,,,,,,
0453, CUCHARA (, LBCUC1, CUCHARA (3x4x15.5) SB.,,ARTESANIAS ,SERVIN ,TARANDACUAU GTO , 452 107 2674,VERONICA , $ 405.17 , $ 64.83 , $ 470.00,35.00%, $ 164.50 ,, $ 16.13 , $ 2.58 , $ 15.66 , $ 34.38 ,2.57%,$669,,$92.26,$577,$171,,,,,,,,,,,,,,,,,,
0454, FLORERO #, LBFLD1, FLORERO # 3 (10.5) SB.,,ARTESANIAS ,SERVIN ,TARANDACUAU GTO , 453 107 2674,VERONICA , $ 500.00 , $ 80.00 , $ 580.00,35.00%, $ 203.00 ,, $ 19.32 , $ 3.09 , $ 18.71 , $ 41.12 ,2.49%,$824,,$113.67,$710,$210,,,,,,,,,,,,,,,,,,
0455, FLORERO #, LBFLF1, FLORERO # 5 (15) SB.,,ARTESANIAS ,SERVIN ,TARANDACUAU GTO , 454 107 2674,VERONICA ," $ 1,146.55 ", $ 183.45 ," $ 1,330.00",35.00%, $ 465.50 ,, $ 41.07 , $ 6.57 , $ 39.46 , $ 87.10 ,2.31%,"$1,883",,$259.67,"$1,623",$476,,,,,,,,,,,,,,,,,,
0456, FLORERO #, LBFLH1, FLORERO # 7 (22x14) SB.,,ARTESANIAS ,SERVIN ,TARANDACUAU GTO , 455 107 2674,VERONICA ," $ 2,556.03 ", $ 408.97 ," $ 2,965.00",35.00%," $ 1,037.75 ",, $ 88.49 , $ 14.16 , $ 84.71 , $ 187.35 ,2.24%,"$4,190",,$577.94,"$3,612","$1,056",,,,,,,,,,,,,,,,,,
0457, FLORERO C, LBFCC1, FLORERO CUADRADO CHICO (17.5x4.5) SB.,,ARTESANIAS ,SERVIN ,TARANDACUAU GTO , 456 107 2674,VERONICA , $ 961.21 , $ 153.79 ," $ 1,115.00",35.00%, $ 390.25 ,, $ 34.84 , $ 5.57 , $ 33.51 , $ 73.92 ,2.34%,"$1,579",,$217.82,"$1,361",$400,,,,,,,,,,,,,,,,,,
0458, FLORERO C, LBFCG1, FLORERO CUADRADO GRANDE (26x6) SB. ,,ARTESANIAS ,SERVIN ,TARANDACUAU GTO , 457 107 2674,VERONICA ," $ 2,142.24 ", $ 342.76 ," $ 2,485.00",35.00%, $ 869.75 ,, $ 74.57 , $ 11.93 , $ 71.42 , $ 157.92 ,2.25%,"$3,513",,$484.51,"$3,028",$886,,,,,,,,,,,,,,,,,,
0459, FLORERO P, LBFPC1, FLORERO PEZ CHICO (18.5x9.5x14.5) SB.,,ARTESANIAS ,SERVIN ,TARANDACUAU GTO , 423 107 2674,VERONICA ," $ 1,560.34 ", $ 249.66 ," $ 1,810.00",35.00%, $ 633.50 ,, $ 54.99 , $ 8.80 , $ 52.75 , $ 116.53 ,2.28%,"$2,560",,$353.11,"$2,207",$647,,,,,,,,,,,,,,,,,,
0460, FLORERO P, LBFPM1, FLORERO PEZ MEDIANO (31x16x22) SB. ,,ARTESANIAS ,SERVIN ,TARANDACUAU GTO , 424 107 2674,VERONICA ," $ 6,607.76 "," $ 1,057.24 "," $ 7,665.00",35.00%," $ 2,682.75 ",, $ 224.79 , $ 35.97 , $ 214.77 , $ 475.52 ,2.20%,"$10,823",,"$1,492.86","$9,330","$2,723",,,,,,,,,,,,,,,,,,
0461, GATO PORT, LBGPO1, GATO PORTA-ANILLOS (12.5x4.5x8.5) SB,,ARTESANIAS ,SERVIN ,TARANDACUAU GTO , 425 107 2674,VERONICA , $ 719.83 , $ 115.17 , $ 835.00,35.00%, $ 292.25 ,, $ 26.72 , $ 4.27 , $ 25.76 , $ 56.75 ,2.40%,"$1,184",,$163.31,"$1,021",$301,,,,,,,,,,,,,,,,,,
0462, JOYERO # , LBJBA1, JOYERO # 2 BOLA (5.5x7.5) SB,,ARTESANIAS ,SERVIN ,TARANDACUAU GTO , 426 107 2674,VERONICA , $ 461.21 , $ 73.79 , $ 535.00,35.00%, $ 187.25 ,, $ 18.02 , $ 2.88 , $ 17.46 , $ 38.36 ,2.52%,$761,,$104.91,$656,$194,,,,,,,,,,,,,,,,,,
0463, JOYERO # , LBJHB1, JOYERO # 2 HEXAGONAL CON PERILLA (5.5x6) SB.,,ARTESANIAS ,SERVIN ,TARANDACUAU GTO , 427 107 2674,VERONICA , $ 500.00 , $ 80.00 , $ 580.00,35.00%, $ 203.00 ,, $ 19.32 , $ 3.09 , $ 18.71 , $ 41.12 ,2.49%,$824,,$113.67,$710,$210,,,,,,,,,,,,,,,,,,
0464, JOYERO # , LBJBO1, JOYERO # 3 BOLA (7.5x9) SB. ,,ARTESANIAS ,SERVIN ,TARANDACUAU GTO , 428 107 2674,VERONICA , $ 581.90 , $ 93.10 , $ 675.00,35.00%, $ 236.25 ,, $ 22.08 , $ 3.53 , $ 21.34 , $ 46.94 ,2.45%,$958,,$132.16,$826,$244,,,,,,,,,,,,,,,,,,
0465, JOYERO # , LBJHC1, JOYERO # 3 HEXAGONAL CON PERILLA (7x9) SB.,,ARTESANIAS ,SERVIN ,TARANDACUAU GTO , 429 107 2674,VERONICA , $ 633.62 , $ 101.38 , $ 735.00,35.00%, $ 257.25 ,, $ 23.82 , $ 3.81 , $ 23.00 , $ 50.62 ,2.43%,"$1,043",,$143.84,$899,$265,,,,,,,,,,,,,,,,,,
0466, JUEGO DE , LBJAD1, JUEGO DE AGUA DONA (7 PIEZAS) SB.,,ARTESANIAS ,SERVIN ,TARANDACUAU GTO , 430 107 2674,VERONICA ," $ 11,353.45 "," $ 1,816.55 "," $ 13,170.00",35.00%," $ 4,609.50 ",, $ 384.43 , $ 61.51 , $ 367.11 , $ 813.05 ,2.19%,"$18,593",,"$2,564.49","$16,028","$4,675",,,,,,,,,,,,,,,,,,
0467, JUEGO DE , LBJTC1, JUEGO DE TE CHICO (5 PIEZAS) SB. ,,ARTESANIAS ,SERVIN ,TARANDACUAU GTO , 431 107 2674,VERONICA ," $ 3,810.34 ", $ 609.66 ," $ 4,420.00",35.00%," $ 1,547.00 ",, $ 130.68 , $ 20.91 , $ 124.97 , $ 276.56 ,2.21%,"$6,244",,$861.18,"$5,382","$1,572",,,,,,,,,,,,,,,,,,
0468, LAMPARA #, LBLAM1, LAMPARA # 6 (25) SB. ,,ARTESANIAS ,SERVIN ,TARANDACUAU GTO , 432 107 2674,VERONICA ," $ 2,357.76 ", $ 377.24 ," $ 2,735.00",35.00%, $ 957.25 ,, $ 81.82 , $ 13.09 , $ 78.34 , $ 173.25 ,2.24%,"$3,865",,$533.17,"$3,332",$975,,,,,,,,,,,,,,,,,,
0469, LAMPARA C, LBLCC1, LAMPARA CILINDRICA (58X30) SB.,,ARTESANIAS ,SERVIN ,TARANDACUAU GTO , 433 107 2674,VERONICA ," $ 5,245.69 ", $ 839.31 ," $ 6,085.00",35.00%," $ 2,129.75 ",, $ 178.97 , $ 28.63 , $ 171.05 , $ 378.65 ,2.20%,"$8,593",,"$1,185.30","$7,408","$2,162",,,,,,,,,,,,,,,,,,
0470, LICORERA , LBLBC1, LICORERA BOLA CHICA (22.5x11) SB.,,ARTESANIAS ,SERVIN ,TARANDACUAU GTO , 434 107 2674,VERONICA ," $ 1,715.52 ", $ 274.48 ," $ 1,990.00",35.00%, $ 696.50 ,, $ 60.21 , $ 9.63 , $ 57.73 , $ 127.57 ,2.27%,"$2,814",,$388.15,"$2,426",$710,,,,,,,,,,,,,,,,,,
0471, MOLCAJETE, LBMSM1, MOLCAJETE SANTA MARIA MEDIANO (10.5x16.5) SB.,,ARTESANIAS ,SERVIN ,TARANDACUAU GTO , 435 107 2674,VERONICA ," $ 1,543.10 ", $ 246.90 ," $ 1,790.00",35.00%, $ 626.50 ,, $ 54.41 , $ 8.71 , $ 52.19 , $ 115.31 ,2.28%,"$2,532",,$349.21,"$2,183",$639,,,,,,,,,,,,,,,,,,
0472, PLATO CON, LBPSO1, PLATO CONSOME (6x12.5) SB.,,ARTESANIAS ,SERVIN ,TARANDACUAU GTO , 436 107 2674,VERONICA ," $ 1,060.34 ", $ 169.66 ," $ 1,230.00",35.00%, $ 430.50 ,, $ 38.17 , $ 6.11 , $ 36.70 , $ 80.97 ,2.32%,"$1,741",,$240.20,"$1,501",$441,,,,,,,,,,,,,,,,,,
0473, SALERO GR, LBSGR1, SALERO GRANDE (6.5x4.5) SB. ,,ARTESANIAS ,SERVIN ,TARANDACUAU GTO , 437 107 2674,VERONICA , $ 336.21 , $ 53.79 , $ 390.00,35.00%, $ 136.50 ,, $ 13.81 , $ 2.21 , $ 13.45 , $ 29.47 ,2.65%,$556,,$76.69,$479,$143,,,,,,,,,,,,,,,,,,
0474, TARRO ALT, LBTAL1, TARRO ALTO (11.5x8.5) SB.,,ARTESANIAS ,SERVIN ,TARANDACUAU GTO , 438 107 2674,VERONICA , $ 745.69 , $ 119.31 , $ 865.00,35.00%, $ 302.75 ,, $ 27.59 , $ 4.41 , $ 26.59 , $ 58.59 ,2.39%,"$1,226",,$169.15,"$1,057",$312,,,,,,,,,,,,,,,,,,
0475, TARRO ASA, LBTAS1, TARRO ASA (9.5x8) SB. ,,ARTESANIAS ,SERVIN ,TARANDACUAU GTO , 439 107 2674,VERONICA , $ 681.03 , $ 108.97 , $ 790.00,35.00%, $ 276.50 ,, $ 25.41 , $ 4.07 , $ 24.52 , $ 54.00 ,2.41%,"$1,120",,$154.55,$966,$285,,,,,,,,,,,,,,,,,,
0476, TARRO CHI, LBTCH1, TARRO CHICO (7.5x7.5) SB. ,,ARTESANIAS ,SERVIN ,TARANDACUAU GTO , 440 107 2674,VERONICA , $ 663.79 , $ 106.21 , $ 770.00,35.00%, $ 269.50 ,, $ 24.83 , $ 3.97 , $ 23.97 , $ 52.77 ,2.42%,"$1,092",,$150.66,$942,$278,,,,,,,,,,,,,,,,,,
0477, VASO DE T, LBVTM1, VASO DE TE MEDIANO (5x7.5) SB. ,,ARTESANIAS ,SERVIN ,TARANDACUAU GTO , 441 107 2674,VERONICA , $ 482.76 , $ 77.24 , $ 560.00,35.00%, $ 196.00 ,, $ 18.74 , $ 3.00 , $ 18.15 , $ 39.89 ,2.51%,$796,,$109.78,$686,$203,,,,,,,,,,,,,,,,,,
0478, AZUCARERA, LGAEX1, AZUCARERA EXPRESS (11x8.5) SN. ,,ARTESANIAS ,SERVIN ,TARANDACUAU GTO , 442 107 2674,VERONICA , $ 797.41 , $ 127.59 , $ 925.00,35.00%, $ 323.75 ,, $ 29.33 , $ 4.69 , $ 28.26 , $ 62.27 ,2.37%,"$1,311",,$180.83,"$1,130",$333,,,,,,,,,,,,,,,,,,
0479, BOWL REDO, LGBRC1, BOWL REDONDO CHICO (9x17) SN,,ARTESANIAS ,SERVIN ,TARANDACUAU GTO , 443 107 2674,VERONICA ," $ 2,086.21 ", $ 333.79 ," $ 2,420.00",35.00%, $ 847.00 ,, $ 72.68 , $ 11.63 , $ 69.63 , $ 153.93 ,2.25%,"$3,421",,$471.85,"$2,949",$863,,,,,,,,,,,,,,,,,,
0480, BOWL REDO, LGBRM1, BOWL REDONDO MEDIANO (10x20.5) SN.,,ARTESANIAS ,SERVIN ,TARANDACUAU GTO , 444 107 2674,VERONICA ," $ 3,202.59 ", $ 512.41 ," $ 3,715.00",35.00%," $ 1,300.25 ",, $ 110.24 , $ 17.64 , $ 105.46 , $ 233.34 ,2.22%,"$5,249",,$723.94,"$4,525","$1,322",,,,,,,,,,,,,,,,,,
0481, CHAROLA R, LGCCD1, CHAROLA RECTANGULAR CHICA DECORADA (1.5x8x17.5) SN. ,,ARTESANIAS ,SERVIN ,TARANDACUAU GTO , 445 107 2674,VERONICA , $ 844.83 , $ 135.17 , $ 980.00,35.00%, $ 343.00 ,, $ 30.92 , $ 4.95 , $ 29.78 , $ 65.64 ,2.36%,"$1,389",,$191.54,"$1,197",$352,,,,,,,,,,,,,,,,,,
0482, COPA TEQU, LGCTC1, COPA TEQUILERA CHICA (5.5x4) SN.,,ARTESANIAS ,SERVIN ,TARANDACUAU GTO , 446 107 2674,VERONICA , $ 353.45 , $ 56.55 , $ 410.00,35.00%, $ 143.50 ,, $ 14.39 , $ 2.30 , $ 14.00 , $ 30.70 ,2.63%,$584,,$80.58,$504,$150,,,,,,,,,,,,,,,,,,
0483, CREMERA E, LGCEX1, CREMERA EXPRESS (6.5x6) SN. ,,ARTESANIAS ,SERVIN ,TARANDACUAU GTO , 447 107 2674,VERONICA , $ 435.34 , $ 69.66 , $ 505.00,35.00%, $ 176.75 ,, $ 17.15 , $ 2.74 , $ 16.63 , $ 36.52 ,2.54%,$718,,$99.07,$619,$184,,,,,,,,,,,,,,,,,,
0484, CUCHARA (, LGCUC1, CUCHARA (3x4x15.5) SN. ,,ARTESANIAS ,SERVIN ,TARANDACUAU GTO , 448 107 2674,VERONICA , $ 405.17 , $ 64.83 , $ 470.00,35.00%, $ 164.50 ,, $ 16.13 , $ 2.58 , $ 15.66 , $ 34.38 ,2.57%,$669,,$92.26,$577,$171,,,,,,,,,,,,,,,,,,
0485, FLORERO #, LGFLD1, FLORERO # 3 (10.5) SN. ,,ARTESANIAS ,SERVIN ,TARANDACUAU GTO , 449 107 2674,VERONICA , $ 500.00 , $ 80.00 , $ 580.00,35.00%, $ 203.00 ,, $ 19.32 , $ 3.09 , $ 18.71 , $ 41.12 ,2.49%,$824,,$113.67,$710,$210,,,,,,,,,,,,,,,,,,
0486, FLORERO #, LGFLF1, FLORERO # 5 (15) SN. ,,ARTESANIAS ,SERVIN ,TARANDACUAU GTO , 450 107 2674,VERONICA ," $ 1,146.55 ", $ 183.45 ," $ 1,330.00",35.00%, $ 465.50 ,, $ 41.07 , $ 6.57 , $ 39.46 , $ 87.10 ,2.31%,"$1,883",,$259.67,"$1,623",$476,,,,,,,,,,,,,,,,,,
0487, FLORERO #, LGFLH1, FLORERO # 7 (22x14) SN.,,ARTESANIAS ,SERVIN ,TARANDACUAU GTO , 451 107 2674,VERONICA ," $ 2,556.03 ", $ 408.97 ," $ 2,965.00",35.00%," $ 1,037.75 ",, $ 88.49 , $ 14.16 , $ 84.71 , $ 187.35 ,2.24%,"$4,190",,$577.94,"$3,612","$1,056",,,,,,,,,,,,,,,,,,
0488, FLORERO C, LGFCC1, FLORERO CUADRADO CHICO (17.5x4.5) SN.,,ARTESANIAS ,SERVIN ,TARANDACUAU GTO , 452 107 2674,VERONICA , $ 961.21 , $ 153.79 ," $ 1,115.00",35.00%, $ 390.25 ,, $ 34.84 , $ 5.57 , $ 33.51 , $ 73.92 ,2.34%,"$1,579",,$217.82,"$1,361",$400,,,,,,,,,,,,,,,,,,
0489, FLORERO C, LGFCG1, FLORERO CUADRADO GRANDE (26x6) SN.,,ARTESANIAS ,SERVIN ,TARANDACUAU GTO , 453 107 2674,VERONICA ," $ 2,142.24 ", $ 342.76 ," $ 2,485.00",35.00%, $ 869.75 ,, $ 74.57 , $ 11.93 , $ 71.42 , $ 157.92 ,2.25%,"$3,513",,$484.51,"$3,028",$886,,,,,,,,,,,,,,,,,,
0490, FLORERO P, LGFPC1, FLORERO PEZ CHICO (18.5x9.5x14.5) SN.,,ARTESANIAS ,SERVIN ,TARANDACUAU GTO , 454 107 2674,VERONICA ," $ 1,560.34 ", $ 249.66 ," $ 1,810.00",35.00%, $ 633.50 ,, $ 54.99 , $ 8.80 , $ 52.75 , $ 116.53 ,2.28%,"$2,560",,$353.11,"$2,207",$647,,,,,,,,,,,,,,,,,,
0491, FLORERO P, LGFPM1, FLORERO PEZ MEDIANO (31x16x22) SN.,,ARTESANIAS ,SERVIN ,TARANDACUAU GTO , 455 107 2674,VERONICA ," $ 6,607.76 "," $ 1,057.24 "," $ 7,665.00",35.00%," $ 2,682.75 ",, $ 224.79 , $ 35.97 , $ 214.77 , $ 475.52 ,2.20%,"$10,823",,"$1,492.86","$9,330","$2,723",,,,,,,,,,,,,,,,,,
0492, GATO PORT, LGGPO2, GATO PORTA-ANILLOS (12.5x4.5x8.5) SN,,ARTESANIAS ,SERVIN ,TARANDACUAU GTO , 456 107 2674,VERONICA , $ 719.83 , $ 115.17 , $ 835.00,35.00%, $ 292.25 ,, $ 26.72 , $ 4.27 , $ 25.76 , $ 56.75 ,2.40%,"$1,184",,$163.31,"$1,021",$301,,,,,,,,,,,,,,,,,,
0493, JOYERO # , LGJBA1, JOYERO # 2 BOLA (5.5x7.5) SN,,ARTESANIAS ,SERVIN ,TARANDACUAU GTO , 457 107 2674,VERONICA , $ 461.21 , $ 73.79 , $ 535.00,35.00%, $ 187.25 ,, $ 18.02 , $ 2.88 , $ 17.46 , $ 38.36 ,2.52%,$761,,$104.91,$656,$194,,,,,,,,,,,,,,,,,,
0494, JOYERO # , LGJHB1, JOYERO # 2 HEXAGONAL CON PERILLA (5.5x6) SN.,,ARTESANIAS ,SERVIN ,TARANDACUAU GTO , 458 107 2674,VERONICA , $ 500.00 , $ 80.00 , $ 580.00,35.00%, $ 203.00 ,, $ 19.32 , $ 3.09 , $ 18.71 , $ 41.12 ,2.49%,$824,,$113.67,$710,$210,,,,,,,,,,,,,,,,,,
0495, JOYERO # , LGJBC1, JOYERO # 3 BOLA (7.5x9) SN. ,,ARTESANIAS ,SERVIN ,TARANDACUAU GTO , 459 107 2674,VERONICA , $ 581.90 , $ 93.10 , $ 675.00,35.00%, $ 236.25 ,, $ 22.08 , $ 3.53 , $ 21.34 , $ 46.94 ,2.45%,$958,,$132.16,$826,$244,,,,,,,,,,,,,,,,,,
0496, JOYERO # , LGJHC1, JOYERO # 3 HEXAGONAL CON PERILLA (7x9) SN. $,,ARTESANIAS ,SERVIN ,TARANDACUAU GTO , 460 107 2674,VERONICA , $ 633.62 , $ 101.38 , $ 735.00,35.00%, $ 257.25 ,, $ 23.82 , $ 3.81 , $ 23.00 , $ 50.62 ,2.43%,"$1,043",,$143.84,$899,$265,,,,,,,,,,,,,,,,,,
0497, JUEGO DE , LGJAD1, JUEGO DE AGUA DONA (7 PIEZAS) SN. ,,ARTESANIAS ,SERVIN ,TARANDACUAU GTO , 461 107 2674,VERONICA ," $ 11,353.45 "," $ 1,816.55 "," $ 13,170.00",35.00%," $ 4,609.50 ",, $ 384.43 , $ 61.51 , $ 367.11 , $ 813.05 ,2.19%,"$18,593",,"$2,564.49","$16,028","$4,675",,,,,,,,,,,,,,,,,,
0498, JUEGO DE , LGJTC1, JUEGO DE TE CHICO (5 PIEZAS) SN.,,ARTESANIAS ,SERVIN ,TARANDACUAU GTO , 462 107 2674,VERONICA ," $ 3,810.34 ", $ 609.66 ,"  $ 4,420.00",35.00%," $ 1,547.00 ",, $ 130.68 , $ 20.91 , $ 124.97 , $ 276.56 ,2.21%,"$6,244",,$861.18,"$5,382","$1,572",,,,,,,,,,,,,,,,,,
0499, LAMPARA #, LGLAM1, LAMPARA # 6 (25) SN.,,ARTESANIAS ,SERVIN ,TARANDACUAU GTO , 463 107 2674,VERONICA ," $ 2,357.76 ", $ 377.24 ,"  $ 2,735.00",35.00%, $ 957.25 ,, $ 81.82 , $ 13.09 , $ 78.34 , $ 173.25 ,2.24%,"$3,865",,$533.17,"$3,332",$975,,,,,,,,,,,,,,,,,,
0500, LAMPARA C, LGLCC1, LAMPARA CILINDRICA (58X30) SN. ,,ARTESANIAS ,SERVIN ,TARANDACUAU GTO , 464 107 2674,VERONICA ," $ 5,245.69 ", $ 839.31 ,"  $ 6,085.00",35.00%," $ 2,129.75 ",, $ 178.97 , $ 28.63 , $ 171.05 , $ 378.65 ,2.20%,"$8,593",,"$1,185.30","$7,408","$2,162",,,,,,,,,,,,,,,,,,
0501, LICORERA , LGLBC1, LICORERA BOLA CHICA (22.5x11) SN. ,,ARTESANIAS ,SERVIN ,TARANDACUAU GTO , 465 107 2674,VERONICA ," $ 1,715.52 ", $ 274.48 ,"  $ 1,990.00",35.00%, $ 696.50 ,, $ 60.21 , $ 9.63 , $ 57.73 , $ 127.57 ,2.27%,"$2,814",,$388.15,"$2,426",$710,,,,,,,,,,,,,,,,,,
0502, MOLCAJETE, LGMSM1, MOLCAJETE SANTA MARIA MEDIANO (10.5x16.5) SN.,,ARTESANIAS ,SERVIN ,TARANDACUAU GTO , 466 107 2674,VERONICA ," $ 1,543.10 ", $ 246.90 ,"  $ 1,790.00",35.00%, $ 626.50 ,, $ 54.41 , $ 8.71 , $ 52.19 , $ 115.31 ,2.28%,"$2,532",,$349.21,"$2,183",$639,,,,,,,,,,,,,,,,,,
0503, PLATO CON, LGPSO1, PLATO CONSOME (6x12.5) SN. ,,ARTESANIAS ,SERVIN ,TARANDACUAU GTO , 467 107 2674,VERONICA ," $ 1,060.34 ", $ 169.66 ,"  $ 1,230.00",35.00%, $ 430.50 ,, $ 38.17 , $ 6.11 , $ 36.70 , $ 80.97 ,2.32%,"$1,741",,$240.20,"$1,501",$441,,,,,,,,,,,,,,,,,,
0504, SALERO GR, LGSGR1, SALERO GRANDE (6.5x4.5) SN. ,,ARTESANIAS ,SERVIN ,TARANDACUAU GTO , 468 107 2674,VERONICA , $ 336.21 , $ 53.79 , $ 390.00,35.00%, $ 136.50 ,, $ 13.81 , $ 2.21 , $ 13.45 , $ 29.47 ,2.65%,$556,,$76.69,$479,$143,,,,,,,,,,,,,,,,,,
0505, TARRO ALT, LGTAL1, TARRO ALTO (11.5x8.5) SN.,,ARTESANIAS ,SERVIN ,TARANDACUAU GTO , 469 107 2674,VERONICA , $ 745.69 , $ 119.31 , $ 865.00,35.00%, $ 302.75 ,, $ 27.59 , $ 4.41 , $ 26.59 , $ 58.59 ,2.39%,"$1,226",,$169.15,"$1,057",$312,,,,,,,,,,,,,,,,,,
0506, TARRO ASA, LGTAS1, TARRO ASA (9.5x8) SN. ,,ARTESANIAS ,SERVIN ,TARANDACUAU GTO , 470 107 2674,VERONICA , $ 681.03 , $ 108.97 , $ 790.00,35.00%, $ 276.50 ,, $ 25.41 , $ 4.07 , $ 24.52 , $ 54.00 ,2.41%,"$1,120",,$154.55,$966,$285,,,,,,,,,,,,,,,,,,
0507, TARRO CHI, LGTCH1, TARRO CHICO (7.5x7.5) SN.,,ARTESANIAS ,SERVIN ,TARANDACUAU GTO , 471 107 2674,VERONICA , $ 663.79 , $ 106.21 , $ 770.00,35.00%, $ 269.50 ,, $ 24.83 , $ 3.97 , $ 23.97 , $ 52.77 ,2.42%,"$1,092",,$150.66,$942,$278,,,,,,,,,,,,,,,,,,
0508, VASO DE T, LGVTM1, VASO DE TE MEDIANO (5x7.5) SN.,,ARTESANIAS ,SERVIN ,TARANDACUAU GTO , 472 107 2674,VERONICA , $ 482.76 , $ 77.24 , $ 560.00,55.00%, $ 308.00 ,, $ 18.74 , $ 3.00 , $ 20.39 , $ 42.13 ,2.31%,$910,,$125.54,$785,$302,,,,,,,,,,,,,,,,,,
0509,CANASTA NA, LGVTM2,CANASTA NAV MOD 2001,,DULCES TIPICOS Y ALIMENTOS,El Huerto,UCAREO,4434101030,Yadira Mendoza Soto, $ 678.00 , $ 108.48 ,$786.48,35.00%, $ 275.27 ,, $ 25.31 , $ 4.05 , $ 24.42 , $ 53.78 ,2.41%,"$1,116",,$153.87,$962,$284,,,,,,,,,,,,,,,,,,
0510,CANASTA NA, LGVTM3,CANASTA NAV MOD 2002,,DULCES TIPICOS Y ALIMENTOS,El Huerto,UCAREO,4434101030,Yadira Mendoza Soto, $ 713.00 , $ 114.08 ,$827.08,35.00%, $ 289.48 ,, $ 26.49 , $ 4.24 , $ 25.55 , $ 56.27 ,2.40%,"$1,173",,$161.77,"$1,011",$298,,,,,,,,,,,,,,,,,,
0511,CANASTA MO, LGVTM4,CANASTA MOD 2003,,DULCES TIPICOS Y ALIMENTOS,El Huerto,UCAREO,4434101030,Yadira Mendoza Soto, $ 798.00 , $ 127.68 ,$925.68,35.00%, $ 323.99 ,, $ 29.34 , $ 4.70 , $ 28.27 , $ 62.31 ,2.37%,"$1,312",,$180.96,"$1,131",$333,,,,,,,,,,,,,,,,,,
0512,CANASTA NA, LGVTM5,CANASTA NAV MOD 2004,,DULCES TIPICOS Y ALIMENTOS,El Huerto,UCAREO,4434101030,Yadira Mendoza Soto, $ 518.00 , $ 82.88 ,$600.88,40.00%, $ 240.35 ,, $ 19.93 , $ 3.19 , $ 19.89 , $ 43.00 ,2.43%,$884,,$121.96,$762,$244,,,,,,,,,,,,,,,,,,
0513,CANASTA NA, LGVTM6,CANASTA NAV MOD 2005,,DULCES TIPICOS Y ALIMENTOS,El Huerto,UCAREO,4434101030,Yadira Mendoza Soto, $ 498.00 , $ 79.68 ,$577.68,45.00%, $ 259.96 ,, $ 19.25 , $ 3.08 , $ 19.80 , $ 42.13 ,2.39%,$880,,$121.35,$758,$260,,,,,,,,,,,,,,,,,,
0514,BATEA NAV , LGVTM7,BATEA NAV MOD 2006,,DULCES TIPICOS Y ALIMENTOS,El Huerto,UCAREO,4434101030,Yadira Mendoza Soto, $ 398.00 , $ 63.68 ,$461.68,55.00%, $ 253.92 ,, $ 15.89 , $ 2.54 , $ 17.28 , $ 35.71 ,2.38%,$751,,$103.63,$648,$250,,,,,,,,,,,,,,,,,,
0515,CANASTA NA, LGVTM8,CANASTA NAV MOD 2007,,DULCES TIPICOS Y ALIMENTOS,El Huerto,UCAREO,4434101030,Yadira Mendoza Soto, $ 808.00 , $ 129.28 ,$937.28,35.00%, $ 328.05 ,, $ 29.68 , $ 4.75 , $ 28.60 , $ 63.03 ,2.37%,"$1,328",,$183.22,"$1,145",$337,,,,,,,,,,,,,,,,,,
0516,CANASTA NA, LGVTM9,CANASTA NAV MOD 2008,,DULCES TIPICOS Y ALIMENTOS,El Huerto,UCAREO,4434101030,Yadira Mendoza Soto, $ 748.00 , $ 119.68 ,$867.68,35.00%, $ 303.69 ,, $ 27.66 , $ 4.43 , $ 26.67 , $ 58.76 ,2.39%,"$1,230",,$169.67,"$1,060",$312,,,,,,,,,,,,,,,,,,
0517,, LGVTM10,BAUTIZO ,,,,,,,,,,,,, $ 2.50 ,,,,,$0,,$0.00,$0,$0,,,,,,,,,,,,,,,,,,
0518,CAPT-D, LGVTM11,CRUZ ANGEL PUENTE ORO VIEJO,26 X 17.5 cms,ARTESANIAS ,JORVINA ARTICULOS RELEGIOSOS ,YURECUARO ,33 2184 5609,MARIA ESTHER NAVA ,$181.90,$29.10,$211.00,50.00%, $ 105.50 ,, $ 8.62 , $ 1.38 , $ 9.13 , $ 19.13 ,2.85%,$336,,$46.29,$289,$107,,,,,,,,,,,,,,,,,,
0519,CAPT-P, LGVTM12,CRUZ ANGEL PUENTE PLATA VIEJA,26 X 17.5 cms,ARTESANIAS ,JORVINA ARTICULOS RELEGIOSOS ,YURECUARO ,33 2184 5609,MARIA ESTHER NAVA ,$174.14,$27.86,$202.00,50.00%, $ 101.00 ,, $ 8.36 , $ 1.34 , $ 8.85 , $ 18.55 ,2.88%,$322,,$44.35,$277,$103,,,,,,,,,,,,,,,,,,
0520,AGDM, LGVTM13,CRUZ ANGEL GUARDA DORADO C/ CRUZ MADERA,21.5 X 13 cms,ARTESANIAS ,JORVINA ARTICULOS RELEGIOSOS ,YURECUARO ,33 2184 5609,MARIA ESTHER NAVA ,$104.31,$16.69,$121.00,50.00%, $ 60.50 ,, $ 6.01 , $ 0.96 , $ 6.37 , $ 13.34 ,3.42%,$195,,$26.87,$168,$64,,,,,,,,,,,,,,,,,,
0521,CMB, LGVTM14,CRUZ MEDALLON BAUTIZO EN MADERA C/PIEDRA,20.5 X 15.5cm,ARTESANIAS ,JORVINA ARTICULOS RELEGIOSOS ,YURECUARO ,33 2184 5609,MARIA ESTHER NAVA ,$150.86,$24.14,$175.00,50.00%, $ 87.50 ,, $ 7.58 , $ 1.21 , $ 8.03 , $ 16.81 ,3.01%,$279,,$38.53,$241,$90,,,,,,,,,,,,,,,,,,
0522,ACP-D, LGVTM15,ANGEL CRUZ PALOMA ORO VIEJO,15.5 X 11 cms,ARTESANIAS ,JORVINA ARTICULOS RELEGIOSOS ,YURECUARO ,33 2184 5609,MARIA ESTHER NAVA ,$106.03,$16.97,$123.00,50.00%, $ 61.50 ,, $ 6.07 , $ 0.97 , $ 6.43 , $ 13.47 ,3.40%,$198,,$27.31,$171,$65,,,,,,,,,,,,,,,,,,
0523,ACP-P, LGVTM16,ANGEL CRUZ PALOMA PLATA,15.5 X 11 cms,ARTESANIAS ,JORVINA ARTICULOS RELEGIOSOS ,YURECUARO ,33 2184 5609,MARIA ESTHER NAVA ,$101.72,$16.28,$118.00,50.00%, $ 59.00 ,, $ 5.92 , $ 0.95 , $ 6.28 , $ 13.15 ,3.46%,$190,,$26.23,$164,$62,,,,,,,,,,,,,,,,,,
0524,MAGB, LGVTM17,MEDALLON ANGEL GUADA C/BASE,18 X 7.5 cms,ARTESANIAS ,JORVINA ARTICULOS RELEGIOSOS ,YURECUARO ,33 2184 5609,MARIA ESTHER NAVA ,$83.62,$13.38,$97.00,50.00%, $ 48.50 ,, $ 5.31 , $ 0.85 , $ 5.63 , $ 11.80 ,3.75%,$157,,$21.70,$136,$52,,,,,,,,,,,,,,,,,,
0525,CBM, LGVTM18,CRUZ BAUTIZO MEDALLON CON BASE,15 X 7 cms,ARTESANIAS ,JORVINA ARTICULOS RELEGIOSOS ,YURECUARO ,33 2184 5609,MARIA ESTHER NAVA ,$116.38,$18.62,$135.00,50.00%, $ 67.50 ,, $ 6.42 , $ 1.03 , $ 6.80 , $ 14.24 ,3.29%,$217,,$29.90,$187,$70,,,,,,,,,,,,,,,,,,
0526,18CPI, LGVTM19,CRUCIFIJO DE PILA NUM. 18 EN MADERA,35 X 19 cms,ARTESANIAS ,JORVINA ARTICULOS RELEGIOSOS ,YURECUARO ,33 2184 5609,MARIA ESTHER NAVA ,$239.66,$38.34,$278.00,50.00%, $ 139.00 ,, $ 10.56 , $ 1.69 , $ 11.19 , $ 23.44 ,2.66%,$440,,$60.75,$380,$140,,,,,,,,,,,,,,,,,,
0527,CAC, LGVTM20,CRUZ ANGEL CADENA,30 X 22 cms,ARTESANIAS ,JORVINA ARTICULOS RELEGIOSOS ,YURECUARO ,33 2184 5609,MARIA ESTHER NAVA ,$242.24,$38.76,$281.00,50.00%, $ 140.50 ,, $ 10.65 , $ 1.70 , $ 11.28 , $ 23.63 ,2.65%,$445,,$61.40,$384,$141,,,,,,,,,,,,,,,,,,
0528,CAD-BM, LGVTM21,CRUZ ANGEL DORADO EN MADERA Y BASE,16 X 11.5cms,ARTESANIAS ,JORVINA ARTICULOS RELEGIOSOS ,YURECUARO ,33 2184 5609,MARIA ESTHER NAVA ,$132.76,$21.24,$154.00,50.00%, $ 77.00 ,, $ 6.97 , $ 1.11 , $ 7.38 , $ 15.46 ,3.14%,$246,,$33.99,$212,$80,,,,,,,,,,,,,,,,,,
0529,CAP-BM, LGVTM22,CRUZ ANGEL PLATA EN MADERA Y BASE,16 X 11.5cms,ARTESANIAS ,JORVINA ARTICULOS RELEGIOSOS ,YURECUARO ,33 2184 5609,MARIA ESTHER NAVA ,$125.00,$20.00,$145.00,50.00%, $ 72.50 ,, $ 6.71 , $ 1.07 , $ 7.11 , $ 14.88 ,3.20%,$232,,$32.05,$200,$75,,,,,,,,,,,,,,,,,,
0530,CAD-M, LGVTM23,CRUZ ANGEL C/MADERA EN DORADA,14.5 X 11.2cms,ARTESANIAS ,JORVINA ARTICULOS RELEGIOSOS ,YURECUARO ,33 2184 5609,MARIA ESTHER NAVA ,$104.31,$16.69,$121.00,50.00%, $ 60.50 ,, $ 6.01 , $ 0.96 , $ 6.37 , $ 13.34 ,3.42%,$195,,$26.87,$168,$64,,,,,,,,,,,,,,,,,,
0531,CAP-M, LGVTM24,CRUZ ANGEL C/MADERA EN PLATA,14.5 X 11.2cms,ARTESANIAS ,JORVINA ARTICULOS RELEGIOSOS ,YURECUARO ,33 2184 5609,MARIA ESTHER NAVA ,$104.31,$16.69,$121.00,50.00%, $ 60.50 ,, $ 6.01 , $ 0.96 , $ 6.37 , $ 13.34 ,3.42%,$195,,$26.87,$168,$64,,,,,,,,,,,,,,,,,,
0532,CAD-B, LGVTM25,CRUZ ANGEL DORADO CON BASE MADERA,14.5 X 9.7 cms,ARTESANIAS ,JORVINA ARTICULOS RELEGIOSOS ,YURECUARO ,33 2184 5609,MARIA ESTHER NAVA ,$106.03,$16.97,$123.00,50.00%, $ 61.50 ,, $ 6.07 , $ 0.97 , $ 6.43 , $ 13.47 ,3.40%,$198,,$27.31,$171,$65,,,,,,,,,,,,,,,,,,
0533,CAP-B, LGVTM26,CRUZ ANGEL PLATA CON BASE MADERA,14.5 X 9.7 cms,ARTESANIAS ,JORVINA ARTICULOS RELEGIOSOS ,YURECUARO ,33 2184 5609,MARIA ESTHER NAVA ,$96.55,$15.45,$112.00,50.00%, $ 56.00 ,, $ 5.75 , $ 0.92 , $ 6.09 , $ 12.76 ,3.53%,$181,,$24.93,$156,$59,,,,,,,,,,,,,,,,,,
0534,CBO, LGVTM27,CRUZ BAUTIZO NIÑO CON DETALLE DE PIED. SWARO,13.5 X 7 cms,ARTESANIAS ,JORVINA ARTICULOS RELEGIOSOS ,YURECUARO ,33 2184 5609,MARIA ESTHER NAVA ,$62.07,$9.93,$72.00,50.00%, $ 36.00 ,, $ 4.59 , $ 0.73 , $ 4.87 , $ 10.19 ,4.31%,$118,,$16.30,$102,$40,,,,,,,,,,,,,,,,,,
0535,CBA, LGVTM28,CRUZ BAUTIZO NIÑA CON DETALLE DE PIED. SWARO,13.5 X 7 cms,ARTESANIAS ,JORVINA ARTICULOS RELEGIOSOS ,YURECUARO ,33 2184 5609,MARIA ESTHER NAVA ,$62.07,$9.93,$72.00,50.00%, $ 36.00 ,, $ 4.59 , $ 0.73 , $ 4.87 , $ 10.19 ,4.31%,$118,,$16.30,$102,$40,,,,,,,,,,,,,,,,,,
0536,1BO, LGVTM29,CRUZ BAUTIZO NIÑO,10.5 X 7 cms,ARTESANIAS ,JORVINA ARTICULOS RELEGIOSOS ,YURECUARO ,33 2184 5609,MARIA ESTHER NAVA ,$33.62,$5.38,$39.00,50.00%, $ 19.50 ,, $ 3.63 , $ 0.58 , $ 3.85 , $ 8.07 ,6.06%,$67,,$9.18,$57,$24,,,,,,,,,,,,,,,,,,
0537,1BA, LGVTM30,CRUZ BAUTIZO NIÑA,10.5 X 7 cms,ARTESANIAS ,JORVINA ARTICULOS RELEGIOSOS ,YURECUARO ,33 2184 5609,MARIA ESTHER NAVA ,$33.62,$5.38,$39.00,50.00%, $ 19.50 ,, $ 3.63 , $ 0.58 , $ 3.85 , $ 8.07 ,6.06%,$67,,$9.18,$57,$24,,,,,,,,,,,,,,,,,,
0538,2BA, LGVTM31,CRUZ BAUTIZO NIÑA ESPECIAL,9.4 X 5.3 cms,ARTESANIAS ,JORVINA ARTICULOS RELEGIOSOS ,YURECUARO ,33 2184 5609,MARIA ESTHER NAVA ,$34.48,$5.52,$40.00,50.00%, $ 20.00 ,, $ 3.66 , $ 0.59 , $ 3.88 , $ 8.13 ,5.97%,$68,,$9.40,$59,$24,,,,,,,,,,,,,,,,,,
0539,2BO, LGVTM32,CRUZ BAUTIZO NIÑO ESPECIAL,9.4 X 5.3 cms,ARTESANIAS ,JORVINA ARTICULOS RELEGIOSOS ,YURECUARO ,33 2184 5609,MARIA ESTHER NAVA ,$34.48,$5.52,$40.00,50.00%, $ 20.00 ,, $ 3.66 , $ 0.59 , $ 3.88 , $ 8.13 ,5.97%,$68,,$9.40,$59,$24,,,,,,,,,,,,,,,,,,
0540,EP, LGVTM33,CRUZ ESPIRITU SANTO,9 X 5 cms,ARTESANIAS ,JORVINA ARTICULOS RELEGIOSOS ,YURECUARO ,33 2184 5609,MARIA ESTHER NAVA ,$34.48,$5.52,$40.00,50.00%, $ 20.00 ,, $ 3.66 , $ 0.59 , $ 3.88 , $ 8.13 ,5.97%,$68,,$9.40,$59,$24,,,,,,,,,,,,,,,,,,
0541,C08, LGVTM34,CRUZ ESPIRITU SANTO,5.7 X 3.3 cms,ARTESANIAS ,JORVINA ARTICULOS RELEGIOSOS ,YURECUARO ,33 2184 5609,MARIA ESTHER NAVA ,$18.10,$2.90,$21.00,50.00%, $ 10.50 ,, $ 3.11 , $ 0.50 , $ 3.30 , $ 6.91 ,8.99%,$38,,$5.30,$33,$15,,,,,,,,,,,,,,,,,,
0542,IPD, LGVTM35,CRUZ INFANTIL PALOMA DORADA,6 X 3.3,ARTESANIAS ,JORVINA ARTICULOS RELEGIOSOS ,YURECUARO ,33 2184 5609,MARIA ESTHER NAVA ,$18.10,$2.90,$21.00,50.00%, $ 10.50 ,, $ 3.11 , $ 0.50 , $ 3.30 , $ 6.91 ,8.99%,$38,,$5.30,$33,$15,,,,,,,,,,,,,,,,,,
0543,IP, LGVTM36,CRUZ INFANTIL PALOMA PLATA,6 X 3.3,ARTESANIAS ,JORVINA ARTICULOS RELEGIOSOS ,YURECUARO ,33 2184 5609,MARIA ESTHER NAVA ,$16.38,$2.62,$19.00,50.00%, $ 9.50 ,, $ 3.05 , $ 0.49 , $ 3.24 , $ 6.78 ,9.61%,$35,,$4.87,$30,$14,,,,,,,,,,,,,,,,,,
0544,AGN, LGVTM37,CRUZ ANGEL GUARDA CON NIÑO,16.5 X 7 cms,ARTESANIAS ,JORVINA ARTICULOS RELEGIOSOS ,YURECUARO ,33 2184 5609,MARIA ESTHER NAVA ,$62.07,$9.93,$72.00,50.00%, $ 36.00 ,, $ 4.59 , $ 0.73 , $ 4.87 , $ 10.19 ,4.31%,$118,,$16.30,$102,$40,,,,,,,,,,,,,,,,,,
0545,AGD, LGVTM38,CRUZ ANGEL GUARDA DORADO,14 X 7 cms,ARTESANIAS ,JORVINA ARTICULOS RELEGIOSOS ,YURECUARO ,33 2184 5609,MARIA ESTHER NAVA ,$64.66,$10.34,$75.00,50.00%, $ 37.50 ,, $ 4.68 , $ 0.75 , $ 4.96 , $ 10.38 ,4.22%,$123,,$16.95,$106,$41,,,,,,,,,,,,,,,,,,
0546,MAG, LGVTM39,MEDALLON ANGEL GUARDA PEDESTAL,5.5 X 5.5 cms,ARTESANIAS ,JORVINA ARTICULOS RELEGIOSOS ,YURECUARO ,33 2184 5609,MARIA ESTHER NAVA ,$41.38,$6.62,$48.00,50.00%, $ 24.00 ,, $ 3.89 , $ 0.62 , $ 4.13 , $ 8.65 ,5.36%,$81,,$11.12,$70,$28,,,,,,,,,,,,,,,,,,
0547,MAGP, LGVTM40,MEDALLON ANGEL GUARDA PEDESTAL PLATA,5.5 X 5.5 cms,ARTESANIAS ,JORVINA ARTICULOS RELEGIOSOS ,YURECUARO ,33 2184 5609,MARIA ESTHER NAVA ,$38.79,$6.21,$45.00,50.00%, $ 22.50 ,, $ 3.81 , $ 0.61 , $ 4.04 , $ 8.45 ,5.56%,$76,,$10.48,$65,$27,,,,,,,,,,,,,,,,,,
0548,1MN, LGVTM41,CRUZ MADONA CON NIÑO,9.5 X 5.2 cms,ARTESANIAS ,JORVINA ARTICULOS RELEGIOSOS ,YURECUARO ,33 2184 5609,MARIA ESTHER NAVA ,$33.62,$5.38,$39.00,50.00%, $ 19.50 ,, $ 3.63 , $ 0.58 , $ 3.85 , $ 8.07 ,6.06%,$67,,$9.18,$57,$24,,,,,,,,,,,,,,,,,,
0549,2MN, LGVTM42,CRUZ MADONA CON NIÑO ESPECIAL,9.5 X 5.2 cms,ARTESANIAS ,JORVINA ARTICULOS RELEGIOSOS ,YURECUARO ,33 2184 5609,MARIA ESTHER NAVA ,$33.62,$5.38,$39.00,50.00%, $ 19.50 ,, $ 3.63 , $ 0.58 , $ 3.85 , $ 8.07 ,6.06%,$67,,$9.18,$57,$24,,,,,,,,,,,,,,,,,,
0550,AOMD, LGVTM43,ANGEL ORANDO MARCO DORADO C/PIED. SWAROV,8.5 X 6.5 cms,ARTESANIAS ,JORVINA ARTICULOS RELEGIOSOS ,YURECUARO ,33 2184 5609,MARIA ESTHER NAVA ,$78.45,$12.55,$91.00,50.00%, $ 45.50 ,, $ 5.14 , $ 0.82 , $ 5.45 , $ 11.41 ,3.86%,$148,,$20.40,$128,$49,,,,,,,,,,,,,,,,,,
0551,AOMP, LGVTM44,ANGEL ORANDO MARCO PLATA C/PIED. SWAROVS,8.5 X 6.5 cms,ARTESANIAS ,JORVINA ARTICULOS RELEGIOSOS ,YURECUARO ,33 2184 5609,MARIA ESTHER NAVA ,$68.97,$11.03,$80.00,50.00%, $ 40.00 ,, $ 4.82 , $ 0.77 , $ 5.11 , $ 10.70 ,4.09%,$131,,$18.03,$113,$44,,,,,,,,,,,,,,,,,,
0552,MAC-D, LGVTM45,MARCO ANGEL COLGANTE DORADO,12 X 11 cms,ARTESANIAS ,JORVINA ARTICULOS RELEGIOSOS ,YURECUARO ,33 2184 5609,MARIA ESTHER NAVA ,$93.10,$14.90,$108.00,50.00%, $ 54.00 ,, $ 5.63 , $ 0.90 , $ 5.97 , $ 12.50 ,3.58%,$175,,$24.07,$150,$57,,,,,,,,,,,,,,,,,,
0553,MAC-P, LGVTM46,MARCO ANGEL COLGANTE PLATA,12 X 11 cms,ARTESANIAS ,JORVINA ARTICULOS RELEGIOSOS ,YURECUARO ,33 2184 5609,MARIA ESTHER NAVA ,$86.21,$13.79,$100.00,50.00%, $ 50.00 ,, $ 5.40 , $ 0.86 , $ 5.73 , $ 11.99 ,3.70%,$162,,$22.34,$140,$53,,,,,,,,,,,,,,,,,,
0554,MCA-D, LGVTM47,MARCO CRUZ ANGEL COLGANTE DORADO,12 X 10.5cms,ARTESANIAS ,JORVINA ARTICULOS RELEGIOSOS ,YURECUARO ,33 2184 5609,MARIA ESTHER NAVA ,$93.10,$14.90,$108.00,50.00%, $ 54.00 ,, $ 5.63 , $ 0.90 , $ 5.97 , $ 12.50 ,3.58%,$175,,$24.07,$150,$57,,,,,,,,,,,,,,,,,,
0555,MCA-P, LGVTM48,MARCO CRUZ ANGEL COLGANTE PLATA B/MAD.,12 X10.5cms,ARTESANIAS ,JORVINA ARTICULOS RELEGIOSOS ,YURECUARO ,33 2184 5609,MARIA ESTHER NAVA ,$86.21,$13.79,$100.00,50.00%, $ 50.00 ,, $ 5.40 , $ 0.86 , $ 5.73 , $ 11.99 ,3.70%,$162,,$22.34,$140,$53,,,,,,,,,,,,,,,,,,
0556,ABP-D, LGVTM49,ANGEL BASE PALOMA ORO VIEJO,9 X 6 cms,ARTESANIAS ,JORVINA ARTICULOS RELEGIOSOS ,YURECUARO ,33 2184 5609,MARIA ESTHER NAVA ,$62.07,$9.93,$72.00,50.00%, $ 36.00 ,, $ 4.59 , $ 0.73 , $ 4.87 , $ 10.19 ,4.31%,$118,,$16.30,$102,$40,,,,,,,,,,,,,,,,,,
0557,ABP-P, LGVTM50,ANGEL BASE PALOMA PLATA VIEJA,9 X 6 cms,ARTESANIAS ,JORVINA ARTICULOS RELEGIOSOS ,YURECUARO ,33 2184 5609,MARIA ESTHER NAVA ,$56.90,$9.10,$66.00,50.00%, $ 33.00 ,, $ 4.41 , $ 0.71 , $ 4.68 , $ 9.80 ,4.50%,$109,,$15.01,$94,$37,,,,,,,,,,,,,,,,,,
0558,PIB-D, LGVTM51,PILA DE AGUA BENDITA C/ BASE MADERA EN DORADO,,ARTESANIAS ,JORVINA ARTICULOS RELEGIOSOS ,YURECUARO ,33 2184 5609,MARIA ESTHER NAVA ,$129.31,$20.69,$150.00,50.00%, $ 75.00 ,, $ 6.85 , $ 1.10 , $ 7.26 , $ 15.20 ,3.16%,$240,,$33.13,$207,$78,,,,,,,,,,,,,,,,,,
0559,PIR-P, LGVTM52,PILA DE AGUA BENDITA EN RETABLO PLATA,,ARTESANIAS ,JORVINA ARTICULOS RELEGIOSOS ,YURECUARO ,33 2184 5609,MARIA ESTHER NAVA ,$106.90,$17.10,$124.00,50.00%, $ 62.00 ,, $ 6.10 , $ 0.98 , $ 6.46 , $ 13.53 ,3.39%,$200,,$27.52,$172,$65,,,,,,,,,,,,,,,,,,
0560,AMBM-D, LGVTM53,ANGEL MARCO DORADO C/PEDESTAL B/MADERA,9 X 9 cms,ARTESANIAS ,JORVINA ARTICULOS RELEGIOSOS ,YURECUARO ,33 2184 5609,MARIA ESTHER NAVA ,$86.21,$13.79,$100.00,50.00%, $ 50.00 ,, $ 5.40 , $ 0.86 , $ 5.73 , $ 11.99 ,3.70%,$162,,$22.34,$140,$53,,,,,,,,,,,,,,,,,,
0561,AMBM, LGVTM54,ANGEL MARCO PLATA C/PEDESTAL B/MADERA,9 X 9 cms,ARTESANIAS ,JORVINA ARTICULOS RELEGIOSOS ,YURECUARO ,33 2184 5609,MARIA ESTHER NAVA ,$86.21,$13.79,$100.00,50.00%, $ 50.00 ,, $ 5.40 , $ 0.86 , $ 5.73 , $ 11.99 ,3.70%,$162,,$22.34,$140,$53,,,,,,,,,,,,,,,,,,
0562,MAPT-D, LGVTM55,MARCO ANGEL PUENTE ORO VIEJO,18.7 X 14.7cms,ARTESANIAS ,JORVINA ARTICULOS RELEGIOSOS ,YURECUARO ,33 2184 5609,MARIA ESTHER NAVA ,$181.90,$29.10,$211.00,50.00%, $ 105.50 ,, $ 8.62 , $ 1.38 , $ 9.13 , $ 19.13 ,2.85%,$336,,$46.29,$289,$107,,,,,,,,,,,,,,,,,,
0563,MAPT-P, LGVTM56,MARCO ANGEL PUENTE PLATA VIEJA,18.7 X 14.7cms,ARTESANIAS ,JORVINA ARTICULOS RELEGIOSOS ,YURECUARO ,33 2184 5609,MARIA ESTHER NAVA ,$172.41,$27.59,$200.00,50.00%, $ 100.00 ,, $ 8.30 , $ 1.33 , $ 8.79 , $ 18.42 ,2.89%,$318,,$43.92,$275,$102,,,,,,,,,,,,,,,,,,
0564,RAOMD, LGVTM57,RETABLO ANGEL ORANDO DORADO C/PIEDRA SWAR,12 X 9 cms,ARTESANIAS ,JORVINA ARTICULOS RELEGIOSOS ,YURECUARO ,33 2184 5609,MARIA ESTHER NAVA ,$107.76,$17.24,$125.00,50.00%, $ 62.50 ,, $ 6.13 , $ 0.98 , $ 6.49 , $ 13.60 ,3.38%,$201,,$27.74,$173,$66,,,,,,,,,,,,,,,,,,
0565,RAOMP, LGVTM58,RETABLO ANGEL ORANDO PLATA C/PIEDRA SWARO,12 X 9 cms,ARTESANIAS ,JORVINA ARTICULOS RELEGIOSOS ,YURECUARO ,33 2184 5609,MARIA ESTHER NAVA ,$96.55,$15.45,$112.00,50.00%, $ 56.00 ,, $ 5.75 , $ 0.92 , $ 6.09 , $ 12.76 ,3.53%,$181,,$24.93,$156,$59,,,,,,,,,,,,,,,,,,
0566,MNA, LGVTM59,MADONA CON NIÑO EN ARAGON,12 X 10 cms,ARTESANIAS ,JORVINA ARTICULOS RELEGIOSOS ,YURECUARO ,33 2184 5609,MARIA ESTHER NAVA ,$65.52,$10.48,$76.00,50.00%, $ 38.00 ,, $ 4.70 , $ 0.75 , $ 4.99 , $ 10.45 ,4.20%,$124,,$17.16,$107,$42,,,,,,,,,,,,,,,,,,
0567,MNR, LGVTM60,RETABLO MADONA CON NIÑO,11.5 X 8.5cms,ARTESANIAS ,JORVINA ARTICULOS RELEGIOSOS ,YURECUARO ,33 2184 5609,MARIA ESTHER NAVA ,$57.76,$9.24,$67.00,50.00%, $ 33.50 ,, $ 4.44 , $ 0.71 , $ 4.71 , $ 9.87 ,4.47%,$110,,$15.22,$95,$37,,,,,,,,,,,,,,,,,,
0568,1-RBA, LGVTM61,RETABLO BAUTIZO NIÑA CON P/SWAROVSKY,11.5 X 6.4cms,ARTESANIAS ,JORVINA ARTICULOS RELEGIOSOS ,YURECUARO ,33 2184 5609,MARIA ESTHER NAVA ,$55.17,$8.83,$64.00,50.00%, $ 32.00 ,, $ 4.36 , $ 0.70 , $ 4.62 , $ 9.67 ,4.58%,$106,,$14.58,$91,$36,,,,,,,,,,,,,,,,,,
0569,1-RBO, LGVTM62,RETABLO BAUTIZO NIÑO CON P/SWAROVSKY,11.5 X 6.4cms,ARTESANIAS ,JORVINA ARTICULOS RELEGIOSOS ,YURECUARO ,33 2184 5609,MARIA ESTHER NAVA ,$55.17,$8.83,$64.00,50.00%, $ 32.00 ,, $ 4.36 , $ 0.70 , $ 4.62 , $ 9.67 ,4.58%,$106,,$14.58,$91,$36,,,,,,,,,,,,,,,,,,
0570,, LGVTM63,1ra COMUNION ,,,,,,,,,,,,, $ 2.50 ,,,,,$0,,$0.00,$0,$0,,,,,,,,,,,,,,,,,,
0571,10 M, LGVTM64,RETABLO DE LOS 10 MANDAMIENTOS,23 X 12cms,ARTESANIAS ,JORVINA ARTICULOS RELEGIOSOS ,YURECUARO ,33 2184 5609,MARIA ESTHER NAVA ,$208.62,$33.38,$242.00,50.00%, $ 121.00 ,, $ 9.52 , $ 1.52 , $ 10.08 , $ 21.12 ,2.75%,$384,,$52.98,$331,$276,,,,,,,,,,,,,,,,,,
0572,15PC, LGVTM65,CRISTO NUM. 15 CRUZ MAD. PRIMERA COMUNION,25 X 13,ARTESANIAS ,JORVINA ARTICULOS RELEGIOSOS ,YURECUARO ,33 2184 5609,MARIA ESTHER NAVA ,$225.86,$36.14,$262.00,50.00%, $ 131.00 ,, $ 10.10 , $ 1.62 , $ 10.69 , $ 22.41 ,2.70%,$415,,$57.30,$358,$303,,,,,,,,,,,,,,,,,,
0573,CPC, LGVTM66,CRUZ 1era.COMUNION C/MEDALLON Y CRISTAL DOR.,25.5 X 13.5cms,ARTESANIAS ,JORVINA ARTICULOS RELEGIOSOS ,YURECUARO ,33 2184 5609,MARIA ESTHER NAVA ,$208.62,$33.38,$242.00,50.00%, $ 121.00 ,, $ 9.52 , $ 1.52 , $ 10.08 , $ 21.12 ,2.75%,$384,,$52.98,$331,$276,,,,,,,,,,,,,,,,,,
0574,CPC-P, LGVTM67,CRUZ 1era.COMUNION C/MEDALLON Y CRISTAL PLA.,25.5 X 13.5cms,ARTESANIAS ,JORVINA ARTICULOS RELEGIOSOS ,YURECUARO ,33 2184 5609,MARIA ESTHER NAVA ,$191.38,$30.62,$222.00,50.00%, $ 111.00 ,, $ 8.94 , $ 1.43 , $ 9.47 , $ 19.84 ,2.81%,$353,,$48.67,$304,$249,,,,,,,,,,,,,,,,,,
0575,15CAD, LGVTM68,CRUZ MADERA CON CALIZ DORADO,24 X 15cms,ARTESANIAS ,JORVINA ARTICULOS RELEGIOSOS ,YURECUARO ,33 2184 5609,MARIA ESTHER NAVA ,$116.38,$18.62,$135.00,50.00%, $ 67.50 ,, $ 6.42 , $ 1.03 , $ 6.80 , $ 14.24 ,3.29%,$217,,$29.90,$187,$132,,,,,,,,,,,,,,,,,,
0576,15CAP, LGVTM69,CRUZ MADERA CON CALIZ PLATA,24 X 15cms,ARTESANIAS ,JORVINA ARTICULOS RELEGIOSOS ,YURECUARO ,33 2184 5609,MARIA ESTHER NAVA ,$106.03,$16.97,$123.00,50.00%, $ 61.50 ,, $ 6.07 , $ 0.97 , $ 6.43 , $ 13.47 ,3.40%,$198,,$27.31,$171,$115,,,,,,,,,,,,,,,,,,
0577,C13M, LGVTM70,CRUZ CALIZ IMPERIAL CON MADRA,19.5 X 13 cms,ARTESANIAS ,JORVINA ARTICULOS RELEGIOSOS ,YURECUARO ,33 2184 5609,MARIA ESTHER NAVA ,$86.21,$13.79,$100.00,50.00%, $ 50.00 ,, $ 5.40 , $ 0.86 , $ 5.73 , $ 11.99 ,3.70%,$162,,$22.34,$140,$84,,,,,,,,,,,,,,,,,,
0578,CCM, LGVTM71,CRUZ CALIZ RESACADA EN MADERA C/BASE,12.5 x 7.5 cms,ARTESANIAS ,JORVINA ARTICULOS RELEGIOSOS ,YURECUARO ,33 2184 5609,MARIA ESTHER NAVA ,$55.17,$8.83,$64.00,50.00%, $ 32.00 ,, $ 4.36 , $ 0.70 , $ 4.62 , $ 9.67 ,4.58%,$106,,$14.58,$91,$36,,,,,,,,,,,,,,,,,,
0579,CCD-B, LGVTM72,CRUZ CALIZ DORADO C/ BASE MADERA,11 X 6.5 cms,ARTESANIAS ,JORVINA ARTICULOS RELEGIOSOS ,YURECUARO ,33 2184 5609,MARIA ESTHER NAVA ,$46.55,$7.45,$54.00,50.00%, $ 27.00 ,, $ 4.07 , $ 0.65 , $ 4.31 , $ 9.03 ,5.02%,$90,,$12.42,$78,$22,,,,,,,,,,,,,,,,,,
0580,CCP-B, LGVTM73,CRUZ CALIZ PLATA C/BASE MADERA,11 X 6.5 cms,ARTESANIAS ,JORVINA ARTICULOS RELEGIOSOS ,YURECUARO ,33 2184 5609,MARIA ESTHER NAVA ,$43.97,$7.03,$51.00,50.00%, $ 25.50 ,, $ 3.98 , $ 0.64 , $ 4.22 , $ 8.84 ,5.18%,$85,,$11.77,$74,$18,,,,,,,,,,,,,,,,,,
0581,1RPA, LGVTM74,RETABLO PALOMA DE NIÑA,11 X 6 cms,ARTESANIAS ,JORVINA ARTICULOS RELEGIOSOS ,YURECUARO ,33 2184 5609,MARIA ESTHER NAVA ,$49.14,$7.86,$57.00,50.00%, $ 28.50 ,, $ 4.15 , $ 0.66 , $ 4.41 , $ 9.22 ,4.87%,$95,,$13.07,$82,$26,,,,,,,,,,,,,,,,,,
0582,1RPO, LGVTM75,RETABLO PALOMA DE NIÑO,11 X 6 cms,ARTESANIAS ,JORVINA ARTICULOS RELEGIOSOS ,YURECUARO ,33 2184 5609,MARIA ESTHER NAVA ,$49.14,$7.86,$57.00,50.00%, $ 28.50 ,, $ 4.15 , $ 0.66 , $ 4.41 , $ 9.22 ,4.87%,$95,,$13.07,$82,$26,,,,,,,,,,,,,,,,,,
0583,PAA, LGVTM76,CRUZ PALOMITAS NIÑA DORADA,10.5 X 5.5 cms,ARTESANIAS ,JORVINA ARTICULOS RELEGIOSOS ,YURECUARO ,33 2184 5609,MARIA ESTHER NAVA ,$38.79,$6.21,$45.00,50.00%, $ 22.50 ,, $ 3.81 , $ 0.61 , $ 4.04 , $ 8.45 ,5.56%,$76,,$10.48,$65,$10,,,,,,,,,,,,,,,,,,
0584,PAO, LGVTM77,CRUZ PALOMITAS NIÑO DORADO,10.5 X 5.5 cms,ARTESANIAS ,JORVINA ARTICULOS RELEGIOSOS ,YURECUARO ,33 2184 5609,MARIA ESTHER NAVA ,$38.79,$6.21,$45.00,50.00%, $ 22.50 ,, $ 3.81 , $ 0.61 , $ 4.04 , $ 8.45 ,5.56%,$76,,$10.48,$65,$10,,,,,,,,,,,,,,,,,,
0585,1PCA, LGVTM78,CRUZ PRIMERA COMUNION NIÑA,10.5 X 5.5 cms,ARTESANIAS ,JORVINA ARTICULOS RELEGIOSOS ,YURECUARO ,33 2184 5609,MARIA ESTHER NAVA ,$31.03,$4.97,$36.00,65.00%, $ 23.40 ,, $ 3.54 , $ 0.57 , $ 3.87 , $ 7.98 ,5.92%,$67,,$9.29,$58,$3,,,,,,,,,,,,,,,,,,
0586,1PCO, LGVTM79,CRUZ PRIMERA COMUNION NIÑO,10.5 X 5.5 cms,ARTESANIAS ,JORVINA ARTICULOS RELEGIOSOS ,YURECUARO ,33 2184 5609,MARIA ESTHER NAVA ,$31.03,$4.97,$36.00,65.00%, $ 23.40 ,, $ 3.54 , $ 0.57 , $ 3.87 , $ 7.98 ,5.92%,$67,,$9.29,$58,$3,,,,,,,,,,,,,,,,,,
0587,CA, LGVTM80,CRUZ CALIZ DORADO,10.5 X 5.5 cms,ARTESANIAS ,JORVINA ARTICULOS RELEGIOSOS ,YURECUARO ,33 2184 5609,MARIA ESTHER NAVA ,$31.03,$4.97,$36.00,65.00%, $ 23.40 ,, $ 3.54 , $ 0.57 , $ 3.87 , $ 7.98 ,5.92%,$67,,$9.29,$58,$3,,,,,,,,,,,,,,,,,,
0588,2PCA, LGVTM81,CRUZ PRIMERA COMUNION NIÑA ESPECIAL,9.5 X 5.2 cms,ARTESANIAS ,JORVINA ARTICULOS RELEGIOSOS ,YURECUARO ,33 2184 5609,MARIA ESTHER NAVA ,$34.48,$5.52,$40.00,50.00%, $ 20.00 ,, $ 3.66 , $ 0.59 , $ 3.88 , $ 8.13 ,5.97%,$68,,$9.40,$59,$4,,,,,,,,,,,,,,,,,,
0589,2PCO, LGVTM82,CRUZ PRIMERA COMUNION NIÑO ESPECIAL,9.5 X 5.2 cms,ARTESANIAS ,JORVINA ARTICULOS RELEGIOSOS ,YURECUARO ,33 2184 5609,MARIA ESTHER NAVA ,$34.48,$5.52,$40.00,50.00%, $ 20.00 ,, $ 3.66 , $ 0.59 , $ 3.88 , $ 8.13 ,5.97%,$68,,$9.40,$59,$4,,,,,,,,,,,,,,,,,,
0590,MO, LGVTM83,CRUZ MANOS ORANDO,10.5 X 5.5 cms,ARTESANIAS ,JORVINA ARTICULOS RELEGIOSOS ,YURECUARO ,33 2184 5609,MARIA ESTHER NAVA ,$33.62,$5.38,$39.00,50.00%, $ 19.50 ,, $ 3.63 , $ 0.58 , $ 3.85 , $ 8.07 ,6.06%,$67,,$9.18,$57,$2,,,,,,,,,,,,,,,,,,
0591,RJ, LGVTM84,CRUZ ROSTRO DE JESUS,10.5 X 5.5 cms,ARTESANIAS ,JORVINA ARTICULOS RELEGIOSOS ,YURECUARO ,33 2184 5609,MARIA ESTHER NAVA ,$33.62,$5.38,$39.00,50.00%, $ 19.50 ,, $ 3.63 , $ 0.58 , $ 3.85 , $ 8.07 ,6.06%,$67,,$9.18,$57,$2,,,,,,,,,,,,,,,,,,
0592,MCAD, LGVTM85,MEDALLON CALIZ DORADO,5.3 X 5.5 cms,ARTESANIAS ,JORVINA ARTICULOS RELEGIOSOS ,YURECUARO ,33 2184 5609,MARIA ESTHER NAVA ,$38.79,$6.21,$45.00,50.00%, $ 22.50 ,, $ 3.81 , $ 0.61 , $ 4.04 , $ 8.45 ,5.56%,$76,,$10.48,$65,$10,,,,,,,,,,,,,,,,,,
0593,MCAP, LGVTM86,MEDALLON CALIZ PLATA,5.3 X 5.5 cms,ARTESANIAS ,JORVINA ARTICULOS RELEGIOSOS ,YURECUARO ,33 2184 5609,MARIA ESTHER NAVA ,$35.34,$5.66,$41.00,50.00%, $ 20.50 ,, $ 3.69 , $ 0.59 , $ 3.92 , $ 8.19 ,5.88%,$70,,$9.61,$60,$5,,,,,,,,,,,,,,,,,,
0594,, LGVTM87,MATRIMONIO ,,,0,0,0,0,0,$0.00,$0.00,,0.00%, $ -   , $ 2.50 , $ -   , $ -   , $ -   , $ -   ,0.00%,$0,,$0.00,$0,,,,,,,,,,,,,,,,,,
0595,25SCD, LGVTM88,CRUZ SOLERA CORAZONES DORADO,51 X 27.5 cms,ARTESANIAS ,JORVINA ARTICULOS RELEGIOSOS ,YURECUARO ,33 2184 5609,MARIA ESTHER NAVA ,$431.90,$69.10,$501,50.00%, $ 250.50 ,, $ 17.03 , $ 2.72 , $ 18.03 , $ 37.78 ,2.39%,$789,,$108.87,$680,$625,,,,,,,,,,,,,,,,,,
0596,25SCP, LGVTM89,CRUZ SOLERA CORAZONES PLATA,51 X 27.5 cms,ARTESANIAS ,JORVINA ARTICULOS RELEGIOSOS ,YURECUARO ,33 2184 5609,MARIA ESTHER NAVA ,$417.24,$66.76,$484,50.00%, $ 242.00 ,, $ 16.54 , $ 2.65 , $ 17.50 , $ 36.69 ,2.41%,$763,,$105.20,$657,$602,,,,,,,,,,,,,,,,,,
0597,25CO-D, LGVTM90,CRUZ MADERA CORAZON DORADO,50.4 X 26.4cms,ARTESANIAS ,JORVINA ARTICULOS RELEGIOSOS ,YURECUARO ,33 2184 5609,MARIA ESTHER NAVA ,$431.90,$69.10,$501,50.00%, $ 250.50 ,, $ 17.03 , $ 2.72 , $ 18.03 , $ 37.78 ,2.39%,$789,,$108.87,$680,$625,,,,,,,,,,,,,,,,,,
0598,25CO-P, LGVTM91,CRUZ MADERA CORAZON PLATA,50.4 X 26.4cms,ARTESANIAS ,JORVINA ARTICULOS RELEGIOSOS ,YURECUARO ,33 2184 5609,MARIA ESTHER NAVA ,$410.34,$65.66,$476,50.00%, $ 238.00 ,, $ 16.30 , $ 2.61 , $ 17.26 , $ 36.17 ,2.41%,$750,,$103.47,$647,$592,,,,,,,,,,,,,,,,,,
0599,CSCD, LGVTM92,CRUZ SOLERA CORAZONES DORADA S/CUERPO,40 X 27.5 cms,ARTESANIAS ,JORVINA ARTICULOS RELEGIOSOS ,YURECUARO ,33 2184 5609,MARIA ESTHER NAVA ,$343.97,$55.03,$399,50.00%, $ 199.50 ,, $ 14.07 , $ 2.25 , $ 14.90 , $ 31.22 ,2.48%,$630,,$86.86,$543,$488,,,,,,,,,,,,,,,,,,
0600,CSCP, LGVTM93,CRUZ SOLERA CORAZONES PLATA S/CUERPO,40 X 27.5 cms,ARTESANIAS ,JORVINA ARTICULOS RELEGIOSOS ,YURECUARO ,33 2184 5609,MARIA ESTHER NAVA ,$331.03,$52.97,$384,50.00%, $ 192.00 ,, $ 13.64 , $ 2.18 , $ 14.44 , $ 30.25 ,2.50%,$606,,$83.62,$523,$467,,,,,,,,,,,,,,,,,,
0601,CMM, LGVTM94,CRUZ MATRIMONIO MINI COMBINADA C/PIEDRA SW,12.5 X 6 cms,ARTESANIAS ,JORVINA ARTICULOS RELEGIOSOS ,YURECUARO ,33 2184 5609,MARIA ESTHER NAVA ,$57.76,$9.24,$67,50.00%, $ 33.50 ,, $ 4.44 , $ 0.71 , $ 4.71 , $ 9.87 ,4.47%,$110,,$15.22,$95,$40,,,,,,,,,,,,,,,,,,
0602,CMN-D, LGVTM95,CRUZ MATRIMONIO SOLERA GRABADA DORADA,40 X 23 cms,ARTESANIAS ,JORVINA ARTICULOS RELEGIOSOS ,YURECUARO ,33 2184 5609,MARIA ESTHER NAVA ,$382.76,$61.24,$444,50.00%, $ 222.00 ,, $ 15.38 , $ 2.46 , $ 16.28 , $ 34.11 ,2.44%,$700,,$96.57,$604,$548,,,,,,,,,,,,,,,,,,
0603,CMN-P, LGVTM96,CRUZ MATRIMONIO SOLERA GRABADA PLATA,40 X 23 cms,ARTESANIAS ,JORVINA ARTICULOS RELEGIOSOS ,YURECUARO ,33 2184 5609,MARIA ESTHER NAVA ,$382.76,$61.24,$444,50.00%, $ 222.00 ,, $ 15.38 , $ 2.46 , $ 16.28 , $ 34.11 ,2.44%,$700,,$96.57,$604,$548,,,,,,,,,,,,,,,,,,
0604,CMDP, LGVTM97,CRUZ MATRIMONIO DORADA C/PIEDRA SWAROVSK,40 X 22.5cms,ARTESANIAS ,JORVINA ARTICULOS RELEGIOSOS ,YURECUARO ,33 2184 5609,MARIA ESTHER NAVA ,$512.93,$82.07,$595,50.00%, $ 297.50 ,, $ 19.76 , $ 3.16 , $ 20.91 , $ 43.82 ,2.34%,$936,,$129.15,$807,$752,,,,,,,,,,,,,,,,,,
0605,CMD, LGVTM98,CRUZ MATRIMONIO DORADA,40 X 22.5cms,ARTESANIAS ,JORVINA ARTICULOS RELEGIOSOS ,YURECUARO ,33 2184 5609,MARIA ESTHER NAVA ,$483.62,$77.38,$561,50.00%, $ 280.50 ,, $ 18.77 , $ 3.00 , $ 19.87 , $ 41.64 ,2.36%,$883,,$121.81,$761,$706,,,,,,,,,,,,,,,,,,
0606,CMPP, LGVTM99,CRUZ MATRIMONIO PLATA C/PIEDRA SWAROVSKI,40 X 22.5cms,ARTESANIAS ,JORVINA ARTICULOS RELEGIOSOS ,YURECUARO ,33 2184 5609,MARIA ESTHER NAVA ,$511.21,$81.79,$593,50.00%, $ 296.50 ,, $ 19.70 , $ 3.15 , $ 20.85 , $ 43.70 ,2.34%,$933,,$128.72,$804,$749,,,,,,,,,,,,,,,,,,
0607,CMP, LGVTM100,CRUZ MATRIMONIO PLATA,40 X 22.5cms,ARTESANIAS ,JORVINA ARTICULOS RELEGIOSOS ,YURECUARO ,33 2184 5609,MARIA ESTHER NAVA ,$483.62,$77.38,$561,50.00%, $ 280.50 ,, $ 18.77 , $ 3.00 , $ 19.87 , $ 41.64 ,2.36%,$883,,$121.81,$761,$706,,,,,,,,,,,,,,,,,,
0608,CMDP-CH, LGVTM101,CRUZ MATRIMONIO DORADO C/PIED.SWAROSV CHO,40 X 22.5cms,ARTESANIAS ,JORVINA ARTICULOS RELEGIOSOS ,YURECUARO ,33 2184 5609,MARIA ESTHER NAVA ,$512.93,$82.07,$595,50.00%, $ 297.50 ,, $ 19.76 , $ 3.16 , $ 20.91 , $ 43.82 ,2.34%,$936,,$129.15,$807,$752,,,,,,,,,,,,,,,,,,
0609,CMD-CH, LGVTM102,CRUZ MATRIMONIO DORADA EN CHOCOLATE,40 X 22.5cms,ARTESANIAS ,JORVINA ARTICULOS RELEGIOSOS ,YURECUARO ,33 2184 5609,MARIA ESTHER NAVA ,$483.62,$77.38,$561,50.00%, $ 280.50 ,, $ 18.77 , $ 3.00 , $ 19.87 , $ 41.64 ,2.36%,$883,,$121.81,$761,$706,,,,,,,,,,,,,,,,,,
0610,CMPP-CH, LGVTM103,CRUZ MATRIMONIO PLATA C/PIED. SWAROS.CHOCO,40 X 22.5cms,ARTESANIAS ,JORVINA ARTICULOS RELEGIOSOS ,YURECUARO ,33 2184 5609,MARIA ESTHER NAVA ,$512.93,$82.07,$595,50.00%, $ 297.50 ,, $ 19.76 , $ 3.16 , $ 20.91 , $ 43.82 ,2.34%,$936,,$129.15,$807,$752,,,,,,,,,,,,,,,,,,
0611,CMP-CH, LGVTM104,CRUZ MATRIMONIO PLATA CHOCOLATE,40 X 22.5cms,ARTESANIAS ,JORVINA ARTICULOS RELEGIOSOS ,YURECUARO ,33 2184 5609,MARIA ESTHER NAVA ,$483.62,$77.38,$561,50.00%, $ 280.50 ,, $ 18.77 , $ 3.00 , $ 19.87 , $ 41.64 ,2.36%,$883,,$121.81,$761,$706,,,,,,,,,,,,,,,,,,
0612,CTM-D, LGVTM105,CRUZ TEXTO AMOR P/MATR. DORADA C/MADERA,29.5 X 20.5cms,ARTESANIAS ,JORVINA ARTICULOS RELEGIOSOS ,YURECUARO ,33 2184 5609,MARIA ESTHER NAVA ,$348.28,$55.72,$404,50.00%, $ 202.00 ,, $ 14.22 , $ 2.27 , $ 15.05 , $ 31.54 ,2.47%,$638,,$87.94,$550,$494,,,,,,,,,,,,,,,,,,
0613,CTM, LGVTM106,CRUZ TEXTO AMOR P/MATR. PLATA C/MADERA,29.5 X 20.5cms,ARTESANIAS ,JORVINA ARTICULOS RELEGIOSOS ,YURECUARO ,33 2184 5609,MARIA ESTHER NAVA ,$331.03,$52.97,$384,50.00%, $ 192.00 ,, $ 13.64 , $ 2.18 , $ 14.44 , $ 30.25 ,2.50%,$606,,$83.62,$523,$467,,,,,,,,,,,,,,,,,,
0614,CMCB, LGVTM107,CRUZ MATRIMONIO CORAZON C/PIEDRA SWA B/M,22.3 X 15 cms,ARTESANIAS ,JORVINA ARTICULOS RELEGIOSOS ,YURECUARO ,33 2184 5609,MARIA ESTHER NAVA ,$162.93,$26.07,$189,50.00%, $ 94.50 ,, $ 7.98 , $ 1.28 , $ 8.46 , $ 17.71 ,2.94%,$301,,$41.55,$260,$204,,,,,,,,,,,,,,,,,,
0615,CMCM, LGVTM108,CRUZ MATRIMONIO CORAZON C/PIEDRA SWAR MAD,20.5 X 15 cms,ARTESANIAS ,JORVINA ARTICULOS RELEGIOSOS ,YURECUARO ,33 2184 5609,MARIA ESTHER NAVA ,$116.38,$18.62,$135,50.00%, $ 67.50 ,, $ 6.42 , $ 1.03 , $ 6.80 , $ 14.24 ,3.29%,$217,,$29.90,$187,$132,,,,,,,,,,,,,,,,,,
0616,CBB-D, LGVTM109,CRUZ BODA DORADA C/BASE MADERA,13.5 X 7.5cms,ARTESANIAS ,JORVINA ARTICULOS RELEGIOSOS ,YURECUARO ,33 2184 5609,MARIA ESTHER NAVA ,$101.72,$16.28,$118,50.00%, $ 59.00 ,, $ 5.92 , $ 0.95 , $ 6.28 , $ 13.15 ,3.46%,$190,,$26.23,$164,$109,,,,,,,,,,,,,,,,,,
0617,CBB-P, LGVTM110,CRUZ BODA PLATA C/BASE MADERA,13.5 X 7.5cms,ARTESANIAS ,JORVINA ARTICULOS RELEGIOSOS ,YURECUARO ,33 2184 5609,MARIA ESTHER NAVA ,$96.55,$15.45,$112,50.00%, $ 56.00 ,, $ 5.75 , $ 0.92 , $ 6.09 , $ 12.76 ,3.53%,$181,,$24.93,$156,$101,,,,,,,,,,,,,,,,,,
0618,CB-D, LGVTM111,CRUZ BODA DORADA C/BASE,12 X 7.5 cms,ARTESANIAS ,JORVINA ARTICULOS RELEGIOSOS ,YURECUARO ,33 2184 5609,MARIA ESTHER NAVA ,$87.07,$13.93,$101,50.00%, $ 50.50 ,, $ 5.43 , $ 0.87 , $ 5.76 , $ 12.05 ,3.68%,$164,,$22.56,$141,$86,,,,,,,,,,,,,,,,,,
0619,CB-P, LGVTM112,CRUZ BODA PLATA C/BASE,12 X 7.5 cms,ARTESANIAS ,JORVINA ARTICULOS RELEGIOSOS ,YURECUARO ,33 2184 5609,MARIA ESTHER NAVA ,$83.62,$13.38,$97,50.00%, $ 48.50 ,, $ 5.31 , $ 0.85 , $ 5.63 , $ 11.80 ,3.75%,$157,,$21.70,$136,$80,,,,,,,,,,,,,,,,,,
0620,CMADM, LGVTM113,CRUZ MATRI. CON AROS DORADA EN MADERA,,ARTESANIAS ,JORVINA ARTICULOS RELEGIOSOS ,YURECUARO ,33 2184 5609,MARIA ESTHER NAVA ,$364.66,$58.34,$423,50.00%, $ 211.50 ,, $ 14.77 , $ 2.36 , $ 15.63 , $ 32.76 ,2.45%,$667,,$92.04,$575,$520,,,,,,,,,,,,,,,,,,
0621,CMAP-B, LGVTM114,CRUZ MATRIMONIO ALUMINO CON BASE,,ARTESANIAS ,JORVINA ARTICULOS RELEGIOSOS ,YURECUARO ,33 2184 5609,MARIA ESTHER NAVA ,$273.28,$43.72,$317,50.00%, $ 158.50 ,, $ 11.69 , $ 1.87 , $ 12.38 , $ 25.95 ,2.59%,$501,,$69.16,$432,$377,,,,,,,,,,,,,,,,,,
0622,CMRD, LGVTM115,CRUZ MATRI. AROS DE ROSAS GRANDE DORADA,,ARTESANIAS ,JORVINA ARTICULOS RELEGIOSOS ,YURECUARO ,33 2184 5609,MARIA ESTHER NAVA ,$364.66,$58.34,$423,50.00%, $ 211.50 ,, $ 14.77 , $ 2.36 , $ 15.63 , $ 32.76 ,2.45%,$667,,$92.04,$575,$520,,,,,,,,,,,,,,,,,,
0623,CMRP-D, LGVTM116,CRUZ MATRI. ROSAS CHICAS DORADA,,ARTESANIAS ,JORVINA ARTICULOS RELEGIOSOS ,YURECUARO ,33 2184 5609,MARIA ESTHER NAVA ,$364.66,$58.34,$423,50.00%, $ 211.50 ,, $ 14.77 , $ 2.36 , $ 15.63 , $ 32.76 ,2.45%,$667,,$92.04,$575,$520,,,,,,,,,,,,,,,,,,
0624,CMCD, LGVTM117,CRUZ MATRI. CADENA DORADO,,ARTESANIAS ,JORVINA ARTICULOS RELEGIOSOS ,YURECUARO ,33 2184 5609,MARIA ESTHER NAVA ,$325.86,$52.14,$378,50.00%, $ 189.00 ,, $ 13.46 , $ 2.15 , $ 14.25 , $ 29.87 ,2.50%,$597,,$82.33,$515,$459,,,,,,,,,,,,,,,,,,
0625,CMCP, LGVTM118,CRUZ MATRIMONIO CADENA PLTARA,,ARTESANIAS ,JORVINA ARTICULOS RELEGIOSOS ,YURECUARO ,33 2184 5609,MARIA ESTHER NAVA ,$305.17,$48.83,$354,50.00%, $ 177.00 ,, $ 12.77 , $ 2.04 , $ 13.52 , $ 28.32 ,2.53%,$559,,$77.15,$482,$427,,,,,,,,,,,,,,,,,,
0626,CBT-P, LGVTM119,CRUZ BODA TORTOLAS PLATA,,ARTESANIAS ,JORVINA ARTICULOS RELEGIOSOS ,YURECUARO ,33 2184 5609,MARIA ESTHER NAVA ,$363.79,$58.21,$422,50.00%, $ 211.00 ,, $ 14.74 , $ 2.36 , $ 15.60 , $ 32.70 ,2.46%,$666,,$91.82,$574,$519,,,,,,,,,,,,,,,,,,
0627,CBT-D, LGVTM120,CRUZ BODA TORTOLAS DORADA,,ARTESANIAS ,JORVINA ARTICULOS RELEGIOSOS ,YURECUARO ,33 2184 5609,MARIA ESTHER NAVA ,$378.45,$60.55,$439,50.00%, $ 219.50 ,, $ 15.23 , $ 2.44 , $ 16.12 , $ 33.79 ,2.44%,$692,,$95.49,$597,$542,,,,,,,,,,,,,,,,,,
0628,, LGVTM121,ESTUCHES ,,0,0,0,0,0,$0.00,$0.00,,0.00%, $ -   ,, $ 2.50 , $ -   , $ -   , $ -   ,0.00%,$0,,$0.00,$0,$0,,,,,,,,,,,,,,,,,,
0629,E01-D, LGVTM122,ESTUCHE CORAZON DORADO,7.5 X 8 cms,ARTESANIAS ,JORVINA ARTICULOS RELEGIOSOS ,YURECUARO ,33 2184 5609,MARIA ESTHER NAVA ,$104.31,$16.69,$121,50.00%, $ 60.50 ,, $ 6.01 , $ 0.96 , $ 6.37 , $ 13.34 ,3.42%,$195,,$26.87,$168,$113,,,,,,,,,,,,,,,,,,
0630,E01-P, LGVTM123,ESTUCHE CORAZON PLATA,7.5 X 8 cms,ARTESANIAS ,JORVINA ARTICULOS RELEGIOSOS ,YURECUARO ,33 2184 5609,MARIA ESTHER NAVA ,$97.41,$15.59,$113,50.00%, $ 56.50 ,, $ 5.78 , $ 0.92 , $ 6.12 , $ 12.83 ,3.52%,$182,,$25.15,$157,$102,,,,,,,,,,,,,,,,,,
0631,E02-D, LGVTM124,ESTUCHE CRUZ PARA BODA DORADA,10 X 8 cms,ARTESANIAS ,JORVINA ARTICULOS RELEGIOSOS ,YURECUARO ,33 2184 5609,MARIA ESTHER NAVA ,$104.31,$16.69,$121,50.00%, $ 60.50 ,, $ 6.01 , $ 0.96 , $ 6.37 , $ 13.34 ,3.42%,$195,,$26.87,$168,$113,,,,,,,,,,,,,,,,,,
0632,E02-P, LGVTM125,ESTUCHE CRUZ PARA BODA PLATA,10 X 8 cms,ARTESANIAS ,JORVINA ARTICULOS RELEGIOSOS ,YURECUARO ,33 2184 5609,MARIA ESTHER NAVA ,$97.41,$15.59,$113,50.00%, $ 56.50 ,, $ 5.78 , $ 0.92 , $ 6.12 , $ 12.83 ,3.52%,$182,,$25.15,$157,$102,,,,,,,,,,,,,,,,,,
0633,E03-D, LGVTM126,ESTUCHE FLOR DE LIZ DORADO,9.5 X 8 cms,ARTESANIAS ,JORVINA ARTICULOS RELEGIOSOS ,YURECUARO ,33 2184 5609,MARIA ESTHER NAVA ,$104.31,$16.69,$121,50.00%, $ 60.50 ,, $ 6.01 , $ 0.96 , $ 6.37 , $ 13.34 ,3.42%,$195,,$26.87,$168,$113,,,,,,,,,,,,,,,,,,
0634,E03-P, LGVTM127,ESTUCHE FLOR DE LIZ PLATA,9.5 X 8 cms,ARTESANIAS ,JORVINA ARTICULOS RELEGIOSOS ,YURECUARO ,33 2184 5609,MARIA ESTHER NAVA ,$97.41,$15.59,$113,50.00%, $ 56.50 ,, $ 5.78 , $ 0.92 , $ 6.12 , $ 12.83 ,3.52%,$182,,$25.15,$157,$102,,,,,,,,,,,,,,,,,,
0635,E04-D, LGVTM128,ESTUCHE ANGEL DORADO,8 X 6 cms,ARTESANIAS ,JORVINA ARTICULOS RELEGIOSOS ,YURECUARO ,33 2184 5609,MARIA ESTHER NAVA ,$78.45,$12.55,$91,50.00%, $ 45.50 ,, $ 5.14 , $ 0.82 , $ 5.45 , $ 11.41 ,3.86%,$148,,$20.40,$128,$72,,,,,,,,,,,,,,,,,,
0636,E04-P, LGVTM129,ESTUCHE ANGEL PLATA,8 X 6 cms,ARTESANIAS ,JORVINA ARTICULOS RELEGIOSOS ,YURECUARO ,33 2184 5609,MARIA ESTHER NAVA ,$73.28,$11.72,$85,50.00%, $ 42.50 ,, $ 4.97 , $ 0.79 , $ 5.27 , $ 11.02 ,3.98%,$139,,$19.11,$119,$64,,,,,,,,,,,,,,,,,,
0637,E05-D, LGVTM130,ESTUCHE CORAZONES DORADOS,6 X 6 cms,ARTESANIAS ,JORVINA ARTICULOS RELEGIOSOS ,YURECUARO ,33 2184 5609,MARIA ESTHER NAVA ,$78.45,$12.55,$91,50.00%, $ 45.50 ,, $ 5.14 , $ 0.82 , $ 5.45 , $ 11.41 ,3.86%,$148,,$20.40,$128,$72,,,,,,,,,,,,,,,,,,
0638,E05-P, LGVTM131,ESTUCHE CORAZONES PLATA,6 X 6 cms,ARTESANIAS ,JORVINA ARTICULOS RELEGIOSOS ,YURECUARO ,33 2184 5609,MARIA ESTHER NAVA ,$73.28,$11.72,$85,50.00%, $ 42.50 ,, $ 4.97 , $ 0.79 , $ 5.27 , $ 11.02 ,3.98%,$139,,$19.11,$119,$64,,,,,,,,,,,,,,,,,,
0639,E06-P, LGVTM132,ESTUCHE QUERUBIN PLATA,,ARTESANIAS ,JORVINA ARTICULOS RELEGIOSOS ,YURECUARO ,33 2184 5609,MARIA ESTHER NAVA ,$64.66,$10.34,$75,50.00%, $ 37.50 ,, $ 4.68 , $ 0.75 , $ 4.96 , $ 10.38 ,4.22%,$123,,$16.95,$106,$51,,,,,,,,,,,,,,,,,,
0640,E06-D, LGVTM133,ESTUCHE QUERUBIN DORADO,,ARTESANIAS ,JORVINA ARTICULOS RELEGIOSOS ,YURECUARO ,33 2184 5609,MARIA ESTHER NAVA ,$68.97,$11.03,$80,50.00%, $ 40.00 ,, $ 4.82 , $ 0.77 , $ 5.11 , $ 10.70 ,4.09%,$131,,$18.03,$113,$58,,,,,,,,,,,,,,,,,,
0641,E07-P, LGVTM134,ESTUCHE BEBE DURMIENDO PLATA,,ARTESANIAS ,JORVINA ARTICULOS RELEGIOSOS ,YURECUARO ,33 2184 5609,MARIA ESTHER NAVA ,$64.66,$10.34,$75,50.00%, $ 37.50 ,, $ 4.68 , $ 0.75 , $ 4.96 , $ 10.38 ,4.22%,$123,,$16.95,$106,$51,,,,,,,,,,,,,,,,,,
0642,E07-D, LGVTM135,ESTUCHE BEBE DURMIENDO DORADO,,ARTESANIAS ,JORVINA ARTICULOS RELEGIOSOS ,YURECUARO ,33 2184 5609,MARIA ESTHER NAVA ,$68.97,$11.03,$80,50.00%, $ 40.00 ,, $ 4.82 , $ 0.77 , $ 5.11 , $ 10.70 ,4.09%,$131,,$18.03,$113,$58,,,,,,,,,,,,,,,,,,
0643,E08-P, LGVTM136,ESTUCHE ANGEL GUARDA PLATA,,ARTESANIAS ,JORVINA ARTICULOS RELEGIOSOS ,YURECUARO ,33 2184 5609,MARIA ESTHER NAVA ,$64.66,$10.34,$75,50.00%, $ 37.50 ,, $ 4.68 , $ 0.75 , $ 4.96 , $ 10.38 ,4.22%,$123,,$16.95,$106,$51,,,,,,,,,,,,,,,,,,
0644,E08-D, LGVTM137,ESTUCHE ANGEL GUARDA DORADO,,ARTESANIAS ,JORVINA ARTICULOS RELEGIOSOS ,YURECUARO ,33 2184 5609,MARIA ESTHER NAVA ,$68.97,$11.03,$80,50.00%, $ 40.00 ,, $ 4.82 , $ 0.77 , $ 5.11 , $ 10.70 ,4.09%,$131,,$18.03,$113,$58,,,,,,,,,,,,,,,,,,
0645,E09-P, LGVTM138,ESTUCHE MARIPOSA PLATA,,ARTESANIAS ,JORVINA ARTICULOS RELEGIOSOS ,YURECUARO ,33 2184 5609,MARIA ESTHER NAVA ,$97.41,$15.59,$113,50.00%, $ 56.50 ,, $ 5.78 , $ 0.92 , $ 6.12 , $ 12.83 ,3.52%,$182,,$25.15,$157,$102,,,,,,,,,,,,,,,,,,
0646,E09-D, LGVTM139,ESTUCHE MARIPOSA DORADA,,,,,,,$104.31,$16.69,$121,50.00%, $ 60.50 ,, $ 6.01 , $ 0.96 , $ 6.37 , $ 13.34 ,3.42%,$195,,$26.87,$168,$113,,,,,,,,,,,,,,,,,,
0647,, LGVTM140,PORTA NOTAS ,,,,,,,$0.00,$0.00,,,,, $ 2.50 , $ -   , $ -   , $ -   ,0.00%,$0,0,$0.00,$0,$0,,,,,,,,,,,,,,,,,,
0648,P01-D, LGVTM141,PORTANOTAS CORAZON 1 DORADO B/MADERA,22 X 8 cms,ARTESANIAS ,JORVINA ARTICULOS RELEGIOSOS ,YURECUARO ,33 2184 5609,MARIA ESTHER NAVA ,$82.76,$13.24,$96,50.00%, $ 48.00 ,, $ 5.28 , $ 0.85 , $ 5.60 , $ 11.73 ,3.77%,$156,,$21.48,$134,$79,,,,,,,,,,,,,,,,,,
0649,P01-P, LGVTM142,PORTANOTAS CORAZON 1 PLATA  B/MADERA,22 X 8 cms,ARTESANIAS ,JORVINA ARTICULOS RELEGIOSOS ,YURECUARO ,33 2184 5609,MARIA ESTHER NAVA ,$75.00,$12.00,$87,50.00%, $ 43.50 ,, $ 5.02 , $ 0.80 , $ 5.33 , $ 11.15 ,3.94%,$142,,$19.54,$122,$67,,,,,,,,,,,,,,,,,,
0650,P02-D, LGVTM143,PORTA NOTAS CORAZON 2 DORADO B/MADERA,20 X 8 cms,ARTESANIAS ,JORVINA ARTICULOS RELEGIOSOS ,YURECUARO ,33 2184 5609,MARIA ESTHER NAVA ,$82.76,$13.24,$96,50.00%, $ 48.00 ,, $ 5.28 , $ 0.85 , $ 5.60 , $ 11.73 ,3.77%,$156,,$21.48,$134,$79,,,,,,,,,,,,,,,,,,
0651,P02-P, LGVTM144,PORTA NOTAS CORAZON 2 PLATA B/MADERA,20 X 8 cms,ARTESANIAS ,JORVINA ARTICULOS RELEGIOSOS ,YURECUARO ,33 2184 5609,MARIA ESTHER NAVA ,$75.00,$12.00,$87,50.00%, $ 43.50 ,, $ 5.02 , $ 0.80 , $ 5.33 , $ 11.15 ,3.94%,$142,,$19.54,$122,$67,,,,,,,,,,,,,,,,,,
0652,P03-D, LGVTM145,PORTA NOTAS ADA DORADA B/MADERA,17.5 X 8 cms,ARTESANIAS ,JORVINA ARTICULOS RELEGIOSOS ,YURECUARO ,33 2184 5609,MARIA ESTHER NAVA ,$82.76,$13.24,$96,50.00%, $ 48.00 ,, $ 5.28 , $ 0.85 , $ 5.60 , $ 11.73 ,3.77%,$156,,$21.48,$134,$79,,,,,,,,,,,,,,,,,,
0653,P03-P, LGVTM146,PORTA NOTAS ADA PLATA B/MADERA,17.5 X 8 cms,ARTESANIAS ,JORVINA ARTICULOS RELEGIOSOS ,YURECUARO ,33 2184 5609,MARIA ESTHER NAVA ,$75.00,$12.00,$87,50.00%, $ 43.50 ,, $ 5.02 , $ 0.80 , $ 5.33 , $ 11.15 ,3.94%,$142,,$19.54,$122,$67,,,,,,,,,,,,,,,,,,
0654,P04-D, LGVTM147,PORTA NOTAS VIRGEN DE GPE. DORADA B/MADERA,17.5 X 8 cms,ARTESANIAS ,JORVINA ARTICULOS RELEGIOSOS ,YURECUARO ,33 2184 5609,MARIA ESTHER NAVA ,$75.00,$12.00,$87,50.00%, $ 43.50 ,, $ 5.02 , $ 0.80 , $ 5.33 , $ 11.15 ,3.94%,$142,,$19.54,$122,$67,,,,,,,,,,,,,,,,,,
0655,P04-P, LGVTM148,PORTA NOTAS VIRGEN DE GPE. PLATA B/MADERA,17.5 X 8 cms,ARTESANIAS ,JORVINA ARTICULOS RELEGIOSOS ,YURECUARO ,33 2184 5609,MARIA ESTHER NAVA ,$67.24,$10.76,$78,50.00%, $ 39.00 ,, $ 4.76 , $ 0.76 , $ 5.05 , $ 10.57 ,4.14%,$128,,$17.60,$110,$55,,,,,,,,,,,,,,,,,,
0656,P05-D, LGVTM149,PORTA NOTA MEDALLA S/BENITO DORADA B/MAD.,17.5 X 8 cms,ARTESANIAS ,JORVINA ARTICULOS RELEGIOSOS ,YURECUARO ,33 2184 5609,MARIA ESTHER NAVA ,$65.52,$10.48,$76,50.00%, $ 38.00 ,, $ 4.70 , $ 0.75 , $ 4.99 , $ 10.45 ,4.20%,$124,,$17.16,$107,$52,,,,,,,,,,,,,,,,,,
0657,P05-P, LGVTM150,PORTA NOTA MEDALLA S/BENITO PLATA B/MADER,17.5 X 8 cms,ARTESANIAS ,JORVINA ARTICULOS RELEGIOSOS ,YURECUARO ,33 2184 5609,MARIA ESTHER NAVA ,$57.76,$9.24,$67,50.00%, $ 33.50 ,, $ 4.44 , $ 0.71 , $ 4.71 , $ 9.87 ,4.47%,$110,,$15.22,$95,$40,,,,,,,,,,,,,,,,,,
0658,P06-D, LGVTM151,PORTA NOTA PIE BEBE DORADO C/BASE MADERA,17.5 X 8 cms,ARTESANIAS ,JORVINA ARTICULOS RELEGIOSOS ,YURECUARO ,33 2184 5609,MARIA ESTHER NAVA ,$59.48,$9.52,$69,50.00%, $ 34.50 ,, $ 4.50 , $ 0.72 , $ 4.77 , $ 10.00 ,4.40%,$113,,$15.65,$98,$43,,,,,,,,,,,,,,,,,,
0659,P06-P, LGVTM152,PORTA NOTA PIE BEBE PLATA C/BASE MADERA,17.5 X 8 cms,ARTESANIAS ,JORVINA ARTICULOS RELEGIOSOS ,YURECUARO ,33 2184 5609,MARIA ESTHER NAVA ,$52.59,$8.41,$61,50.00%, $ 30.50 ,, $ 4.27 , $ 0.68 , $ 4.53 , $ 9.48 ,4.69%,$101,,$13.93,$87,$32,,,,,,,,,,,,,,,,,,
0660,, LGVTM153,PORTA VELAS ,,0,0,0,0,0,$0.00,$0.00,,0.00%, $ -   ,, $ 2.50 , $ -   , $ -   , $ -   ,0.00%,$0,,$0.00,$0,$0,,,,,,,,,,,,,,,,,,
0661,PV01-D, LGVTM154,PORTA VELA ARCANGEL DORADO B/MADERA,15 X 8.5 cms,ARTESANIAS ,JORVINA ARTICULOS RELEGIOSOS ,YURECUARO ,33 2184 5609,MARIA ESTHER NAVA ,$126.72,$20.28,$147,50.00%, $ 73.50 ,, $ 6.76 , $ 1.08 , $ 7.17 , $ 15.01 ,3.19%,$236,,$32.48,$203,$148,,,,,,,,,,,,,,,,,,
0662,PV01-P, LGVTM155,PORTA VELA ARCANGEL PLATA B/MADER,15 X 8.5 cms,ARTESANIAS ,JORVINA ARTICULOS RELEGIOSOS ,YURECUARO ,33 2184 5609,MARIA ESTHER NAVA ,$118.97,$19.03,$138,50.00%, $ 69.00 ,, $ 6.50 , $ 1.04 , $ 6.89 , $ 14.43 ,3.26%,$221,,$30.54,$191,$136,,,,,,,,,,,,,,,,,,
0663,PV02-D, LGVTM156,PORTA VELA MADONA CON NIÑO DORADO B/MAD.,14 X 8.5 cms,ARTESANIAS ,JORVINA ARTICULOS RELEGIOSOS ,YURECUARO ,33 2184 5609,MARIA ESTHER NAVA ,$126.72,$20.28,$147,50.00%, $ 73.50 ,, $ 6.76 , $ 1.08 , $ 7.17 , $ 15.01 ,3.19%,$236,,$32.48,$203,$148,,,,,,,,,,,,,,,,,,
0664,PV02-P, LGVTM157,PORTA VELA MADONA CON NIÑO PLATA B/MADER,14 X 8.5 cms,ARTESANIAS ,JORVINA ARTICULOS RELEGIOSOS ,YURECUARO ,33 2184 5609,MARIA ESTHER NAVA ,$118.97,$19.03,$138,50.00%, $ 69.00 ,, $ 6.50 , $ 1.04 , $ 6.89 , $ 14.43 ,3.26%,$221,,$30.54,$191,$136,,,,,,,,,,,,,,,,,,
0665,PV03-D, LGVTM158,PORTA VELA ANGEL NIÑA DORADA B/MADERA,13 X 8.5 cms,ARTESANIAS ,JORVINA ARTICULOS RELEGIOSOS ,YURECUARO ,33 2184 5609,MARIA ESTHER NAVA ,$126.72,$20.28,$147,50.00%, $ 73.50 ,, $ 6.76 , $ 1.08 , $ 7.17 , $ 15.01 ,3.39%,$236,,$32.48,$203,$148,,,,,,,,,,,,,,,,,,
0666,PV03-P, LGVTM159,PORTA VELA ANGEL NIÑA PLATA B/MADERA,13 X 8.5 cms,ARTESANIAS ,JORVINA ARTICULOS RELEGIOSOS ,YURECUARO ,33 2184 5609,MARIA ESTHER NAVA ,$118.97,$19.03,$138,50.00%, $ 69.00 ,, $ 6.50 , $ 1.04 , $ 6.89 , $ 14.43 ,3.26%,$221,,$30.54,$191,$136,,,,,,,,,,,,,,,,,,
0667,PV04-D, LGVTM160,PORTA VELA VIRG. GUADALUPE DORADA B/MAD.,9 X 8.5 cms,ARTESANIAS ,JORVINA ARTICULOS RELEGIOSOS ,YURECUARO ,33 2184 5609,MARIA ESTHER NAVA ,$110.34,$17.66,$128,50.00%, $ 64.00 ,, $ 6.21 , $ 0.99 , $ 6.58 , $ 13.79 ,3.11%,$206,,$28.38,$177,$122,,,,,,,,,,,,,,,,,,
0668,PV04-P, LGVTM161,PORTA VELA VIRG. GUADALUPE PLATA B/MADERA,9 X 8.5 cms,ARTESANIAS ,JORVINA ARTICULOS RELEGIOSOS ,YURECUARO ,33 2184 5609,MARIA ESTHER NAVA ,$101.72,$16.28,$118,50.00%, $ 59.00 ,, $ 5.92 , $ 0.95 , $ 6.28 , $ 13.15 ,2.97%,$190,,$26.23,$164,$109,,,,,,,,,,,,,,,,,,
0669,PV05-D, LGVTM162,PORTA VELA VIRG. DE GPE. GDE.DORADA B/MAD.,12 X 8.5 cms,ARTESANIAS ,JORVINA ARTICULOS RELEGIOSOS ,YURECUARO ,33 2184 5609,MARIA ESTHER NAVA ,$93.10,$14.90,$108,50.00%, $ 54.00 ,, $ 5.63 , $ 0.90 , $ 5.97 , $ 12.50 ,2.82%,$175,,$24.07,$150,$95,,,,,,,,,,,,,,,,,,
0670,PV05-P, LGVTM163,PORTA VELA VIRG. DE GPE. GDE.PLATA B/MAD.,12 X 8.5 cms,ARTESANIAS ,JORVINA ARTICULOS RELEGIOSOS ,YURECUARO ,33 2184 5609,MARIA ESTHER NAVA ,$83.62,$13.38,$97,50.00%, $ 48.50 ,, $ 5.31 , $ 0.85 , $ 5.63 , $ 11.80 ,2.66%,$157,,$21.70,$136,$80,,,,,,,,,,,,,,,,,,
0671,PV06-D, LGVTM164,PORTA VELA SAGRADA FAMILIA DORADA,12 X 8.5 cms,ARTESANIAS ,JORVINA ARTICULOS RELEGIOSOS ,YURECUARO ,33 2184 5609,MARIA ESTHER NAVA ,$93.10,$14.90,$108,50.00%, $ 54.00 ,, $ 5.63 , $ 0.90 , $ 5.97 , $ 12.50 ,2.82%,$175,,$24.07,$150,$95,,,,,,,,,,,,,,,,,,
0672,PV06-P, LGVTM165,PORTA VELA SAGRADA FAMILIA PLATA,12 X 8.5 cms,ARTESANIAS ,JORVINA ARTICULOS RELEGIOSOS ,YURECUARO ,33 2184 5609,MARIA ESTHER NAVA ,$83.62,$13.38,$97,50.00%, $ 48.50 ,, $ 5.31 , $ 0.85 , $ 5.63 , $ 11.80 ,2.66%,$157,,$21.70,$136,$80,,,,,,,,,,,,,,,,,,
0673,PV07-D, LGVTM166,PORTA VELA SAGRADA FAMILIA MEDALLON DOR,10 X 5.5 cms,ARTESANIAS ,JORVINA ARTICULOS RELEGIOSOS ,YURECUARO ,33 2184 5609,MARIA ESTHER NAVA ,$75.00,$12.00,$87,50.00%, $ 43.50 ,, $ 5.02 , $ 0.80 , $ 5.33 , $ 11.15 ,2.52%,$142,,$19.54,$122,$67,,,,,,,,,,,,,,,,,,
0674,PV07-P, LGVTM167,PORTA VELA SAGRADA FAMILIA MEDALLON PLAT,10 X 5.5 cms,ARTESANIAS ,JORVINA ARTICULOS RELEGIOSOS ,YURECUARO ,33 2184 5609,MARIA ESTHER NAVA ,$67.24,$10.76,$78,50.00%, $ 39.00 ,, $ 4.76 , $ 0.76 , $ 5.05 , $ 10.57 ,2.39%,$128,,$17.60,$110,$55,,,,,,,,,,,,,,,,,,
0675,PV08-D, LGVTM168,PORTA VELA MEDALLON ANGEL GUARDA DOR.,10 X 5.5 cms,ARTESANIAS ,JORVINA ARTICULOS RELEGIOSOS ,YURECUARO ,33 2184 5609,MARIA ESTHER NAVA ,$75.00,$12.00,$87,50.00%, $ 43.50 ,, $ 5.02 , $ 0.80 , $ 5.33 , $ 11.15 ,2.52%,$142,,$19.54,$122,$67,,,,,,,,,,,,,,,,,,
0676,PV08-P, LGVTM169,PORTA VELA MEDALLON ANGEL GUARDA PLATA,10 X 5.5 cms,ARTESANIAS ,JORVINA ARTICULOS RELEGIOSOS ,YURECUARO ,33 2184 5609,MARIA ESTHER NAVA ,$67.24,$10.76,$78,50.00%, $ 39.00 ,, $ 4.76 , $ 0.76 , $ 5.05 , $ 10.57 ,2.39%,$128,,$17.60,$110,$55,,,,,,,,,,,,,,,,,,
0677,PV09-D, LGVTM170,PORTA VELA MADONA C/NIÑO CHICO DORADA,10 X 6.5 cms,ARTESANIAS ,JORVINA ARTICULOS RELEGIOSOS ,YURECUARO ,33 2184 5609,MARIA ESTHER NAVA ,$75.00,$12.00,$87,50.00%, $ 43.50 ,, $ 5.02 , $ 0.80 , $ 5.33 , $ 11.15 ,2.52%,$142,,$19.54,$122,$67,,,,,,,,,,,,,,,,,,
0678,PV09-P, LGVTM171,PORTA VELA MADONA C/NIÑO CHICO PLATA,10 X 6.5 cms,ARTESANIAS ,JORVINA ARTICULOS RELEGIOSOS ,YURECUARO ,33 2184 5609,MARIA ESTHER NAVA ,$67.24,$10.76,$78,50.00%, $ 39.00 ,, $ 4.76 , $ 0.76 , $ 5.05 , $ 10.57 ,2.39%,$128,,$17.60,$110,$55,,,,,,,,,,,,,,,,,,
0679,PV10-D, LGVTM172,PORTA VELA MEDALLA SAN BENITO EN DORADO,11 X 8.5 cms,ARTESANIAS ,JORVINA ARTICULOS RELEGIOSOS ,YURECUARO ,33 2184 5609,MARIA ESTHER NAVA ,$75.00,$12.00,$87,50.00%, $ 43.50 ,, $ 5.02 , $ 0.80 , $ 5.33 , $ 11.15 ,2.52%,$142,,$19.54,$122,$67,,,,,,,,,,,,,,,,,,
0680,PV10-P, LGVTM173,PORTA VELA MEDALLA SAN BENITO EN PLATA,11 X 8.5 cms,ARTESANIAS ,JORVINA ARTICULOS RELEGIOSOS ,YURECUARO ,33 2184 5609,MARIA ESTHER NAVA ,$67.24,$10.76,$78,50.00%, $ 39.00 ,, $ 4.76 , $ 0.76 , $ 5.05 , $ 10.57 ,2.39%,$128,,$17.60,$110,$55,,,,,,,,,,,,,,,,,,
0681,PV11-D, LGVTM174,PORTA VELA NOVIOS DORADO,10.5 X 6.5cm,ARTESANIAS ,JORVINA ARTICULOS RELEGIOSOS ,YURECUARO ,33 2184 5609,MARIA ESTHER NAVA ,$75.00,$12.00,$87,50.00%, $ 43.50 ,, $ 5.02 , $ 0.80 , $ 5.33 , $ 11.15 ,2.52%,$142,,$19.54,$122,$67,,,,,,,,,,,,,,,,,,
0682,PV11-P, LGVTM175,PORTA VELA NOVIOS PLATA,10.5 X 6.5cm,ARTESANIAS ,JORVINA ARTICULOS RELEGIOSOS ,YURECUARO ,33 2184 5609,MARIA ESTHER NAVA ,$67.24,$10.76,$78,50.00%, $ 39.00 ,, $ 4.76 , $ 0.76 , $ 5.05 , $ 10.57 ,2.39%,$128,,$17.60,$110,$55,,,,,,,,,,,,,,,,,,
0683,PV12-D, LGVTM176,PORTA VELA BAUTIZO NIÑO DORADO,12 X 6.5 cms,ARTESANIAS ,JORVINA ARTICULOS RELEGIOSOS ,YURECUARO ,33 2184 5609,MARIA ESTHER NAVA ,$75.00,$12.00,$87,50.00%, $ 43.50 ,, $ 5.02 , $ 0.80 , $ 5.33 , $ 11.15 ,2.52%,$142,,$19.54,$122,$67,,,,,,,,,,,,,,,,,,
0684,PV12-P, LGVTM177,PORTA VELA BAUTIZO NIÑO PLATA,12 X 6.5 cms,ARTESANIAS ,JORVINA ARTICULOS RELEGIOSOS ,YURECUARO ,33 2184 5609,MARIA ESTHER NAVA ,$67.24,$10.76,$78,50.00%, $ 39.00 ,, $ 4.76 , $ 0.76 , $ 5.05 , $ 10.57 ,2.39%,$128,,$17.60,$110,$55,,,,,,,,,,,,,,,,,,
0685,PV13.D, LGVTM178,PORTA VELA BAUTIZO NIÑA DORADA,12 X 6.5 cms,ARTESANIAS ,JORVINA ARTICULOS RELEGIOSOS ,YURECUARO ,33 2184 5609,MARIA ESTHER NAVA ,$75.00,$12.00,$87,50.00%, $ 43.50 ,, $ 5.02 , $ 0.80 , $ 5.33 , $ 11.15 ,2.52%,$142,,$19.54,$122,$67,,,,,,,,,,,,,,,,,,
0686,PV13-P, LGVTM179,PORTA VELA BAUTIZO NIÑA PLATA,12 X 6.5 cms,ARTESANIAS ,JORVINA ARTICULOS RELEGIOSOS ,YURECUARO ,33 2184 5609,MARIA ESTHER NAVA ,$67.24,$10.76,$78,50.00%, $ 39.00 ,, $ 4.76 , $ 0.76 , $ 5.05 , $ 10.57 ,2.39%,$128,,$17.60,$110,$55,,,,,,,,,,,,,,,,,,
0687,PV14-D, LGVTM180,PORTA VELA PALOMITAS NIÑO DORADO B/MADE.,10.5 X 5.5cm,ARTESANIAS ,JORVINA ARTICULOS RELEGIOSOS ,YURECUARO ,33 2184 5609,MARIA ESTHER NAVA ,$57.76,$9.24,$67,50.00%, $ 33.50 ,, $ 4.44 , $ 0.71 , $ 4.71 , $ 9.87 ,2.23%,$110,,$15.22,$95,$40,,,,,,,,,,,,,,,,,,
0688,PV14-P, LGVTM181,PORTA VELA PALOMITAS NIÑO PLATA B/MADERA,10.5 X 5.5cm,ARTESANIAS ,JORVINA ARTICULOS RELEGIOSOS ,YURECUARO ,33 2184 5609,MARIA ESTHER NAVA ,$52.59,$8.41,$61,50.00%, $ 30.50 ,, $ 4.27 , $ 0.68 , $ 4.53 , $ 9.48 ,2.14%,$101,,$13.93,$87,$32,,,,,,,,,,,,,,,,,,
0689,PV15-D, LGVTM182,PORTA VELA PALOMITAS NIÑA DORADA B/MADER,10.5 X 5.5cm,ARTESANIAS ,JORVINA ARTICULOS RELEGIOSOS ,YURECUARO ,33 2184 5609,MARIA ESTHER NAVA ,$57.76,$9.24,$67,50.00%, $ 33.50 ,, $ 4.44 , $ 0.71 , $ 4.71 , $ 9.87 ,2.23%,$110,,$15.22,$95,$40,,,,,,,,,,,,,,,,,,
0690,PV15-P, LGVTM183,PORTA VELA PALOMITAS NIÑA PLATA B/MADERA,10.5 X 5.5cm,ARTESANIAS ,JORVINA ARTICULOS RELEGIOSOS ,YURECUARO ,33 2184 5609,MARIA ESTHER NAVA ,$52.59,$8.41,$61,50.00%, $ 30.50 ,, $ 4.27 , $ 0.68 , $ 4.53 , $ 9.48 ,2.14%,$101,,$13.93,$87,$32,,,,,,,,,,,,,,,,,,
0691,PV16-D, LGVTM184,PORTA VELA ANGEL ORANDO DORADO,12 X 6.5 cms,ARTESANIAS ,JORVINA ARTICULOS RELEGIOSOS ,YURECUARO ,33 2184 5609,MARIA ESTHER NAVA ,$75.00,$12.00,$87,50.00%, $ 43.50 ,, $ 5.02 , $ 0.80 , $ 5.33 , $ 11.15 ,2.52%,$142,,$19.54,$122,$67,,,,,,,,,,,,,,,,,,
0692,PV16-P, LGVTM185,PORTA VELA ANGEL ORANDO PLATA,12 X 6.5 cms,ARTESANIAS ,JORVINA ARTICULOS RELEGIOSOS ,YURECUARO ,33 2184 5609,MARIA ESTHER NAVA ,$67.24,$10.76,$78,50.00%, $ 39.00 ,, $ 4.76 , $ 0.76 , $ 5.05 , $ 10.57 ,2.39%,$128,,$17.60,$110,$55,,,,,,,,,,,,,,,,,,
0693,PV17-D, LGVTM186,PORTA VELA PRIMERA COMUNION NIÑO DORADA,9.5 X 7 cms,ARTESANIAS ,JORVINA ARTICULOS RELEGIOSOS ,YURECUARO ,33 2184 5609,MARIA ESTHER NAVA ,$57.76,$9.24,$67,50.00%, $ 33.50 ,, $ 4.44 , $ 0.71 , $ 4.71 , $ 9.87 ,2.23%,$110,,$15.22,$95,$40,,,,,,,,,,,,,,,,,,
0694,PV17-P, LGVTM187,PORTA VELA PRIMERA COMUNION NIÑO PLATA,9.5 X 7 cms,ARTESANIAS ,JORVINA ARTICULOS RELEGIOSOS ,YURECUARO ,33 2184 5609,MARIA ESTHER NAVA ,$52.59,$8.41,$61,50.00%, $ 30.50 ,, $ 4.27 , $ 0.68 , $ 4.53 , $ 9.48 ,2.14%,$101,,$13.93,$87,$32,,,,,,,,,,,,,,,,,,
0695,PV18-D, LGVTM188,PORTA VELA PRIMERA COMUNION NIÑA DORADA,9 X 7 cms,ARTESANIAS ,JORVINA ARTICULOS RELEGIOSOS ,YURECUARO ,33 2184 5609,MARIA ESTHER NAVA ,$57.76,$9.24,$67,50.00%, $ 33.50 ,, $ 4.44 , $ 0.71 , $ 4.71 , $ 9.87 ,2.23%,$110,,$15.22,$95,$40,,,,,,,,,,,,,,,,,,
0696,PV18-P, LGVTM189,PORTA VELA PRIMERA COMUNION NIÑA PLATA,9 X 7 cms,ARTESANIAS ,JORVINA ARTICULOS RELEGIOSOS ,YURECUARO ,33 2184 5609,MARIA ESTHER NAVA ,$50.86,$8.14,$59,50.00%, $ 29.50 ,, $ 4.21 , $ 0.67 , $ 4.47 , $ 9.35 ,2.11%,$98,,$13.50,$84,$29,,,,,,,,,,,,,,,,,,
0697,PV19-D, LGVTM190,PORTA VELA ANGEL SILUETA DORADA,9 X 7 cms,ARTESANIAS ,JORVINA ARTICULOS RELEGIOSOS ,YURECUARO ,33 2184 5609,MARIA ESTHER NAVA ,$75.00,$12.00,$87,50.00%, $ 43.50 ,, $ 5.02 , $ 0.80 , $ 5.33 , $ 11.15 ,2.52%,$142,,$19.54,$122,$67,,,,,,,,,,,,,,,,,,
0698,PV19-P, LGVTM191,PORTA VELA ANGEL SILUETA PLATA,9 X 7 cms,ARTESANIAS ,JORVINA ARTICULOS RELEGIOSOS ,YURECUARO ,33 2184 5609,MARIA ESTHER NAVA ,$67.24,$10.76,$78,50.00%, $ 39.00 ,, $ 4.76 , $ 0.76 , $ 5.05 , $ 10.57 ,2.39%,$128,,$17.60,$110,$55,,,,,,,,,,,,,,,,,,
0699,, LGVTM192,CAMPANAS ,,0,0,0,0,0,$0.00,$0.00,,0.00%, $ -   ,, $ 2.50 , $ -   , $ -   , $ -   ,0.00%,$0,,$0.00,$0,$0,,,,,,,,,,,,,,,,,,
0700,CAM01-D, LGVTM193,CAMPANA SERAFIN DORADO,8 X 4.7 cms,ARTESANIAS ,JORVINA ARTICULOS RELEGIOSOS ,YURECUARO ,33 2184 5609,MARIA ESTHER NAVA ,$46.55,$7.45,$54,50.00%, $ 27.00 ,, $ 4.07 , $ 0.65 , $ 4.31 , $ 9.03 ,2.04%,$90,,$12.42,$78,$22,,,,,,,,,,,,,,,,,,
0701,CAM01-P, LGVTM194,CAMPANA SERAFIN PLATA,8 X 4.7 cms,ARTESANIAS ,JORVINA ARTICULOS RELEGIOSOS ,YURECUARO ,33 2184 5609,MARIA ESTHER NAVA ,$41.38,$6.62,$48,50.00%, $ 24.00 ,, $ 3.89 , $ 0.62 , $ 4.13 , $ 8.65 ,1.95%,$81,,$11.12,$70,$14,,,,,,,,,,,,,,,,,,
0702,CAM02 D, LGVTM195,CAMPANA  ANGEL DORADO,7.5 X 4.7cms,ARTESANIAS ,JORVINA ARTICULOS RELEGIOSOS ,YURECUARO ,33 2184 5609,MARIA ESTHER NAVA ,$41.38,$6.62,$48,50.00%, $ 24.00 ,, $ 3.89 , $ 0.62 , $ 4.13 , $ 8.65 ,1.95%,$81,,$11.12,$70,$14,,,,,,,,,,,,,,,,,,
0703,CAM02-P, LGVTM196,CAMPANA ANGEL PLATA,7.5 X 4.7cms,ARTESANIAS ,JORVINA ARTICULOS RELEGIOSOS ,YURECUARO ,33 2184 5609,MARIA ESTHER NAVA ,$38.79,$6.21,$45,50.00%, $ 22.50 ,, $ 3.81 , $ 0.61 , $ 4.04 , $ 8.45 ,1.91%,$76,,$10.48,$65,$10,,,,,,,,,,,,,,,,,,
0704,CAM03-D, LGVTM197,CAMPANA ALAS DE ANGEL DORADO,6.5 X 3.5cms,ARTESANIAS ,JORVINA ARTICULOS RELEGIOSOS ,YURECUARO ,33 2184 5609,MARIA ESTHER NAVA ,$41.38,$6.62,$48,50.00%, $ 24.00 ,, $ 3.89 , $ 0.62 , $ 4.13 , $ 8.65 ,1.95%,$81,,$11.12,$70,$14,,,,,,,,,,,,,,,,,,
0705,CAM03-P, LGVTM198,CAMPANA ALAS DE ANGEL PLATA,6.5 X 3.5cms,ARTESANIAS ,JORVINA ARTICULOS RELEGIOSOS ,YURECUARO ,33 2184 5609,MARIA ESTHER NAVA ,$38.79,$6.21,$45,50.00%, $ 22.50 ,, $ 3.81 , $ 0.61 , $ 4.04 , $ 8.45 ,1.91%,$76,,$10.48,$65,$10,,,,,,,,,,,,,,,,,,
0706,CAM04-D, LGVTM199,CAMPANA QUINCEAÑERA DORADA,7.5 X 4.7cms,ARTESANIAS ,JORVINA ARTICULOS RELEGIOSOS ,YURECUARO ,33 2184 5609,MARIA ESTHER NAVA ,$46.55,$7.45,$54,50.00%, $ 27.00 ,, $ 4.07 , $ 0.65 , $ 4.31 , $ 9.03 ,2.04%,$90,,$12.42,$78,$22,,,,,,,,,,,,,,,,,,
0707,CAM04-P, LGVTM200,CAMPANA QUINCEAÑERA PLATA,7.5 X 4.7cms,ARTESANIAS ,JORVINA ARTICULOS RELEGIOSOS ,YURECUARO ,33 2184 5609,MARIA ESTHER NAVA ,$41.38,$6.62,$48,50.00%, $ 24.00 ,, $ 3.89 , $ 0.62 , $ 4.13 , $ 8.65 ,1.95%,$81,,$11.12,$70,$14,,,,,,,,,,,,,,,,,,
0708,CAM05-D, LGVTM201,CAMPANA NIÑO BEBE EN CABALLITO DORADO,7 X 4.7 cms,ARTESANIAS ,JORVINA ARTICULOS RELEGIOSOS ,YURECUARO ,33 2184 5609,MARIA ESTHER NAVA ,$46.55,$7.45,$54,50.00%, $ 27.00 ,, $ 4.07 , $ 0.65 , $ 4.31 , $ 9.03 ,2.04%,$90,,$12.42,$78,$22,,,,,,,,,,,,,,,,,,
0709,CAM05-P, LGVTM202,CAMPANA NIÑO BEBE EN CABALLITO PLATA,7 X 4.7 cms,ARTESANIAS ,JORVINA ARTICULOS RELEGIOSOS ,YURECUARO ,33 2184 5609,MARIA ESTHER NAVA ,$41.38,$6.62,$48,50.00%, $ 24.00 ,, $ 3.89 , $ 0.62 , $ 4.13 , $ 8.65 ,1.95%,$81,,$11.12,$70,$14,,,,,,,,,,,,,,,,,,
0710,CAM06-D, LGVTM203,CAMPANA NIÑA BEBE EN CABALLITO DORADO,7.5 X 4.7cms,ARTESANIAS ,JORVINA ARTICULOS RELEGIOSOS ,YURECUARO ,33 2184 5609,MARIA ESTHER NAVA ,$46.55,$7.45,$54,50.00%, $ 27.00 ,, $ 4.07 , $ 0.65 , $ 4.31 , $ 9.03 ,2.04%,$90,,$12.42,$78,$22,,,,,,,,,,,,,,,,,,
0711,CAM06-P, LGVTM204,CAMPANA NIÑA BEBE EN CABALLITO PLATA,7.5 X 4.7cms,ARTESANIAS ,JORVINA ARTICULOS RELEGIOSOS ,YURECUARO ,33 2184 5609,MARIA ESTHER NAVA ,$41.38,$6.62,$48,50.00%, $ 24.00 ,, $ 3.89 , $ 0.62 , $ 4.13 , $ 8.65 ,1.95%,$81,,$11.12,$70,$14,,,,,,,,,,,,,,,,,,
0712,CAM07-D, LGVTM205,CAMPANA DOS CORAZONES DORADOS,8 X 4.7 cms,ARTESANIAS ,JORVINA ARTICULOS RELEGIOSOS ,YURECUARO ,33 2184 5609,MARIA ESTHER NAVA ,$41.38,$6.62,$48,50.00%, $ 24.00 ,, $ 3.89 , $ 0.62 , $ 4.13 , $ 8.65 ,1.95%,$81,,$11.12,$70,$14,,,,,,,,,,,,,,,,,,
0713,CAM07-P, LGVTM206,CAMPANA DOS CORAZONES PLATA,8 X 4.7 cms,ARTESANIAS ,JORVINA ARTICULOS RELEGIOSOS ,YURECUARO ,33 2184 5609,MARIA ESTHER NAVA ,$38.79,$6.21,$45,50.00%, $ 22.50 ,, $ 3.81 , $ 0.61 , $ 4.04 , $ 8.45 ,1.91%,$76,,$10.48,$65,$10,,,,,,,,,,,,,,,,,,
0714,CAM08-D, LGVTM207,CAMPANA NOVIOS DORADA,9 X 4.7 cms,ARTESANIAS ,JORVINA ARTICULOS RELEGIOSOS ,YURECUARO ,33 2184 5609,MARIA ESTHER NAVA ,$41.38,$6.62,$48,50.00%, $ 24.00 ,, $ 3.89 , $ 0.62 , $ 4.13 , $ 8.65 ,1.95%,$81,,$11.12,$70,$14,,,,,,,,,,,,,,,,,,
0715,CAM08-P, LGVTM208,CAMPANA NOVIOS PLATA,9 X 4.7 cms,ARTESANIAS ,JORVINA ARTICULOS RELEGIOSOS ,YURECUARO ,33 2184 5609,MARIA ESTHER NAVA ,$38.79,$6.21,$45,50.00%, $ 22.50 ,, $ 3.81 , $ 0.61 , $ 4.04 , $ 8.45 ,1.91%,$76,,$10.48,$65,$10,,,,,,,,,,,,,,,,,,
0716,CAM09-D, LGVTM209,CAMPANA CHICA PALOMA DORADA,5 X 3.5 cms,ARTESANIAS ,JORVINA ARTICULOS RELEGIOSOS ,YURECUARO ,33 2184 5609,MARIA ESTHER NAVA ,$30.17,$4.83,$35,70.00%, $ 24.50 ,, $ 3.52 , $ 0.56 , $ 3.87 , $ 7.95 ,1.79%,$67,,$9.30,$58,$3,,,,,,,,,,,,,,,,,,
0717,CAM09-P, LGVTM210,CAMPANA CHICA PALOMA PLATA,5 X 3.5 cms,ARTESANIAS ,JORVINA ARTICULOS RELEGIOSOS ,YURECUARO ,33 2184 5609,MARIA ESTHER NAVA ,$26.72,$4.28,$31,80.00%, $ 24.80 ,, $ 3.40 , $ 0.54 , $ 3.79 , $ 7.74 ,1.75%,$64,,$8.76,$55,$0,,,,,,,,,,,,,,,,,,
0718,CAM10-D, LGVTM211,CAMPANA CHICA ANGEL BEBE DORADA,5 X 3.5 cms,ARTESANIAS ,JORVINA ARTICULOS RELEGIOSOS ,YURECUARO ,33 2184 5609,MARIA ESTHER NAVA ,$30.17,$4.83,$35,70.00%, $ 24.50 ,, $ 3.52 , $ 0.56 , $ 3.87 , $ 7.95 ,1.79%,$67,,$9.30,$58,$3,,,,,,,,,,,,,,,,,,
0719,CAM10-P, LGVTM212,CAMPANA CHICA ANGEL BEBE PLATA,5 X 3.5 cms,ARTESANIAS ,JORVINA ARTICULOS RELEGIOSOS ,YURECUARO ,33 2184 5609,MARIA ESTHER NAVA ,$26.72,$4.28,$31,80.00%, $ 24.80 ,, $ 3.40 , $ 0.54 , $ 3.79 , $ 7.74 ,1.75%,$64,,$8.76,$55,$0,,,,,,,,,,,,,,,,,,
0720,CAM11-D, LGVTM213,CAMPANA CHICA NIÑO BEBE DORADA,5 X 3.5 cms,ARTESANIAS ,JORVINA ARTICULOS RELEGIOSOS ,YURECUARO ,33 2184 5609,MARIA ESTHER NAVA ,$30.17,$4.83,$35,70.00%, $ 24.50 ,, $ 3.52 , $ 0.56 , $ 3.87 , $ 7.95 ,1.79%,$67,,$9.30,$58,$3,,,,,,,,,,,,,,,,,,
0721,CAM11-P, LGVTM214,CAMPANA CHICA NIÑO BEBE PLATA,5 X 3.5 cms,ARTESANIAS ,JORVINA ARTICULOS RELEGIOSOS ,YURECUARO ,33 2184 5609,MARIA ESTHER NAVA ,$26.72,$4.28,$31,80.00%, $ 24.80 ,, $ 3.40 , $ 0.54 , $ 3.79 , $ 7.74 ,1.75%,$64,,$8.76,$55,$0,,,,,,,,,,,,,,,,,,
0722,CAM12-D, LGVTM215,CAMPANA CHICA NIÑA BEBE DORADA,5 X 3.5 cms,ARTESANIAS ,JORVINA ARTICULOS RELEGIOSOS ,YURECUARO ,33 2184 5609,MARIA ESTHER NAVA ,$30.17,$4.83,$35,70.00%, $ 24.50 ,, $ 3.52 , $ 0.56 , $ 3.87 , $ 7.95 ,1.79%,$67,,$9.30,$58,$3,,,,,,,,,,,,,,,,,,
0723,CAM12-P, LGVTM216,CAMPANA CHICA NIÑA BEBE PLATA,5 X 3.5 cms,ARTESANIAS ,JORVINA ARTICULOS RELEGIOSOS ,YURECUARO ,33 2184 5609,MARIA ESTHER NAVA ,$26.72,$4.28,$31,80.00%, $ 24.80 ,, $ 3.40 , $ 0.54 , $ 3.79 , $ 7.74 ,1.75%,$64,,$8.76,$55,$0,,,,,,,,,,,,,,,,,,
0724,, LGVTM217,SAN BENITO ,,0,0,0,0,0,$0.00,$0.00,,0.00%, $ -   ,, $ 2.50 , $ -   , $ -   , $ -   ,0.00%,$0,,$0.00,$0,$0,,,,,,,,,,,,,,,,,,
0725,CCBD, LGVTM218,CRUZ CELTICA MEDALLON DORADO,26 X 26,ARTESANIAS ,JORVINA ARTICULOS RELEGIOSOS ,YURECUARO ,33 2184 5609,MARIA ESTHER NAVA ,$325.86,$52.14,$378,50.00%, $ 189.00 ,, $ 13.46 , $ 2.15 , $ 14.25 , $ 29.87 ,6.74%,$597,,$82.33,$515,$459,,,,,,,,,,,,,,,,,,
0726,CCBP, LGVTM219,CRUZ CELTICA MEDALLON PLATA,26 X 26,ARTESANIAS ,JORVINA ARTICULOS RELEGIOSOS ,YURECUARO ,33 2184 5609,MARIA ESTHER NAVA ,$325.86,$52.14,$378,50.00%, $ 189.00 ,, $ 13.46 , $ 2.15 , $ 14.25 , $ 29.87 ,6.74%,$597,,$82.33,$515,$459,,,,,,,,,,,,,,,,,,
0727,PLLSB-D, LGVTM220,PORTA LLAVES SAN BENITO DORADO,18.5 X 23.5,ARTESANIAS ,JORVINA ARTICULOS RELEGIOSOS ,YURECUARO ,33 2184 5609,MARIA ESTHER NAVA ,$261.21,$41.79,$303,50.00%, $ 151.50 ,, $ 11.29 , $ 1.81 , $ 11.95 , $ 25.04 ,5.66%,$480,,$66.14,$413,$358,,,,,,,,,,,,,,,,,,
0728,PLLSB, LGVTM221,PORTA LLAVES SAN BENITO PLATA,18.5 X 23.5,ARTESANIAS ,JORVINA ARTICULOS RELEGIOSOS ,YURECUARO ,33 2184 5609,MARIA ESTHER NAVA ,$249.14,$39.86,$289,50.00%, $ 144.50 ,, $ 10.88 , $ 1.74 , $ 11.52 , $ 24.14 ,5.45%,$458,,$63.12,$395,$339,,,,,,,,,,,,,,,,,,
0729,A-PM, LGVTM222,PORTA MEDALLA SAN BENITO PLATA C/PIEDRA,13 X 23.3 cm,ARTESANIAS ,JORVINA ARTICULOS RELEGIOSOS ,YURECUARO ,33 2184 5609,MARIA ESTHER NAVA ,$181.90,$29.10,$211,50.00%, $ 105.50 ,, $ 8.62 , $ 1.38 , $ 9.13 , $ 19.13 ,4.32%,$336,,$46.29,$289,$234,,,,,,,,,,,,,,,,,,
0730,A-PMD, LGVTM223,PORTA MEDALLA SAN BENITO DORADA C/PIEDRA,13 X 23.3 cm,ARTESANIAS ,JORVINA ARTICULOS RELEGIOSOS ,YURECUARO ,33 2184 5609,MARIA ESTHER NAVA ,$191.38,$30.62,$222,50.00%, $ 111.00 ,, $ 8.94 , $ 1.43 , $ 9.47 , $ 19.84 ,4.48%,$353,,$48.67,$304,$249,,,,,,,,,,,,,,,,,,
0731,A-SBR1D, LGVTM224,CRUZ RESPLANDOR GDE. DORADA,33.5 X 21.5 c,ARTESANIAS ,JORVINA ARTICULOS RELEGIOSOS ,YURECUARO ,33 2184 5609,MARIA ESTHER NAVA ,$281.03,$44.97,$326,50.00%, $ 163.00 ,, $ 11.95 , $ 1.91 , $ 12.66 , $ 26.52 ,5.99%,$516,,$71.11,$444,$389,,,,,,,,,,,,,,,,,,
0732,A-SBR1P, LGVTM225,CRUZ RESPLANDOR GDE. PLATA,33.5 X 21.5 c,ARTESANIAS ,JORVINA ARTICULOS RELEGIOSOS ,YURECUARO ,33 2184 5609,MARIA ESTHER NAVA ,$281.03,$44.97,$326,50.00%, $ 163.00 ,, $ 11.95 , $ 1.91 , $ 12.66 , $ 26.52 ,5.99%,$516,,$71.11,$444,$389,,,,,,,,,,,,,,,,,,
0733,CSBM-D, LGVTM226,CRUZ SAN BENITO METALICA DORADA,22 X 16.5 cm,ARTESANIAS ,JORVINA ARTICULOS RELEGIOSOS ,YURECUARO ,33 2184 5609,MARIA ESTHER NAVA ,$211.21,$33.79,$245,50.00%, $ 122.50 ,, $ 9.61 , $ 1.54 , $ 10.17 , $ 21.31 ,4.81%,$389,,$53.63,$335,$280,,,,,,,,,,,,,,,,,,
0734,CSBM-P, LGVTM227,CRUZ SAN BENITO METALICA PLATA,22 X 16.5 cm,ARTESANIAS ,JORVINA ARTICULOS RELEGIOSOS ,YURECUARO ,33 2184 5609,MARIA ESTHER NAVA ,$172.41,$27.59,$200,50.00%, $ 100.00 ,, $ 8.30 , $ 1.33 , $ 8.79 , $ 18.42 ,4.16%,$318,,$43.92,$275,$219,,,,,,,,,,,,,,,,,,
0735,CSBMM-D, LGVTM228,CRUZ SAN BENITO METALICA DORADA EN MADER,25 X 19 cms,ARTESANIAS ,JORVINA ARTICULOS RELEGIOSOS ,YURECUARO ,33 2184 5609,MARIA ESTHER NAVA ,$335.34,$53.66,$389,50.00%, $ 194.50 ,, $ 13.78 , $ 2.20 , $ 14.59 , $ 30.58 ,6.90%,$614,,$84.70,$529,$474,,,,,,,,,,,,,,,,,,
0736,CSBMM-P, LGVTM229,CRUZ SAN BENITO METALICA PLATA EN MADERA,25 X 19 cms,ARTESANIAS ,JORVINA ARTICULOS RELEGIOSOS ,YURECUARO ,33 2184 5609,MARIA ESTHER NAVA ,$315.52,$50.48,$366,50.00%, $ 183.00 ,, $ 13.11 , $ 2.10 , $ 13.88 , $ 29.10 ,6.57%,$578,,$79.74,$498,$443,,,,,,,,,,,,,,,,,,
0737,CSBD-01, LGVTM230,CRUZ SAN BENITO C/BASE GRANDE DORADO,38 X 18 cms,ARTESANIAS ,JORVINA ARTICULOS RELEGIOSOS ,YURECUARO ,33 2184 5609,MARIA ESTHER NAVA ,$419.83,$67.17,$487,50.00%, $ 243.50 ,, $ 16.62 , $ 2.66 , $ 17.60 , $ 36.88 ,8.33%,$767,,$105.85,$662,$606,,,,,,,,,,,,,,,,,,
0738,CSBP-01, LGVTM231,CRUZ SAN BENITO C/BASE GRANDE PLATA,38 X 18 cms,ARTESANIAS ,JORVINA ARTICULOS RELEGIOSOS ,YURECUARO ,33 2184 5609,MARIA ESTHER NAVA ,$401.72,$64.28,$466,50.00%, $ 233.00 ,, $ 16.01 , $ 2.56 , $ 16.95 , $ 35.53 ,8.02%,$735,,$101.31,$633,$578,,,,,,,,,,,,,,,,,,
0739,CSBC-01, LGVTM232,CRUZ SAN BENITO C/BASE GRANDE COMBINADA,38 X 18 cms,ARTESANIAS ,JORVINA ARTICULOS RELEGIOSOS ,YURECUARO ,33 2184 5609,MARIA ESTHER NAVA ,$419.83,$67.17,$487,50.00%, $ 243.50 ,, $ 16.62 , $ 2.66 , $ 17.60 , $ 36.88 ,8.33%,$767,,$105.85,$662,$606,,,,,,,,,,,,,,,,,,
0740,CSBD-02, LGVTM233,CRUZ SAN BENITO C/BASE MEDIANA DORADA,23 X 11 cms,ARTESANIAS ,JORVINA ARTICULOS RELEGIOSOS ,YURECUARO ,33 2184 5609,MARIA ESTHER NAVA ,$169.83,$27.17,$197,50.00%, $ 98.50 ,, $ 8.21 , $ 1.31 , $ 8.70 , $ 18.23 ,4.12%,$314,,$43.27,$270,$215,,,,,,,,,,,,,,,,,,
0741,CSBP-02, LGVTM234,CRUZ SAN BENITO C/BASE MEDIANA PLATA,23 X 11 cms,ARTESANIAS ,JORVINA ARTICULOS RELEGIOSOS ,YURECUARO ,33 2184 5609,MARIA ESTHER NAVA ,$169.83,$27.17,$197,50.00%, $ 98.50 ,, $ 8.21 , $ 1.31 , $ 8.70 , $ 18.23 ,4.12%,$314,,$43.27,$270,$215,,,,,,,,,,,,,,,,,,
0742,SBM, LGVTM235,CRUZ SAN BENITO MINI,11.5 X 7.5cm,ARTESANIAS ,JORVINA ARTICULOS RELEGIOSOS ,YURECUARO ,33 2184 5609,MARIA ESTHER NAVA ,$76.72,$12.28,$89,50.00%, $ 44.50 ,, $ 5.08 , $ 0.81 , $ 5.39 , $ 11.28 ,2.55%,$145,,$19.97,$125,$70,,,,,,,,,,,,,,,,,,
0743,SBM-D, LGVTM236,CRUZ SAN BENITO MINI DORADO,11.5 X 7.5cm,ARTESANIAS ,JORVINA ARTICULOS RELEGIOSOS ,YURECUARO ,33 2184 5609,MARIA ESTHER NAVA ,$85.34,$13.66,$99,50.00%, $ 49.50 ,, $ 5.37 , $ 0.86 , $ 5.69 , $ 11.92 ,2.69%,$160,,$22.13,$138,$83,,,,,,,,,,,,,,,,,,
0744,A-25SB, LGVTM237,CRUZ SAN BENITO NUM. 25,44.5 X 23.5 c,ARTESANIAS ,JORVINA ARTICULOS RELEGIOSOS ,YURECUARO ,33 2184 5609,MARIA ESTHER NAVA ,$401.72,$64.28,$466,50.00%, $ 233.00 ,, $ 16.01 , $ 2.56 , $ 16.95 , $ 35.53 ,8.02%,$735,,$101.31,$633,$578,,,,,,,,,,,,,,,,,,
0745,CRSB, LGVTM238,CRUZ RESINA SAN BENITO PARA COLGAR,66 X 40 cms,ARTESANIAS ,JORVINA ARTICULOS RELEGIOSOS ,YURECUARO ,33 2184 5609,MARIA ESTHER NAVA ,$781.03,$124.97,$906,50.00%, $ 453.00 ,, $ 28.77 , $ 4.60 , $ 30.45 , $ 63.83 ,14.41%,"$1,423",,$196.25,"$1,227","$1,171",,,,,,,,,,,,,,,,,,
0746,CRSB-B, LGVTM239,CRUZ RESINA SAN BENITO CON BASE,78 X 41 cms,ARTESANIAS ,JORVINA ARTICULOS RELEGIOSOS ,YURECUARO ,33 2184 5609,MARIA ESTHER NAVA ,$860.34,$137.66,$998,50.00%, $ 499.00 ,, $ 31.44 , $ 5.03 , $ 33.27 , $ 69.74 ,15.75%,"$1,567",,$216.10,"$1,351","$1,295",,,,,,,,,,,,,,,,,,
0747,CRSB-1, LGVTM240,CRUZ DE RESINA PARA COLGAR MEDIANO,,ARTESANIAS ,JORVINA ARTICULOS RELEGIOSOS ,YURECUARO ,33 2184 5609,MARIA ESTHER NAVA ,$375.00,$60.00,$435,50.00%, $ 217.50 ,, $ 15.12 , $ 2.42 , $ 16.00 , $ 33.53 ,7.57%,$686,,$94.63,$591,$536,,,,,,,,,,,,,,,,,,
0748,CRSB-2, LGVTM241,CRUZ DE RESINA PARA COLGAR CHICO,,ARTESANIAS ,JORVINA ARTICULOS RELEGIOSOS ,YURECUARO ,33 2184 5609,MARIA ESTHER NAVA ,$273.28,$43.72,$317,50.00%, $ 158.50 ,, $ 11.69 , $ 1.87 , $ 12.38 , $ 25.95 ,5.86%,$501,,$69.16,$432,$377,,,,,,,,,,,,,,,,,,
0749,CRSB-1B, LGVTM242,CRUZ DE RESINA CON BASE MEDIANO,,ARTESANIAS ,JORVINA ARTICULOS RELEGIOSOS ,YURECUARO ,33 2184 5609,MARIA ESTHER NAVA ,$416.38,$66.62,$483,50.00%, $ 241.50 ,, $ 16.51 , $ 2.64 , $ 17.47 , $ 36.62 ,8.27%,$761,,$104.98,$656,$601,,,,,,,,,,,,,,,,,,
0750,CRSB-2B, LGVTM243,CRUZ DE RESINA CON BASE CHICO,,ARTESANIAS ,JORVINA ARTICULOS RELEGIOSOS ,YURECUARO ,33 2184 5609,MARIA ESTHER NAVA ,$331.03,$52.97,$384,50.00%, $ 192.00 ,, $ 13.64 , $ 2.18 , $ 14.44 , $ 30.25 ,6.83%,$606,,$83.62,$523,$467,,,,,,,,,,,,,,,,,,
0751,CSB-D, LGVTM244,CRUZ SAN BENITO PARA COLGAR DORADA MED.,33.5 X 18 cm,ARTESANIAS ,JORVINA ARTICULOS RELEGIOSOS ,YURECUARO ,33 2184 5609,MARIA ESTHER NAVA ,$372.41,$59.59,$432,50.00%, $ 216.00 ,, $ 15.03 , $ 2.40 , $ 15.91 , $ 33.34 ,7.53%,$681,,$93.98,$587,$532,,,,,,,,,,,,,,,,,,
0752,CSB-P, LGVTM245,CRUZ SAN BENITO PARA COLGAR PLATA MED.,33.5 X 18 cm,ARTESANIAS ,JORVINA ARTICULOS RELEGIOSOS ,YURECUARO ,33 2184 5609,MARIA ESTHER NAVA ,$363.79,$58.21,$422,50.00%, $ 211.00 ,, $ 14.74 , $ 2.36 , $ 15.60 , $ 32.70 ,7.38%,$666,,$91.82,$574,$519,,,,,,,,,,,,,,,,,,
0753,CSB-C, LGVTM246,CRUZ SAN BENITO PARA COLGAR COMBINADA ME,33.5 X 18 cm,ARTESANIAS ,JORVINA ARTICULOS RELEGIOSOS ,YURECUARO ,33 2184 5609,MARIA ESTHER NAVA ,$372.41,$59.59,$432,50.00%, $ 216.00 ,, $ 15.03 , $ 2.40 , $ 15.91 , $ 33.34 ,7.53%,$681,,$93.98,$587,$532,,,,,,,,,,,,,,,,,,
0754,CSBD-CH, LGVTM247,CRUZ SAN BENITO PARA COLGAR DORADA CHICA,20.5 X 10.5c,ARTESANIAS ,JORVINA ARTICULOS RELEGIOSOS ,YURECUARO ,33 2184 5609,MARIA ESTHER NAVA ,$139.66,$22.34,$162,50.00%, $ 81.00 ,, $ 7.20 , $ 1.15 , $ 7.63 , $ 15.98 ,3.61%,$259,,$35.72,$223,$168,,,,,,,,,,,,,,,,,,
0755,CSBP-CH, LGVTM248,CRUZ SAN BENITO PARA COLGAR PLATA MED.,20.5 X 10.5c,ARTESANIAS ,JORVINA ARTICULOS RELEGIOSOS ,YURECUARO ,33 2184 5609,MARIA ESTHER NAVA ,$134.48,$21.52,$156,50.00%, $ 78.00 ,, $ 7.02 , $ 1.12 , $ 7.44 , $ 15.59 ,3.52%,$250,,$34.43,$215,$160,,,,,,,,,,,,,,,,,,
0756,CR-SBP, LGVTM249,CRUZ RESACADA SAN BENITO PLATA,,ARTESANIAS ,JORVINA ARTICULOS RELEGIOSOS ,YURECUARO ,33 2184 5609,MARIA ESTHER NAVA ,$371.55,$59.45,$431,50.00%, $ 215.50 ,, $ 15.00 , $ 2.40 , $ 15.88 , $ 33.28 ,7.51%,$680,,$93.76,$586,$531,,,,,,,,,,,,,,,,,,
0757,CR-SBD, LGVTM250,CRUZ RESACADA SAN BENITO DORADO,,ARTESANIAS ,JORVINA ARTICULOS RELEGIOSOS ,YURECUARO ,33 2184 5609,MARIA ESTHER NAVA ,$371.55,$59.45,$431,50.00%, $ 215.50 ,, $ 15.00 , $ 2.40 , $ 15.88 , $ 33.28 ,7.51%,$680,,$93.76,$586,$531,,,,,,,,,,,,,,,,,,
0758,CR-SBPB, LGVTM251,CRUZ RESACADA SAN BENITO PLATA C/BASE,,ARTESANIAS ,JORVINA ARTICULOS RELEGIOSOS ,YURECUARO ,33 2184 5609,MARIA ESTHER NAVA ,$420.69,$67.31,$488,50.00%, $ 244.00 ,, $ 16.65 , $ 2.66 , $ 17.63 , $ 36.94 ,8.34%,$769,,$106.06,$663,$608,,,,,,,,,,,,,,,,,,
0759,CR-SBDB, LGVTM252,CRUZ RESACADA SAN BENITO DORADO C/BASE,,ARTESANIAS ,JORVINA ARTICULOS RELEGIOSOS ,YURECUARO ,33 2184 5609,MARIA ESTHER NAVA ,$420.69,$67.31,$488,50.00%, $ 244.00 ,, $ 16.65 , $ 2.66 , $ 17.63 , $ 36.94 ,8.34%,$769,,$106.06,$663,$608,,,,,,,,,,,,,,,,,,
0760,16SBD, LGVTM253,CRUZ SAN BENITO NUM. 16 C/MAD.  EN DORADA,26.5X17.5cm,ARTESANIAS ,JORVINA ARTICULOS RELEGIOSOS ,YURECUARO ,33 2184 5609,MARIA ESTHER NAVA ,$261.21,$41.79,$303,50.00%, $ 151.50 ,, $ 11.29 , $ 1.81 , $ 11.95 , $ 25.04 ,5.66%,$480,,$66.14,$413,$358,,,,,,,,,,,,,,,,,,
0761,16SBP, LGVTM254,CRUZ SAN BENITO NUM. 16 C/MAD. EN PLATA,26.5X17.5cm,ARTESANIAS ,JORVINA ARTICULOS RELEGIOSOS ,YURECUARO ,33 2184 5609,MARIA ESTHER NAVA ,$234.48,$37.52,$272,50.00%, $ 136.00 ,, $ 10.39 , $ 1.66 , $ 11.00 , $ 23.05 ,5.20%,$431,,$59.46,$372,$316,,,,,,,,,,,,,,,,,,
0762,1SBD, LGVTM255,CRUZ SAN BENITO EN MADERA DORADA MEDIANA,24 X 14.5 cm,ARTESANIAS ,JORVINA ARTICULOS RELEGIOSOS ,YURECUARO ,33 2184 5609,MARIA ESTHER NAVA ,$164.66,$26.34,$191,50.00%, $ 95.50 ,, $ 8.04 , $ 1.29 , $ 8.52 , $ 17.84 ,4.03%,$304,,$41.98,$262,$207,,,,,,,,,,,,,,,,,,
0763,1SBP, LGVTM256,CRUZ SAN BENITO EN MADERA PLATA MEDIANA,24 X 14.5 cm,ARTESANIAS ,JORVINA ARTICULOS RELEGIOSOS ,YURECUARO ,33 2184 5609,MARIA ESTHER NAVA ,$150.86,$24.14,$175,50.00%, $ 87.50 ,, $ 7.58 , $ 1.21 , $ 8.03 , $ 16.81 ,3.80%,$279,,$38.53,$241,$186,,,,,,,,,,,,,,,,,,
0764,2SBD, LGVTM257,CRUZ SAN BENITO DORADA C/MADERA CHICA,19 X 13 cms,ARTESANIAS ,JORVINA ARTICULOS RELEGIOSOS ,YURECUARO ,33 2184 5609,MARIA ESTHER NAVA ,$139.66,$22.34,$162,50.00%, $ 81.00 ,, $ 7.20 , $ 1.15 , $ 7.63 , $ 15.98 ,3.61%,$259,,$35.72,$223,$168,,,,,,,,,,,,,,,,,,
0765,2SBP, LGVTM258,CRUZ SAN BENITO PLATA C/MADERA CHICA,19 X 13 cms,ARTESANIAS ,JORVINA ARTICULOS RELEGIOSOS ,YURECUARO ,33 2184 5609,MARIA ESTHER NAVA ,$134.48,$21.52,$156,50.00%, $ 78.00 ,, $ 7.02 , $ 1.12 , $ 7.44 , $ 15.59 ,3.52%,$250,,$34.43,$215,$160,,,,,,,,,,,,,,,,,,
0766,A-SBRD, LGVTM259,CRUZ SAN BENITO RESPLANDOR DORADA,20 X 13 cms,ARTESANIAS ,JORVINA ARTICULOS RELEGIOSOS ,YURECUARO ,33 2184 5609,MARIA ESTHER NAVA ,$169.83,$27.17,$197,50.00%, $ 98.50 ,, $ 8.21 , $ 1.31 , $ 8.70 , $ 18.23 ,4.12%,$314,,$43.27,$270,$215,,,,,,,,,,,,,,,,,,
0767,A-SBR, LGVTM260,CRUZ SAN BENITO RESPLANDOR PLATA,20 X 13 cms,ARTESANIAS ,JORVINA ARTICULOS RELEGIOSOS ,YURECUARO ,33 2184 5609,MARIA ESTHER NAVA ,$153.45,$24.55,$178,50.00%, $ 89.00 ,, $ 7.66 , $ 1.23 , $ 8.12 , $ 17.01 ,3.84%,$284,,$39.17,$245,$190,,,,,,,,,,,,,,,,,,
0768,A-SB2, LGVTM261,CRUZ DE SAN BENITO NUM. 2,15 X 8.5 cms,ARTESANIAS ,JORVINA ARTICULOS RELEGIOSOS ,YURECUARO ,33 2184 5609,MARIA ESTHER NAVA ,$43.97,$7.03,$51,50.00%, $ 25.50 ,, $ 3.98 , $ 0.64 , $ 4.22 , $ 8.84 ,2.00%,$85,,$11.77,$74,$18,,,,,,,,,,,,,,,,,,
0769,A-SB1, LGVTM262,CRUZ DE SAN BENITO NUM. 1,15 X 8.5 cms,ARTESANIAS ,JORVINA ARTICULOS RELEGIOSOS ,YURECUARO ,33 2184 5609,MARIA ESTHER NAVA ,$67.24,$10.76,$78,50.00%, $ 39.00 ,, $ 4.76 , $ 0.76 , $ 5.05 , $ 10.57 ,2.39%,$128,,$17.60,$110,$55,,,,,,,,,,,,,,,,,,
0770,MJSBD, LGVTM263,MEDALLA JUMBO SAN BENITO DORADA,7.6 X 7.6cms,ARTESANIAS ,JORVINA ARTICULOS RELEGIOSOS ,YURECUARO ,33 2184 5609,MARIA ESTHER NAVA ,$78.45,$12.55,$91,50.00%, $ 45.50 ,, $ 5.14 , $ 0.82 , $ 5.45 , $ 11.41 ,2.58%,$148,,$20.40,$128,$72,,,,,,,,,,,,,,,,,,
0771,MJSBP, LGVTM264,MEDALLA JUMBO SAN BENITO PLATA,7.6 X 7.6cms,ARTESANIAS ,JORVINA ARTICULOS RELEGIOSOS ,YURECUARO ,33 2184 5609,MARIA ESTHER NAVA ,$74.14,$11.86,$86,50.00%, $ 43.00 ,, $ 4.99 , $ 0.80 , $ 5.30 , $ 11.09 ,2.50%,$140,,$19.32,$121,$66,,,,,,,,,,,,,,,,,,
0772,MMSBD, LGVTM265,MEDALLA MEDIANA SAN BENITO DORADA,4.6 X 4.6cms,ARTESANIAS ,JORVINA ARTICULOS RELEGIOSOS ,YURECUARO ,33 2184 5609,MARIA ESTHER NAVA ,$29.31,$4.69,$34,75.00%, $ 25.50 ,, $ 3.49 , $ 0.56 , $ 3.87 , $ 7.91 ,1.79%,$67,,$9.30,$58,$3,,,,,,,,,,,,,,,,,,
0773,MMSBP, LGVTM266,MEDALLA MEDIANA SAN BENITO PLATA,4.6 X 4.6cms,ARTESANIAS ,JORVINA ARTICULOS RELEGIOSOS ,YURECUARO ,33 2184 5609,MARIA ESTHER NAVA ,$26.72,$4.28,$31,95.00%, $ 29.45 ,, $ 3.40 , $ 0.54 , $ 3.89 , $ 7.83 ,1.77%,$68,,$9.42,$59,$4,,,,,,,,,,,,,,,,,,
0774,MCSBD, LGVTM267,MEDALLA CHICA SAN BENITO DORADA,3 X 3 cms,ARTESANIAS ,JORVINA ARTICULOS RELEGIOSOS ,YURECUARO ,33 2184 5609,MARIA ESTHER NAVA ,$12.93,$2.07,$15,200.00%, $ 30.00 ,, $ 2.94 , $ 0.47 , $ 3.57 , $ 6.97 ,1.57%,$52,,$7.17,$45,-$10,,,,,,,,,,,,,,,,,,
0775,MCSBP, LGVTM268,MEDALLA CHICA SAN BENITO PLATA,3 X 3 cms,ARTESANIAS ,JORVINA ARTICULOS RELEGIOSOS ,YURECUARO ,33 2184 5609,MARIA ESTHER NAVA ,$12.07,$1.93,$14,200.00%, $ 28.00 ,, $ 2.91 , $ 0.46 , $ 3.51 , $ 6.88 ,1.55%,$49,,$6.74,$42,-$13,,,,,,,,,,,,,,,,,,
0776,MJSB-MD, LGVTM269,MEDALLA JUMBO SAN BENITO ARO MAD. DORA.,11.5 X10.5cm,ARTESANIAS ,JORVINA ARTICULOS RELEGIOSOS ,YURECUARO ,33 2184 5609,MARIA ESTHER NAVA ,$116.38,$18.62,$135,50.00%, $ 67.50 ,, $ 6.42 , $ 1.03 , $ 6.80 , $ 14.24 ,3.22%,$217,,$29.90,$187,$132,,,,,,,,,,,,,,,,,,
0777,MJSB-M, LGVTM270,MEDALLA JUMBO SAN BENITO ARO MAD. PLATA,11.5 X10.5cm,ARTESANIAS ,JORVINA ARTICULOS RELEGIOSOS ,YURECUARO ,33 2184 5609,MARIA ESTHER NAVA ,$106.03,$16.97,$123,50.00%, $ 61.50 ,, $ 6.07 , $ 0.97 , $ 6.43 , $ 13.47 ,3.04%,$198,,$27.31,$171,$115,,,,,,,,,,,,,,,,,,
0778,MSB-1D, LGVTM271,MEDALLA SAN BENITO OVALO MADERA DORADA,8.5 X 9.5 cm,ARTESANIAS ,JORVINA ARTICULOS RELEGIOSOS ,YURECUARO ,33 2184 5609,MARIA ESTHER NAVA ,$76.72,$12.28,$89,50.00%, $ 44.50 ,, $ 5.08 , $ 0.81 , $ 5.39 , $ 11.28 ,2.55%,$145,,$19.97,$125,$70,,,,,,,,,,,,,,,,,,
0779,MSB-1, LGVTM272,MEDALLA SAN BENITO OVALO MADERA PLATA,8.5 X 9.5 cm,ARTESANIAS ,JORVINA ARTICULOS RELEGIOSOS ,YURECUARO ,33 2184 5609,MARIA ESTHER NAVA ,$72.41,$11.59,$84,50.00%, $ 42.00 ,, $ 4.94 , $ 0.79 , $ 5.23 , $ 10.96 ,2.47%,$137,,$18.89,$118,$63,,,,,,,,,,,,,,,,,,
0780,VGMCDP, LGVTM273,VIRGEN GPE. 1/2 CUERPO ARO DORADO C/PIED.,9 X 9 cms,ARTESANIAS ,JORVINA ARTICULOS RELEGIOSOS ,YURECUARO ,33 2184 5609,MARIA ESTHER NAVA ,$85.34,$13.66,$99,50.00%, $ 49.50 ,, $ 5.37 , $ 0.86 , $ 5.69 , $ 11.92 ,2.69%,$160,,$22.13,$138,$83,,,,,,,,,,,,,,,,,,
0781,VGMCPP, LGVTM274,VIRGEN GPE. 1/2 CUERPO ARO PLATA C/PIEDRA,9 X 9 cms,ARTESANIAS ,JORVINA ARTICULOS RELEGIOSOS ,YURECUARO ,33 2184 5609,MARIA ESTHER NAVA ,$76.72,$12.28,$89,50.00%, $ 44.50 ,, $ 5.08 , $ 0.81 , $ 5.39 , $ 11.28 ,2.55%,$145,,$19.97,$125,$70,,,,,,,,,,,,,,,,,,
0782,VGADP, LGVTM275,VIRGEN GUADALUPE EN ARO DORADA C/PIEDRA,9 X 9 cms,ARTESANIAS ,JORVINA ARTICULOS RELEGIOSOS ,YURECUARO ,33 2184 5609,MARIA ESTHER NAVA ,$85.34,$13.66,$99,50.00%, $ 49.50 ,, $ 5.37 , $ 0.86 , $ 5.69 , $ 11.92 ,2.69%,$160,,$22.13,$138,$83,,,,,,,,,,,,,,,,,,
0783,VGAPP, LGVTM276,VIRGEN GUADALUPE EN ARO PLATA C/PIEDRA,9 X 9 cms,ARTESANIAS ,JORVINA ARTICULOS RELEGIOSOS ,YURECUARO ,33 2184 5609,MARIA ESTHER NAVA ,$76.72,$12.28,$89,50.00%, $ 44.50 ,, $ 5.08 , $ 0.81 , $ 5.39 , $ 11.28 ,2.55%,$145,,$19.97,$125,$70,,,,,,,,,,,,,,,,,,
0784,VGAD, LGVTM277,VIRGEN GUADALUPE EN ARO DORADA,23 X 15 cms,ARTESANIAS ,JORVINA ARTICULOS RELEGIOSOS ,YURECUARO ,33 2184 5609,MARIA ESTHER NAVA ,$67.24,$10.76,$78,50.00%, $ 39.00 ,, $ 4.76 , $ 0.76 , $ 5.05 , $ 10.57 ,2.39%,$128,,$17.60,$110,$55,,,,,,,,,,,,,,,,,,
0785,VGAP, LGVTM278,VIRGEN GUADALUPE EN ARO PLATA,23 X 15 cms,ARTESANIAS ,JORVINA ARTICULOS RELEGIOSOS ,YURECUARO ,33 2184 5609,MARIA ESTHER NAVA ,$62.07,$9.93,$72,50.00%, $ 36.00 ,, $ 4.59 , $ 0.73 , $ 4.87 , $ 10.19 ,2.30%,$118,,$16.30,$102,$47,,,,,,,,,,,,,,,,,,
0786,VGNR-D, LGVTM279,VIRGEN GUADALUPE NUEVA RETABLO DORADA,17 X 13 cms,ARTESANIAS ,JORVINA ARTICULOS RELEGIOSOS ,YURECUARO ,33 2184 5609,MARIA ESTHER NAVA ,$249.14,$39.86,$289,50.00%, $ 144.50 ,, $ 10.88 , $ 1.74 , $ 11.52 , $ 24.14 ,5.45%,$458,,$63.12,$395,$339,,,,,,,,,,,,,,,,,,
0787,VGNR-P, LGVTM280,VIRGEN GUADALUPE NUEVA RETABLO PLATA,10 X 7 cms,ARTESANIAS ,JORVINA ARTICULOS RELEGIOSOS ,YURECUARO ,33 2184 5609,MARIA ESTHER NAVA ,$229.31,$36.69,$266,50.00%, $ 133.00 ,, $ 10.21 , $ 1.63 , $ 10.82 , $ 22.67 ,5.12%,$422,,$58.16,$364,$308,,,,,,,,,,,,,,,,,,
0788,RM, LGVTM281,RETABLO GRANDE MADONA CON NIÑO,23.5 X 13.5 c,ARTESANIAS ,JORVINA ARTICULOS RELEGIOSOS ,YURECUARO ,33 2184 5609,MARIA ESTHER NAVA ,$131.03,$20.97,$152,50.00%, $ 76.00 ,, $ 6.91 , $ 1.11 , $ 7.32 , $ 15.33 ,3.46%,$243,,$33.56,$210,$155,,,,,,,,,,,,,,,,,,
0789,A-CMN, LGVTM282,CAMAFEO MADONA CON NIÑO EN BASE,23.5 X 13.5 c,ARTESANIAS ,JORVINA ARTICULOS RELEGIOSOS ,YURECUARO ,33 2184 5609,MARIA ESTHER NAVA ,$93.10,$14.90,$108,50.00%, $ 54.00 ,, $ 5.63 , $ 0.90 , $ 5.97 , $ 12.50 ,2.82%,$175,,$24.07,$150,$95,,,,,,,,,,,,,,,,,,
0790,RGGD, LGVTM283,RETABLO VIRGEN GUADALUPE DORADA,10 X 6.3 cms,ARTESANIAS ,JORVINA ARTICULOS RELEGIOSOS ,YURECUARO ,33 2184 5609,MARIA ESTHER NAVA ,$143.97,$23.03,$167,50.00%, $ 83.50 ,, $ 7.34 , $ 1.17 , $ 7.78 , $ 16.30 ,3.68%,$267,,$36.80,$230,$175,,,,,,,,,,,,,,,,,,
0791,RGG, LGVTM284,RETABLO VIRGEN GUADALUPE PLATA,10 X 7.5 cms,ARTESANIAS ,JORVINA ARTICULOS RELEGIOSOS ,YURECUARO ,33 2184 5609,MARIA ESTHER NAVA ,$132.76,$21.24,$154,50.00%, $ 77.00 ,, $ 6.97 , $ 1.11 , $ 7.38 , $ 15.46 ,3.49%,$246,,$33.99,$212,$157,,,,,,,,,,,,,,,,,,
0792,M-VMI, LGVTM285,MEDALLON VIRGEN MILAGROSA,10 X 7.5 cms,ARTESANIAS ,JORVINA ARTICULOS RELEGIOSOS ,YURECUARO ,33 2184 5609,MARIA ESTHER NAVA ,$93.10,$14.90,$108,50.00%, $ 54.00 ,, $ 5.63 , $ 0.90 , $ 5.97 , $ 12.50 ,2.82%,$175,,$24.07,$150,$95,,,,,,,,,,,,,,,,,,
0793,AMND, LGVTM286,MADONA CON NIÑO EN ARO DORADO C/PIEDRA,22 X 10.5 cm,ARTESANIAS ,JORVINA ARTICULOS RELEGIOSOS ,YURECUARO ,33 2184 5609,MARIA ESTHER NAVA ,$131.03,$20.97,$152,50.00%, $ 76.00 ,, $ 6.91 , $ 1.11 , $ 7.32 , $ 15.33 ,3.46%,$243,,$33.56,$210,$155,,,,,,,,,,,,,,,,,,
0794,AMNP, LGVTM287,MADONA CON NIÑO EN ARO PLATA C/PIEDRA,22 X 10.5 cm,ARTESANIAS ,JORVINA ARTICULOS RELEGIOSOS ,YURECUARO ,33 2184 5609,MARIA ESTHER NAVA ,$120.69,$19.31,$140,50.00%, $ 70.00 ,, $ 6.56 , $ 1.05 , $ 6.95 , $ 14.56 ,3.29%,$225,,$30.97,$194,$138,,,,,,,,,,,,,,,,,,
0795,VGNB-D, LGVTM288,VIRGEN GUADALUPE NUEVA BASE DORADA,10.5 x 11.5 c,ARTESANIAS ,JORVINA ARTICULOS RELEGIOSOS ,YURECUARO ,33 2184 5609,MARIA ESTHER NAVA ,$229.31,$36.69,$266,50.00%, $ 133.00 ,, $ 10.21 , $ 1.63 , $ 10.82 , $ 22.67 ,5.12%,$422,,$58.16,$364,$308,,,,,,,,,,,,,,,,,,
0796,VGNB-P, LGVTM289,VIRGEN GUADALUPE NUEVA BASE PLATA,5.5 X 5.5 cm,ARTESANIAS ,JORVINA ARTICULOS RELEGIOSOS ,YURECUARO ,33 2184 5609,MARIA ESTHER NAVA ,$211.21,$33.79,$245,50.00%, $ 122.50 ,, $ 9.61 , $ 1.54 , $ 10.17 , $ 21.31 ,4.81%,$389,,$53.63,$335,$280,,,,,,,,,,,,,,,,,,
0797,VGADP-B, LGVTM290,VIRGEN GPE. EN ARO DORADA C/PIEDRA B/MAD.,5.5 X 5.5 cm,ARTESANIAS ,JORVINA ARTICULOS RELEGIOSOS ,YURECUARO ,33 2184 5609,MARIA ESTHER NAVA ,$132.76,$21.24,$154,50.00%, $ 77.00 ,, $ 6.97 , $ 1.11 , $ 7.38 , $ 15.46 ,3.49%,$246,,$33.99,$212,$157,,,,,,,,,,,,,,,,,,
0798,MAD, LGVTM291,MADONA EN ARO DORADA,10.5 X 5.5cm,ARTESANIAS ,JORVINA ARTICULOS RELEGIOSOS ,YURECUARO ,33 2184 5609,MARIA ESTHER NAVA ,$38.79,$6.21,$45,50.00%, $ 22.50 ,, $ 3.81 , $ 0.61 , $ 4.04 , $ 8.45 ,1.91%,$76,,$10.48,$65,$10,,,,,,,,,,,,,,,,,,
0799,MAP, LGVTM292,MADONA EN ARO PLATA,9.5 X 5.2 cm,ARTESANIAS ,JORVINA ARTICULOS RELEGIOSOS ,YURECUARO ,33 2184 5609,MARIA ESTHER NAVA ,$35.34,$5.66,$41,50.00%, $ 20.50 ,, $ 3.69 , $ 0.59 , $ 3.92 , $ 8.19 ,1.85%,$70,,$9.61,$60,$5,,,,,,,,,,,,,,,,,,
0800,1MO, LGVTM293,CRUZ MADONA ORANDO,16.5 X 7 cms,ARTESANIAS ,JORVINA ARTICULOS RELEGIOSOS ,YURECUARO ,33 2184 5609,MARIA ESTHER NAVA ,$33.62,$5.38,$39,50.00%, $ 19.50 ,, $ 3.63 , $ 0.58 , $ 3.85 , $ 8.07 ,1.82%,$67,,$9.18,$57,$2,,,,,,,,,,,,,,,,,,
0801,2MO, LGVTM294,CRUZ MADONA ORANDO ESPECIAL,8.5 X 4 cms,ARTESANIAS ,JORVINA ARTICULOS RELEGIOSOS ,YURECUARO ,33 2184 5609,MARIA ESTHER NAVA ,$33.62,$5.38,$39,50.00%, $ 19.50 ,, $ 3.63 , $ 0.58 , $ 3.85 , $ 8.07 ,1.82%,$67,,$9.18,$57,$2,,,,,,,,,,,,,,,,,,
0802,MTC, LGVTM295,CRUZ MADONA CON TRENZA,9 X 5.2 cms,ARTESANIAS ,JORVINA ARTICULOS RELEGIOSOS ,YURECUARO ,33 2184 5609,MARIA ESTHER NAVA ,$58.62,$9.38,$68,50.00%, $ 34.00 ,, $ 4.47 , $ 0.72 , $ 4.74 , $ 9.93 ,2.24%,$112,,$15.44,$96,$41,,,,,,,,,,,,,,,,,,
0803,IM03, LGVTM296,VIRGEN MILAGROSA EN BULTO,7.5 X 2.5 cm,ARTESANIAS ,JORVINA ARTICULOS RELEGIOSOS ,YURECUARO ,33 2184 5609,MARIA ESTHER NAVA ,$49.14,$7.86,$57,50.00%, $ 28.50 ,, $ 4.15 , $ 0.66 , $ 4.41 , $ 9.22 ,2.08%,$95,,$13.07,$82,$26,,,,,,,,,,,,,,,,,,
0804,VMABU, LGVTM297,VIRGEN MARIA  AUXILIADORA EN BULTO,4.5 X 2 cms,ARTESANIAS ,JORVINA ARTICULOS RELEGIOSOS ,YURECUARO ,33 2184 5609,MARIA ESTHER NAVA ,$46.55,$7.45,$54,50.00%, $ 27.00 ,, $ 4.07 , $ 0.65 , $ 4.31 , $ 9.03 ,2.04%,$90,,$12.42,$78,$22,,,,,,,,,,,,,,,,,,
0805,VMBU, LGVTM298,VIRGEN MARIA CON NIÑO EN BULTO,6.5 X 2.5 cm,ARTESANIAS ,JORVINA ARTICULOS RELEGIOSOS ,YURECUARO ,33 2184 5609,MARIA ESTHER NAVA ,$30.17,$4.83,$35,50.00%, $ 17.50 ,, $ 3.52 , $ 0.56 , $ 3.73 , $ 7.81 ,1.76%,$60,,$8.32,$52,-$3,,,,,,,,,,,,,,,,,,
0806,IM05, LGVTM299,VIRGEN GUADALUPE COMBINADA CHICA,8 X 6.5 cms,ARTESANIAS ,JORVINA ARTICULOS RELEGIOSOS ,YURECUARO ,33 2184 5609,MARIA ESTHER NAVA ,$20.69,$3.31,$24,50.00%, $ 12.00 ,, $ 3.20 , $ 0.51 , $ 3.39 , $ 7.10 ,1.60%,$43,,$5.95,$37,-$18,,,,,,,,,,,,,,,,,,
0807,IM04, LGVTM300,VIRGEN GUADALUPE COMBINADA MEDIANA,8.5 X 2.5 cm,ARTESANIAS ,JORVINA ARTICULOS RELEGIOSOS ,YURECUARO ,33 2184 5609,MARIA ESTHER NAVA ,$43.97,$7.03,$51,50.00%, $ 25.50 ,, $ 3.98 , $ 0.64 , $ 4.22 , $ 8.84 ,2.00%,$85,,$11.77,$74,$18,,,,,,,,,,,,,,,,,,
0808,IM04-B, LGVTM301,VIRGEN GPE. MEDIANA COMBINADA C/BASE MAD,9.5 X 4.5 cm,ARTESANIAS ,JORVINA ARTICULOS RELEGIOSOS ,YURECUARO ,33 2184 5609,MARIA ESTHER NAVA ,$58.62,$9.38,$68,50.00%, $ 34.00 ,, $ 4.47 , $ 0.72 , $ 4.74 , $ 9.93 ,2.24%,$112,,$15.44,$96,$41,,,,,,,,,,,,,,,,,,
0809,2VGBU, LGVTM302,VIRGEN GUADALUPE MEDIANA EN BULTO,10.5 x 11.5 c,ARTESANIAS ,JORVINA ARTICULOS RELEGIOSOS ,YURECUARO ,33 2184 5609,MARIA ESTHER NAVA ,$40.52,$6.48,$47,50.00%, $ 23.50 ,, $ 3.86 , $ 0.62 , $ 4.10 , $ 8.58 ,1.94%,$79,,$10.91,$68,$13,,,,,,,,,,,,,,,,,,
0810,2GB, LGVTM303,VIRGEN GUADALUPE BULTO BASE MADERA,10.5 x 11.5 c,ARTESANIAS ,JORVINA ARTICULOS RELEGIOSOS ,YURECUARO ,33 2184 5609,MARIA ESTHER NAVA ,$52.59,$8.41,$61,50.00%, $ 30.50 ,, $ 4.27 , $ 0.68 , $ 4.53 , $ 9.48 ,2.14%,$101,,$13.93,$87,$32,,,,,,,,,,,,,,,,,,
0811,VGMCDP-B, LGVTM304,VIRGEN GPE. MED.CUERPO DOR. C/BASE MAD.,10.5 x 11.5 c,ARTESANIAS ,JORVINA ARTICULOS RELEGIOSOS ,YURECUARO ,33 2184 5609,MARIA ESTHER NAVA ,$132.76,$21.24,$154,50.00%, $ 77.00 ,, $ 6.97 , $ 1.11 , $ 7.38 , $ 15.46 ,3.49%,$246,,$33.99,$212,$157,,,,,,,,,,,,,,,,,,
0812,VGMCPP-B, LGVTM305,VIRGEN GPE. MED.CUERPO PLA. C/BASE MAD.,,ARTESANIAS ,JORVINA ARTICULOS RELEGIOSOS ,YURECUARO ,33 2184 5609,MARIA ESTHER NAVA ,$132.76,$21.24,$154,50.00%, $ 77.00 ,, $ 6.97 , $ 1.11 , $ 7.38 , $ 15.46 ,3.49%,$246,,$33.99,$212,$157,,,,,,,,,,,,,,,,,,
0813,VGAPP-B, LGVTM306,VIRGEN GPE. ARO PLATA C/PIEDRA SWAROVSK,,ARTESANIAS ,JORVINA ARTICULOS RELEGIOSOS ,YURECUARO ,33 2184 5609,MARIA ESTHER NAVA ,$132.76,$21.24,$154,50.00%, $ 77.00 ,, $ 6.97 , $ 1.11 , $ 7.38 , $ 15.46 ,3.49%,$246,,$33.99,$212,$157,,,,,,,,,,,,,,,,,,
0814,VGRA-D, LGVTM307,RETABLO VIRGEN DE GUADALUPE ACRILICO DORADO,15.5 X 13 cm,ARTESANIAS ,JORVINA ARTICULOS RELEGIOSOS ,YURECUARO ,33 2184 5609,MARIA ESTHER NAVA ,$322.41,$51.59,$374,50.00%, $ 187.00 ,, $ 13.35 , $ 2.14 , $ 14.13 , $ 29.61 ,6.69%,$591,,$81.46,$509,$454,,,,,,,,,,,,,,,,,,
0815,VGRA-P, LGVTM308,RETABLO VIRGEN DE GUADALUPE ACRIliCO PLATA,15.5 X 13 cm,ARTESANIAS ,JORVINA ARTICULOS RELEGIOSOS ,YURECUARO ,33 2184 5609,MARIA ESTHER NAVA ,$296.55,$47.45,$344,50.00%, $ 172.00 ,, $ 12.48 , $ 2.00 , $ 13.21 , $ 27.68 ,6.25%,$544,,$74.99,$469,$414,,,,,,,,,,,,,,,,,,
0816,MMO-D, LGVTM309,MARCO MADONA ORANDO DORADO,8.5 X 7.3 cm,ARTESANIAS ,JORVINA ARTICULOS RELEGIOSOS ,YURECUARO ,33 2184 5609,MARIA ESTHER NAVA ,$145.69,$23.31,$169,50.00%, $ 84.50 ,, $ 7.40 , $ 1.18 , $ 7.84 , $ 16.43 ,3.71%,$270,,$37.23,$233,$178,,,,,,,,,,,,,,,,,,
0817,MMO-P, LGVTM310,MARCO MADONA ORANDO PLATA,8.5 X 7.3 cm,ARTESANIAS ,JORVINA ARTICULOS RELEGIOSOS ,YURECUARO ,33 2184 5609,MARIA ESTHER NAVA ,$138.79,$22.21,$161,50.00%, $ 80.50 ,, $ 7.17 , $ 1.15 , $ 7.60 , $ 15.91 ,3.59%,$257,,$35.51,$222,$167,,,,,,,,,,,,,,,,,,
0818,RMI-D, LGVTM311,RETABLO MADONA ITALIANA DORADA,,ARTESANIAS ,JORVINA ARTICULOS RELEGIOSOS ,YURECUARO ,33 2184 5609,MARIA ESTHER NAVA ,$103.45,$16.55,$120,50.00%, $ 60.00 ,, $ 5.98 , $ 0.96 , $ 6.34 , $ 13.28 ,3.00%,$193,,$26.66,$167,$111,,,,,,,,,,,,,,,,,,
0819,RMI-P, LGVTM312,RETABLO MADONA ITALIANA PLATA,,ARTESANIAS ,JORVINA ARTICULOS RELEGIOSOS ,YURECUARO ,33 2184 5609,MARIA ESTHER NAVA ,$96.55,$15.45,$112,50.00%, $ 56.00 ,, $ 5.75 , $ 0.92 , $ 6.09 , $ 12.76 ,2.88%,$181,,$24.93,$156,$101,,,,,,,,,,,,,,,,,,
0820,, LGVTM313,SAGRADA FAMILIA,,0,0,0,0,0,$0.00,$0.00,,0.00%, $ -   ,, $ 2.50 , $ -   , $ -   , $ -   ,0.00%,$0,,$0.00,$0,$0,,,,,,,,,,,,,,,,,,
0821,SFAP, LGVTM314,SAGRADA FAMILIA ARAGON DE PIE,12 X 10 cms,ARTESANIAS ,JORVINA ARTICULOS RELEGIOSOS ,YURECUARO ,33 2184 5609,MARIA ESTHER NAVA ,$66.38,$10.62,$77,50.00%, $ 38.50 ,, $ 4.73 , $ 0.76 , $ 5.02 , $ 10.51 ,2.37%,$126,,$17.38,$109,$53,,,,,,,,,,,,,,,,,,
0822,SFA, LGVTM315,SAGRADA FAMILIA ARAGON EN MADERA,12 X 10 cms,ARTESANIAS ,JORVINA ARTICULOS RELEGIOSOS ,YURECUARO ,33 2184 5609,MARIA ESTHER NAVA ,$66.38,$10.62,$77,50.00%, $ 38.50 ,, $ 4.73 , $ 0.76 , $ 5.02 , $ 10.51 ,2.37%,$126,,$17.38,$109,$53,,,,,,,,,,,,,,,,,,
0823,SFR, LGVTM316,SAGRADA FAMILIA RETABLO,11.5 X 8.5cm,ARTESANIAS ,JORVINA ARTICULOS RELEGIOSOS ,YURECUARO ,33 2184 5609,MARIA ESTHER NAVA ,$58.62,$9.38,$68,50.00%, $ 34.00 ,, $ 4.47 , $ 0.72 , $ 4.74 , $ 9.93 ,2.24%,$112,,$15.44,$96,$41,,,,,,,,,,,,,,,,,,
0824,SFR-D, LGVTM317,SAGRADA FAMILIA RETABLO C/BASE EN DORADO,6.6 X 10.5cm,ARTESANIAS ,JORVINA ARTICULOS RELEGIOSOS ,YURECUARO ,33 2184 5609,MARIA ESTHER NAVA ,$131.03,$20.97,$152,50.00%, $ 76.00 ,, $ 6.91 , $ 1.11 , $ 7.32 , $ 15.33 ,3.46%,$243,,$33.56,$210,$155,,,,,,,,,,,,,,,,,,
0825,SFR-P, LGVTM318,SAGRADA FAMILIA RETABLO C/BASE EN PLATA,6.6 X 10.5cm,ARTESANIAS ,JORVINA ARTICULOS RELEGIOSOS ,YURECUARO ,33 2184 5609,MARIA ESTHER NAVA ,$125.00,$20.00,$145,50.00%, $ 72.50 ,, $ 6.71 , $ 1.07 , $ 7.11 , $ 14.88 ,3.36%,$232,,$32.05,$200,$145,,,,,,,,,,,,,,,,,,
0826,MSF-B, LGVTM319,MEDALLON SAGRADA FAMILIA DORADO C/B MAD.,6.6 X 10.5cm,ARTESANIAS ,JORVINA ARTICULOS RELEGIOSOS ,YURECUARO ,33 2184 5609,MARIA ESTHER NAVA ,$58.62,$9.38,$68,50.00%, $ 34.00 ,, $ 4.47 , $ 0.72 , $ 4.74 , $ 9.93 ,2.24%,$112,,$15.44,$96,$41,,,,,,,,,,,,,,,,,,
0827,MASFP-D, LGVTM320,MED. ARO SAGRADA FAMILIA DORADA C/PIED.SW,9 X 10 cms,ARTESANIAS ,JORVINA ARTICULOS RELEGIOSOS ,YURECUARO ,33 2184 5609,MARIA ESTHER NAVA ,$90.52,$14.48,$105,50.00%, $ 52.50 ,, $ 5.55 , $ 0.89 , $ 5.88 , $ 12.31 ,2.78%,$170,,$23.42,$146,$91,,,,,,,,,,,,,,,,,,
0828,MASF-P, LGVTM321,MED. ARO SAGRADA FAMILIA PLATA C/PIED. SW,9 X 10 cms,ARTESANIAS ,JORVINA ARTICULOS RELEGIOSOS ,YURECUARO ,33 2184 5609,MARIA ESTHER NAVA ,$85.34,$13.66,$99,50.00%, $ 49.50 ,, $ 5.37 , $ 0.86 , $ 5.69 , $ 11.92 ,2.69%,$160,,$22.13,$138,$83,,,,,,,,,,,,,,,,,,
0829,MASFP-DB, LGVTM322,MEDALLON SAGRADA FAM. DORADA C/P BM,10.5 X 11.5 c,ARTESANIAS ,JORVINA ARTICULOS RELEGIOSOS ,YURECUARO ,33 2184 5609,MARIA ESTHER NAVA ,$132.76,$21.24,$154,50.00%, $ 77.00 ,, $ 6.97 , $ 1.11 , $ 7.38 , $ 15.46 ,3.49%,$246,,$33.99,$212,$157,,,,,,,,,,,,,,,,,,
0830,MASFP-B, LGVTM323,MEDALLON SAGRADA FAM. PLATA C/P BM,10.5 X 11.5 c,ARTESANIAS ,JORVINA ARTICULOS RELEGIOSOS ,YURECUARO ,33 2184 5609,MARIA ESTHER NAVA ,$132.76,$21.24,$154,50.00%, $ 77.00 ,, $ 6.97 , $ 1.11 , $ 7.38 , $ 15.46 ,3.49%,$246,,$33.99,$212,$157,,,,,,,,,,,,,,,,,,
0831,MSF, LGVTM324,MEDALLON SAGRADA FAMILIA DORADO PEDESTA,5.5 X 5.5 cm,ARTESANIAS ,JORVINA ARTICULOS RELEGIOSOS ,YURECUARO ,33 2184 5609,MARIA ESTHER NAVA ,$41.38,$6.62,$48,50.00%, $ 24.00 ,, $ 3.89 , $ 0.62 , $ 4.13 , $ 8.65 ,1.95%,$81,,$11.12,$70,$14,,,,,,,,,,,,,,,,,,
0832,MSFP, LGVTM325,MEDALLON SAGRADA FAMILIA PLATA PEDESTAL,5.5 X 5.5 cm,ARTESANIAS ,JORVINA ARTICULOS RELEGIOSOS ,YURECUARO ,33 2184 5609,MARIA ESTHER NAVA ,$38.79,$6.21,$45,50.00%, $ 22.50 ,, $ 3.81 , $ 0.61 , $ 4.04 , $ 8.45 ,1.91%,$76,,$10.48,$65,$10,,,,,,,,,,,,,,,,,,
0833,SF, LGVTM326,CRUZ SAGRADA FAMILIA,10.5 X 5.5cm,ARTESANIAS ,JORVINA ARTICULOS RELEGIOSOS ,YURECUARO ,33 2184 5609,MARIA ESTHER NAVA ,$33.62,$5.38,$39,50.00%, $ 19.50 ,, $ 3.63 , $ 0.58 , $ 3.85 , $ 8.07 ,1.82%,$67,,$9.18,$57,$2,,,,,,,,,,,,,,,,,,
0834,SFC, LGVTM327,CRUZ SAGRADA FAMILIA GRANDE,14 X 7 cms,ARTESANIAS ,JORVINA ARTICULOS RELEGIOSOS ,YURECUARO ,33 2184 5609,MARIA ESTHER NAVA ,$64.66,$10.34,$75,50.00%, $ 37.50 ,, $ 4.68 , $ 0.75 , $ 4.96 , $ 10.38 ,2.34%,$123,,$16.95,$106,$51,,,,,,,,,,,,,,,,,,
0835,SFCM, LGVTM328,SAGRADA FAMILIA CRUZ GRANDE C/MADERA,20.8 X 13 cm,ARTESANIAS ,JORVINA ARTICULOS RELEGIOSOS ,YURECUARO ,33 2184 5609,MARIA ESTHER NAVA ,$104.31,$16.69,$121,50.00%, $ 60.50 ,, $ 6.01 , $ 0.96 , $ 6.37 , $ 13.34 ,3.01%,$195,,$26.87,$168,$113,,,,,,,,,,,,,,,,,,
0836,SFCP-M, LGVTM329,SAGRADA FAMILIA CRUZ DE PIE C/MADERA,20.8 X 13 cm,ARTESANIAS ,JORVINA ARTICULOS RELEGIOSOS ,YURECUARO ,33 2184 5609,MARIA ESTHER NAVA ,$104.31,$16.69,$121,50.00%, $ 60.50 ,, $ 6.01 , $ 0.96 , $ 6.37 , $ 13.34 ,3.01%,$195,,$26.87,$168,$113,,,,,,,,,,,,,,,,,,
0837,SFCP, LGVTM330,SAGRADA FAMILIA CRUZ PIE,,ARTESANIAS ,JORVINA ARTICULOS RELEGIOSOS ,YURECUARO ,33 2184 5609,MARIA ESTHER NAVA ,$64.66,$10.34,$75,50.00%, $ 37.50 ,, $ 4.68 , $ 0.75 , $ 4.96 , $ 10.38 ,2.34%,$123,,$16.95,$106,$51,,,,,,,,,,,,,,,,,,
0838,, LGVTM331,CRUCES CON BASE,,0,0,0,0,0,$0.00,$0.00,,0.00%, $ -   ,, $ 2.50 , $ -   , $ -   , $ -   ,0.00%,$0,,$0.00,$0,$0,,,,,,,,,,,,,,,,,,
0839,A-CP45, LGVTM332,CRUZ PASTORAL ALUMINIO C/BASE MADERA,78 X 33 cms,ARTESANIAS ,JORVINA ARTICULOS RELEGIOSOS ,YURECUARO ,33 2184 5609,MARIA ESTHER NAVA ,"$1,099.14",$175.86,"$1,275",50.00%, $ 637.50 ,, $ 39.48 , $ 6.32 , $ 41.77 , $ 87.56 ,19.77%,"$2,000",,$275.87,"$1,724","$1,669",,,,,,,,,,,,,,,,,,
0840,25BI, LGVTM333,CRISTO # 25 BASE IMPERIAL DORADO,40.5 X 18.5c,ARTESANIAS ,JORVINA ARTICULOS RELEGIOSOS ,YURECUARO ,33 2184 5609,MARIA ESTHER NAVA ,$382.76,$61.24,$444,50.00%, $ 222.00 ,, $ 15.38 , $ 2.46 , $ 16.28 , $ 34.11 ,7.70%,$700,,$96.57,$604,$548,,,,,,,,,,,,,,,,,,
0841,25BM, LGVTM334,CRUZ # 25 BASE MADERA,42 X 19 cms,ARTESANIAS ,JORVINA ARTICULOS RELEGIOSOS ,YURECUARO ,33 2184 5609,MARIA ESTHER NAVA ,$363.79,$58.21,$422,50.00%, $ 211.00 ,, $ 14.74 , $ 2.36 , $ 15.60 , $ 32.70 ,7.38%,$666,,$91.82,$574,$519,,,,,,,,,,,,,,,,,,
0842,CP, LGVTM335,CRUZ PANTOCRATA,23 X 19.5cm,ARTESANIAS ,JORVINA ARTICULOS RELEGIOSOS ,YURECUARO ,33 2184 5609,MARIA ESTHER NAVA ,$399.14,$63.86,$463,50.00%, $ 231.50 ,, $ 15.93 , $ 2.55 , $ 16.86 , $ 35.33 ,7.98%,$730,,$100.67,$629,$574,,,,,,,,,,,,,,,,,,
0843,CJ-B, LGVTM336,CRUZ DE JESUS MADERA RESACADA C/BASE,18 X 12.5cm,ARTESANIAS ,JORVINA ARTICULOS RELEGIOSOS ,YURECUARO ,33 2184 5609,MARIA ESTHER NAVA ,$75.00,$12.00,$87,50.00%, $ 43.50 ,, $ 5.02 , $ 0.80 , $ 5.33 , $ 11.15 ,2.52%,$142,,$19.54,$122,$67,,,,,,,,,,,,,,,,,,
0844,RV, LGVTM337,RETABO VIACRUCIS,17.5 X 13.5,ARTESANIAS ,JORVINA ARTICULOS RELEGIOSOS ,YURECUARO ,33 2184 5609,MARIA ESTHER NAVA ,$172.41,$27.59,$200,50.00%, $ 100.00 ,, $ 8.30 , $ 1.33 , $ 8.79 , $ 18.42 ,4.16%,$318,,$43.92,$275,$219,,,,,,,,,,,,,,,,,,
0845,25BMM, LGVTM338,CRUCIFIJO # 25 DE BASE MADERA C/METAL,33 X 19.5cm,ARTESANIAS ,JORVINA ARTICULOS RELEGIOSOS ,YURECUARO ,33 2184 5609,MARIA ESTHER NAVA ,$445.69,$71.31,$517,50.00%, $ 258.50 ,, $ 17.49 , $ 2.80 , $ 18.52 , $ 38.81 ,8.76%,$814,,$112.32,$702,$647,,,,,,,,,,,,,,,,,,
0846,16PPBD, LGVTM339,CRISTO # 16 PAPAL DORADO C/BASE,29.5 X 13.5c,ARTESANIAS ,JORVINA ARTICULOS RELEGIOSOS ,YURECUARO ,33 2184 5609,MARIA ESTHER NAVA ,$200.86,$32.14,$233,50.00%, $ 116.50 ,, $ 9.26 , $ 1.48 , $ 9.80 , $ 20.54 ,4.64%,$370,,$51.04,$319,$264,,,,,,,,,,,,,,,,,,
0847,16PPBP, LGVTM340,CRISTO # 16 PAPAL PLATA C/BASE,29.5 X 13.5c,ARTESANIAS ,JORVINA ARTICULOS RELEGIOSOS ,YURECUARO ,33 2184 5609,MARIA ESTHER NAVA ,$187.93,$30.07,$218,50.00%, $ 109.00 ,, $ 8.82 , $ 1.41 , $ 9.34 , $ 19.58 ,4.42%,$347,,$47.80,$299,$244,,,,,,,,,,,,,,,,,,
0848,2MDB, LGVTM341,CRISTO #  2 DORADO CON BASE,12.5 X 5.5cm,ARTESANIAS ,JORVINA ARTICULOS RELEGIOSOS ,YURECUARO ,33 2184 5609,MARIA ESTHER NAVA ,$43.97,$7.03,$51,50.00%, $ 25.50 ,, $ 3.98 , $ 0.64 , $ 4.22 , $ 8.84 ,2.00%,$85,,$11.77,$74,$18,,,,,,,,,,,,,,,,,,
0849,IB, LGVTM342,CRISTO INFANTIL CON BASE,8.5 X 4.7 cm,ARTESANIAS ,JORVINA ARTICULOS RELEGIOSOS ,YURECUARO ,33 2184 5609,MARIA ESTHER NAVA ,$27.59,$4.41,$32,50.00%, $ 16.00 ,, $ 3.43 , $ 0.55 , $ 3.64 , $ 7.62 ,1.72%,$56,,$7.67,$48,-$7,,,,,,,,,,,,,,,,,,
0850,1PHE, LGVTM343,CRUZ PADRE HIJO Y ESPIRITU SANTO C/BASE,8.5 X 4.7 cm,ARTESANIAS ,JORVINA ARTICULOS RELEGIOSOS ,YURECUARO ,33 2184 5609,MARIA ESTHER NAVA ,$29.31,$4.69,$34,50.00%, $ 17.00 ,, $ 3.49 , $ 0.56 , $ 3.70 , $ 7.74 ,1.75%,$59,,$8.10,$51,-$5,,,,,,,,,,,,,,,,,,
0851,10DB, LGVTM344,CRISTO # 10 DORADO C/45 CON BASE MADERA,19 X 7.5 cms,ARTESANIAS ,JORVINA ARTICULOS RELEGIOSOS ,YURECUARO ,33 2184 5609,MARIA ESTHER NAVA ,$75.00,$12.00,$87,50.00%, $ 43.50 ,, $ 5.02 , $ 0.80 , $ 5.33 , $ 11.15 ,2.52%,$142,,$19.54,$122,$67,,,,,,,,,,,,,,,,,,
0852,2MDBM, LGVTM345,CRISTO MINI # 2 LISO DORADO EN B/ MADERA,14 X 6 cms,ARTESANIAS ,JORVINA ARTICULOS RELEGIOSOS ,YURECUARO ,33 2184 5609,MARIA ESTHER NAVA ,$50.86,$8.14,$59,50.00%, $ 29.50 ,, $ 4.21 , $ 0.67 , $ 4.47 , $ 9.35 ,2.11%,$98,,$13.50,$84,$29,,,,,,,,,,,,,,,,,,
0853,3PMB, LGVTM346,CRISTO # 3 PAPAL CON BASE MADERA,13 X 6 cms,ARTESANIAS ,JORVINA ARTICULOS RELEGIOSOS ,YURECUARO ,33 2184 5609,MARIA ESTHER NAVA ,$64.66,$10.34,$75,50.00%, $ 37.50 ,, $ 4.68 , $ 0.75 , $ 4.96 , $ 10.38 ,2.34%,$123,,$16.95,$106,$51,,,,,,,,,,,,,,,,,,
0854,3MPB, LGVTM347,CRISTO # 3 PATINADO CON BASE MADERA,12.5 x 6 cms,ARTESANIAS ,JORVINA ARTICULOS RELEGIOSOS ,YURECUARO ,33 2184 5609,MARIA ESTHER NAVA ,$64.66,$10.34,$75,50.00%, $ 37.50 ,, $ 4.68 , $ 0.75 , $ 4.96 , $ 10.38 ,2.34%,$123,,$16.95,$106,$51,,,,,,,,,,,,,,,,,,
0855,IBM, LGVTM348,CRISTO INFANTIL CON BASE MADERA,9.5 X 4.5cms,ARTESANIAS ,JORVINA ARTICULOS RELEGIOSOS ,YURECUARO ,33 2184 5609,MARIA ESTHER NAVA ,$34.48,$5.52,$40,50.00%, $ 20.00 ,, $ 3.66 , $ 0.59 , $ 3.88 , $ 8.13 ,1.84%,$68,,$9.40,$59,$4,,,,,,,,,,,,,,,,,,
0856,101M-CHB, LGVTM349,CRISTO # 10 DOR SOLERA EN MAD. CHOCOL CON BASE,,ARTESANIAS ,JORVINA ARTICULOS RELEGIOSOS ,YURECUARO ,33 2184 5609,MARIA ESTHER NAVA ,$291.38,$46.62,$338,50.00%, $ 169.00 ,, $ 12.30 , $ 1.97 , $ 13.03 , $ 27.30 ,6.16%,$534,,$73.70,$461,$405,,,,,,,,,,,,,,,,,,
0857,, LGVTM350,CRUCES DE MADERA,,0,0,0,0,0,$0.00,$0.00,,0.00%, $ -   ,, $ 2.50 , $ -   , $ -   , $ -   ,0.00%,$0,,$0.00,$0,$0,,,,,,,,,,,,,,,,,,
0858,CP-1, LGVTM351,CRUZ PANTOCRATA PARA COLGAR,30 X 19.5 cm,ARTESANIAS ,JORVINA ARTICULOS RELEGIOSOS ,YURECUARO ,33 2184 5609,MARIA ESTHER NAVA ,$363.79,$58.21,$422,50.00%, $ 211.00 ,, $ 14.74 , $ 2.36 , $ 15.60 , $ 32.70 ,7.38%,$666,,$91.82,$574,$519,,,,,,,,,,,,,,,,,,
0859,25MC, LGVTM352,CRISTO # 25 MADERA PATINADO MOD. C,32 X 21 cms,ARTESANIAS ,JORVINA ARTICULOS RELEGIOSOS ,YURECUARO ,33 2184 5609,MARIA ESTHER NAVA ,$204.31,$32.69,$237,50.00%, $ 118.50 ,, $ 9.37 , $ 1.50 , $ 9.93 , $ 20.80 ,4.70%,$376,,$51.90,$324,$269,,,,,,,,,,,,,,,,,,
0860,25MB, LGVTM353,CRISTO # 25 MADERA PATINADO MOD. B,35 X 21 cms,ARTESANIAS ,JORVINA ARTICULOS RELEGIOSOS ,YURECUARO ,33 2184 5609,MARIA ESTHER NAVA ,$204.31,$32.69,$237,50.00%, $ 118.50 ,, $ 9.37 , $ 1.50 , $ 9.93 , $ 20.80 ,4.70%,$376,,$51.90,$324,$269,,,,,,,,,,,,,,,,,,
0861,25MA, LGVTM354,CRISTO # 25 MADERA PATINADO MOD. A,34 X 20 cms,ARTESANIAS ,JORVINA ARTICULOS RELEGIOSOS ,YURECUARO ,33 2184 5609,MARIA ESTHER NAVA ,$180.17,$28.83,$209,50.00%, $ 104.50 ,, $ 8.56 , $ 1.37 , $ 9.07 , $ 19.00 ,4.29%,$332,,$45.86,$287,$231,,,,,,,,,,,,,,,,,,
0862,25CS, LGVTM355,CRISTO # 25 CRUZ DEL SEMBRADOR EN MADERA,40 X 20 cms,ARTESANIAS ,JORVINA ARTICULOS RELEGIOSOS ,YURECUARO ,33 2184 5609,MARIA ESTHER NAVA ,$268.10,$42.90,$311,50.00%, $ 155.50 ,, $ 11.52 , $ 1.84 , $ 12.20 , $ 25.56 ,5.77%,$492,,$67.87,$424,$369,,,,,,,,,,,,,,,,,,
0863,CS-V, LGVTM356,CRISTO EL SEMBRADOR VERDE,40.5 X 22.5c,ARTESANIAS ,JORVINA ARTICULOS RELEGIOSOS ,YURECUARO ,33 2184 5609,MARIA ESTHER NAVA ,$277.59,$44.41,$322,50.00%, $ 161.00 ,, $ 11.84 , $ 1.89 , $ 12.53 , $ 26.27 ,5.93%,$509,,$70.24,$439,$384,,,,,,,,,,,,,,,,,,
0864,CS, LGVTM357,CRISTO EL SEMBRADOR,40.5 X 22.5c,ARTESANIAS ,JORVINA ARTICULOS RELEGIOSOS ,YURECUARO ,33 2184 5609,MARIA ESTHER NAVA ,$277.59,$44.41,$322,50.00%, $ 161.00 ,, $ 11.84 , $ 1.89 , $ 12.53 , $ 26.27 ,5.93%,$509,,$70.24,$439,$384,,,,,,,,,,,,,,,,,,
0865,CEED, LGVTM358,CRUZ ELEGANZA ESPECIAL DORADA,20.5 X 13.5c,ARTESANIAS ,JORVINA ARTICULOS RELEGIOSOS ,YURECUARO ,33 2184 5609,MARIA ESTHER NAVA ,$252.59,$40.41,$293,50.00%, $ 146.50 ,, $ 11.00 , $ 1.76 , $ 11.65 , $ 24.40 ,5.51%,$464,,$63.99,$400,$345,,,,,,,,,,,,,,,,,,
0866,CEEP, LGVTM359,CRUZ ELEGANZA ESPECIAL PLATA,20.5 X 13.5c,ARTESANIAS ,JORVINA ARTICULOS RELEGIOSOS ,YURECUARO ,33 2184 5609,MARIA ESTHER NAVA ,$234.48,$37.52,$272,50.00%, $ 136.00 ,, $ 10.39 , $ 1.66 , $ 11.00 , $ 23.05 ,5.20%,$431,,$59.46,$372,$316,,,,,,,,,,,,,,,,,,
0867,CJ, LGVTM360,CRUZ JESUS MADERA RESACADA,37.7 X 29 cm,ARTESANIAS ,JORVINA ARTICULOS RELEGIOSOS ,YURECUARO ,33 2184 5609,MARIA ESTHER NAVA ,$221.55,$35.45,$257,50.00%, $ 128.50 ,, $ 9.95 , $ 1.59 , $ 10.54 , $ 22.09 ,4.99%,$408,,$56.22,$351,$296,,,,,,,,,,,,,,,,,,
0868,CJ-CH, LGVTM361,CRUZ DE JESUS RESACADA EN CHOCOLATE,37.7 X 29 cm,ARTESANIAS ,JORVINA ARTICULOS RELEGIOSOS ,YURECUARO ,33 2184 5609,MARIA ESTHER NAVA ,$223.28,$35.72,$259,50.00%, $ 129.50 ,, $ 10.01 , $ 1.60 , $ 10.60 , $ 22.22 ,5.02%,$411,,$56.65,$354,$299,,,,,,,,,,,,,,,,,,
0869,CRI-CH, LGVTM362,CRISTO REY INCRUSTACION EN MAD. CHOCOLAT,35 X 19 cms,ARTESANIAS ,JORVINA ARTICULOS RELEGIOSOS ,YURECUARO ,33 2184 5609,MARIA ESTHER NAVA ,$191.38,$30.62,$222,50.00%, $ 111.00 ,, $ 8.94 , $ 1.43 , $ 9.47 , $ 19.84 ,4.48%,$353,,$48.67,$304,$249,,,,,,,,,,,,,,,,,,
0870,CRI, LGVTM363,CRISTO REY INCRUSTACION EN MADERA,35 X 19 cms,ARTESANIAS ,JORVINA ARTICULOS RELEGIOSOS ,YURECUARO ,33 2184 5609,MARIA ESTHER NAVA ,$176.72,$28.28,$205,50.00%, $ 102.50 ,, $ 8.45 , $ 1.35 , $ 8.95 , $ 18.74 ,4.23%,$326,,$45.00,$281,$226,,,,,,,,,,,,,,,,,,
0871,2PHE, LGVTM364,CRUZ SANTICIMA TRINIDAD  CON MADERA,18.3 X 14cm,ARTESANIAS ,JORVINA ARTICULOS RELEGIOSOS ,YURECUARO ,33 2184 5609,MARIA ESTHER NAVA ,$106.03,$16.97,$123,50.00%, $ 61.50 ,, $ 6.07 , $ 0.97 , $ 6.43 , $ 13.47 ,3.04%,$198,,$27.31,$171,$115,,,,,,,,,,,,,,,,,,
0872,CG1, LGVTM365,CRUZ GRABADA ORNAMENTAL MOD. 1,40 X 24 cms,ARTESANIAS ,JORVINA ARTICULOS RELEGIOSOS ,YURECUARO ,33 2184 5609,MARIA ESTHER NAVA ,$343.97,$55.03,$399,50.00%, $ 199.50 ,, $ 14.07 , $ 2.25 , $ 14.90 , $ 31.22 ,7.05%,$630,,$86.86,$543,$488,,,,,,,,,,,,,,,,,,
0873,CG, LGVTM366,CRUZ GRABADA ORNAMENTAL,45 X 23 cms,ARTESANIAS ,JORVINA ARTICULOS RELEGIOSOS ,YURECUARO ,33 2184 5609,MARIA ESTHER NAVA ,$343.97,$55.03,$399,50.00%, $ 199.50 ,, $ 14.07 , $ 2.25 , $ 14.90 , $ 31.22 ,7.05%,$630,,$86.86,$543,$488,,,,,,,,,,,,,,,,,,
0874,25MM, LGVTM367,CRUZ # 25 MADERA C/METAL PARA COLGAR,30 X 19.5 cm,ARTESANIAS ,JORVINA ARTICULOS RELEGIOSOS ,YURECUARO ,33 2184 5609,MARIA ESTHER NAVA ,$420.69,$67.31,$488,50.00%, $ 244.00 ,, $ 16.65 , $ 2.66 , $ 17.63 , $ 36.94 ,8.34%,$769,,$106.06,$663,$608,,,,,,,,,,,,,,,,,,
0875,101MGD-CH, LGVTM368,CRUZ MOD.101 SOLERA GRABADA DOR.MAD/CHO,33.5 X 17.5c,ARTESANIAS ,JORVINA ARTICULOS RELEGIOSOS ,YURECUARO ,33 2184 5609,MARIA ESTHER NAVA ,$183.62,$29.38,$213,50.00%, $ 106.50 ,, $ 8.68 , $ 1.39 , $ 9.19 , $ 19.26 ,4.35%,$339,,$46.73,$292,$237,,,,,,,,,,,,,,,,,,
0876,101MGP-CH, LGVTM369,CRUZ MOD.101 SOLERA GRABADA PLA.MAD/CHO,33.5 X 17.5c,ARTESANIAS ,JORVINA ARTICULOS RELEGIOSOS ,YURECUARO ,33 2184 5609,MARIA ESTHER NAVA ,$183.62,$29.38,$213,50.00%, $ 106.50 ,, $ 8.68 , $ 1.39 , $ 9.19 , $ 19.26 ,4.35%,$339,,$46.73,$292,$237,,,,,,,,,,,,,,,,,,
0877,101MGD, LGVTM370,CRUZ MOD.101 SOLERA GRABADA DOR.MAD. NAT,33.5 X 17.5c,ARTESANIAS ,JORVINA ARTICULOS RELEGIOSOS ,YURECUARO ,33 2184 5609,MARIA ESTHER NAVA ,$183.62,$29.38,$213,50.00%, $ 106.50 ,, $ 8.68 , $ 1.39 , $ 9.19 , $ 19.26 ,4.35%,$339,,$46.73,$292,$237,,,,,,,,,,,,,,,,,,
0878,101MGP, LGVTM371,CRUZ MOD.101 SOLERA GRABADA PLA.MAD. NAT,33.5 X 17.5c,ARTESANIAS ,JORVINA ARTICULOS RELEGIOSOS ,YURECUARO ,33 2184 5609,MARIA ESTHER NAVA ,$183.62,$29.38,$213,50.00%, $ 106.50 ,, $ 8.68 , $ 1.39 , $ 9.19 , $ 19.26 ,4.35%,$339,,$46.73,$292,$237,,,,,,,,,,,,,,,,,,
0879,101M-CH, LGVTM372,CRISTO # 10 DORADO SOLERA EN MAD. CHOCOL,33 X 17.5cm,ARTESANIAS ,JORVINA ARTICULOS RELEGIOSOS ,YURECUARO ,33 2184 5609,MARIA ESTHER NAVA ,$194.83,$31.17,$226,50.00%, $ 113.00 ,, $ 9.05 , $ 1.45 , $ 9.59 , $ 20.09 ,4.54%,$359,,$49.53,$310,$254,,,,,,,,,,,,,,,,,,
0880,101M, LGVTM373,CRISTO # 10 DORADO SOLERA EN MAD. NATURAL,33 X 17.5cm,ARTESANIAS ,JORVINA ARTICULOS RELEGIOSOS ,YURECUARO ,33 2184 5609,MARIA ESTHER NAVA ,$194.83,$31.17,$226,50.00%, $ 113.00 ,, $ 9.05 , $ 1.45 , $ 9.59 , $ 20.09 ,4.54%,$359,,$49.53,$310,$254,,,,,,,,,,,,,,,,,,
0881,102M-CH, LGVTM374,CRISTO # 10 DORADO SOLERA EN MAD. CHOCOL,33 X 17.5cm,ARTESANIAS ,JORVINA ARTICULOS RELEGIOSOS ,YURECUARO ,33 2184 5609,MARIA ESTHER NAVA ,$194.83,$31.17,$226,50.00%, $ 113.00 ,, $ 9.05 , $ 1.45 , $ 9.59 , $ 20.09 ,4.54%,$359,,$49.53,$310,$254,,,,,,,,,,,,,,,,,,
0882,102M, LGVTM375,CRISTO # 10 DORADO SOLERA EN MAD. NATURAL,33 X 17.5cm,ARTESANIAS ,JORVINA ARTICULOS RELEGIOSOS ,YURECUARO ,33 2184 5609,MARIA ESTHER NAVA ,$194.83,$31.17,$226,50.00%, $ 113.00 ,, $ 9.05 , $ 1.45 , $ 9.59 , $ 20.09 ,4.54%,$359,,$49.53,$310,$254,,,,,,,,,,,,,,,,,,
0883,25HREM, LGVTM376,CRISTO # 25 HEXAGONAL ESPEJO  C/MADERA,49.5 X 25 cm,ARTESANIAS ,JORVINA ARTICULOS RELEGIOSOS ,YURECUARO ,33 2184 5609,MARIA ESTHER NAVA ,$474.14,$75.86,$550,50.00%, $ 275.00 ,, $ 18.45 , $ 2.95 , $ 19.53 , $ 40.93 ,9.24%,$866,,$119.44,$746,$691,,,,,,,,,,,,,,,,,,
0884,25HRM, LGVTM377,CRISTO # 25 HEXAGONAL RAYADO MAD. NATURAL,49.5 X 25 cm,ARTESANIAS ,JORVINA ARTICULOS RELEGIOSOS ,YURECUARO ,33 2184 5609,MARIA ESTHER NAVA ,$437.07,$69.93,$507,50.00%, $ 253.50 ,, $ 17.20 , $ 2.75 , $ 18.21 , $ 38.16 ,8.62%,$799,,$110.16,$689,$633,,,,,,,,,,,,,,,,,,
0885,25HLM, LGVTM378,CRISTO # 25 HEXAGONAL LISO MADERA NATURAL,49.5 X 25 cm,ARTESANIAS ,JORVINA ARTICULOS RELEGIOSOS ,YURECUARO ,33 2184 5609,MARIA ESTHER NAVA ,$450.86,$72.14,$523,50.00%, $ 261.50 ,, $ 17.67 , $ 2.83 , $ 18.70 , $ 39.19 ,8.85%,$824,,$113.61,$710,$655,,,,,,,,,,,,,,,,,,
0886,22HPM, LGVTM379,CRISTO # 22 HEXAGONAL PLATA CON MADERA,45 X 22 cms,ARTESANIAS ,JORVINA ARTICULOS RELEGIOSOS ,YURECUARO ,33 2184 5609,MARIA ESTHER NAVA ,$420.69,$67.31,$488,50.00%, $ 244.00 ,, $ 16.65 , $ 2.66 , $ 17.63 , $ 36.94 ,8.34%,$769,,$106.06,$663,$608,,,,,,,,,,,,,,,,,,
0887,25EM, LGVTM380,CRISTO # 25 ESPECIAL MADERA,49.5 X 25 cm,ARTESANIAS ,JORVINA ARTICULOS RELEGIOSOS ,YURECUARO ,33 2184 5609,MARIA ESTHER NAVA ,$450.86,$72.14,$523,50.00%, $ 261.50 ,, $ 17.67 , $ 2.83 , $ 18.70 , $ 39.19 ,8.85%,$824,,$113.61,$710,$655,,,,,,,,,,,,,,,,,,
0888,18HLM-CH, LGVTM381,CRISTO # 18 HEXAGONAL LISO MADERA CHOCO.,40 X 20 cms,ARTESANIAS ,JORVINA ARTICULOS RELEGIOSOS ,YURECUARO ,33 2184 5609,MARIA ESTHER NAVA ,$261.21,$41.79,$303,50.00%, $ 151.50 ,, $ 11.29 , $ 1.81 , $ 11.95 , $ 25.04 ,5.66%,$480,,$66.14,$413,$358,,,,,,,,,,,,,,,,,,
0889,18HLM, LGVTM382,CRISTO # 18 HEXAGONAL LISO MADERA NATURAL,40 X 20 cms,ARTESANIAS ,JORVINA ARTICULOS RELEGIOSOS ,YURECUARO ,33 2184 5609,MARIA ESTHER NAVA ,$256.03,$40.97,$297,50.00%, $ 148.50 ,, $ 11.11 , $ 1.78 , $ 11.77 , $ 24.66 ,5.57%,$470,,$64.85,$405,$350,,,,,,,,,,,,,,,,,,
0890,16DE, LGVTM383,CRISTO # 16 DORADO ELEGANZA,29 X 14 cms,ARTESANIAS ,JORVINA ARTICULOS RELEGIOSOS ,YURECUARO ,33 2184 5609,MARIA ESTHER NAVA ,$211.21,$33.79,$245,50.00%, $ 122.50 ,, $ 9.61 , $ 1.54 , $ 10.17 , $ 21.31 ,4.81%,$389,,$53.63,$335,$280,,,,,,,,,,,,,,,,,,
0891,16PE, LGVTM384,CRISTO # 16 PLATA  ELEGANZA,29 X 14 cms,ARTESANIAS ,JORVINA ARTICULOS RELEGIOSOS ,YURECUARO ,33 2184 5609,MARIA ESTHER NAVA ,$211.21,$33.79,$245,50.00%, $ 122.50 ,, $ 9.61 , $ 1.54 , $ 10.17 , $ 21.31 ,4.81%,$389,,$53.63,$335,$280,,,,,,,,,,,,,,,,,,
0892,45CM, LGVTM385,CRISTO NUM 45 CRUZ MADERA,56 X 23 cms,ARTESANIAS ,JORVINA ARTICULOS RELEGIOSOS ,YURECUARO ,33 2184 5609,MARIA ESTHER NAVA ,$682.76,$109.24,$792,50.00%, $ 396.00 ,, $ 25.47 , $ 4.07 , $ 26.95 , $ 56.49 ,12.76%,"$1,244",,$171.65,"$1,073","$1,018",,,,,,,,,,,,,,,,,,
0893,JR, LGVTM386,CRUZ JESUS RESUCITADO GRANDE PLATA,60 X 32 cms,ARTESANIAS ,JORVINA ARTICULOS RELEGIOSOS ,YURECUARO ,33 2184 5609,MARIA ESTHER NAVA ,$784.48,$125.52,$910,50.00%, $ 455.00 ,, $ 28.89 , $ 4.62 , $ 30.57 , $ 64.08 ,14.47%,"$1,429",,$197.11,"$1,232","$1,177",,,,,,,,,,,,,,,,,,
0894,JR-D, LGVTM387,CRUZ JESUS RESUCITADO GRANDE DORADO,60 X 32 cms,ARTESANIAS ,JORVINA ARTICULOS RELEGIOSOS ,YURECUARO ,33 2184 5609,MARIA ESTHER NAVA ,$784.48,$125.52,$910,50.00%, $ 455.00 ,, $ 28.89 , $ 4.62 , $ 30.57 , $ 64.08 ,14.47%,"$1,429",,$197.11,"$1,232","$1,177",,,,,,,,,,,,,,,,,,
0895,A-PM45, LGVTM388,CRISTO PASTORAL # 45 EN MADERA,67 X 24 cms,ARTESANIAS ,JORVINA ARTICULOS RELEGIOSOS ,YURECUARO ,33 2184 5609,MARIA ESTHER NAVA ,$784.48,$125.52,$910,50.00%, $ 455.00 ,, $ 28.89 , $ 4.62 , $ 30.57 , $ 64.08 ,14.47%,"$1,429",,$197.11,"$1,232","$1,177",,,,,,,,,,,,,,,,,,
0896,CR-D, LGVTM389,CRUZ RESACADA CON CUERPO 3/8  DORADA,38 X 22 cms,ARTESANIAS ,JORVINA ARTICULOS RELEGIOSOS ,YURECUARO ,33 2184 5609,MARIA ESTHER NAVA ,$306.03,$48.97,$355,50.00%, $ 177.50 ,, $ 12.80 , $ 2.05 , $ 13.55 , $ 28.39 ,6.41%,$561,,$77.36,$484,$428,,,,,,,,,,,,,,,,,,
0897,CR-P, LGVTM390,CRUZ RESACADA CON CUERPO 3/8 PLATA,38 X 22 cms,ARTESANIAS ,JORVINA ARTICULOS RELEGIOSOS ,YURECUARO ,33 2184 5609,MARIA ESTHER NAVA ,$291.38,$46.62,$338,50.00%, $ 169.00 ,, $ 12.30 , $ 1.97 , $ 13.03 , $ 27.30 ,6.16%,$534,,$73.70,$461,$405,,,,,,,,,,,,,,,,,,
0898,CRF-D, LGVTM391,CRUZ RESACADA FLORES DORADA,38 X 22 cms,ARTESANIAS ,JORVINA ARTICULOS RELEGIOSOS ,YURECUARO ,33 2184 5609,MARIA ESTHER NAVA ,$304.31,$48.69,$353,50.00%, $ 176.50 ,, $ 12.74 , $ 2.04 , $ 13.49 , $ 28.26 ,6.38%,$558,,$76.93,$481,$426,,,,,,,,,,,,,,,,,,
0899,CRF-P, LGVTM392,CRUZ RESACADA FLORES PLATA,38 X 22 cms,ARTESANIAS ,JORVINA ARTICULOS RELEGIOSOS ,YURECUARO ,33 2184 5609,MARIA ESTHER NAVA ,$286.21,$45.79,$332,50.00%, $ 166.00 ,, $ 12.13 , $ 1.94 , $ 12.84 , $ 26.91 ,6.08%,$525,,$72.40,$453,$397,,,,,,,,,,,,,,,,,,
0900,CPYF-P, LGVTM393,CRUZ PEDRERIA CON FLORES PLATA,,ARTESANIAS ,JORVINA ARTICULOS RELEGIOSOS ,YURECUARO ,33 2184 5609,MARIA ESTHER NAVA ,$318.10,$50.90,$369,50.00%, $ 184.50 ,, $ 13.20 , $ 2.11 , $ 13.98 , $ 29.29 ,6.61%,$583,,$80.38,$502,$447,,,,,,,,,,,,,,,,,,
0901,CPYF-D, LGVTM394,CRUZ PEDRERIA CON FLORES ORO,,ARTESANIAS ,JORVINA ARTICULOS RELEGIOSOS ,YURECUARO ,33 2184 5609,MARIA ESTHER NAVA ,$318.10,$50.90,$369,50.00%, $ 184.50 ,, $ 13.20 , $ 2.11 , $ 13.98 , $ 29.29 ,6.61%,$583,,$80.38,$502,$447,,,,,,,,,,,,,,,,,,
0902,CMED-D, LGVTM395,CRUZ MEDALLAS DORADO,,ARTESANIAS ,JORVINA ARTICULOS RELEGIOSOS ,YURECUARO ,33 2184 5609,MARIA ESTHER NAVA ,$286.21,$45.79,$332,50.00%, $ 166.00 ,, $ 12.13 , $ 1.94 , $ 12.84 , $ 26.91 ,6.08%,$525,,$72.40,$453,$397,,,,,,,,,,,,,,,,,,
0903,CMED-P, LGVTM396,CRUZ MEDALLAS PLATA,,ARTESANIAS ,JORVINA ARTICULOS RELEGIOSOS ,YURECUARO ,33 2184 5609,MARIA ESTHER NAVA ,$286.21,$45.79,$332,50.00%, $ 166.00 ,, $ 12.13 , $ 1.94 , $ 12.84 , $ 26.91 ,6.08%,$525,,$72.40,$453,$397,,,,,,,,,,,,,,,,,,
0904,20CF-P, LGVTM397,CUERPO # 20 C/FONDO FILIGRANA PLATA,,ARTESANIAS ,JORVINA ARTICULOS RELEGIOSOS ,YURECUARO ,33 2184 5609,MARIA ESTHER NAVA ,$505.17,$80.83,$586,50.00%, $ 293.00 ,, $ 19.49 , $ 3.12 , $ 20.63 , $ 43.25 ,9.76%,$922,,$127.21,$795,$740,,,,,,,,,,,,,,,,,,
0905,20CF-D, LGVTM398,CUERPO # 20 C/FONDO FILIGRANA DORADA,,ARTESANIAS ,JORVINA ARTICULOS RELEGIOSOS ,YURECUARO ,33 2184 5609,MARIA ESTHER NAVA ,$537.07,$85.93,$623,50.00%, $ 311.50 ,, $ 20.57 , $ 3.29 , $ 21.77 , $ 45.62 ,10.30%,$980,,$135.19,$845,$790,,,,,,,,,,,,,,,,,,
0906,4PHE, LGVTM399,CRUZ PADRE HIJO Y ESPIRIU SANTO DE RESINA CHICO,,ARTESANIAS ,JORVINA ARTICULOS RELEGIOSOS ,YURECUARO ,33 2184 5609,MARIA ESTHER NAVA ,$709.48,$113.52,$823,50.00%, $ 411.50 ,, $ 26.37 , $ 4.22 , $ 27.90 , $ 58.49 ,13.21%,"$1,293",,$178.34,"$1,115","$1,059",,,,,,,,,,,,,,,,,,
0907,3PHE, LGVTM400,CRUZ PADRE HIJO Y ESPIRIU SANTO DE RESINA GRANDE,,ARTESANIAS ,JORVINA ARTICULOS RELEGIOSOS ,YURECUARO ,33 2184 5609,MARIA ESTHER NAVA ,$983.62,$157.38,"$1,141",50.00%, $ 570.50 ,, $ 35.59 , $ 5.69 , $ 37.66 , $ 78.94 ,17.82%,"$1,790",,$246.96,"$1,543","$1,488",,,,,,,,,,,,,,,,,,
0908,, LGVTM401,CRUCIFIJOS,,0,0,0,0,0,$0.00,$0.00,,0.00%, $ -   ,, $ 2.50 , $ -   , $ -   , $ -   ,0.00%,$0,,$0.00,$0,$0,,,,,,,,,,,,,,,,,,
0909,25HRE, LGVTM402,CRISTO # 25 HEXAGONAL RAYADO ESPEJO,40.5 X 18.5 c,ARTESANIAS ,JORVINA ARTICULOS RELEGIOSOS ,YURECUARO ,33 2184 5609,MARIA ESTHER NAVA ,$356.90,$57.10,$414,50.00%, $ 207.00 ,, $ 14.51 , $ 2.32 , $ 15.36 , $ 32.18 ,7.27%,$653,,$90.09,$563,$508,,,,,,,,,,,,,,,,,,
0910,25HR, LGVTM403,CRISTO # 25 HEXAGONAL RAYADO,40.5 X 18.5 c,ARTESANIAS ,JORVINA ARTICULOS RELEGIOSOS ,YURECUARO ,33 2184 5609,MARIA ESTHER NAVA ,$343.97,$55.03,$399,50.00%, $ 199.50 ,, $ 14.07 , $ 2.25 , $ 14.90 , $ 31.22 ,7.05%,$630,,$86.86,$543,$488,,,,,,,,,,,,,,,,,,
0911,25HL, LGVTM404,CRISTO # 25 HEXAGONAL LISO,40.5 X 18.5 c,ARTESANIAS ,JORVINA ARTICULOS RELEGIOSOS ,YURECUARO ,33 2184 5609,MARIA ESTHER NAVA ,$363.79,$58.21,$422,50.00%, $ 211.00 ,, $ 14.74 , $ 2.36 , $ 15.60 , $ 32.70 ,7.38%,$666,,$91.82,$574,$519,,,,,,,,,,,,,,,,,,
0912,22HP, LGVTM405,CRISTO # 22 HEXAGONAL PLATA,37 X 16.5 cm,ARTESANIAS ,JORVINA ARTICULOS RELEGIOSOS ,YURECUARO ,33 2184 5609,MARIA ESTHER NAVA ,$312.07,$49.93,$362,50.00%, $ 181.00 ,, $ 13.00 , $ 2.08 , $ 13.76 , $ 28.84 ,6.51%,$572,,$78.87,$493,$438,,,,,,,,,,,,,,,,,,
0913,18HL, LGVTM406,CRISTO # 18 HEXAGONAL LISO,32.5 X 15.5 c,ARTESANIAS ,JORVINA ARTICULOS RELEGIOSOS ,YURECUARO ,33 2184 5609,MARIA ESTHER NAVA ,$188.79,$30.21,$219,50.00%, $ 109.50 ,, $ 8.85 , $ 1.42 , $ 9.38 , $ 19.64 ,4.44%,$348,,$48.02,$300,$245,,,,,,,,,,,,,,,,,,
0914,3/8HR, LGVTM407,CRISTO # 3/8 HEXAGONAL RAYADO,31.5 X 14 cm,ARTESANIAS ,JORVINA ARTICULOS RELEGIOSOS ,YURECUARO ,33 2184 5609,MARIA ESTHER NAVA ,$237.93,$38.07,$276,50.00%, $ 138.00 ,, $ 10.50 , $ 1.68 , $ 11.12 , $ 23.31 ,5.26%,$437,,$60.32,$377,$322,,,,,,,,,,,,,,,,,,
0915,3/8HL, LGVTM408,CRISTO # 3/8 HEXAGONAL LISO,31.5 X 14 cm,ARTESANIAS ,JORVINA ARTICULOS RELEGIOSOS ,YURECUARO ,33 2184 5609,MARIA ESTHER NAVA ,$243.10,$38.90,$282,50.00%, $ 141.00 ,, $ 10.68 , $ 1.71 , $ 11.31 , $ 23.69 ,5.35%,$447,,$61.61,$385,$330,,,,,,,,,,,,,,,,,,
0916,16HRE, LGVTM409,CRISTO HEXAGONAL RAYADO DORADO ESPEJO,30.5 X 13 cm,ARTESANIAS ,JORVINA ARTICULOS RELEGIOSOS ,YURECUARO ,33 2184 5609,MARIA ESTHER NAVA ,$159.48,$25.52,$185,50.00%, $ 92.50 ,, $ 7.87 , $ 1.26 , $ 8.33 , $ 17.46 ,3.94%,$295,,$40.68,$254,$199,,,,,,,,,,,,,,,,,,
0917,HCN, LGVTM410,CRISTO HEXAGONAL CON CADENA RAYADO,10.5 X 5.7cm,ARTESANIAS ,JORVINA ARTICULOS RELEGIOSOS ,YURECUARO ,33 2184 5609,MARIA ESTHER NAVA ,$58.62,$9.38,$68,50.00%, $ 34.00 ,, $ 4.47 , $ 0.72 , $ 4.74 , $ 9.93 ,2.24%,$112,,$15.44,$96,$41,,,,,,,,,,,,,,,,,,
0918,HCNL, LGVTM411,CRISTO HEXAGONAL CON CADENA LISO,10.5 X 5.7cm,ARTESANIAS ,JORVINA ARTICULOS RELEGIOSOS ,YURECUARO ,33 2184 5609,MARIA ESTHER NAVA ,$64.66,$10.34,$75,50.00%, $ 37.50 ,, $ 4.68 , $ 0.75 , $ 4.96 , $ 10.38 ,2.34%,$123,,$16.95,$106,$51,,,,,,,,,,,,,,,,,,
0919,2HCN, LGVTM412,CRISTO MED. HEXAGONAL CON CADENA RAYAD,6 X 3.5 cms,ARTESANIAS ,JORVINA ARTICULOS RELEGIOSOS ,YURECUARO ,33 2184 5609,MARIA ESTHER NAVA ,$50.86,$8.14,$59,50.00%, $ 29.50 ,, $ 4.21 , $ 0.67 , $ 4.47 , $ 9.35 ,2.11%,$98,,$13.50,$84,$29,,,,,,,,,,,,,,,,,,
0920,1HCN, LGVTM413,CRISTO CHICO HEXAGONAL CON CADENA RAYAD,7 X 4 cms,ARTESANIAS ,JORVINA ARTICULOS RELEGIOSOS ,YURECUARO ,33 2184 5609,MARIA ESTHER NAVA ,$41.38,$6.62,$48,50.00%, $ 24.00 ,, $ 3.89 , $ 0.62 , $ 4.13 , $ 8.65 ,1.95%,$81,,$11.12,$70,$14,,,,,,,,,,,,,,,,,,
0921,25PCH, LGVTM414,CRISTO # 25 PAPAL CHAPA DE ORO,37 X 16 cms,ARTESANIAS ,JORVINA ARTICULOS RELEGIOSOS ,YURECUARO ,33 2184 5609,MARIA ESTHER NAVA ,$333.62,$53.38,$387,50.00%, $ 193.50 ,, $ 13.72 , $ 2.20 , $ 14.53 , $ 30.45 ,6.87%,$611,,$84.27,$527,$472,,,,,,,,,,,,,,,,,,
0922,16PRD, LGVTM415,CRISTO # 16 PAPAL RAYADO DORADO,29.5 X 13 cm,ARTESANIAS ,JORVINA ARTICULOS RELEGIOSOS ,YURECUARO ,33 2184 5609,MARIA ESTHER NAVA ,$126.72,$20.28,$147,50.00%, $ 73.50 ,, $ 6.76 , $ 1.08 , $ 7.17 , $ 15.01 ,3.39%,$236,,$32.48,$203,$148,,,,,,,,,,,,,,,,,,
0923,16PRP, LGVTM416,CRISTO # 16 PAPAL RAYADO PLATA,29.5 X 13 cm,ARTESANIAS ,JORVINA ARTICULOS RELEGIOSOS ,YURECUARO ,33 2184 5609,MARIA ESTHER NAVA ,$117.24,$18.76,$136,50.00%, $ 68.00 ,, $ 6.44 , $ 1.03 , $ 6.83 , $ 14.30 ,3.23%,$218,,$30.11,$188,$133,,,,,,,,,,,,,,,,,,
0924,16RP, LGVTM417,CRISTO # 16 REDONDO PAPAL,29.5 X 13 cm,ARTESANIAS ,JORVINA ARTICULOS RELEGIOSOS ,YURECUARO ,33 2184 5609,MARIA ESTHER NAVA ,$140.52,$22.48,$163,50.00%, $ 81.50 ,, $ 7.23 , $ 1.16 , $ 7.66 , $ 16.04 ,3.62%,$261,,$35.94,$225,$169,,,,,,,,,,,,,,,,,,
0925,3P-D, LGVTM418,CRISTO # 3 PAPAL DORADO,13 X 6 cms,ARTESANIAS ,JORVINA ARTICULOS RELEGIOSOS ,YURECUARO ,33 2184 5609,MARIA ESTHER NAVA ,$46.55,$7.45,$54,50.00%, $ 27.00 ,, $ 4.07 , $ 0.65 , $ 4.31 , $ 9.03 ,2.04%,$90,,$12.42,$78,$22,,,,,,,,,,,,,,,,,,
0926,3P, LGVTM419,CRISTO # 3 PAPAL PLATA,13 X 6 cms,ARTESANIAS ,JORVINA ARTICULOS RELEGIOSOS ,YURECUARO ,33 2184 5609,MARIA ESTHER NAVA ,$41.38,$6.62,$48,50.00%, $ 24.00 ,, $ 3.89 , $ 0.62 , $ 4.13 , $ 8.65 ,1.95%,$81,,$11.12,$70,$14,,,,,,,,,,,,,,,,,,
0927,16DR, LGVTM420,CRISTO # 16 DORADO RAYADO,34 X 12.5 cm,ARTESANIAS ,JORVINA ARTICULOS RELEGIOSOS ,YURECUARO ,33 2184 5609,MARIA ESTHER NAVA ,$134.48,$21.52,$156,50.00%, $ 78.00 ,, $ 7.02 , $ 1.12 , $ 7.44 , $ 15.59 ,3.52%,$250,,$34.43,$215,$160,,,,,,,,,,,,,,,,,,
0928,16DL, LGVTM421,CRISTO # 16 DORADO LISO,34 X 12.5 cm,ARTESANIAS ,JORVINA ARTICULOS RELEGIOSOS ,YURECUARO ,33 2184 5609,MARIA ESTHER NAVA ,$140.52,$22.48,$163,50.00%, $ 81.50 ,, $ 7.23 , $ 1.16 , $ 7.66 , $ 16.04 ,3.62%,$261,,$35.94,$225,$169,,,,,,,,,,,,,,,,,,
0929,16PL, LGVTM422,CRISTO # 16 PATINADO LISO,34 X 12.5 cm,ARTESANIAS ,JORVINA ARTICULOS RELEGIOSOS ,YURECUARO ,33 2184 5609,MARIA ESTHER NAVA ,$131.03,$20.97,$152,50.00%, $ 76.00 ,, $ 6.91 , $ 1.11 , $ 7.32 , $ 15.33 ,3.46%,$243,,$33.56,$210,$155,,,,,,,,,,,,,,,,,,
0930,16DA, LGVTM423,CRISTO # 16DORADO CON AUREOLA,31 X 11 cms,ARTESANIAS ,JORVINA ARTICULOS RELEGIOSOS ,YURECUARO ,33 2184 5609,MARIA ESTHER NAVA ,$117.24,$18.76,$136,50.00%, $ 68.00 ,, $ 6.44 , $ 1.03 , $ 6.83 , $ 14.30 ,3.23%,$218,,$30.11,$188,$133,,,,,,,,,,,,,,,,,,
0931,16MRD, LGVTM424,CRISTO MINI # 16 REDONDO DORADO,12 X 6.5 cms,ARTESANIAS ,JORVINA ARTICULOS RELEGIOSOS ,YURECUARO ,33 2184 5609,MARIA ESTHER NAVA ,$48.28,$7.72,$56,50.00%, $ 28.00 ,, $ 4.12 , $ 0.66 , $ 4.38 , $ 9.16 ,2.07%,$93,,$12.85,$80,$25,,,,,,,,,,,,,,,,,,
0932,16MRP, LGVTM425,CRISTO MINI # 16 REDONDO PLATA,12 X 6.5 cms,ARTESANIAS ,JORVINA ARTICULOS RELEGIOSOS ,YURECUARO ,33 2184 5609,MARIA ESTHER NAVA ,$46.55,$7.45,$54,50.00%, $ 27.00 ,, $ 4.07 , $ 0.65 , $ 4.31 , $ 9.03 ,2.04%,$90,,$12.42,$78,$22,,,,,,,,,,,,,,,,,,
0933,10SD, LGVTM426,CRISTO # 10 SOLERA DORADO,24 X 10 cms,ARTESANIAS ,JORVINA ARTICULOS RELEGIOSOS ,YURECUARO ,33 2184 5609,MARIA ESTHER NAVA ,$121.55,$19.45,$141,50.00%, $ 70.50 ,, $ 6.59 , $ 1.05 , $ 6.98 , $ 14.63 ,3.30%,$226,,$31.19,$195,$140,,,,,,,,,,,,,,,,,,
0934,101DG, LGVTM427,CRISTO # 10 SOLERA DORADO GRABADO,24 X 10 cms,ARTESANIAS ,JORVINA ARTICULOS RELEGIOSOS ,YURECUARO ,33 2184 5609,MARIA ESTHER NAVA ,$101.72,$16.28,$118,50.00%, $ 59.00 ,, $ 5.92 , $ 0.95 , $ 6.28 , $ 13.15 ,2.97%,$190,,$26.23,$164,$109,,,,,,,,,,,,,,,,,,
0935,10S, LGVTM428,CRISTO # 10 SOLERA C/45,24 X 10 cms,ARTESANIAS ,JORVINA ARTICULOS RELEGIOSOS ,YURECUARO ,33 2184 5609,MARIA ESTHER NAVA ,$86.21,$13.79,$100,50.00%, $ 50.00 ,, $ 5.40 , $ 0.86 , $ 5.73 , $ 11.99 ,2.71%,$162,,$22.34,$140,$84,,,,,,,,,,,,,,,,,,
0936,25CD, LGVTM429,CRISTO # 25 RAYADO CUADRADO DORADO,41.5 x 19.5,ARTESANIAS ,JORVINA ARTICULOS RELEGIOSOS ,YURECUARO ,33 2184 5609,MARIA ESTHER NAVA ,$268.10,$42.90,$311,50.00%, $ 155.50 ,, $ 11.52 , $ 1.84 , $ 12.20 , $ 25.56 ,5.77%,$492,,$67.87,$424,$369,,,,,,,,,,,,,,,,,,
0937,16CP, LGVTM430,CRISTO # 16 RAYADO CUADRADO PLATA,32 X 13 cms,ARTESANIAS ,JORVINA ARTICULOS RELEGIOSOS ,YURECUARO ,33 2184 5609,MARIA ESTHER NAVA ,$140.52,$22.48,$163,50.00%, $ 81.50 ,, $ 7.23 , $ 1.16 , $ 7.66 , $ 16.04 ,3.62%,$261,,$35.94,$225,$169,,,,,,,,,,,,,,,,,,
0938,15CDA, LGVTM431,CRISTO # 15 CUADRADO DORADO CON AUREOLA,25 X 11 cms,ARTESANIAS ,JORVINA ARTICULOS RELEGIOSOS ,YURECUARO ,33 2184 5609,MARIA ESTHER NAVA ,$106.03,$16.97,$123,50.00%, $ 61.50 ,, $ 6.07 , $ 0.97 , $ 6.43 , $ 13.47 ,3.04%,$198,,$27.31,$171,$115,,,,,,,,,,,,,,,,,,
0939,16CD, LGVTM432,CRISTO # 16 CUADRADO RAYADO DORADO,32 X 13 cms,ARTESANIAS ,JORVINA ARTICULOS RELEGIOSOS ,YURECUARO ,33 2184 5609,MARIA ESTHER NAVA ,$140.52,$22.48,$163,50.00%, $ 81.50 ,, $ 7.23 , $ 1.16 , $ 7.66 , $ 16.04 ,3.62%,$261,,$35.94,$225,$169,,,,,,,,,,,,,,,,,,
0940,16CDP, LGVTM433,CRISTO # 16 CUADRADO DORADO CUERPO PLAT,32 X 13 cms,ARTESANIAS ,JORVINA ARTICULOS RELEGIOSOS ,YURECUARO ,33 2184 5609,MARIA ESTHER NAVA ,$140.52,$22.48,$163,50.00%, $ 81.50 ,, $ 7.23 , $ 1.16 , $ 7.66 , $ 16.04 ,3.62%,$261,,$35.94,$225,$169,,,,,,,,,,,,,,,,,,
0941,3/8RRD, LGVTM434,CRISTO # 3/8 REDONDO RAYADO DORADO,31.5 X 14 cm,ARTESANIAS ,JORVINA ARTICULOS RELEGIOSOS ,YURECUARO ,33 2184 5609,MARIA ESTHER NAVA ,$218.10,$34.90,$253,50.00%, $ 126.50 ,, $ 9.84 , $ 1.57 , $ 10.42 , $ 21.83 ,4.93%,$401,,$55.36,$346,$291,,,,,,,,,,,,,,,,,,
0942,3/8RAD, LGVTM435,CRISTO # 3/8  REDONDO ALUMINIO,31.5 X 14 cm,ARTESANIAS ,JORVINA ARTICULOS RELEGIOSOS ,YURECUARO ,33 2184 5609,MARIA ESTHER NAVA ,$169.83,$27.17,$197,50.00%, $ 98.50 ,, $ 8.21 , $ 1.31 , $ 8.70 , $ 18.23 ,4.12%,$314,,$43.27,$270,$215,,,,,,,,,,,,,,,,,,
0943,3/8RLD, LGVTM436,CRISTO # 3/8 REDONDO LISO DORADO,31.5 X 14 cm,ARTESANIAS ,JORVINA ARTICULOS RELEGIOSOS ,YURECUARO ,33 2184 5609,MARIA ESTHER NAVA ,$221.55,$35.45,$257,50.00%, $ 128.50 ,, $ 9.95 , $ 1.59 , $ 10.54 , $ 22.09 ,4.99%,$408,,$56.22,$351,$296,,,,,,,,,,,,,,,,,,
0944,25RAD, LGVTM437,CRISTO # 25 REDONDO ALUMINIO,41.5 x 19.5,ARTESANIAS ,JORVINA ARTICULOS RELEGIOSOS ,YURECUARO ,33 2184 5609,MARIA ESTHER NAVA ,$234.48,$37.52,$272,50.00%, $ 136.00 ,, $ 10.39 , $ 1.66 , $ 11.00 , $ 23.05 ,5.20%,$431,,$59.46,$372,$316,,,,,,,,,,,,,,,,,,
0945,INFANTIL, LGVTM438,CRISTO INFANTIL RAYADO DORADO,8 X 4.5 cms,ARTESANIAS ,JORVINA ARTICULOS RELEGIOSOS ,YURECUARO ,33 2184 5609,MARIA ESTHER NAVA ,$25.00,$4.00,$29,50.00%, $ 14.50 ,, $ 3.34 , $ 0.53 , $ 3.55 , $ 7.42 ,1.68%,$51,,$7.02,$44,-$11,,,,,,,,,,,,,,,,,,
0946,1RJ, LGVTM439,CRUZ ROSTRO DE JESUS GRANDE,16 X 9 cms,ARTESANIAS ,JORVINA ARTICULOS RELEGIOSOS ,YURECUARO ,33 2184 5609,MARIA ESTHER NAVA ,$62.07,$9.93,$72,50.00%, $ 36.00 ,, $ 4.59 , $ 0.73 , $ 4.87 , $ 10.19 ,2.30%,$118,,$16.30,$102,$47,,,,,,,,,,,,,,,,,,
0947,INFANTIL P, LGVTM440,CRISTO INFANTIL RAYADO PLATA,8 X 4.5 cms,ARTESANIAS ,JORVINA ARTICULOS RELEGIOSOS ,YURECUARO ,33 2184 5609,MARIA ESTHER NAVA ,$25.00,$4.00,$29,50.00%, $ 14.50 ,, $ 3.34 , $ 0.53 , $ 3.55 , $ 7.42 ,1.68%,$51,,$7.02,$44,-$11,,,,,,,,,,,,,,,,,,
0948,15DR, LGVTM441,CRISTO # 15 DORADO RAYADO,27 X 10.5 cm,ARTESANIAS ,JORVINA ARTICULOS RELEGIOSOS ,YURECUARO ,33 2184 5609,MARIA ESTHER NAVA ,$103.45,$16.55,$120,50.00%, $ 60.00 ,, $ 5.98 , $ 0.96 , $ 6.34 , $ 13.28 ,3.00%,$193,,$26.66,$167,$111,,,,,,,,,,,,,,,,,,
0949,15PR, LGVTM442,CRISTO # 15 PATINADO RAYADO,27 X 10.5 cm,ARTESANIAS ,JORVINA ARTICULOS RELEGIOSOS ,YURECUARO ,33 2184 5609,MARIA ESTHER NAVA ,$100.86,$16.14,$117,50.00%, $ 58.50 ,, $ 5.89 , $ 0.94 , $ 6.25 , $ 13.08 ,2.95%,$189,,$26.01,$163,$107,,,,,,,,,,,,,,,,,,
0950,15DL, LGVTM443,CRISTO # 15 DORADO LISO,27 X 10.5 cm,ARTESANIAS ,JORVINA ARTICULOS RELEGIOSOS ,YURECUARO ,33 2184 5609,MARIA ESTHER NAVA ,$103.45,$16.55,$120,50.00%, $ 60.00 ,, $ 5.98 , $ 0.96 , $ 6.34 , $ 13.28 ,3.00%,$193,,$26.66,$167,$111,,,,,,,,,,,,,,,,,,
0951,5PL, LGVTM444,CRISTO # 15 PATINADO LISO,27 X 10.5 cm,ARTESANIAS ,JORVINA ARTICULOS RELEGIOSOS ,YURECUARO ,33 2184 5609,MARIA ESTHER NAVA ,$100.86,$16.14,$117,50.00%, $ 58.50 ,, $ 5.89 , $ 0.94 , $ 6.25 , $ 13.08 ,2.95%,$189,,$26.01,$163,$107,,,,,,,,,,,,,,,,,,
0952,2MRR, LGVTM445,CRISTO MINI # 2 REDONDO RAYADO,12.5 X 6 cms,ARTESANIAS ,JORVINA ARTICULOS RELEGIOSOS ,YURECUARO ,33 2184 5609,MARIA ESTHER NAVA ,$38.79,$6.21,$45,50.00%, $ 22.50 ,, $ 3.81 , $ 0.61 , $ 4.04 , $ 8.45 ,1.91%,$76,,$10.48,$65,$10,,,,,,,,,,,,,,,,,,
0953,2MRL, LGVTM446,CRISTO MINI # 2 REDONDO LISO,12.5 X 6 cms,ARTESANIAS ,JORVINA ARTICULOS RELEGIOSOS ,YURECUARO ,33 2184 5609,MARIA ESTHER NAVA ,$41.38,$6.62,$48,50.00%, $ 24.00 ,, $ 3.89 , $ 0.62 , $ 4.13 , $ 8.65 ,1.95%,$81,,$11.12,$70,$14,,,,,,,,,,,,,,,,,,
0954,2MLP, LGVTM447,CRISTO MINI # 2 REDONDO LISO PATINADO,12.5 X 6 cms,ARTESANIAS ,JORVINA ARTICULOS RELEGIOSOS ,YURECUARO ,33 2184 5609,MARIA ESTHER NAVA ,$41.38,$6.62,$48,50.00%, $ 24.00 ,, $ 3.89 , $ 0.62 , $ 4.13 , $ 8.65 ,1.95%,$81,,$11.12,$70,$14,,,,,,,,,,,,,,,,,,
0955,10D, LGVTM448,CRISTO # 10 DORADO LISO,17 X 7.5,ARTESANIAS ,JORVINA ARTICULOS RELEGIOSOS ,YURECUARO ,33 2184 5609,MARIA ESTHER NAVA ,$56.03,$8.97,$65,50.00%, $ 32.50 ,, $ 4.39 , $ 0.70 , $ 4.65 , $ 9.74 ,2.20%,$107,,$14.79,$92,$37,,,,,,,,,,,,,,,,,,
0956,INFANTIL CN, LGVTM449,CRISTO INFANTIL C/CADENA DORADO,8 X 4.5 cms,ARTESANIAS ,JORVINA ARTICULOS RELEGIOSOS ,YURECUARO ,33 2184 5609,MARIA ESTHER NAVA ,$43.97,$7.03,$51,50.00%, $ 25.50 ,, $ 3.98 , $ 0.64 , $ 4.22 , $ 8.84 ,2.00%,$85,,$11.77,$74,$18,,,,,,,,,,,,,,,,,,
0957,, LGVTM450,MODELOS VARIOS,,0,0,0,0,0,$0.00,$0.00,,0.00%, $ -   ,, $ 2.50 , $ -   , $ -   , $ -   ,0.00%,$0,,$0.00,$0,$0,,,,,,,,,,,,,,,,,,
0958,DN-D, LGVTM451,DIVINO NIÑO DORADO CON BASE MADERA,8 X 7 cms,ARTESANIAS ,JORVINA ARTICULOS RELEGIOSOS ,YURECUARO ,33 2184 5609,MARIA ESTHER NAVA ,$58.62,$9.38,$68,50.00%, $ 34.00 ,, $ 4.47 , $ 0.72 , $ 4.74 , $ 9.93 ,2.24%,$112,,$15.44,$96,$41,,,,,,,,,,,,,,,,,,
0959,DN-P, LGVTM452,DIVINO NIÑO PLATA CON BASE MADERA,8 X 7 cms,ARTESANIAS ,JORVINA ARTICULOS RELEGIOSOS ,YURECUARO ,33 2184 5609,MARIA ESTHER NAVA ,$55.17,$8.83,$64,50.00%, $ 32.00 ,, $ 4.36 , $ 0.70 , $ 4.62 , $ 9.67 ,2.18%,$106,,$14.58,$91,$36,,,,,,,,,,,,,,,,,,
0960,ADD, LGVTM453,HADA DORADA,5 X 5 cms,ARTESANIAS ,JORVINA ARTICULOS RELEGIOSOS ,YURECUARO ,33 2184 5609,MARIA ESTHER NAVA ,$56.03,$8.97,$65,50.00%, $ 32.50 ,, $ 4.39 , $ 0.70 , $ 4.65 , $ 9.74 ,2.20%,$107,,$14.79,$92,$37,,,,,,,,,,,,,,,,,,
0961,ADP, LGVTM454,HADA PLATA,5 X 5 cms,ARTESANIAS ,JORVINA ARTICULOS RELEGIOSOS ,YURECUARO ,33 2184 5609,MARIA ESTHER NAVA ,$50.00,$8.00,$58,50.00%, $ 29.00 ,, $ 4.18 , $ 0.67 , $ 4.44 , $ 9.29 ,2.10%,$96,,$13.28,$83,$28,,,,,,,,,,,,,,,,,,
0962,QA, LGVTM455,QUERUBIN ALAS DORADAS MOD. A,6.5 cms,ARTESANIAS ,JORVINA ARTICULOS RELEGIOSOS ,YURECUARO ,33 2184 5609,MARIA ESTHER NAVA ,$48.28,$7.72,$56,50.00%, $ 28.00 ,, $ 4.12 , $ 0.66 , $ 4.38 , $ 9.16 ,2.07%,$93,,$12.85,$80,$25,,,,,,,,,,,,,,,,,,
0963,QB, LGVTM456,QUERUBIN ALAS DORADAS MOD. B,6.5 cms,ARTESANIAS ,JORVINA ARTICULOS RELEGIOSOS ,YURECUARO ,33 2184 5609,MARIA ESTHER NAVA ,$48.28,$7.72,$56,50.00%, $ 28.00 ,, $ 4.12 , $ 0.66 , $ 4.38 , $ 9.16 ,2.07%,$93,,$12.85,$80,$25,,,,,,,,,,,,,,,,,,
0964,AO, LGVTM457,ANGEL ORANDO DE BULTO ALAS DORADAS,6.5 cms,ARTESANIAS ,JORVINA ARTICULOS RELEGIOSOS ,YURECUARO ,33 2184 5609,MARIA ESTHER NAVA ,$43.97,$7.03,$51,50.00%, $ 25.50 ,, $ 3.98 , $ 0.64 , $ 4.22 , $ 8.84 ,2.00%,$85,,$11.77,$74,$18,,,,,,,,,,,,,,,,,,
0965,JT, LGVTM458,JUDAS TADEO,6.5 X 2.7 cm,ARTESANIAS ,JORVINA ARTICULOS RELEGIOSOS ,YURECUARO ,33 2184 5609,MARIA ESTHER NAVA ,$46.55,$7.45,$54,50.00%, $ 27.00 ,, $ 4.07 , $ 0.65 , $ 4.31 , $ 9.03 ,2.04%,$90,,$12.42,$78,$22,,,,,,,,,,,,,,,,,,
0966,MPA, LGVTM459,MANOS DE PAZ Y AMOR PLATA BASE MADERA,10 X 11.4 cm,ARTESANIAS ,JORVINA ARTICULOS RELEGIOSOS ,YURECUARO ,33 2184 5609,MARIA ESTHER NAVA ,$93.97,$15.03,$109,50.00%, $ 54.50 ,, $ 5.66 , $ 0.91 , $ 6.00 , $ 12.57 ,2.84%,$176,,$24.29,$152,$97,,,,,,,,,,,,,,,,,,
0967,MPA-D, LGVTM460,MANOS DE PAZ Y AMOR DORADA B/MADERA,10 X 11.4 cm,ARTESANIAS ,JORVINA ARTICULOS RELEGIOSOS ,YURECUARO ,33 2184 5609,MARIA ESTHER NAVA ,$104.31,$16.69,$121,50.00%, $ 60.50 ,, $ 6.01 , $ 0.96 , $ 6.37 , $ 13.34 ,3.01%,$195,,$26.87,$168,$113,,,,,,,,,,,,,,,,,,
0968,1RA, LGVTM461,RETABLO ARCANGEL CHICO,9 X 6.8 cms,ARTESANIAS ,JORVINA ARTICULOS RELEGIOSOS ,YURECUARO ,33 2184 5609,MARIA ESTHER NAVA ,$41.38,$6.62,$48,50.00%, $ 24.00 ,, $ 3.89 , $ 0.62 , $ 4.13 , $ 8.65 ,1.95%,$81,,$11.12,$70,$14,,,,,,,,,,,,,,,,,,
0969,RSC1, LGVTM462,RETABLO SAGRADO CORAZON NUEVO,,ARTESANIAS ,JORVINA ARTICULOS RELEGIOSOS ,YURECUARO ,33 2184 5609,MARIA ESTHER NAVA ,$64.66,$10.34,$75,50.00%, $ 37.50 ,, $ 4.68 , $ 0.75 , $ 4.96 , $ 10.38 ,2.34%,$123,,$16.95,$106,$51,,,,,,,,,,,,,,,,,,
0970,SRM, LGVTM463,SEÑOR DE LA MISERICORDIA,,ARTESANIAS ,JORVINA ARTICULOS RELEGIOSOS ,YURECUARO ,33 2184 5609,MARIA ESTHER NAVA ,$96.55,$15.45,$112,50.00%, $ 56.00 ,, $ 5.75 , $ 0.92 , $ 6.09 , $ 12.76 ,2.88%,$181,,$24.93,$156,$101,,,,,,,,,,,,,,,,,,
0971,PE-D, LGVTM464,PESEBRE DORADO,7.5 X 10 cms,ARTESANIAS ,JORVINA ARTICULOS RELEGIOSOS ,YURECUARO ,33 2184 5609,MARIA ESTHER NAVA ,$104.31,$16.69,$121,50.00%, $ 60.50 ,, $ 6.01 , $ 0.96 , $ 6.37 , $ 13.34 ,3.01%,$195,,$26.87,$168,$113,,,,,,,,,,,,,,,,,,
0972,PE-P, LGVTM465,PESEBRE PLATA,7.5 X 10 cms,ARTESANIAS ,JORVINA ARTICULOS RELEGIOSOS ,YURECUARO ,33 2184 5609,MARIA ESTHER NAVA ,$100.86,$16.14,$117,50.00%, $ 58.50 ,, $ 5.89 , $ 0.94 , $ 6.25 , $ 13.08 ,2.95%,$189,,$26.01,$163,$107,,,,,,,,,,,,,,,,,,
0973,NAD-01, LGVTM466,NACIMIENTO DORADO GRANDE,19.5 X 14 cm,ARTESANIAS ,JORVINA ARTICULOS RELEGIOSOS ,YURECUARO ,33 2184 5609,MARIA ESTHER NAVA ,$218.10,$34.90,$253,50.00%, $ 126.50 ,, $ 9.84 , $ 1.57 , $ 10.42 , $ 21.83 ,4.93%,$401,,$55.36,$346,$291,,,,,,,,,,,,,,,,,,
0974,NAP-01, LGVTM467,NACIMIENTO PLATA GRANDE,19.5 X 14 cm,ARTESANIAS ,JORVINA ARTICULOS RELEGIOSOS ,YURECUARO ,33 2184 5609,MARIA ESTHER NAVA ,$208.62,$33.38,$242,50.00%, $ 121.00 ,, $ 9.52 , $ 1.52 , $ 10.08 , $ 21.12 ,4.77%,$384,,$52.98,$331,$276,,,,,,,,,,,,,,,,,,
0975,NAC-01, LGVTM468,NACIMIENTO COMBINADO GRANDE,19.5 X 14 cm,ARTESANIAS ,JORVINA ARTICULOS RELEGIOSOS ,YURECUARO ,33 2184 5609,MARIA ESTHER NAVA ,$218.10,$34.90,$253,50.00%, $ 126.50 ,, $ 9.84 , $ 1.57 , $ 10.42 , $ 21.83 ,4.93%,$401,,$55.36,$346,$291,,,,,,,,,,,,,,,,,,
0976,NAD-02, LGVTM469,NACIMIENTO DORADO CHICO,10 X 8 cms,ARTESANIAS ,JORVINA ARTICULOS RELEGIOSOS ,YURECUARO ,33 2184 5609,MARIA ESTHER NAVA ,$78.45,$12.55,$91,50.00%, $ 45.50 ,, $ 5.14 , $ 0.82 , $ 5.45 , $ 11.41 ,2.58%,$148,,$20.40,$128,$72,,,,,,,,,,,,,,,,,,
0977,NAP-02, LGVTM470,NACIMIENTO PLATA CHICO,10 X 8 cms,ARTESANIAS ,JORVINA ARTICULOS RELEGIOSOS ,YURECUARO ,33 2184 5609,MARIA ESTHER NAVA ,$72.41,$11.59,$84,50.00%, $ 42.00 ,, $ 4.94 , $ 0.79 , $ 5.23 , $ 10.96 ,2.47%,$137,,$18.89,$118,$63,,,,,,,,,,,,,,,,,,
0978,NAC-02, LGVTM471,NACIMIENTO COMBINADO CHICO,10 X 8 cms,ARTESANIAS ,JORVINA ARTICULOS RELEGIOSOS ,YURECUARO ,33 2184 5609,MARIA ESTHER NAVA ,$78.45,$12.55,$91,50.00%, $ 45.50 ,, $ 5.14 , $ 0.82 , $ 5.45 , $ 11.41 ,2.58%,$148,,$20.40,$128,$72,,,,,,,,,,,,,,,,,,
0979,NAR-D, LGVTM472,NACIMIENTO REYES DORADO,8 X 9.5 cms,ARTESANIAS ,JORVINA ARTICULOS RELEGIOSOS ,YURECUARO ,33 2184 5609,MARIA ESTHER NAVA ,$104.31,$16.69,$121,50.00%, $ 60.50 ,, $ 6.01 , $ 0.96 , $ 6.37 , $ 13.34 ,3.01%,$195,,$26.87,$168,$113,,,,,,,,,,,,,,,,,,
0980,NAR-P, LGVTM473,NACIMIENTO REYES PLATA,8 X 9.5 cms,ARTESANIAS ,JORVINA ARTICULOS RELEGIOSOS ,YURECUARO ,33 2184 5609,MARIA ESTHER NAVA ,$96.55,$15.45,$112,50.00%, $ 56.00 ,, $ 5.75 , $ 0.92 , $ 6.09 , $ 12.76 ,2.88%,$181,,$24.93,$156,$101,,,,,,,,,,,,,,,,,,
0981,CNGA, LGVTM474,CRUZ NAVIDAD GRABADA EN MADERA MOD. A,,ARTESANIAS ,JORVINA ARTICULOS RELEGIOSOS ,YURECUARO ,33 2184 5609,MARIA ESTHER NAVA ,$64.66,$10.34,$75,50.00%, $ 37.50 ,, $ 4.68 , $ 0.75 , $ 4.96 , $ 10.38 ,2.34%,$123,,$16.95,$106,$51,,,,,,,,,,,,,,,,,,
0982,CNGB, LGVTM475,CRUZ NAVIDAD GRABADA EN MADERA MOD. B,,ARTESANIAS ,JORVINA ARTICULOS RELEGIOSOS ,YURECUARO ,33 2184 5609,MARIA ESTHER NAVA ,$64.66,$10.34,$75,50.00%, $ 37.50 ,, $ 4.68 , $ 0.75 , $ 4.96 , $ 10.38 ,2.34%,$123,,$16.95,$106,$51,,,,,,,,,,,,,,,,,,
0983,PCA, LGVTM476,PORTA CIRIO ANGELES DORADO,,ARTESANIAS ,JORVINA ARTICULOS RELEGIOSOS ,YURECUARO ,33 2184 5609,MARIA ESTHER NAVA ,$487.07,$77.93,$565,50.00%, $ 282.50 ,, $ 18.89 , $ 3.02 , $ 19.99 , $ 41.89 ,9.46%,$889,,$122.68,$767,$712,,,,,,,,,,,,,,,,,,
0984,PCMD, LGVTM477,PORTA CIRIOS MADONA CAMAFEO DORADO,,ARTESANIAS ,JORVINA ARTICULOS RELEGIOSOS ,YURECUARO ,33 2184 5609,MARIA ESTHER NAVA ,$487.07,$77.93,$565,50.00%, $ 282.50 ,, $ 18.89 , $ 3.02 , $ 19.99 , $ 41.89 ,9.46%,$889,,$122.68,$767,$712,,,,,,,,,,,,,,,,,,
0985,PCPV, LGVTM478,PORTA CIRIO PAN Y VINO PLATA,,ARTESANIAS ,JORVINA ARTICULOS RELEGIOSOS ,YURECUARO ,33 2184 5609,MARIA ESTHER NAVA ,$469.83,$75.17,$545,50.00%, $ 272.50 ,, $ 18.31 , $ 2.93 , $ 19.37 , $ 40.61 ,9.17%,$858,,$118.36,$740,$685,,,,,,,,,,,,,,,,,,
0986,PCAM, LGVTM479,PORTA CIRIO ANGELES MOÑO PLATA,,ARTESANIAS ,JORVINA ARTICULOS RELEGIOSOS ,YURECUARO ,33 2184 5609,MARIA ESTHER NAVA ,$469.83,$75.17,$545,50.00%, $ 272.50 ,, $ 18.31 , $ 2.93 , $ 19.37 , $ 40.61 ,9.17%,$858,,$118.36,$740,$685,,,,,,,,,,,,,,,,,,
0987,CM-BC, LGVTM480,CUADRO MADONA CONVINADA C/BASE,,ARTESANIAS ,JORVINA ARTICULOS RELEGIOSOS ,YURECUARO ,33 2184 5609,MARIA ESTHER NAVA ,$240.52,$38.48,$279,50.00%, $ 139.50 ,, $ 10.59 , $ 1.69 , $ 11.22 , $ 23.50 ,5.31%,$442,,$60.97,$381,$326,,,,,,,,,,,,,,,,,,
0988,CSF-BC, LGVTM481,CUADRO SAGRADA FAMILIA CONV. C/BASE,,ARTESANIAS ,JORVINA ARTICULOS RELEGIOSOS ,YURECUARO ,33 2184 5609,MARIA ESTHER NAVA ,$314.66,$50.34,$365,50.00%, $ 182.50 ,, $ 13.09 , $ 2.09 , $ 13.85 , $ 29.03 ,6.56%,$577,,$79.52,$497,$442,,,,,,,,,,,,,,,,,,
0989,OSF-C, LGVTM482,OVALO SAGRADA FAMILIA ORO Y PLATA,,ARTESANIAS ,JORVINA ARTICULOS RELEGIOSOS ,YURECUARO ,33 2184 5609,MARIA ESTHER NAVA ,$240.52,$38.48,$279,50.00%, $ 139.50 ,, $ 10.59 , $ 1.69 , $ 11.22 , $ 23.50 ,5.31%,$442,,$60.97,$381,$326,,,,,,,,,,,,,,,,,,
0990,OMO-C, LGVTM483,OVALO  MADONA ORANDO ORO Y PLATA,,ARTESANIAS ,JORVINA ARTICULOS RELEGIOSOS ,YURECUARO ,33 2184 5609,MARIA ESTHER NAVA ,$240.52,$38.48,$279,50.00%, $ 139.50 ,, $ 10.59 , $ 1.69 , $ 11.22 , $ 23.50 ,5.31%,$442,,$60.97,$381,$326,,,,,,,,,,,,,,,,,,
0991,OA-BC, LGVTM484,OVALO ANGELES C/ BASE ORO Y PLATA,,ARTESANIAS ,JORVINA ARTICULOS RELEGIOSOS ,YURECUARO ,33 2184 5609,MARIA ESTHER NAVA ,$240.52,$38.48,$279,50.00%, $ 139.50 ,, $ 10.59 , $ 1.69 , $ 11.22 , $ 23.50 ,5.31%,$442,,$60.97,$381,$326,,,,,,,,,,,,,,,,,,
0992,OA-C, LGVTM485,OVALO ANGELES  ORO Y PLATA,,ARTESANIAS ,JORVINA ARTICULOS RELEGIOSOS ,YURECUARO ,33 2184 5609,MARIA ESTHER NAVA ,$240.52,$38.48,$279,50.00%, $ 139.50 ,, $ 10.59 , $ 1.69 , $ 11.22 , $ 23.50 ,5.31%,$442,,$60.97,$381,$326,,,,,,,,,,,,,,,,,,
0993,, LGVTM486,"ACRILICO, CUADROS Y DISTINTIVOS ",,0,0,0,0,0,$0.00,$0.00,,0.00%, $ -   ,, $ 2.50 , $ -   , $ -   , $ -   ,0.00%,$0,,$0.00,$0,$0,,,,,,,,,,,,,,,,,,
0994,C-VG, LGVTM487,CUADRO VIRGEN GUADALUPE,,ARTESANIAS ,JORVINA ARTICULOS RELEGIOSOS ,YURECUARO ,33 2184 5609,MARIA ESTHER NAVA ,$257.76,$41.24,$299,50.00%, $ 149.50 ,, $ 11.17 , $ 1.79 , $ 11.83 , $ 24.79 ,5.60%,$473,,$65.28,$408,$353,,,,,,,,,,,,,,,,,,
0995,C-VGAD, LGVTM488,CUADRO VIRGEN GUADALUPE ARO DORADO,,ARTESANIAS ,JORVINA ARTICULOS RELEGIOSOS ,YURECUARO ,33 2184 5609,MARIA ESTHER NAVA ,$300.00,$48.00,$348,50.00%, $ 174.00 ,, $ 12.59 , $ 2.01 , $ 13.33 , $ 27.94 ,6.31%,$550,,$75.85,$474,$419,,,,,,,,,,,,,,,,,,
0996,C-AP, LGVTM489,CUADRO ANGEL PALOMA,,ARTESANIAS ,JORVINA ARTICULOS RELEGIOSOS ,YURECUARO ,33 2184 5609,MARIA ESTHER NAVA ,$257.76,$41.24,$299,50.00%, $ 149.50 ,, $ 11.17 , $ 1.79 , $ 11.83 , $ 24.79 ,5.60%,$473,,$65.28,$408,$353,,,,,,,,,,,,,,,,,,
0997,C-CA, LGVTM490,CUADRO CALIZ DORADO,,ARTESANIAS ,JORVINA ARTICULOS RELEGIOSOS ,YURECUARO ,33 2184 5609,MARIA ESTHER NAVA ,$300.00,$48.00,$348,50.00%, $ 174.00 ,, $ 12.59 , $ 2.01 , $ 13.33 , $ 27.94 ,6.31%,$550,,$75.85,$474,$419,,,,,,,,,,,,,,,,,,
0998,C-APT, LGVTM491,CUADRO ANGEL PUENTE PLATA,,ARTESANIAS ,JORVINA ARTICULOS RELEGIOSOS ,YURECUARO ,33 2184 5609,MARIA ESTHER NAVA ,$300.00,$48.00,$348,50.00%, $ 174.00 ,, $ 12.59 , $ 2.01 , $ 13.33 , $ 27.94 ,6.31%,$550,,$75.85,$474,$419,,,,,,,,,,,,,,,,,,
0999,C-MD, LGVTM492,CUADRO MARIPOSA DORADA,,ARTESANIAS ,JORVINA ARTICULOS RELEGIOSOS ,YURECUARO ,33 2184 5609,MARIA ESTHER NAVA ,$300.00,$48.00,$348,50.00%, $ 174.00 ,, $ 12.59 , $ 2.01 , $ 13.33 , $ 27.94 ,6.31%,$550,,$75.85,$474,$419,,,,,,,,,,,,,,,,,,
1000,C-MSBD, LGVTM493,CUADRO MEDALLA SAN BENITO DORAD,,ARTESANIAS ,JORVINA ARTICULOS RELEGIOSOS ,YURECUARO ,33 2184 5609,MARIA ESTHER NAVA ,$300.00,$48.00,$348,50.00%, $ 174.00 ,, $ 12.59 , $ 2.01 , $ 13.33 , $ 27.94 ,6.31%,$550,,$75.85,$474,$419,,,,,,,,,,,,,,,,,,
1001,C-MSBP, LGVTM494,CUADRO MEDALLA SAN BENITO PLATA,,ARTESANIAS ,JORVINA ARTICULOS RELEGIOSOS ,YURECUARO ,33 2184 5609,MARIA ESTHER NAVA ,$300.00,$48.00,$348,50.00%, $ 174.00 ,, $ 12.59 , $ 2.01 , $ 13.33 , $ 27.94 ,6.31%,$550,,$75.85,$474,$419,,,,,,,,,,,,,,,,,,
1002,C-SDM, LGVTM495,CUADRO SAN DAMIAN,,ARTESANIAS ,JORVINA ARTICULOS RELEGIOSOS ,YURECUARO ,33 2184 5609,MARIA ESTHER NAVA ,$479.31,$76.69,$556,50.00%, $ 278.00 ,, $ 18.62 , $ 2.98 , $ 19.71 , $ 41.32 ,9.33%,$875,,$120.73,$755,$699,,,,,,,,,,,,,,,,,,
1003,C-JT, LGVTM496,CUADRO SAN JUDAS TADEO,,ARTESANIAS ,JORVINA ARTICULOS RELEGIOSOS ,YURECUARO ,33 2184 5609,MARIA ESTHER NAVA ,$530.17,$84.83,$615,50.00%, $ 307.50 ,, $ 20.34 , $ 3.25 , $ 21.52 , $ 45.11 ,10.19%,$968,,$133.46,$834,$779,,,,,,,,,,,,,,,,,,
1004,C-MFP, LGVTM497,CUADRO MADONA C/FLORES MARCO PERLAS,,ARTESANIAS ,JORVINA ARTICULOS RELEGIOSOS ,YURECUARO ,33 2184 5609,MARIA ESTHER NAVA ,$575.86,$92.14,$668,50.00%, $ 334.00 ,, $ 21.87 , $ 3.50 , $ 23.15 , $ 48.52 ,10.96%,"$1,051",,$144.90,$906,$850,,,,,,,,,,,,,,,,,,
1005,C-NOD, LGVTM498,CUADRO ES NIÑO DORADO,,ARTESANIAS ,JORVINA ARTICULOS RELEGIOSOS ,YURECUARO ,33 2184 5609,MARIA ESTHER NAVA ,$484.48,$77.52,$562,50.00%, $ 281.00 ,, $ 18.80 , $ 3.01 , $ 19.90 , $ 41.70 ,9.42%,$885,,$122.03,$763,$708,,,,,,,,,,,,,,,,,,
1006,C-NAD, LGVTM499,CUADRO ES NIÑA DORADO,,ARTESANIAS ,JORVINA ARTICULOS RELEGIOSOS ,YURECUARO ,33 2184 5609,MARIA ESTHER NAVA ,$484.48,$77.52,$562,50.00%, $ 281.00 ,, $ 18.80 , $ 3.01 , $ 19.90 , $ 41.70 ,9.42%,$885,,$122.03,$763,$708,,,,,,,,,,,,,,,,,,
1007,C-0SFD, LGVTM500,CUADRO OVALO SAGRADA FAMILIA DOR. C/FLOR,,ARTESANIAS ,JORVINA ARTICULOS RELEGIOSOS ,YURECUARO ,33 2184 5609,MARIA ESTHER NAVA ,$598.28,$95.72,$694,50.00%, $ 347.00 ,, $ 22.63 , $ 3.62 , $ 23.94 , $ 50.19 ,11.33%,"$1,091",,$150.51,$941,$886,,,,,,,,,,,,,,,,,,
1008,C-AMN, LGVTM501,CUADRO ARO MADONA C/NIÑO CON SWAROSKY,,ARTESANIAS ,JORVINA ARTICULOS RELEGIOSOS ,YURECUARO ,33 2184 5609,MARIA ESTHER NAVA ,$300.00,$48.00,$348,50.00%, $ 174.00 ,, $ 12.59 , $ 2.01 , $ 13.33 , $ 27.94 ,6.31%,$550,,$75.85,$474,$419,,,,,,,,,,,,,,,,,,
1009,C-AL, LGVTM502,CUADRO ANGEL LUNA,,ARTESANIAS ,JORVINA ARTICULOS RELEGIOSOS ,YURECUARO ,33 2184 5609,MARIA ESTHER NAVA ,$300.00,$48.00,$348,50.00%, $ 174.00 ,, $ 12.59 , $ 2.01 , $ 13.33 , $ 27.94 ,6.31%,$550,,$75.85,$474,$419,,,,,,,,,,,,,,,,,,
1010,C-QF, LGVTM503,CUADRO QUERUBIN FLORES,,ARTESANIAS ,JORVINA ARTICULOS RELEGIOSOS ,YURECUARO ,33 2184 5609,MARIA ESTHER NAVA ,$300.00,$48.00,$348,50.00%, $ 174.00 ,, $ 12.59 , $ 2.01 , $ 13.33 , $ 27.94 ,6.31%,$550,,$75.85,$474,$419,,,,,,,,,,,,,,,,,,
1011,C-EP, LGVTM504,CUADRO ESPIRITU SANTO,,ARTESANIAS ,JORVINA ARTICULOS RELEGIOSOS ,YURECUARO ,33 2184 5609,MARIA ESTHER NAVA ,$300.00,$48.00,$348,50.00%, $ 174.00 ,, $ 12.59 , $ 2.01 , $ 13.33 , $ 27.94 ,6.31%,$550,,$75.85,$474,$419,,,,,,,,,,,,,,,,,,
1012,DSBD, LGVTM505,DISTINTIVO SAN BENITO DORADO,,ARTESANIAS ,JORVINA ARTICULOS RELEGIOSOS ,YURECUARO ,33 2184 5609,MARIA ESTHER NAVA ,$104.31,$16.69,$121,50.00%, $ 60.50 ,, $ 6.01 , $ 0.96 , $ 6.37 , $ 13.34 ,3.01%,$195,,$26.87,$168,$113,,,,,,,,,,,,,,,,,,
1013,DSBP, LGVTM506,DISTINTIVO SAN BENITO PLATA,,ARTESANIAS ,JORVINA ARTICULOS RELEGIOSOS ,YURECUARO ,33 2184 5609,MARIA ESTHER NAVA ,$102.59,$16.41,$119,50.00%, $ 59.50 ,, $ 5.95 , $ 0.95 , $ 6.31 , $ 13.21 ,2.98%,$192,,$26.44,$165,$110,,,,,,,,,,,,,,,,,,
1014,D-SBD, LGVTM507,DISTINTIVO SAN BENITO DORADO,,ARTESANIAS ,JORVINA ARTICULOS RELEGIOSOS ,YURECUARO ,33 2184 5609,MARIA ESTHER NAVA ,$93.10,$14.90,$108,50.00%, $ 54.00 ,, $ 5.63 , $ 0.90 , $ 5.97 , $ 12.50 ,2.82%,$175,,$24.07,$150,$95,,,,,,,,,,,,,,,,,,
1015,D-SBP, LGVTM508,DISTINTIVO SAN BENITO PLATA,,ARTESANIAS ,JORVINA ARTICULOS RELEGIOSOS ,YURECUARO ,33 2184 5609,MARIA ESTHER NAVA ,$85.34,$13.66,$99,50.00%, $ 49.50 ,, $ 5.37 , $ 0.86 , $ 5.69 , $ 11.92 ,2.69%,$160,,$22.13,$138,$83,,,,,,,,,,,,,,,,,,
1016,D-CCD, LGVTM509,DISTINTIVO CRUZ CALIZ DORADO,,ARTESANIAS ,JORVINA ARTICULOS RELEGIOSOS ,YURECUARO ,33 2184 5609,MARIA ESTHER NAVA ,$93.10,$14.90,$108,50.00%, $ 54.00 ,, $ 5.63 , $ 0.90 , $ 5.97 , $ 12.50 ,2.82%,$175,,$24.07,$150,$95,,,,,,,,,,,,,,,,,,
1017,D-CCP, LGVTM510,DISTINTIVO CRUZ CALIZ PLATA,,ARTESANIAS ,JORVINA ARTICULOS RELEGIOSOS ,YURECUARO ,33 2184 5609,MARIA ESTHER NAVA ,$85.34,$13.66,$99,50.00%, $ 49.50 ,, $ 5.37 , $ 0.86 , $ 5.69 , $ 11.92 ,2.69%,$160,,$22.13,$138,$83,,,,,,,,,,,,,,,,,,
1018,D-MCD, LGVTM511,DISTINTIVO MADONA CAMAFEO DORADO,,ARTESANIAS ,JORVINA ARTICULOS RELEGIOSOS ,YURECUARO ,33 2184 5609,MARIA ESTHER NAVA ,$93.10,$14.90,$108,50.00%, $ 54.00 ,, $ 5.63 , $ 0.90 , $ 5.97 , $ 12.50 ,2.82%,$175,,$24.07,$150,$95,,,,,,,,,,,,,,,,,,
1019,D-MCP, LGVTM512,DISTINTIVO MADONA CAMAFEO PLATA,,ARTESANIAS ,JORVINA ARTICULOS RELEGIOSOS ,YURECUARO ,33 2184 5609,MARIA ESTHER NAVA ,$85.34,$13.66,$99,50.00%, $ 49.50 ,, $ 5.37 , $ 0.86 , $ 5.69 , $ 11.92 ,2.69%,$160,,$22.13,$138,$83,,,,,,,,,,,,,,,,,,
1020,D-BDP, LGVTM513,DISTINTIVO BEBE DURMIENDO PLATA,,ARTESANIAS ,JORVINA ARTICULOS RELEGIOSOS ,YURECUARO ,33 2184 5609,MARIA ESTHER NAVA ,$85.34,$13.66,$99,50.00%, $ 49.50 ,, $ 5.37 , $ 0.86 , $ 5.69 , $ 11.92 ,2.69%,$160,,$22.13,$138,$83,,,,,,,,,,,,,,,,,,
1021,D-BDD, LGVTM514,DISTINTIVO BEBE DURMIENDO DORADO,,ARTESANIAS ,JORVINA ARTICULOS RELEGIOSOS ,YURECUARO ,33 2184 5609,MARIA ESTHER NAVA ,$93.10,$14.90,$108,50.00%, $ 54.00 ,, $ 5.63 , $ 0.90 , $ 5.97 , $ 12.50 ,2.82%,$175,,$24.07,$150,$95,,,,,,,,,,,,,,,,,,
1022,D-CD, LGVTM515,DISTINTIVO CALIZ DORADO,,ARTESANIAS ,JORVINA ARTICULOS RELEGIOSOS ,YURECUARO ,33 2184 5609,MARIA ESTHER NAVA ,$93.10,$14.90,$108,50.00%, $ 54.00 ,, $ 5.63 , $ 0.90 , $ 5.97 , $ 12.50 ,2.82%,$175,,$24.07,$150,$95,,,,,,,,,,,,,,,,,,
1023,D-CP, LGVTM516,DISTINTIVO CALIZ PLATA,,ARTESANIAS ,JORVINA ARTICULOS RELEGIOSOS ,YURECUARO ,33 2184 5609,MARIA ESTHER NAVA ,$85.34,$13.66,$99,50.00%, $ 49.50 ,, $ 5.37 , $ 0.86 , $ 5.69 , $ 11.92 ,2.69%,$160,,$22.13,$138,$83,,,,,,,,,,,,,,,,,,
1024,D-APD, LGVTM517,DISTINTIVO ANGEL PENSANDO DORADO,,ARTESANIAS ,JORVINA ARTICULOS RELEGIOSOS ,YURECUARO ,33 2184 5609,MARIA ESTHER NAVA ,$93.10,$14.90,$108,50.00%, $ 54.00 ,, $ 5.63 , $ 0.90 , $ 5.97 , $ 12.50 ,2.82%,$175,,$24.07,$150,$95,,,,,,,,,,,,,,,,,,
1025,D-APP, LGVTM518,DISTINTIVO ANGEL PENSANDO PLATA,,ARTESANIAS ,JORVINA ARTICULOS RELEGIOSOS ,YURECUARO ,33 2184 5609,MARIA ESTHER NAVA ,$85.34,$13.66,$99,50.00%, $ 49.50 ,, $ 5.37 , $ 0.86 , $ 5.69 , $ 11.92 ,2.69%,$160,,$22.13,$138,$83,,,,,,,,,,,,,,,,,,
1026,D-PVD, LGVTM519,DISTINTIVO PAN Y VINO DORADO,,ARTESANIAS ,JORVINA ARTICULOS RELEGIOSOS ,YURECUARO ,33 2184 5609,MARIA ESTHER NAVA ,$93.10,$14.90,$108,50.00%, $ 54.00 ,, $ 5.63 , $ 0.90 , $ 5.97 , $ 12.50 ,2.82%,$175,,$24.07,$150,$95,,,,,,,,,,,,,,,,,,
1027,D-PVP, LGVTM520,DISTINTIVO PAN Y VINO PLATA,,ARTESANIAS ,JORVINA ARTICULOS RELEGIOSOS ,YURECUARO ,33 2184 5609,MARIA ESTHER NAVA ,$85.34,$13.66,$99,50.00%, $ 49.50 ,, $ 5.37 , $ 0.86 , $ 5.69 , $ 11.92 ,2.69%,$160,,$22.13,$138,$83,,,,,,,,,,,,,,,,,,
1028,D-ASP, LGVTM521,DISTINTIVO SILUETA ANGEL PLATA,,ARTESANIAS ,JORVINA ARTICULOS RELEGIOSOS ,YURECUARO ,33 2184 5609,MARIA ESTHER NAVA ,$85.34,$13.66,$99,50.00%, $ 49.50 ,, $ 5.37 , $ 0.86 , $ 5.69 , $ 11.92 ,2.69%,$160,,$22.13,$138,$83,,,,,,,,,,,,,,,,,,
1029,D-ASD, LGVTM522,DISTINTIVO SILUETA ANGEL DORADO,,ARTESANIAS ,JORVINA ARTICULOS RELEGIOSOS ,YURECUARO ,33 2184 5609,MARIA ESTHER NAVA ,$93.10,$14.90,$108,50.00%, $ 54.00 ,, $ 5.63 , $ 0.90 , $ 5.97 , $ 12.50 ,2.82%,$175,,$24.07,$150,$95,,,,,,,,,,,,,,,,,,
1030,D-MNP, LGVTM523,DISTINTIVO MADONA CON NIÑO PLATA,,ARTESANIAS ,JORVINA ARTICULOS RELEGIOSOS ,YURECUARO ,33 2184 5609,MARIA ESTHER NAVA ,$85.34,$13.66,$99,50.00%, $ 49.50 ,, $ 5.37 , $ 0.86 , $ 5.69 , $ 11.92 ,2.69%,$160,,$22.13,$138,$83,,,,,,,,,,,,,,,,,,
1031,CV-01P, LGVTM524,CRUZ ACRILICO CHOCOLATE  DOBLE PLATA,,ARTESANIAS ,JORVINA ARTICULOS RELEGIOSOS ,YURECUARO ,33 2184 5609,MARIA ESTHER NAVA ,$425.00,$68.00,$493,50.00%, $ 246.50 ,, $ 16.80 , $ 2.69 , $ 17.78 , $ 37.26 ,8.41%,$777,,$107.14,$670,$614,,,,,,,,,,,,,,,,,,
1032,CV-01-D, LGVTM525,CRUZ ACRILICO AZUL DOBLE DORADA,,ARTESANIAS ,JORVINA ARTICULOS RELEGIOSOS ,YURECUARO ,33 2184 5609,MARIA ESTHER NAVA ,$431.90,$69.10,$501,50.00%, $ 250.50 ,, $ 17.03 , $ 2.72 , $ 18.03 , $ 37.78 ,8.53%,$789,,$108.87,$680,$625,,,,,,,,,,,,,,,,,,
1033,CV-02P, LGVTM526,CRUZ ACRILICO ROJO CUERPO PLATA,,ARTESANIAS ,JORVINA ARTICULOS RELEGIOSOS ,YURECUARO ,33 2184 5609,MARIA ESTHER NAVA ,$425.00,$68.00,$493,50.00%, $ 246.50 ,, $ 16.80 , $ 2.69 , $ 17.78 , $ 37.26 ,8.41%,$777,,$107.14,$670,$614,,,,,,,,,,,,,,,,,,
1034,CV-02D, LGVTM527,CRUZ ACRILICO OCRE CUERPO DORADO,,ARTESANIAS ,JORVINA ARTICULOS RELEGIOSOS ,YURECUARO ,33 2184 5609,MARIA ESTHER NAVA ,$431.90,$69.10,$501,50.00%, $ 250.50 ,, $ 17.03 , $ 2.72 , $ 18.03 , $ 37.78 ,8.53%,$789,,$108.87,$680,$625,,,,,,,,,,,,,,,,,,
1035,CV-03P, LGVTM528,CRUZ ACRILICO OCRE ESPIRITU SANTO PLATA,,ARTESANIAS ,JORVINA ARTICULOS RELEGIOSOS ,YURECUARO ,33 2184 5609,MARIA ESTHER NAVA ,$393.97,$63.03,$457,50.00%, $ 228.50 ,, $ 15.75 , $ 2.52 , $ 16.68 , $ 34.95 ,7.89%,$720,,$99.37,$621,$566,,,,,,,,,,,,,,,,,,
1036,CV-03D, LGVTM529,CRUZ ACRILICO ROJO ESPIRITU SANTO DORA,,ARTESANIAS ,JORVINA ARTICULOS RELEGIOSOS ,YURECUARO ,33 2184 5609,MARIA ESTHER NAVA ,$406.03,$64.97,$471,50.00%, $ 235.50 ,, $ 16.16 , $ 2.59 , $ 17.10 , $ 35.85 ,8.09%,$742,,$102.39,$640,$585,,,,,,,,,,,,,,,,,,
1037,CV-04-P, LGVTM530,CRUZ ACRILICO OCRE Y MAD. FILIGRANA PLA,,ARTESANIAS ,JORVINA ARTICULOS RELEGIOSOS ,YURECUARO ,33 2184 5609,MARIA ESTHER NAVA ,$371.55,$59.45,$431,50.00%, $ 215.50 ,, $ 15.00 , $ 2.40 , $ 15.88 , $ 33.28 ,7.51%,$680,,$93.76,$586,$531,,,,,,,,,,,,,,,,,,
1038,CV-04-D, LGVTM531,CRUZ ACRILICO ROJO Y MAD. FILIGRANA DOR.,,ARTESANIAS ,JORVINA ARTICULOS RELEGIOSOS ,YURECUARO ,33 2184 5609,MARIA ESTHER NAVA ,$386.21,$61.79,$448,50.00%, $ 224.00 ,, $ 15.49 , $ 2.48 , $ 16.40 , $ 34.37 ,7.76%,$706,,$97.43,$609,$554,,,,,,,,,,,,,,,,,,
1039,CV-05P, LGVTM532,CRUZ ACRILICO VERDE Y MAD. FILIG. PLA.,,ARTESANIAS ,JORVINA ARTICULOS RELEGIOSOS ,YURECUARO ,33 2184 5609,MARIA ESTHER NAVA ,$425.00,$68.00,$493,50.00%, $ 246.50 ,, $ 16.80 , $ 2.69 , $ 17.78 , $ 37.26 ,8.41%,$777,,$107.14,$670,$614,,,,,,,,,,,,,,,,,,
1040,CV-05D, LGVTM533,CRUZ ACRILICO MORADO Y MAD. FILIGR. DOR.,,ARTESANIAS ,JORVINA ARTICULOS RELEGIOSOS ,YURECUARO ,33 2184 5609,MARIA ESTHER NAVA ,$431.90,$69.10,$501,50.00%, $ 250.50 ,, $ 17.03 , $ 2.72 , $ 18.03 , $ 37.78 ,8.53%,$789,,$108.87,$680,$625,,,,,,,,,,,,,,,,,,
1041,CV-06P, LGVTM534,CRUZ ACRILICO AZUL Y MADERA C/CUER.PLA,,ARTESANIAS ,JORVINA ARTICULOS RELEGIOSOS ,YURECUARO ,33 2184 5609,MARIA ESTHER NAVA ,$409.48,$65.52,$475,50.00%, $ 237.50 ,, $ 16.28 , $ 2.60 , $ 17.23 , $ 36.11 ,8.15%,$749,,$103.26,$645,$590,,,,,,,,,,,,,,,,,,
1042,CV-06D, LGVTM535,"CRUZ ACRILICO CHOCO. Y MAD. C/CUER, DOR",,ARTESANIAS ,JORVINA ARTICULOS RELEGIOSOS ,YURECUARO ,33 2184 5609,MARIA ESTHER NAVA ,$416.38,$66.62,$483,50.00%, $ 241.50 ,, $ 16.51 , $ 2.64 , $ 17.47 , $ 36.62 ,8.27%,$761,,$104.98,$656,$601,,,,,,,,,,,,,,,,,,
1043,CV-07P, LGVTM536,CRUZ ACRILICO AZUL MED. S/BENITO PLATA,,ARTESANIAS ,JORVINA ARTICULOS RELEGIOSOS ,YURECUARO ,33 2184 5609,MARIA ESTHER NAVA ,$983.62,$157.38,"$1,141",50.00%, $ 570.50 ,, $ 35.59 , $ 5.69 , $ 37.66 , $ 78.94 ,17.82%,"$1,790",,$246.96,"$1,543","$1,488",,,,,,,,,,,,,,,,,,
1044,CV-07-D, LGVTM537,CRUZ ACRILICO ROJO MED.S/BENITO DORADA,,ARTESANIAS ,JORVINA ARTICULOS RELEGIOSOS ,YURECUARO ,33 2184 5609,MARIA ESTHER NAVA ,$983.62,$157.38,"$1,141",50.00%, $ 570.50 ,, $ 35.59 , $ 5.69 , $ 37.66 , $ 78.94 ,17.82%,"$1,790",,$246.96,"$1,543","$1,488",,,,,,,,,,,,,,,,,,
1045,CV-07C, LGVTM538,CRUZ ACRILICO OCRE MED.S/BENITO CONVIN,,ARTESANIAS ,JORVINA ARTICULOS RELEGIOSOS ,YURECUARO ,33 2184 5609,MARIA ESTHER NAVA ,$983.62,$157.38,"$1,141",50.00%, $ 570.50 ,, $ 35.59 , $ 5.69 , $ 37.66 , $ 78.94 ,17.82%,"$1,790",,$246.96,"$1,543","$1,488",,,,,,,,,,,,,,,,,,
1046,CV-08D, LGVTM539,CRUZ ACRILICO OCRE MED.S/BENITO C/BASE,,ARTESANIAS ,JORVINA ARTICULOS RELEGIOSOS ,YURECUARO ,33 2184 5609,MARIA ESTHER NAVA ,$257.76,$41.24,$299,50.00%, $ 149.50 ,, $ 11.17 , $ 1.79 , $ 11.83 , $ 24.79 ,5.60%,$473,,$65.28,$408,$353,,,,,,,,,,,,,,,,,,
1047,, LGVTM540,MODELOS NUEVOS ,,0,0,0,0,0,$0.00,$0.00,,0.00%, $ -   ,, $ 2.50 , $ -   , $ -   , $ -   ,0.00%,$0,,$0.00,$0,$0,,,,,,,,,,,,,,,,,,
1048,CROVG-C, LGVTM541,CUADRO ROMBO VIRGEN GUADALUPE CAFÉ,36X30 CM,ARTESANIAS ,JORVINA ARTICULOS RELEGIOSOS ,YURECUARO ,33 2184 5609,MARIA ESTHER NAVA ,$226.72,$36.28,$263.00,50.00%, $ 131.50 ,, $ 10.13 , $ 1.62 , $ 10.72 , $ 22.47 ,5.07%,$417,,$57.51,$359,$304,,,,,,,,,,,,,,,,,,
1049,CROVG-B, LGVTM542,CUADRO ROMBO VIRGEN GUADALUPE BEIGE,36X30 CM,ARTESANIAS ,JORVINA ARTICULOS RELEGIOSOS ,YURECUARO ,33 2184 5609,MARIA ESTHER NAVA ,$226.72,$36.28,$263.00,50.00%, $ 131.50 ,, $ 10.13 , $ 1.62 , $ 10.72 , $ 22.47 ,5.07%,$417,,$57.51,$359,$304,,,,,,,,,,,,,,,,,,
1050,COSB, LGVTM543,CRUZ ORACION SAN BENITO,21X13 CM,ARTESANIAS ,JORVINA ARTICULOS RELEGIOSOS ,YURECUARO ,33 2184 5609,MARIA ESTHER NAVA ,$58.62,$9.38,$68.00,50.00%, $ 34.00 ,, $ 4.47 , $ 0.72 , $ 4.74 , $ 9.93 ,2.24%,$112,,$15.44,$96,$41,,,,,,,,,,,,,,,,,,
1051,PRM-ESD, LGVTM544,PLATO RESACADO MADERA ESPIRITU SANTO DORADO,13X13 CM,ARTESANIAS ,JORVINA ARTICULOS RELEGIOSOS ,YURECUARO ,33 2184 5609,MARIA ESTHER NAVA ,$110.34,$17.66,$128.00,50.00%, $ 64.00 ,, $ 6.21 , $ 0.99 , $ 6.58 , $ 13.79 ,3.11%,$206,,$28.38,$177,$122,,,,,,,,,,,,,,,,,,
1052,PRM-ESP, LGVTM545,PLATO RESACADO MADERA ESPIRITU SANTO PLATA,13X13 CM,ARTESANIAS ,JORVINA ARTICULOS RELEGIOSOS ,YURECUARO ,33 2184 5609,MARIA ESTHER NAVA ,$103.45,$16.55,$120.00,50.00%, $ 60.00 ,, $ 5.98 , $ 0.96 , $ 6.34 , $ 13.28 ,3.00%,$193,,$26.66,$167,$111,,,,,,,,,,,,,,,,,,
1053,PRM-AQD, LGVTM546,PLATO RESACADO MADERA ANGEL QUERUBIN DORADO,13X13 CM,ARTESANIAS ,JORVINA ARTICULOS RELEGIOSOS ,YURECUARO ,33 2184 5609,MARIA ESTHER NAVA ,$125.00,$20.00,$145.00,50.00%, $ 72.50 ,, $ 6.71 , $ 1.07 , $ 7.11 , $ 14.88 ,3.36%,$232,,$32.05,$200,$145,,,,,,,,,,,,,,,,,,
1054,PRM-VGD, LGVTM547,PLATO RESACADO MADERA VIRGEN GUADALUPE DORADO,13X13 CM,ARTESANIAS ,JORVINA ARTICULOS RELEGIOSOS ,YURECUARO ,33 2184 5609,MARIA ESTHER NAVA ,$125.00,$20.00,$145.00,50.00%, $ 72.50 ,, $ 6.71 , $ 1.07 , $ 7.11 , $ 14.88 ,3.36%,$232,,$32.05,$200,$145,,,,,,,,,,,,,,,,,,
1055,PRM-MND, LGVTM548,PLATO RESACADO MADERA MADONA CON NIÑO DORADA,13X13 CM,ARTESANIAS ,JORVINA ARTICULOS RELEGIOSOS ,YURECUARO ,33 2184 5609,MARIA ESTHER NAVA ,$125.00,$20.00,$145.00,50.00%, $ 72.50 ,, $ 6.71 , $ 1.07 , $ 7.11 , $ 14.88 ,3.36%,$232,,$32.05,$200,$145,,,,,,,,,,,,,,,,,,
1056,NPO-01, LGVTM549,NACIMIENTO PORTAL,13X17X12 CM,ARTESANIAS ,JORVINA ARTICULOS RELEGIOSOS ,YURECUARO ,33 2184 5609,MARIA ESTHER NAVA ,$241.38,$38.62,$280.00,50.00%, $ 140.00 ,, $ 10.62 , $ 1.70 , $ 11.25 , $ 23.57 ,5.32%,$444,,$61.18,$382,$327,,,,,,,,,,,,,,,,,,
1057,CDSF-D, LGVTM550,CRUZ DOBLE SAGRADA FAMILIA DORADA,34X23 CM,ARTESANIAS ,JORVINA ARTICULOS RELEGIOSOS ,YURECUARO ,33 2184 5609,MARIA ESTHER NAVA ,$250.00,$40.00,$290.00,50.00%, $ 145.00 ,, $ 10.91 , $ 1.75 , $ 11.55 , $ 24.21 ,5.47%,$459,,$63.34,$396,$341,,,,,,,,,,,,,,,,,,
1058,CNA-D, LGVTM551,CRUZ NACIMIENTO DORADA,45X32 CM,ARTESANIAS ,JORVINA ARTICULOS RELEGIOSOS ,YURECUARO ,33 2184 5609,MARIA ESTHER NAVA ,"$1,033.62",$165.38,"$1,199.00",50.00%, $ 599.50 ,, $ 37.27 , $ 5.96 , $ 39.43 , $ 82.67 ,18.67%,"$1,881",,$259.47,"$1,622","$1,567",,,,,,,,,,,,,,,,,,
1059,CNA-P, LGVTM552,CRUZ NACIMIENTO PLATA,30X19.5 CM,ARTESANIAS ,JORVINA ARTICULOS RELEGIOSOS ,YURECUARO ,33 2184 5609,MARIA ESTHER NAVA ,$990.52,$158.48,"$1,149.00",50.00%, $ 574.50 ,, $ 35.82 , $ 5.73 , $ 37.90 , $ 79.45 ,17.94%,"$1,803",,$248.68,"$1,554","$1,499",,,,,,,,,,,,,,,,,,
1060,CMT-RJ, LGVTM553,CRUZ MADERA TALLADA ROSTRO DE JESUS,30X19.5 CM,ARTESANIAS ,JORVINA ARTICULOS RELEGIOSOS ,YURECUARO ,33 2184 5609,MARIA ESTHER NAVA ,$267.24,$42.76,$310.00,50.00%, $ 155.00 ,, $ 11.49 , $ 1.84 , $ 12.17 , $ 25.49 ,5.76%,$490,,$67.65,$423,$368,,,,,,,,,,,,,,,,,,
1061,CDR-MA, LGVTM554,CRUZ DECORATIVA RUSTICA MADERA ALUMIN IO,30X19.5 CM,ARTESANIAS ,JORVINA ARTICULOS RELEGIOSOS ,YURECUARO ,33 2184 5609,MARIA ESTHER NAVA ,$301.72,$48.28,$350.00,50.00%, $ 175.00 ,, $ 12.65 , $ 2.02 , $ 13.39 , $ 28.07 ,6.34%,$553,,$76.29,$477,$422,,,,,,,,,,,,,,,,,,
1062,CMUM-D, LGVTM555,CRUZ MURANO MADERA DORADA,28X18 CM,ARTESANIAS ,JORVINA ARTICULOS RELEGIOSOS ,YURECUARO ,33 2184 5609,MARIA ESTHER NAVA ,$181.03,$28.97,$210.00,50.00%, $ 105.00 ,, $ 8.59 , $ 1.37 , $ 9.10 , $ 19.06 ,4.30%,$334,,$46.08,$288,$233,,,,,,,,,,,,,,,,,,
1063,CMUM-P, LGVTM556,CRUZ MURANO MADERA PLATA,28X18 CM,ARTESANIAS ,JORVINA ARTICULOS RELEGIOSOS ,YURECUARO ,33 2184 5609,MARIA ESTHER NAVA ,$181.03,$28.97,$210.00,50.00%, $ 105.00 ,, $ 8.59 , $ 1.37 , $ 9.10 , $ 19.06 ,4.30%,$334,,$46.08,$288,$233,,,,,,,,,,,,,,,,,,
1064,CMR, LGVTM557,CRUZ MADERA ROSA,33X27 CM,ARTESANIAS ,JORVINA ARTICULOS RELEGIOSOS ,YURECUARO ,33 2184 5609,MARIA ESTHER NAVA ,$159.48,$25.52,$185.00,50.00%, $ 92.50 ,, $ 7.87 , $ 1.26 , $ 8.33 , $ 17.46 ,3.94%,$295,,$40.68,$254,$199,,,,,,,,,,,,,,,,,,
1065,CCS, LGVTM558,CRUZ CORAZON SAGRADO,32X21 CM,ARTESANIAS ,JORVINA ARTICULOS RELEGIOSOS ,YURECUARO ,33 2184 5609,MARIA ESTHER NAVA ,$215.52,$34.48,$250.00,50.00%, $ 125.00 ,, $ 9.75 , $ 1.56 , $ 10.33 , $ 21.64 ,4.89%,$397,,$54.71,$342,$287,,,,,,,,,,,,,,,,,,
1066,CCS, LGVTM559,ENRAMADA MUERTOS MOD. 2 DE 1/2 PAPEL CHINA,10*12*10,PAPEL PICADO,PAPEL PICADO A LA MEXICANA,PUEBLA,24 9150 6743,-----,$137.93,$22.07,$160.00,65.00%, $ 104.00 ,, $ 7.14 , $ 1.14 , $ 8.05 , $ 16.33 ,3.69%,$280,,$38.67,$242,$186,,,,,,,,,,,,,,,,,,
1067,CCS, LGVTM560,JORONGO DE SARAPE PARA PERRO TALLA 0,,ARTESANIAS ,STOCK,STOCK,44 7116 3750,OEPM SHOP,$175.00,$28.00,$175.00,30.00%, $ 52.50 ,, $ 7.58 , $ 1.21 , $ 7.33 , $ 16.11 ,3.64%,$244,,$33.60,$210,$155,,,,,,,,,,,,,,,,,,
1068,CCS, LGVTM561,JORONGO DE SARAPE PARA PERRO TALLA 1,,ARTESANIAS ,STOCK,STOCK,44 7116 3750,OEPM SHOP,$200.00,$32.00,$200.00,30.00%, $ 60.00 ,, $ 8.30 , $ 1.33 , $ 7.99 , $ 17.62 ,3.98%,$278,,$38.29,$239,$184,,,,,,,,,,,,,,,,,,
1069,CCS, LGVTM562,JORONGO DE SARAPE PARA PERRO TALLA 2,,ARTESANIAS ,STOCK,STOCK,44 7116 3750,OEPM SHOP,$225.00,$36.00,$225.00,30.00%, $ 67.50 ,, $ 9.03 , $ 1.44 , $ 8.66 , $ 19.13 ,4.32%,$312,,$42.98,$269,$213,,,,,,,,,,,,,,,,,,
1070,CCS, LGVTM563,JORONGO DE SARAPE PARA PERRO TALLA 3,,ARTESANIAS ,STOCK,STOCK,44 7116 3750,OEPM SHOP,$250.00,$40.00,$250.00,30.00%, $ 75.00 ,, $ 9.75 , $ 1.56 , $ 9.33 , $ 20.64 ,4.66%,$346,,$47.67,$298,$243,,,,,,,,,,,,,,,,,,
1071,CCS, LGVTM564,JORONGO DE SARAPE PARA PERRO TALLA 4,,ARTESANIAS ,STOCK,STOCK,44 7116 3750,OEPM SHOP,$275.00,$44.00,$275.00,30.00%, $ 82.50 ,, $ 10.48 , $ 1.68 , $ 9.99 , $ 22.14 ,5.00%,$380,,$52.36,$327,$272,,,,,,,,,,,,,,,,,,
1072,CCS, LGVTM565,JORONGO DE SARAPE PARA PERRO TALLA 5,,ARTESANIAS ,STOCK,STOCK,44 7116 3750,OEPM SHOP,$300.00,$48.00,$300.00,30.00%, $ 90.00 ,, $ 11.20 , $ 1.79 , $ 10.66 , $ 23.65 ,5.34%,$414,,$57.06,$357,$301,,,,,,,,,,,,,,,,,,
1073,CCS, LGVTM566,JORONGO DE SARAPE PARA PERRO TALLA 6,,ARTESANIAS ,STOCK,STOCK,44 7116 3750,OEPM SHOP,$325.00,$52.00,$325.00,30.00%, $ 97.50 ,, $ 11.93 , $ 1.91 , $ 11.33 , $ 25.16 ,5.68%,$448,,$61.75,$386,$331,,,,,,,,,,,,,,,,,,
1074,CCS, LGVTM567,JORONGO DE SARAPE PARA PERRO TALLA 7,,ARTESANIAS ,STOCK,STOCK,44 7116 3750,OEPM SHOP,$350.00,$56.00,$350.00,30.00%, $ 105.00 ,, $ 12.65 , $ 2.02 , $ 11.99 , $ 26.67 ,6.02%,$482,,$66.44,$415,$360,,,,,,,,,,,,,,,,,,
1075,CCS, LGVTM568,JORONGO DE SALTILLO PARA PERRO TALLA 0,,ARTESANIAS ,STOCK,STOCK,44 7116 3750,OEPM SHOP,$200.00,$32.00,$200.00,30.00%, $ 60.00 ,, $ 8.30 , $ 1.33 , $ 7.99 , $ 17.62 ,3.98%,$278,,$38.29,$239,$184,,,,,,,,,,,,,,,,,,
1076,CCS, LGVTM569,JORONGO DE SALTILLO PARA PERRO TALLA 1,,ARTESANIAS ,STOCK,STOCK,44 7116 3750,OEPM SHOP,$225.00,$36.00,$225.00,30.00%, $ 67.50 ,, $ 9.03 , $ 1.44 , $ 8.66 , $ 19.13 ,4.32%,$312,,$42.98,$269,$213,,,,,,,,,,,,,,,,,,
1077,CCS, LGVTM570,JORONGO DE SALTILLO PARA PERRO TALLA 2,,ARTESANIAS ,STOCK,STOCK,44 7116 3750,OEPM SHOP,$250.00,$40.00,$250.00,30.00%, $ 75.00 ,, $ 9.75 , $ 1.56 , $ 9.33 , $ 20.64 ,4.66%,$346,,$47.67,$298,$243,,,,,,,,,,,,,,,,,,
1078,CCS, LGVTM571,JORONGO DE SALTILLO PARA PERRO TALLA 3,,ARTESANIAS ,STOCK,STOCK,44 7116 3750,OEPM SHOP,$275.00,$44.00,$275.00,30.00%, $ 82.50 ,, $ 10.48 , $ 1.68 , $ 9.99 , $ 22.14 ,5.00%,$380,,$52.36,$327,$272,,,,,,,,,,,,,,,,,,
1079,CCS, LGVTM572,JORONGO DE SALTILLO PARA PERRO TALLA 4,,ARTESANIAS ,STOCK,STOCK,44 7116 3750,OEPM SHOP,$300.00,$48.00,$300.00,30.00%, $ 90.00 ,, $ 11.20 , $ 1.79 , $ 10.66 , $ 23.65 ,5.34%,$414,,$57.06,$357,$301,,,,,,,,,,,,,,,,,,
1080,CCS, LGVTM573,JORONGO DE SALTILLO PARA PERRO TALLA 5,,ARTESANIAS ,STOCK,STOCK,44 7116 3750,OEPM SHOP,$325.00,$52.00,$325.00,30.00%, $ 97.50 ,, $ 11.93 , $ 1.91 , $ 11.33 , $ 25.16 ,5.68%,$448,,$61.75,$386,$331,,,,,,,,,,,,,,,,,,
1081,CCS, LGVTM574,JORONGO DE SALTILLO PARA PERRO TALLA 6,,ARTESANIAS ,STOCK,STOCK,44 7116 3750,OEPM SHOP,$350.00,$56.00,$350.00,30.00%, $ 105.00 ,, $ 12.65 , $ 2.02 , $ 11.99 , $ 26.67 ,6.02%,$482,,$66.44,$415,$360,,,,,,,,,,,,,,,,,,
1082,CCS, LGVTM575,JORONGO DE SALTILLO PARA PERRO TALLA 7,,ARTESANIAS ,STOCK,STOCK,44 7116 3750,OEPM SHOP,$375.00,$60.00,$375.00,30.00%, $ 112.50 ,, $ 13.38 , $ 2.14 , $ 12.66 , $ 28.18 ,6.36%,$516,,$71.13,$445,$389,,,,,,,,,,,,,,,,,,
1083,CCS, LGVTM576,,,,,,,,,,,,,,,,,,,,,,,,,,,,,,,,,,,,,,,,,
1084,CCS, LGVTM577,,,,,,,,,,,,,,,,,,,,,,,,,,,,,,,,,,,,,,,,,
1085,CCS, LGVTM578,,,,,,,,,,,,,,,,,,,,,,,,,,,,,,,,,,,,,,,,,
1086,CCS, LGVTM579,,,,,,,,,,,,,,,,,,,,,,,,,,,,,,,,,,,,,,,,,
1087,CCS, LGVTM580,,,,,,,,,,,,,,,,,,,,,,,,,,,,,,,,,,,,,,,,,
1088,CCS, LGVTM581,,,,,,,,,,,,,,,,,,,,,,,,,,,,,,,,,,,,,,,,,
,,,,,,,,,,,,,,,,,,,,,,,,,,,,,,,,,,,,,,,,,,,
,,,,,,,,,,,,,,,,,,,,,,,,,,,,,,,,,,,,,,,,,,,
,,,,,,,,,,,,,,,, $ 2.50 ,,,,,,,,,,,,,,,,,,,,,,,,,,,
,,,,,,,,,,,,,,,, $ 2.50 ,,,,,,,,,,,,,,,,,,,,,,,,,,,
,,,,,,,,,,,,,,,, $ 2.50 ,,,,,,,,,,,,,,,,,,,,,,,,,,,
,,,,,,,,,,,,,,,, $ 2.50 ,,,,,,,,,,,,,,,,,,,,,,,,,,,
,,,,,,,,,,,,,,,, $ 2.50 ,,,,,,,,,,,,,,,,,,,,,,,,,,,
,,,,,,,,,,,,,,,, $ 2.50 ,,,,,,,,,,,,,,,,,,,,,,,,,,,
,,,,,,,,,,,,,,,, $ 2.50 ,,,,,,,,,,,,,,,,,,,,,,,,,,,
,,,,,,,,,,,,,,,, $ 2.50 ,,,,,,,,,,,,,,,,,,,,,,,,,,,
,,,,,,,,,,,,,,,, $ 2.50 ,,,,,,,,,,,,,,,,,,,,,,,,,,,
,,,,,,,,,,,,,,,, $ 2.50 ,,,,,,,,,,,,,,,,,,,,,,,,,,,
,,,,,,,,,,,,,,,, $ 2.50 ,,,,,,,,,,,,,,,,,,,,,,,,,,,
,,,,,,,,,,,,,,,, $ 2.50 ,,,,,,,,,,,,,,,,,,,,,,,,,,,