sku,nombre,precio,costo,categoria,mpn,proveedor,ubicacion,ancho_cm,alto_cm,detalles
OL-DUR-DUL-0001,DURAZNO PRENSADO DE 1 KG.,255,139,DULCES TIPICOS Y ALIMENTOS,OL-DUR-DUL-0001,El Huerto,UCAREO,,,"{""proveedor_contacto"":""Yadira Mendoza Soto"",""proveedor_telefono"":""4434101030"",""financiero_2023"":{""numero_control"":""0001"",""precio_compra_con_iva"":165,""iva_compra"":26.4,""porcentaje_a_ganar"":45,""utilidad"":74.25,""openpay_comision"":7.29,""openpay_iva"":1.17,""comision_tienda_nube"":7.55,""total_comisiones"":16,""descuento_pago_transferencia_pct"":3.14,""iva_venta_desglosar"":35.21,""precio_venta_sin_iva"":220,""ganancia_real"":81,""_nota"":""Congelado del control de Excel 2023. No se recalcula ni se sincroniza.""}}"
OL-DUR-DUL-0002,DURAZNO PRENSADO DE 500 GR,157,84,DULCES TIPICOS Y ALIMENTOS,OL-DUR-DUL-0002,El Huerto,UCAREO,,,"{""proveedor_contacto"":""Yadira Mendoza Soto"",""proveedor_telefono"":""4434101030"",""financiero_2023"":{""numero_control"":""0002"",""precio_compra_con_iva"":100,""iva_compra"":16,""porcentaje_a_ganar"":45,""utilidad"":45,""openpay_comision"":5.4,""openpay_iva"":0.86,""comision_tienda_nube"":5.63,""total_comisiones"":11.89,""descuento_pago_transferencia_pct"":3.79,""iva_venta_desglosar"":21.64,""precio_venta_sin_iva"":135,""ganancia_real"":51,""_nota"":""Congelado del control de Excel 2023. No se recalcula ni se sincroniza.""}}"
OL-DUR-DUL-0003,DURAZNO PRENSADO DE 150 GRS,59,29,DULCES TIPICOS Y ALIMENTOS,OL-DUR-DUL-0003,El Huerto,UCAREO,,,"{""proveedor_contacto"":""Yadira Mendoza Soto"",""proveedor_telefono"":""4434101030"",""financiero_2023"":{""numero_control"":""0003"",""precio_compra_con_iva"":35,""iva_compra"":5.6,""porcentaje_a_ganar"":45,""utilidad"":15.75,""openpay_comision"":3.52,""openpay_iva"":0.56,""comision_tienda_nube"":3.7,""total_comisiones"":7.77,""descuento_pago_transferencia_pct"":6.64,""iva_venta_desglosar"":8.07,""precio_venta_sin_iva"":50,""ganancia_real"":21,""_nota"":""Congelado del control de Excel 2023. No se recalcula ni se sincroniza.""}}"
OL-PER-DUL-0004,PERA PRENSADA DE 500 GR,149,80,DULCES TIPICOS Y ALIMENTOS,OL-PER-DUL-0004,El Huerto,UCAREO,,,"{""proveedor_contacto"":""Yadira Mendoza Soto"",""proveedor_telefono"":""4434101030"",""financiero_2023"":{""numero_control"":""0004"",""precio_compra_con_iva"":95,""iva_compra"":15.2,""porcentaje_a_ganar"":45,""utilidad"":42.75,""openpay_comision"":5.26,""openpay_iva"":0.84,""comision_tienda_nube"":5.48,""total_comisiones"":11.57,""descuento_pago_transferencia_pct"":3.88,""iva_venta_desglosar"":20.6,""precio_venta_sin_iva"":129,""ganancia_real"":49,""_nota"":""Congelado del control de Excel 2023. No se recalcula ni se sincroniza.""}}"
OL-DUR-DUL-0005,DURAZNO PRENSADO DE 150 GR CAJITA PET,6,,DULCES TIPICOS Y ALIMENTOS,OL-DUR-DUL-0005,El Huerto,UCAREO,,,"{""proveedor_contacto"":""Yadira Mendoza Soto"",""proveedor_telefono"":""4434101030"",""financiero_2023"":{""numero_control"":""0005"",""iva_compra"":0,""porcentaje_a_ganar"":0,""openpay_comision"":2.5,""openpay_iva"":0.4,""comision_tienda_nube"":2.66,""total_comisiones"":5.56,""descuento_pago_transferencia_pct"":50,""iva_venta_desglosar"":0.77,""precio_venta_sin_iva"":5,""ganancia_real"":5,""_nota"":""Congelado del control de Excel 2023. No se recalcula ni se sincroniza.""}}"
OL-PER-DUL-0006,PERA PRENSADA DE 150 GR BOLSA,6,,DULCES TIPICOS Y ALIMENTOS,OL-PER-DUL-0006,El Huerto,UCAREO,,,"{""proveedor_contacto"":""Yadira Mendoza Soto"",""proveedor_telefono"":""4434101030"",""financiero_2023"":{""numero_control"":""0006"",""iva_compra"":0,""porcentaje_a_ganar"":0,""openpay_comision"":2.5,""openpay_iva"":0.4,""comision_tienda_nube"":2.66,""total_comisiones"":5.56,""descuento_pago_transferencia_pct"":50,""iva_venta_desglosar"":0.77,""precio_venta_sin_iva"":5,""ganancia_real"":5,""_nota"":""Congelado del control de Excel 2023. No se recalcula ni se sincroniza.""}}"
OL-HIG-DUL-0007,HIGO PRENSADO 500 GR,157,84,DULCES TIPICOS Y ALIMENTOS,OL-HIG-DUL-0007,El Huerto,UCAREO,,,"{""proveedor_contacto"":""Yadira Mendoza Soto"",""proveedor_telefono"":""4434101030"",""financiero_2023"":{""numero_control"":""0007"",""precio_compra_con_iva"":100,""iva_compra"":16,""porcentaje_a_ganar"":45,""utilidad"":45,""openpay_comision"":5.4,""openpay_iva"":0.86,""comision_tienda_nube"":5.63,""total_comisiones"":11.89,""descuento_pago_transferencia_pct"":3.79,""iva_venta_desglosar"":21.64,""precio_venta_sin_iva"":135,""ganancia_real"":51,""_nota"":""Congelado del control de Excel 2023. No se recalcula ni se sincroniza.""}}"
OL-BOC-DUL-0008,BOCADILLO DE CHOCOLATE CON HIGO Y DURAZNO DE 100G,81,42,DULCES TIPICOS Y ALIMENTOS,OL-BOC-DUL-0008,El Huerto,UCAREO,,,"{""proveedor_contacto"":""Yadira Mendoza Soto"",""proveedor_telefono"":""4434101030"",""financiero_2023"":{""numero_control"":""0008"",""precio_compra_con_iva"":50,""iva_compra"":8,""porcentaje_a_ganar"":45,""utilidad"":22.5,""openpay_comision"":3.95,""openpay_iva"":0.63,""comision_tienda_nube"":4.14,""total_comisiones"":8.72,""descuento_pago_transferencia_pct"":5.37,""iva_venta_desglosar"":11.2,""precio_venta_sin_iva"":70,""ganancia_real"":28,""_nota"":""Congelado del control de Excel 2023. No se recalcula ni se sincroniza.""}}"
OL-BOC-DUL-0009,BOCADILLO DE CHOCOLATE CON HIGO Y DURAZNO DE 500G,323,176,DULCES TIPICOS Y ALIMENTOS,OL-BOC-DUL-0009,El Huerto,UCAREO,,,"{""proveedor_contacto"":""Yadira Mendoza Soto"",""proveedor_telefono"":""4434101030"",""financiero_2023"":{""numero_control"":""0009"",""precio_compra_con_iva"":210,""iva_compra"":33.6,""porcentaje_a_ganar"":45,""utilidad"":94.5,""openpay_comision"":8.59,""openpay_iva"":1.37,""comision_tienda_nube"":8.89,""total_comisiones"":18.85,""descuento_pago_transferencia_pct"":2.92,""iva_venta_desglosar"":44.6,""precio_venta_sin_iva"":279,""ganancia_real"":102,""_nota"":""Congelado del control de Excel 2023. No se recalcula ni se sincroniza.""}}"
SINCODIGO-0010,Charola Redonda de 1200gr surtida de prensado,323,176,,,,,,,"{""financiero_2023"":{""precio_compra_con_iva"":210,""iva_compra"":33.6,""porcentaje_a_ganar"":45,""utilidad"":94.5,""openpay_comision"":8.59,""openpay_iva"":1.37,""comision_tienda_nube"":8.89,""total_comisiones"":18.85,""descuento_pago_transferencia_pct"":2.92,""iva_venta_desglosar"":44.6,""precio_venta_sin_iva"":279,""ganancia_real"":102,""_nota"":""Congelado del control de Excel 2023. No se recalcula ni se sincroniza.""}}"
SINCODIGO-0011,Charola Redonda de 600gr surtida de prensado,157,84,,,,,,,"{""financiero_2023"":{""precio_compra_con_iva"":100,""iva_compra"":16,""porcentaje_a_ganar"":45,""utilidad"":45,""openpay_comision"":5.4,""openpay_iva"":0.86,""comision_tienda_nube"":5.63,""total_comisiones"":11.89,""descuento_pago_transferencia_pct"":3.79,""iva_venta_desglosar"":21.64,""precio_venta_sin_iva"":135,""ganancia_real"":51,""_nota"":""Congelado del control de Excel 2023. No se recalcula ni se sincroniza.""}}"
SINCODIGO-0012,Charola 2 divisiones de 200 gr de prensado,74,38,,,,,,,"{""financiero_2023"":{""precio_compra_con_iva"":45,""iva_compra"":7.2,""porcentaje_a_ganar"":45,""utilidad"":20.25,""openpay_comision"":3.81,""openpay_iva"":0.61,""comision_tienda_nube"":3.99,""total_comisiones"":8.41,""descuento_pago_transferencia_pct"":5.71,""iva_venta_desglosar"":10.16,""precio_venta_sin_iva"":63,""ganancia_real"":26,""_nota"":""Congelado del control de Excel 2023. No se recalcula ni se sincroniza.""}}"
SINCODIGO-0013,Charola cuadrada de 500gr 4 divisiones surtido,157,84,,,,,,,"{""financiero_2023"":{""precio_compra_con_iva"":100,""iva_compra"":16,""porcentaje_a_ganar"":45,""utilidad"":45,""openpay_comision"":5.4,""openpay_iva"":0.86,""comision_tienda_nube"":5.63,""total_comisiones"":11.89,""descuento_pago_transferencia_pct"":3.79,""iva_venta_desglosar"":21.64,""precio_venta_sin_iva"":135,""ganancia_real"":51,""_nota"":""Congelado del control de Excel 2023. No se recalcula ni se sincroniza.""}}"
OL-DUR-DUL-0010,DURAZNO PRENSADO CON CHAMOY DE 1KG,263,143,DULCES TIPICOS Y ALIMENTOS,OL-DUR-DUL-0010,El Huerto,UCAREO,,,"{""proveedor_contacto"":""Yadira Mendoza Soto"",""proveedor_telefono"":""4434101030"",""financiero_2023"":{""numero_control"":""0010"",""precio_compra_con_iva"":170,""iva_compra"":27.2,""porcentaje_a_ganar"":45,""utilidad"":76.5,""openpay_comision"":7.43,""openpay_iva"":1.19,""comision_tienda_nube"":7.7,""total_comisiones"":16.32,""descuento_pago_transferencia_pct"":3.1,""iva_venta_desglosar"":36.25,""precio_venta_sin_iva"":227,""ganancia_real"":84,""_nota"":""Congelado del control de Excel 2023. No se recalcula ni se sincroniza.""}}"
OL-DUR-DUL-0011,DURAZNO PRENSADO C/ CHAMOY DE 500GR,164,88,DULCES TIPICOS Y ALIMENTOS,OL-DUR-DUL-0011,El Huerto,UCAREO,,,"{""proveedor_contacto"":""Yadira Mendoza Soto"",""proveedor_telefono"":""4434101030"",""financiero_2023"":{""numero_control"":""0011"",""precio_compra_con_iva"":105,""iva_compra"":16.8,""porcentaje_a_ganar"":45,""utilidad"":47.25,""openpay_comision"":5.55,""openpay_iva"":0.89,""comision_tienda_nube"":5.77,""total_comisiones"":12.21,""descuento_pago_transferencia_pct"":3.71,""iva_venta_desglosar"":22.68,""precio_venta_sin_iva"":142,""ganancia_real"":54,""_nota"":""Congelado del control de Excel 2023. No se recalcula ni se sincroniza.""}}"
OL-DUR-DUL-0012,DURAZNO PRENSADO C/CHAMOY DE 150 GR BOLSA,66,34,DULCES TIPICOS Y ALIMENTOS,OL-DUR-DUL-0012,El Huerto,UCAREO,,,"{""proveedor_contacto"":""Yadira Mendoza Soto"",""proveedor_telefono"":""4434101030"",""financiero_2023"":{""numero_control"":""0012"",""precio_compra_con_iva"":40,""iva_compra"":6.4,""porcentaje_a_ganar"":45,""utilidad"":18,""openpay_comision"":3.66,""openpay_iva"":0.59,""comision_tienda_nube"":3.84,""total_comisiones"":8.09,""descuento_pago_transferencia_pct"":6.12,""iva_venta_desglosar"":9.12,""precio_venta_sin_iva"":57,""ganancia_real"":23,""_nota"":""Congelado del control de Excel 2023. No se recalcula ni se sincroniza.""}}"
OL-MIX-DUL-0013,MIX CHAMOY 150gr,66,34,DULCES TIPICOS Y ALIMENTOS,OL-MIX-DUL-0013,El Huerto,UCAREO,,,"{""proveedor_contacto"":""Yadira Mendoza Soto"",""proveedor_telefono"":""4434101030"",""financiero_2023"":{""numero_control"":""0013"",""precio_compra_con_iva"":40,""iva_compra"":6.4,""porcentaje_a_ganar"":45,""utilidad"":18,""openpay_comision"":3.66,""openpay_iva"":0.59,""comision_tienda_nube"":3.84,""total_comisiones"":8.09,""descuento_pago_transferencia_pct"":6.12,""iva_venta_desglosar"":9.12,""precio_venta_sin_iva"":57,""ganancia_real"":23,""_nota"":""Congelado del control de Excel 2023. No se recalcula ni se sincroniza.""}}"
SINCODIGO-0018,Manzana Prensada con chamoy 150gr,66,34,,,,,,,"{""financiero_2023"":{""precio_compra_con_iva"":40,""iva_compra"":6.4,""porcentaje_a_ganar"":45,""utilidad"":18,""openpay_comision"":3.66,""openpay_iva"":0.59,""comision_tienda_nube"":3.84,""total_comisiones"":8.09,""descuento_pago_transferencia_pct"":6.12,""iva_venta_desglosar"":9.12,""precio_venta_sin_iva"":57,""ganancia_real"":23,""_nota"":""Congelado del control de Excel 2023. No se recalcula ni se sincroniza.""}}"
SINCODIGO-0019,Manzana Prensada con chamoy 500gr,59,29,,,,,,,"{""financiero_2023"":{""precio_compra_con_iva"":35,""iva_compra"":5.6,""porcentaje_a_ganar"":45,""utilidad"":15.75,""openpay_comision"":3.52,""openpay_iva"":0.56,""comision_tienda_nube"":3.7,""total_comisiones"":7.77,""descuento_pago_transferencia_pct"":6.64,""iva_venta_desglosar"":8.07,""precio_venta_sin_iva"":50,""ganancia_real"":21,""_nota"":""Congelado del control de Excel 2023. No se recalcula ni se sincroniza.""}}"
SINCODIGO-0020,Pera Prensada con chamoy de 500 gr,157,84,,,,,,,"{""financiero_2023"":{""precio_compra_con_iva"":100,""iva_compra"":16,""porcentaje_a_ganar"":45,""utilidad"":45,""openpay_comision"":5.4,""openpay_iva"":0.86,""comision_tienda_nube"":5.63,""total_comisiones"":11.89,""descuento_pago_transferencia_pct"":3.79,""iva_venta_desglosar"":21.64,""precio_venta_sin_iva"":135,""ganancia_real"":51,""_nota"":""Congelado del control de Excel 2023. No se recalcula ni se sincroniza.""}}"
OL-PER-DUL-0014,PERA PRENSADA CON CHAMOY DE 150GR BOLSA,59,29,DULCES TIPICOS Y ALIMENTOS,OL-PER-DUL-0014,El Huerto,UCAREO,,,"{""proveedor_contacto"":""Yadira Mendoza Soto"",""proveedor_telefono"":""4434101030"",""financiero_2023"":{""numero_control"":""0014"",""precio_compra_con_iva"":35,""iva_compra"":5.6,""porcentaje_a_ganar"":45,""utilidad"":15.75,""openpay_comision"":3.52,""openpay_iva"":0.56,""comision_tienda_nube"":3.7,""total_comisiones"":7.77,""descuento_pago_transferencia_pct"":6.64,""iva_venta_desglosar"":8.07,""precio_venta_sin_iva"":50,""ganancia_real"":21,""_nota"":""Congelado del control de Excel 2023. No se recalcula ni se sincroniza.""}}"
OL-DUR-DUL-0015,DURAZNO PRENSADO CON CHILE DE 150 GRS,6,,DULCES TIPICOS Y ALIMENTOS,OL-DUR-DUL-0015,El Huerto,UCAREO,,,"{""proveedor_contacto"":""Yadira Mendoza Soto"",""proveedor_telefono"":""4434101030"",""financiero_2023"":{""numero_control"":""0015"",""iva_compra"":0,""porcentaje_a_ganar"":0,""openpay_comision"":2.5,""openpay_iva"":0.4,""comision_tienda_nube"":2.66,""total_comisiones"":5.56,""descuento_pago_transferencia_pct"":50,""iva_venta_desglosar"":0.77,""precio_venta_sin_iva"":5,""ganancia_real"":5,""_nota"":""Congelado del control de Excel 2023. No se recalcula ni se sincroniza.""}}"
OL-PER-DUL-0016,PERA PRENSADA CON CHILE DE 150 GRS,6,,DULCES TIPICOS Y ALIMENTOS,OL-PER-DUL-0016,El Huerto,UCAREO,,,"{""proveedor_contacto"":""Yadira Mendoza Soto"",""proveedor_telefono"":""4434101030"",""financiero_2023"":{""numero_control"":""0016"",""iva_compra"":0,""porcentaje_a_ganar"":0,""openpay_comision"":2.5,""openpay_iva"":0.4,""comision_tienda_nube"":2.66,""total_comisiones"":5.56,""descuento_pago_transferencia_pct"":50,""iva_venta_desglosar"":0.77,""precio_venta_sin_iva"":5,""ganancia_real"":5,""_nota"":""Congelado del control de Excel 2023. No se recalcula ni se sincroniza.""}}"
OL-MIX-DUL-0017,MIX FRUTA PRENSADA CHILE DE 150 GR,42,29,DULCES TIPICOS Y ALIMENTOS,OL-MIX-DUL-0017,El Huerto,UCAREO,,,"{""proveedor_contacto"":""Yadira Mendoza Soto"",""proveedor_telefono"":""4434101030"",""financiero_2023"":{""numero_control"":""0017"",""precio_compra_con_iva"":35,""iva_compra"":5.6,""porcentaje_a_ganar"":0,""openpay_comision"":3.52,""openpay_iva"":0.56,""comision_tienda_nube"":3.38,""total_comisiones"":7.46,""descuento_pago_transferencia_pct"":8.78,""iva_venta_desglosar"":5.86,""precio_venta_sin_iva"":37,""ganancia_real"":7,""_nota"":""Congelado del control de Excel 2023. No se recalcula ni se sincroniza.""}}"
OL-DUR-DUL-0018,DURAZNO EN ALMIBAR DE 4 KG.,6,,DULCES TIPICOS Y ALIMENTOS,OL-DUR-DUL-0018,El Huerto,UCAREO,,,"{""proveedor_contacto"":""Yadira Mendoza Soto"",""proveedor_telefono"":""4434101030"",""financiero_2023"":{""numero_control"":""0018"",""iva_compra"":0,""porcentaje_a_ganar"":0,""openpay_comision"":2.5,""openpay_iva"":0.4,""comision_tienda_nube"":2.66,""total_comisiones"":5.56,""descuento_pago_transferencia_pct"":50,""iva_venta_desglosar"":0.77,""precio_venta_sin_iva"":5,""ganancia_real"":5,""_nota"":""Congelado del control de Excel 2023. No se recalcula ni se sincroniza.""}}"
OL-DUR-DUL-0019,DURAZNO EN ALMIBAR DE 2 KG.,384,210,DULCES TIPICOS Y ALIMENTOS,OL-DUR-DUL-0019,El Huerto,UCAREO,,,"{""proveedor_contacto"":""Yadira Mendoza Soto"",""proveedor_telefono"":""4434101030"",""financiero_2023"":{""numero_control"":""0019"",""precio_compra_con_iva"":250,""iva_compra"":40,""porcentaje_a_ganar"":45,""utilidad"":112.5,""openpay_comision"":9.75,""openpay_iva"":1.56,""comision_tienda_nube"":10.08,""total_comisiones"":21.39,""descuento_pago_transferencia_pct"":2.79,""iva_venta_desglosar"":52.95,""precio_venta_sin_iva"":331,""ganancia_real"":121,""_nota"":""Congelado del control de Excel 2023. No se recalcula ni se sincroniza.""}}"
OL-DUR-DUL-0020,DURAZNO EN ALMIBAR DE 1 KG.,195,105,DULCES TIPICOS Y ALIMENTOS,OL-DUR-DUL-0020,El Huerto,UCAREO,,,"{""proveedor_contacto"":""Yadira Mendoza Soto"",""proveedor_telefono"":""4434101030"",""financiero_2023"":{""numero_control"":""0020"",""precio_compra_con_iva"":125,""iva_compra"":20,""porcentaje_a_ganar"":45,""utilidad"":56.25,""openpay_comision"":6.13,""openpay_iva"":0.98,""comision_tienda_nube"":6.37,""total_comisiones"":13.47,""descuento_pago_transferencia_pct"":3.46,""iva_venta_desglosar"":26.86,""precio_venta_sin_iva"":168,""ganancia_real"":63,""_nota"":""Congelado del control de Excel 2023. No se recalcula ni se sincroniza.""}}"
OL-DUR-DUL-0021,DURAZNO EN ALMIBAR DE 1/2 KG.,111,59,DULCES TIPICOS Y ALIMENTOS,OL-DUR-DUL-0021,El Huerto,UCAREO,,,"{""proveedor_contacto"":""Yadira Mendoza Soto"",""proveedor_telefono"":""4434101030"",""financiero_2023"":{""numero_control"":""0021"",""precio_compra_con_iva"":70,""iva_compra"":11.2,""porcentaje_a_ganar"":45,""utilidad"":31.5,""openpay_comision"":4.53,""openpay_iva"":0.72,""comision_tienda_nube"":4.74,""total_comisiones"":9.99,""descuento_pago_transferencia_pct"":4.48,""iva_venta_desglosar"":15.38,""precio_venta_sin_iva"":96,""ganancia_real"":37,""_nota"":""Congelado del control de Excel 2023. No se recalcula ni se sincroniza.""}}"
OL-DUR-DUL-0022,DURAZNO RAJA/MITADES EN ALMIBAR DE 1KG,211,114,DULCES TIPICOS Y ALIMENTOS,OL-DUR-DUL-0022,El Huerto,UCAREO,,,"{""proveedor_contacto"":""Yadira Mendoza Soto"",""proveedor_telefono"":""4434101030"",""financiero_2023"":{""numero_control"":""0022"",""precio_compra_con_iva"":136,""iva_compra"":21.76,""porcentaje_a_ganar"":45,""utilidad"":61.2,""openpay_comision"":6.44,""openpay_iva"":1.03,""comision_tienda_nube"":6.69,""total_comisiones"":14.17,""descuento_pago_transferencia_pct"":3.35,""iva_venta_desglosar"":29.15,""precio_venta_sin_iva"":182,""ganancia_real"":68,""_nota"":""Congelado del control de Excel 2023. No se recalcula ni se sincroniza.""}}"
OL-MAC-DUL-0023,"MACEDONIA EN ALMIBAR DE 1 KG COMBINACIÒN DE FRUTAS DE HIGO, PERA, DURAZNO",211,114,DULCES TIPICOS Y ALIMENTOS,OL-MAC-DUL-0023,El Huerto,UCAREO,,,"{""proveedor_contacto"":""Yadira Mendoza Soto"",""proveedor_telefono"":""4434101030"",""financiero_2023"":{""numero_control"":""0023"",""precio_compra_con_iva"":136,""iva_compra"":21.76,""porcentaje_a_ganar"":45,""utilidad"":61.2,""openpay_comision"":6.44,""openpay_iva"":1.03,""comision_tienda_nube"":6.69,""total_comisiones"":14.17,""descuento_pago_transferencia_pct"":3.35,""iva_venta_desglosar"":29.15,""precio_venta_sin_iva"":182,""ganancia_real"":68,""_nota"":""Congelado del control de Excel 2023. No se recalcula ni se sincroniza.""}}"
OL-MAC-DUL-0024,"MACEDONIA EN ALMIBAR DE 1/2 KG COMBINACIÒN DE FRUTAS DE HIGO, PERA, DURAZNO",6,,DULCES TIPICOS Y ALIMENTOS,OL-MAC-DUL-0024,El Huerto,UCAREO,,,"{""proveedor_contacto"":""Yadira Mendoza Soto"",""proveedor_telefono"":""4434101030"",""financiero_2023"":{""numero_control"":""0024"",""iva_compra"":0,""porcentaje_a_ganar"":0,""openpay_comision"":2.5,""openpay_iva"":0.4,""comision_tienda_nube"":2.66,""total_comisiones"":5.56,""descuento_pago_transferencia_pct"":50,""iva_venta_desglosar"":0.77,""precio_venta_sin_iva"":5,""ganancia_real"":5,""_nota"":""Congelado del control de Excel 2023. No se recalcula ni se sincroniza.""}}"
OL-PER-DUL-0025,PERAS EN ALMIBAR DE 1 KG,180,97,DULCES TIPICOS Y ALIMENTOS,OL-PER-DUL-0025,El Huerto,UCAREO,,,"{""proveedor_contacto"":""Yadira Mendoza Soto"",""proveedor_telefono"":""4434101030"",""financiero_2023"":{""numero_control"":""0025"",""precio_compra_con_iva"":115,""iva_compra"":18.4,""porcentaje_a_ganar"":45,""utilidad"":51.75,""openpay_comision"":5.84,""openpay_iva"":0.93,""comision_tienda_nube"":6.07,""total_comisiones"":12.84,""descuento_pago_transferencia_pct"":3.57,""iva_venta_desglosar"":24.77,""precio_venta_sin_iva"":155,""ganancia_real"":58,""_nota"":""Congelado del control de Excel 2023. No se recalcula ni se sincroniza.""}}"
OL-PER-DUL-0026,PERAS EN ALMIBAR DE 1/2 KG,105,55,DULCES TIPICOS Y ALIMENTOS,OL-PER-DUL-0026,El Huerto,UCAREO,,,"{""proveedor_contacto"":""Yadira Mendoza Soto"",""proveedor_telefono"":""4434101030"",""financiero_2023"":{""numero_control"":""0026"",""precio_compra_con_iva"":66,""iva_compra"":10.56,""porcentaje_a_ganar"":45,""utilidad"":29.7,""openpay_comision"":4.41,""openpay_iva"":0.71,""comision_tienda_nube"":4.62,""total_comisiones"":9.74,""descuento_pago_transferencia_pct"":4.62,""iva_venta_desglosar"":14.54,""precio_venta_sin_iva"":91,""ganancia_real"":35,""_nota"":""Congelado del control de Excel 2023. No se recalcula ni se sincroniza.""}}"
OL-MEM-DUL-0027,MEMBRILLOS EN ALMIBAR DE 1/2 KG,111,59,DULCES TIPICOS Y ALIMENTOS,OL-MEM-DUL-0027,El Huerto,UCAREO,,,"{""proveedor_contacto"":""Yadira Mendoza Soto"",""proveedor_telefono"":""4434101030"",""financiero_2023"":{""numero_control"":""0027"",""precio_compra_con_iva"":70,""iva_compra"":11.2,""porcentaje_a_ganar"":45,""utilidad"":31.5,""openpay_comision"":4.53,""openpay_iva"":0.72,""comision_tienda_nube"":4.74,""total_comisiones"":9.99,""descuento_pago_transferencia_pct"":4.48,""iva_venta_desglosar"":15.38,""precio_venta_sin_iva"":96,""ganancia_real"":37,""_nota"":""Congelado del control de Excel 2023. No se recalcula ni se sincroniza.""}}"
OL-ZAR-DUL-0028,ZARZAMORA EN ALMIBAR DE 1/2KG,6,,DULCES TIPICOS Y ALIMENTOS,OL-ZAR-DUL-0028,El Huerto,UCAREO,,,"{""proveedor_contacto"":""Yadira Mendoza Soto"",""proveedor_telefono"":""4434101030"",""financiero_2023"":{""numero_control"":""0028"",""iva_compra"":0,""porcentaje_a_ganar"":0,""openpay_comision"":2.5,""openpay_iva"":0.4,""comision_tienda_nube"":2.66,""total_comisiones"":5.56,""descuento_pago_transferencia_pct"":50,""iva_venta_desglosar"":0.77,""precio_venta_sin_iva"":5,""ganancia_real"":5,""_nota"":""Congelado del control de Excel 2023. No se recalcula ni se sincroniza.""}}"
OL-TEJ-DUL-0029,TEJOCOTES EN ALMIBAR DE 1KG,225,122,DULCES TIPICOS Y ALIMENTOS,OL-TEJ-DUL-0029,El Huerto,UCAREO,,,"{""proveedor_contacto"":""Yadira Mendoza Soto"",""proveedor_telefono"":""4434101030"",""financiero_2023"":{""numero_control"":""0029"",""precio_compra_con_iva"":145,""iva_compra"":23.2,""porcentaje_a_ganar"":45,""utilidad"":65.25,""openpay_comision"":6.71,""openpay_iva"":1.07,""comision_tienda_nube"":6.96,""total_comisiones"":14.74,""descuento_pago_transferencia_pct"":3.28,""iva_venta_desglosar"":31.03,""precio_venta_sin_iva"":194,""ganancia_real"":72,""_nota"":""Congelado del control de Excel 2023. No se recalcula ni se sincroniza.""}}"
OL-TEJ-DUL-0030,TEJOCOTES EN ALMIBAR DE 1/2KG,142,76,DULCES TIPICOS Y ALIMENTOS,OL-TEJ-DUL-0030,El Huerto,UCAREO,,,"{""proveedor_contacto"":""Yadira Mendoza Soto"",""proveedor_telefono"":""4434101030"",""financiero_2023"":{""numero_control"":""0030"",""precio_compra_con_iva"":90,""iva_compra"":14.4,""porcentaje_a_ganar"":45,""utilidad"":40.5,""openpay_comision"":5.11,""openpay_iva"":0.82,""comision_tienda_nube"":5.33,""total_comisiones"":11.26,""descuento_pago_transferencia_pct"":3.97,""iva_venta_desglosar"":19.55,""precio_venta_sin_iva"":122,""ganancia_real"":47,""_nota"":""Congelado del control de Excel 2023. No se recalcula ni se sincroniza.""}}"
OL-HIG-DUL-0031,HIGO EN ALMIBAR DE 1/2KG,111,59,DULCES TIPICOS Y ALIMENTOS,OL-HIG-DUL-0031,El Huerto,UCAREO,,,"{""proveedor_contacto"":""Yadira Mendoza Soto"",""proveedor_telefono"":""4434101030"",""financiero_2023"":{""numero_control"":""0031"",""precio_compra_con_iva"":70,""iva_compra"":11.2,""porcentaje_a_ganar"":45,""utilidad"":31.5,""openpay_comision"":4.53,""openpay_iva"":0.72,""comision_tienda_nube"":4.74,""total_comisiones"":9.99,""descuento_pago_transferencia_pct"":4.48,""iva_venta_desglosar"":15.38,""precio_venta_sin_iva"":96,""ganancia_real"":37,""_nota"":""Congelado del control de Excel 2023. No se recalcula ni se sincroniza.""}}"
OL-CHO-DUL-0032,CHONGOS DE 500 GR,180,97,DULCES TIPICOS Y ALIMENTOS,OL-CHO-DUL-0032,El Huerto,UCAREO,,,"{""proveedor_contacto"":""Yadira Mendoza Soto"",""proveedor_telefono"":""4434101030"",""financiero_2023"":{""numero_control"":""0032"",""precio_compra_con_iva"":115,""iva_compra"":18.4,""porcentaje_a_ganar"":45,""utilidad"":51.75,""openpay_comision"":5.84,""openpay_iva"":0.93,""comision_tienda_nube"":6.07,""total_comisiones"":12.84,""descuento_pago_transferencia_pct"":3.57,""iva_venta_desglosar"":24.77,""precio_venta_sin_iva"":155,""ganancia_real"":58,""_nota"":""Congelado del control de Excel 2023. No se recalcula ni se sincroniza.""}}"
OL-CHO-DUL-0033,CHONGOS DE 1000 GR,210,113,DULCES TIPICOS Y ALIMENTOS,OL-CHO-DUL-0033,El Huerto,UCAREO,,,"{""proveedor_contacto"":""Yadira Mendoza Soto"",""proveedor_telefono"":""4434101030"",""financiero_2023"":{""numero_control"":""0033"",""precio_compra_con_iva"":135,""iva_compra"":21.6,""porcentaje_a_ganar"":45,""utilidad"":60.75,""openpay_comision"":6.42,""openpay_iva"":1.03,""comision_tienda_nube"":6.66,""total_comisiones"":14.11,""descuento_pago_transferencia_pct"":3.36,""iva_venta_desglosar"":28.95,""precio_venta_sin_iva"":181,""ganancia_real"":68,""_nota"":""Congelado del control de Excel 2023. No se recalcula ni se sincroniza.""}}"
OL-CAP-DUL-0034,CAPULINES EN DULCE 1 KG.,233,126,DULCES TIPICOS Y ALIMENTOS,OL-CAP-DUL-0034,El Huerto,UCAREO,,,"{""proveedor_contacto"":""Yadira Mendoza Soto"",""proveedor_telefono"":""4434101030"",""financiero_2023"":{""numero_control"":""0034"",""precio_compra_con_iva"":150,""iva_compra"":24,""porcentaje_a_ganar"":45,""utilidad"":67.5,""openpay_comision"":6.85,""openpay_iva"":1.1,""comision_tienda_nube"":7.11,""total_comisiones"":15.05,""descuento_pago_transferencia_pct"":3.24,""iva_venta_desglosar"":32.08,""precio_venta_sin_iva"":200,""ganancia_real"":74,""_nota"":""Congelado del control de Excel 2023. No se recalcula ni se sincroniza.""}}"
OL-CAP-DUL-0035,CAPULINES EN DULCE 1/2 KG.,6,,DULCES TIPICOS Y ALIMENTOS,OL-CAP-DUL-0035,El Huerto,UCAREO,,,"{""proveedor_contacto"":""Yadira Mendoza Soto"",""proveedor_telefono"":""4434101030"",""financiero_2023"":{""numero_control"":""0035"",""iva_compra"":0,""porcentaje_a_ganar"":0,""openpay_comision"":2.5,""openpay_iva"":0.4,""comision_tienda_nube"":2.66,""total_comisiones"":5.56,""descuento_pago_transferencia_pct"":50,""iva_venta_desglosar"":0.77,""precio_venta_sin_iva"":5,""ganancia_real"":5,""_nota"":""Congelado del control de Excel 2023. No se recalcula ni se sincroniza.""}}"
OL-MER-DUL-0036,MERMELADA DE TEJOCOTE 330 GR.,78,40,DULCES TIPICOS Y ALIMENTOS,OL-MER-DUL-0036,El Huerto,UCAREO,,,"{""proveedor_contacto"":""Yadira Mendoza Soto"",""proveedor_telefono"":""4434101030"",""financiero_2023"":{""numero_control"":""0036"",""precio_compra_con_iva"":48,""iva_compra"":7.68,""porcentaje_a_ganar"":45,""utilidad"":21.6,""openpay_comision"":3.89,""openpay_iva"":0.62,""comision_tienda_nube"":4.08,""total_comisiones"":8.6,""descuento_pago_transferencia_pct"":5.5,""iva_venta_desglosar"":10.79,""precio_venta_sin_iva"":67,""ganancia_real"":27,""_nota"":""Congelado del control de Excel 2023. No se recalcula ni se sincroniza.""}}"
OL-MER-DUL-0037,MERMELADA DE MEMBRILLO 330 GR.,78,40,DULCES TIPICOS Y ALIMENTOS,OL-MER-DUL-0037,El Huerto,UCAREO,,,"{""proveedor_contacto"":""Yadira Mendoza Soto"",""proveedor_telefono"":""4434101030"",""financiero_2023"":{""numero_control"":""0037"",""precio_compra_con_iva"":48,""iva_compra"":7.68,""porcentaje_a_ganar"":45,""utilidad"":21.6,""openpay_comision"":3.89,""openpay_iva"":0.62,""comision_tienda_nube"":4.08,""total_comisiones"":8.6,""descuento_pago_transferencia_pct"":5.5,""iva_venta_desglosar"":10.79,""precio_venta_sin_iva"":67,""ganancia_real"":27,""_nota"":""Congelado del control de Excel 2023. No se recalcula ni se sincroniza.""}}"
OL-MER-DUL-0038,MERMELADA DE CHABACANO 330GR.,78,40,DULCES TIPICOS Y ALIMENTOS,OL-MER-DUL-0038,El Huerto,UCAREO,,,"{""proveedor_contacto"":""Yadira Mendoza Soto"",""proveedor_telefono"":""4434101030"",""financiero_2023"":{""numero_control"":""0038"",""precio_compra_con_iva"":48,""iva_compra"":7.68,""porcentaje_a_ganar"":45,""utilidad"":21.6,""openpay_comision"":3.89,""openpay_iva"":0.62,""comision_tienda_nube"":4.08,""total_comisiones"":8.6,""descuento_pago_transferencia_pct"":5.5,""iva_venta_desglosar"":10.79,""precio_venta_sin_iva"":67,""ganancia_real"":27,""_nota"":""Congelado del control de Excel 2023. No se recalcula ni se sincroniza.""}}"
OL-MER-DUL-0039,MERMELADA DE ZARZAMORA 330 GR,105,55,DULCES TIPICOS Y ALIMENTOS,OL-MER-DUL-0039,El Huerto,UCAREO,,,"{""proveedor_contacto"":""Yadira Mendoza Soto"",""proveedor_telefono"":""4434101030"",""financiero_2023"":{""numero_control"":""0039"",""precio_compra_con_iva"":66,""iva_compra"":10.56,""porcentaje_a_ganar"":45,""utilidad"":29.7,""openpay_comision"":4.41,""openpay_iva"":0.71,""comision_tienda_nube"":4.62,""total_comisiones"":9.74,""descuento_pago_transferencia_pct"":4.62,""iva_venta_desglosar"":14.54,""precio_venta_sin_iva"":91,""ganancia_real"":35,""_nota"":""Congelado del control de Excel 2023. No se recalcula ni se sincroniza.""}}"
OL-MER-DUL-0040,MERMELADA DE HIGO 330 GR.,78,40,DULCES TIPICOS Y ALIMENTOS,OL-MER-DUL-0040,El Huerto,UCAREO,,,"{""proveedor_contacto"":""Yadira Mendoza Soto"",""proveedor_telefono"":""4434101030"",""financiero_2023"":{""numero_control"":""0040"",""precio_compra_con_iva"":48,""iva_compra"":7.68,""porcentaje_a_ganar"":45,""utilidad"":21.6,""openpay_comision"":3.89,""openpay_iva"":0.62,""comision_tienda_nube"":4.08,""total_comisiones"":8.6,""descuento_pago_transferencia_pct"":5.5,""iva_venta_desglosar"":10.79,""precio_venta_sin_iva"":67,""ganancia_real"":27,""_nota"":""Congelado del control de Excel 2023. No se recalcula ni se sincroniza.""}}"
OL-MER-DUL-0041,MERMELADA DE ZARZAMORA CON CHILE DE 330 GR,105,55,DULCES TIPICOS Y ALIMENTOS,OL-MER-DUL-0041,El Huerto,UCAREO,,,"{""proveedor_contacto"":""Yadira Mendoza Soto"",""proveedor_telefono"":""4434101030"",""financiero_2023"":{""numero_control"":""0041"",""precio_compra_con_iva"":66,""iva_compra"":10.56,""porcentaje_a_ganar"":45,""utilidad"":29.7,""openpay_comision"":4.41,""openpay_iva"":0.71,""comision_tienda_nube"":4.62,""total_comisiones"":9.74,""descuento_pago_transferencia_pct"":4.62,""iva_venta_desglosar"":14.54,""precio_venta_sin_iva"":91,""ganancia_real"":35,""_nota"":""Congelado del control de Excel 2023. No se recalcula ni se sincroniza.""}}"
OL-MER-DUL-0042,MERMELADA DE ARANDANO DE 330 GR,105,55,DULCES TIPICOS Y ALIMENTOS,OL-MER-DUL-0042,El Huerto,UCAREO,,,"{""proveedor_contacto"":""Yadira Mendoza Soto"",""proveedor_telefono"":""4434101030"",""financiero_2023"":{""numero_control"":""0042"",""precio_compra_con_iva"":66,""iva_compra"":10.56,""porcentaje_a_ganar"":45,""utilidad"":29.7,""openpay_comision"":4.41,""openpay_iva"":0.71,""comision_tienda_nube"":4.62,""total_comisiones"":9.74,""descuento_pago_transferencia_pct"":4.62,""iva_venta_desglosar"":14.54,""precio_venta_sin_iva"":91,""ganancia_real"":35,""_nota"":""Congelado del control de Excel 2023. No se recalcula ni se sincroniza.""}}"
OL-MER-DUL-0043,MERMELADA DE DURAZNO C/ TAMARINDO DE 330 GR,78,40,DULCES TIPICOS Y ALIMENTOS,OL-MER-DUL-0043,El Huerto,UCAREO,,,"{""proveedor_contacto"":""Yadira Mendoza Soto"",""proveedor_telefono"":""4434101030"",""financiero_2023"":{""numero_control"":""0043"",""precio_compra_con_iva"":48,""iva_compra"":7.68,""porcentaje_a_ganar"":45,""utilidad"":21.6,""openpay_comision"":3.89,""openpay_iva"":0.62,""comision_tienda_nube"":4.08,""total_comisiones"":8.6,""descuento_pago_transferencia_pct"":5.5,""iva_venta_desglosar"":10.79,""precio_venta_sin_iva"":67,""ganancia_real"":27,""_nota"":""Congelado del control de Excel 2023. No se recalcula ni se sincroniza.""}}"
OL-MER-DUL-0044,MERMELADA DE PERA CIRUELA Y CHIA DE 330 GR,6,,DULCES TIPICOS Y ALIMENTOS,OL-MER-DUL-0044,El Huerto,UCAREO,,,"{""proveedor_contacto"":""Yadira Mendoza Soto"",""proveedor_telefono"":""4434101030"",""financiero_2023"":{""numero_control"":""0044"",""iva_compra"":0,""porcentaje_a_ganar"":0,""openpay_comision"":2.5,""openpay_iva"":0.4,""comision_tienda_nube"":2.66,""total_comisiones"":5.56,""descuento_pago_transferencia_pct"":50,""iva_venta_desglosar"":0.77,""precio_venta_sin_iva"":5,""ganancia_real"":5,""_nota"":""Congelado del control de Excel 2023. No se recalcula ni se sincroniza.""}}"
OL-MER-DUL-0045,MERMELADA DE COCTEL DE FRUTAS CON CHÍA DE 330 GR,6,,DULCES TIPICOS Y ALIMENTOS,OL-MER-DUL-0045,El Huerto,UCAREO,,,"{""proveedor_contacto"":""Yadira Mendoza Soto"",""proveedor_telefono"":""4434101030"",""financiero_2023"":{""numero_control"":""0045"",""iva_compra"":0,""porcentaje_a_ganar"":0,""openpay_comision"":2.5,""openpay_iva"":0.4,""comision_tienda_nube"":2.66,""total_comisiones"":5.56,""descuento_pago_transferencia_pct"":50,""iva_venta_desglosar"":0.77,""precio_venta_sin_iva"":5,""ganancia_real"":5,""_nota"":""Congelado del control de Excel 2023. No se recalcula ni se sincroniza.""}}"
OL-MER-DUL-0046,MERMELADA GUAYABA CON CHILE DE 330 GR,78,40,DULCES TIPICOS Y ALIMENTOS,OL-MER-DUL-0046,El Huerto,UCAREO,,,"{""proveedor_contacto"":""Yadira Mendoza Soto"",""proveedor_telefono"":""4434101030"",""financiero_2023"":{""numero_control"":""0046"",""precio_compra_con_iva"":48,""iva_compra"":7.68,""porcentaje_a_ganar"":45,""utilidad"":21.6,""openpay_comision"":3.89,""openpay_iva"":0.62,""comision_tienda_nube"":4.08,""total_comisiones"":8.6,""descuento_pago_transferencia_pct"":5.5,""iva_venta_desglosar"":10.79,""precio_venta_sin_iva"":67,""ganancia_real"":27,""_nota"":""Congelado del control de Excel 2023. No se recalcula ni se sincroniza.""}}"
OL-MER-DUL-0047,MERMELADA DE GUAYABA CON CHIA DE 330 GR,78,40,DULCES TIPICOS Y ALIMENTOS,OL-MER-DUL-0047,El Huerto,UCAREO,,,"{""proveedor_contacto"":""Yadira Mendoza Soto"",""proveedor_telefono"":""4434101030"",""financiero_2023"":{""numero_control"":""0047"",""precio_compra_con_iva"":48,""iva_compra"":7.68,""porcentaje_a_ganar"":45,""utilidad"":21.6,""openpay_comision"":3.89,""openpay_iva"":0.62,""comision_tienda_nube"":4.08,""total_comisiones"":8.6,""descuento_pago_transferencia_pct"":5.5,""iva_venta_desglosar"":10.79,""precio_venta_sin_iva"":67,""ganancia_real"":27,""_nota"":""Congelado del control de Excel 2023. No se recalcula ni se sincroniza.""}}"
OL-MER-DUL-0048,MERMELADA DE MANZANA MANZANILLA CANELA DE 330 GR,78,40,DULCES TIPICOS Y ALIMENTOS,OL-MER-DUL-0048,El Huerto,UCAREO,,,"{""proveedor_contacto"":""Yadira Mendoza Soto"",""proveedor_telefono"":""4434101030"",""financiero_2023"":{""numero_control"":""0048"",""precio_compra_con_iva"":48,""iva_compra"":7.68,""porcentaje_a_ganar"":45,""utilidad"":21.6,""openpay_comision"":3.89,""openpay_iva"":0.62,""comision_tienda_nube"":4.08,""total_comisiones"":8.6,""descuento_pago_transferencia_pct"":5.5,""iva_venta_desglosar"":10.79,""precio_venta_sin_iva"":67,""ganancia_real"":27,""_nota"":""Congelado del control de Excel 2023. No se recalcula ni se sincroniza.""}}"
OL-DUR-DUL-0049,DURAZNOS PRENSADOS CON MIEL DE AGAVE DE 500 GR,6,,DULCES TIPICOS Y ALIMENTOS,OL-DUR-DUL-0049,El Huerto,UCAREO,,,"{""proveedor_contacto"":""Yadira Mendoza Soto"",""proveedor_telefono"":""4434101030"",""financiero_2023"":{""numero_control"":""0049"",""iva_compra"":0,""porcentaje_a_ganar"":0,""openpay_comision"":2.5,""openpay_iva"":0.4,""comision_tienda_nube"":2.66,""total_comisiones"":5.56,""descuento_pago_transferencia_pct"":50,""iva_venta_desglosar"":0.77,""precio_venta_sin_iva"":5,""ganancia_real"":5,""_nota"":""Congelado del control de Excel 2023. No se recalcula ni se sincroniza.""}}"
OL-DUR-DUL-0050,DURAZNOS EN ALMIBAR CON MIEL DE AGAVE DE 500 GR,6,,DULCES TIPICOS Y ALIMENTOS,OL-DUR-DUL-0050,El Huerto,UCAREO,,,"{""proveedor_contacto"":""Yadira Mendoza Soto"",""proveedor_telefono"":""4434101030"",""financiero_2023"":{""numero_control"":""0050"",""iva_compra"":0,""porcentaje_a_ganar"":0,""openpay_comision"":2.5,""openpay_iva"":0.4,""comision_tienda_nube"":2.66,""total_comisiones"":5.56,""descuento_pago_transferencia_pct"":50,""iva_venta_desglosar"":0.77,""precio_venta_sin_iva"":5,""ganancia_real"":5,""_nota"":""Congelado del control de Excel 2023. No se recalcula ni se sincroniza.""}}"
OL-MER-DUL-0051,MERMELADA DE HIGO CON HIERBABUENA Y MIEL DE AGAVE DE 330 GR,6,,DULCES TIPICOS Y ALIMENTOS,OL-MER-DUL-0051,El Huerto,UCAREO,,,"{""proveedor_contacto"":""Yadira Mendoza Soto"",""proveedor_telefono"":""4434101030"",""financiero_2023"":{""numero_control"":""0051"",""iva_compra"":0,""porcentaje_a_ganar"":0,""openpay_comision"":2.5,""openpay_iva"":0.4,""comision_tienda_nube"":2.66,""total_comisiones"":5.56,""descuento_pago_transferencia_pct"":50,""iva_venta_desglosar"":0.77,""precio_venta_sin_iva"":5,""ganancia_real"":5,""_nota"":""Congelado del control de Excel 2023. No se recalcula ni se sincroniza.""}}"
OL-MER-DUL-0052,MERMELADA DE DURAZNO CON MIEL DE AGAVE DE 330 GR,111,59,DULCES TIPICOS Y ALIMENTOS,OL-MER-DUL-0052,El Huerto,UCAREO,,,"{""proveedor_contacto"":""Yadira Mendoza Soto"",""proveedor_telefono"":""4434101030"",""financiero_2023"":{""numero_control"":""0052"",""precio_compra_con_iva"":70,""iva_compra"":11.2,""porcentaje_a_ganar"":45,""utilidad"":31.5,""openpay_comision"":4.53,""openpay_iva"":0.72,""comision_tienda_nube"":4.74,""total_comisiones"":9.99,""descuento_pago_transferencia_pct"":4.48,""iva_venta_desglosar"":15.38,""precio_venta_sin_iva"":96,""ganancia_real"":37,""_nota"":""Congelado del control de Excel 2023. No se recalcula ni se sincroniza.""}}"
OL-MER-DUL-0053,Mermelada de Tejocote con Miel de Agave de 330gr,111,59,DULCES TIPICOS Y ALIMENTOS,OL-MER-DUL-0053,El Huerto,UCAREO,,,"{""proveedor_contacto"":""Yadira Mendoza Soto"",""proveedor_telefono"":""4434101030"",""financiero_2023"":{""numero_control"":""0053"",""precio_compra_con_iva"":70,""iva_compra"":11.2,""porcentaje_a_ganar"":45,""utilidad"":31.5,""openpay_comision"":4.53,""openpay_iva"":0.72,""comision_tienda_nube"":4.74,""total_comisiones"":9.99,""descuento_pago_transferencia_pct"":4.48,""iva_venta_desglosar"":15.38,""precio_venta_sin_iva"":96,""ganancia_real"":37,""_nota"":""Congelado del control de Excel 2023. No se recalcula ni se sincroniza.""}}"
SINCODIGO-0061,Mermelada de Membrillo con Miel de Agave de 330gr,111,59,,,,,,,"{""financiero_2023"":{""precio_compra_con_iva"":70,""iva_compra"":11.2,""porcentaje_a_ganar"":45,""utilidad"":31.5,""openpay_comision"":4.53,""openpay_iva"":0.72,""comision_tienda_nube"":4.74,""total_comisiones"":9.99,""descuento_pago_transferencia_pct"":4.48,""iva_venta_desglosar"":15.38,""precio_venta_sin_iva"":96,""ganancia_real"":37,""_nota"":""Congelado del control de Excel 2023. No se recalcula ni se sincroniza.""}}"
SINCODIGO-0062,Mermelada de manzana manzanilla canela de 330 gr,111,59,,,,,,,"{""financiero_2023"":{""precio_compra_con_iva"":70,""iva_compra"":11.2,""porcentaje_a_ganar"":45,""utilidad"":31.5,""openpay_comision"":4.53,""openpay_iva"":0.72,""comision_tienda_nube"":4.74,""total_comisiones"":9.99,""descuento_pago_transferencia_pct"":4.48,""iva_venta_desglosar"":15.38,""precio_venta_sin_iva"":96,""ganancia_real"":37,""_nota"":""Congelado del control de Excel 2023. No se recalcula ni se sincroniza.""}}"
SINCODIGO-0063,Cajeta Quemada y Envinada de 1 kg,187,101,,,,,,,"{""financiero_2023"":{""precio_compra_con_iva"":120,""iva_compra"":19.2,""porcentaje_a_ganar"":45,""utilidad"":54,""openpay_comision"":5.98,""openpay_iva"":0.96,""comision_tienda_nube"":6.22,""total_comisiones"":13.16,""descuento_pago_transferencia_pct"":3.51,""iva_venta_desglosar"":25.81,""precio_venta_sin_iva"":161,""ganancia_real"":61,""_nota"":""Congelado del control de Excel 2023. No se recalcula ni se sincroniza.""}}"
SINCODIGO-0064,Cajeta Quemada y Envinada de 500 gr,104,55,,,,,,,"{""financiero_2023"":{""precio_compra_con_iva"":65,""iva_compra"":10.4,""porcentaje_a_ganar"":45,""utilidad"":29.25,""openpay_comision"":4.39,""openpay_iva"":0.7,""comision_tienda_nube"":4.59,""total_comisiones"":9.67,""descuento_pago_transferencia_pct"":4.65,""iva_venta_desglosar"":14.33,""precio_venta_sin_iva"":90,""ganancia_real"":35,""_nota"":""Congelado del control de Excel 2023. No se recalcula ni se sincroniza.""}}"
SINCODIGO-0065,Cajeta Quemada y Envinada de 250 gr,111,59,,,,,,,"{""financiero_2023"":{""precio_compra_con_iva"":70,""iva_compra"":11.2,""porcentaje_a_ganar"":45,""utilidad"":31.5,""openpay_comision"":4.53,""openpay_iva"":0.72,""comision_tienda_nube"":4.74,""total_comisiones"":9.99,""descuento_pago_transferencia_pct"":4.48,""iva_venta_desglosar"":15.38,""precio_venta_sin_iva"":96,""ganancia_real"":37,""_nota"":""Congelado del control de Excel 2023. No se recalcula ni se sincroniza.""}}"
OL-SAL-DUL-0054,SALSA DE CHILE CHILPOTLE CON PERA DE 275GR.,111,59,DULCES TIPICOS Y ALIMENTOS,OL-SAL-DUL-0054,El Huerto,UCAREO,,,"{""proveedor_contacto"":""Yadira Mendoza Soto"",""proveedor_telefono"":""4434101030"",""financiero_2023"":{""numero_control"":""0054"",""precio_compra_con_iva"":70,""iva_compra"":11.2,""porcentaje_a_ganar"":45,""utilidad"":31.5,""openpay_comision"":4.53,""openpay_iva"":0.72,""comision_tienda_nube"":4.74,""total_comisiones"":9.99,""descuento_pago_transferencia_pct"":4.48,""iva_venta_desglosar"":15.38,""precio_venta_sin_iva"":96,""ganancia_real"":37,""_nota"":""Congelado del control de Excel 2023. No se recalcula ni se sincroniza.""}}"
OL-SAL-DUL-0055,SALSA MACHA DE SEMILLAS DE 275GR.,142,76,DULCES TIPICOS Y ALIMENTOS,OL-SAL-DUL-0055,El Huerto,UCAREO,,,"{""proveedor_contacto"":""Yadira Mendoza Soto"",""proveedor_telefono"":""4434101030"",""financiero_2023"":{""numero_control"":""0055"",""precio_compra_con_iva"":90,""iva_compra"":14.4,""porcentaje_a_ganar"":45,""utilidad"":40.5,""openpay_comision"":5.11,""openpay_iva"":0.82,""comision_tienda_nube"":5.33,""total_comisiones"":11.26,""descuento_pago_transferencia_pct"":3.97,""iva_venta_desglosar"":19.55,""precio_venta_sin_iva"":122,""ganancia_real"":47,""_nota"":""Congelado del control de Excel 2023. No se recalcula ni se sincroniza.""}}"
SINCODIGO-0068,Chile Peron En Escabeche de 1000g,187,101,,,,,,,"{""financiero_2023"":{""precio_compra_con_iva"":120,""iva_compra"":19.2,""porcentaje_a_ganar"":45,""utilidad"":54,""openpay_comision"":5.98,""openpay_iva"":0.96,""comision_tienda_nube"":6.22,""total_comisiones"":13.16,""descuento_pago_transferencia_pct"":3.51,""iva_venta_desglosar"":25.81,""precio_venta_sin_iva"":161,""ganancia_real"":61,""_nota"":""Congelado del control de Excel 2023. No se recalcula ni se sincroniza.""}}"
SINCODIGO-0069,Chile Peron En Escabeche de 500 kg,119,63,,,,,,,"{""financiero_2023"":{""precio_compra_con_iva"":75,""iva_compra"":12,""porcentaje_a_ganar"":45,""utilidad"":33.75,""openpay_comision"":4.68,""openpay_iva"":0.75,""comision_tienda_nube"":4.88,""total_comisiones"":10.31,""descuento_pago_transferencia_pct"":4.33,""iva_venta_desglosar"":16.42,""precio_venta_sin_iva"":103,""ganancia_real"":40,""_nota"":""Congelado del control de Excel 2023. No se recalcula ni se sincroniza.""}}"
OL-CHI-DUL-0056,CHILE CHIPOTLE EN ESCABECHE DE 1000 G,6,,DULCES TIPICOS Y ALIMENTOS,OL-CHI-DUL-0056,El Huerto,UCAREO,,,"{""proveedor_contacto"":""Yadira Mendoza Soto"",""proveedor_telefono"":""4434101030"",""financiero_2023"":{""numero_control"":""0056"",""iva_compra"":0,""porcentaje_a_ganar"":0,""openpay_comision"":2.5,""openpay_iva"":0.4,""comision_tienda_nube"":2.66,""total_comisiones"":5.56,""descuento_pago_transferencia_pct"":50,""iva_venta_desglosar"":0.77,""precio_venta_sin_iva"":5,""ganancia_real"":5,""_nota"":""Congelado del control de Excel 2023. No se recalcula ni se sincroniza.""}}"
OL-NOP-DUL-0057,NOPALES EN ESCABECHE DE 500KG,6,,DULCES TIPICOS Y ALIMENTOS,OL-NOP-DUL-0057,El Huerto,UCAREO,,,"{""proveedor_contacto"":""Yadira Mendoza Soto"",""proveedor_telefono"":""4434101030"",""financiero_2023"":{""numero_control"":""0057"",""iva_compra"":0,""porcentaje_a_ganar"":0,""openpay_comision"":2.5,""openpay_iva"":0.4,""comision_tienda_nube"":2.66,""total_comisiones"":5.56,""descuento_pago_transferencia_pct"":50,""iva_venta_desglosar"":0.77,""precio_venta_sin_iva"":5,""ganancia_real"":5,""_nota"":""Congelado del control de Excel 2023. No se recalcula ni se sincroniza.""}}"
OL-LIC-DUL-0059,LICOR DE MEMBRILLO DE 750 ML.,210,113,DULCES TIPICOS Y ALIMENTOS,OL-LIC-DUL-0059,El Huerto,UCAREO,,,"{""proveedor_contacto"":""Yadira Mendoza Soto"",""proveedor_telefono"":""4434101030"",""financiero_2023"":{""numero_control"":""0059"",""precio_compra_con_iva"":135,""iva_compra"":21.6,""porcentaje_a_ganar"":45,""utilidad"":60.75,""openpay_comision"":6.42,""openpay_iva"":1.03,""comision_tienda_nube"":6.66,""total_comisiones"":14.11,""descuento_pago_transferencia_pct"":3.36,""iva_venta_desglosar"":28.95,""precio_venta_sin_iva"":181,""ganancia_real"":68,""_nota"":""Congelado del control de Excel 2023. No se recalcula ni se sincroniza.""}}"
OL-LIC-DUL-0060,LICOR DE MEMBRILLO DE 500 ML.,180,97,DULCES TIPICOS Y ALIMENTOS,OL-LIC-DUL-0060,El Huerto,UCAREO,,,"{""proveedor_contacto"":""Yadira Mendoza Soto"",""proveedor_telefono"":""4434101030"",""financiero_2023"":{""numero_control"":""0060"",""precio_compra_con_iva"":115,""iva_compra"":18.4,""porcentaje_a_ganar"":45,""utilidad"":51.75,""openpay_comision"":5.84,""openpay_iva"":0.93,""comision_tienda_nube"":6.07,""total_comisiones"":12.84,""descuento_pago_transferencia_pct"":3.57,""iva_venta_desglosar"":24.77,""precio_venta_sin_iva"":155,""ganancia_real"":58,""_nota"":""Congelado del control de Excel 2023. No se recalcula ni se sincroniza.""}}"
OL-LIC-DUL-0061,LICOR DE MEMBRILLO DE 250 ML.,119,63,DULCES TIPICOS Y ALIMENTOS,OL-LIC-DUL-0061,El Huerto,UCAREO,,,"{""proveedor_contacto"":""Yadira Mendoza Soto"",""proveedor_telefono"":""4434101030"",""financiero_2023"":{""numero_control"":""0061"",""precio_compra_con_iva"":75,""iva_compra"":12,""porcentaje_a_ganar"":45,""utilidad"":33.75,""openpay_comision"":4.68,""openpay_iva"":0.75,""comision_tienda_nube"":4.88,""total_comisiones"":10.31,""descuento_pago_transferencia_pct"":4.33,""iva_venta_desglosar"":16.42,""precio_venta_sin_iva"":103,""ganancia_real"":40,""_nota"":""Congelado del control de Excel 2023. No se recalcula ni se sincroniza.""}}"
OL-LIC-DUL-0062,LICOR DE MEMBRILLO DE 50 ML.,36,17,DULCES TIPICOS Y ALIMENTOS,OL-LIC-DUL-0062,El Huerto,UCAREO,,,"{""proveedor_contacto"":""Yadira Mendoza Soto"",""proveedor_telefono"":""4434101030"",""financiero_2023"":{""numero_control"":""0062"",""precio_compra_con_iva"":20,""iva_compra"":3.2,""porcentaje_a_ganar"":45,""utilidad"":9,""openpay_comision"":3.08,""openpay_iva"":0.49,""comision_tienda_nube"":3.25,""total_comisiones"":6.82,""descuento_pago_transferencia_pct"":9.52,""iva_venta_desglosar"":4.94,""precio_venta_sin_iva"":31,""ganancia_real"":14,""_nota"":""Congelado del control de Excel 2023. No se recalcula ni se sincroniza.""}}"
OL-LIC-DUL-0063,LICOR DE CAPULIN DE 750 ML.,210,113,DULCES TIPICOS Y ALIMENTOS,OL-LIC-DUL-0063,El Huerto,UCAREO,,,"{""proveedor_contacto"":""Yadira Mendoza Soto"",""proveedor_telefono"":""4434101030"",""financiero_2023"":{""numero_control"":""0063"",""precio_compra_con_iva"":135,""iva_compra"":21.6,""porcentaje_a_ganar"":45,""utilidad"":60.75,""openpay_comision"":6.42,""openpay_iva"":1.03,""comision_tienda_nube"":6.66,""total_comisiones"":14.11,""descuento_pago_transferencia_pct"":3.36,""iva_venta_desglosar"":28.95,""precio_venta_sin_iva"":181,""ganancia_real"":68,""_nota"":""Congelado del control de Excel 2023. No se recalcula ni se sincroniza.""}}"
OL-LIC-DUL-0064,LICOR DE CAPULIN DE 500 ML.,180,97,DULCES TIPICOS Y ALIMENTOS,OL-LIC-DUL-0064,El Huerto,UCAREO,,,"{""proveedor_contacto"":""Yadira Mendoza Soto"",""proveedor_telefono"":""4434101030"",""financiero_2023"":{""numero_control"":""0064"",""precio_compra_con_iva"":115,""iva_compra"":18.4,""porcentaje_a_ganar"":45,""utilidad"":51.75,""openpay_comision"":5.84,""openpay_iva"":0.93,""comision_tienda_nube"":6.07,""total_comisiones"":12.84,""descuento_pago_transferencia_pct"":3.57,""iva_venta_desglosar"":24.77,""precio_venta_sin_iva"":155,""ganancia_real"":58,""_nota"":""Congelado del control de Excel 2023. No se recalcula ni se sincroniza.""}}"
OL-LIC-DUL-0065,LICOR DE CAPULIN DE 250 ML.,119,63,DULCES TIPICOS Y ALIMENTOS,OL-LIC-DUL-0065,El Huerto,UCAREO,,,"{""proveedor_contacto"":""Yadira Mendoza Soto"",""proveedor_telefono"":""4434101030"",""financiero_2023"":{""numero_control"":""0065"",""precio_compra_con_iva"":75,""iva_compra"":12,""porcentaje_a_ganar"":45,""utilidad"":33.75,""openpay_comision"":4.68,""openpay_iva"":0.75,""comision_tienda_nube"":4.88,""total_comisiones"":10.31,""descuento_pago_transferencia_pct"":4.33,""iva_venta_desglosar"":16.42,""precio_venta_sin_iva"":103,""ganancia_real"":40,""_nota"":""Congelado del control de Excel 2023. No se recalcula ni se sincroniza.""}}"
OL-LIC-DUL-0066,LICOR DE CAPULIN DE 50 ML.,36,17,DULCES TIPICOS Y ALIMENTOS,OL-LIC-DUL-0066,El Huerto,UCAREO,,,"{""proveedor_contacto"":""Yadira Mendoza Soto"",""proveedor_telefono"":""4434101030"",""financiero_2023"":{""numero_control"":""0066"",""precio_compra_con_iva"":20,""iva_compra"":3.2,""porcentaje_a_ganar"":45,""utilidad"":9,""openpay_comision"":3.08,""openpay_iva"":0.49,""comision_tienda_nube"":3.25,""total_comisiones"":6.82,""descuento_pago_transferencia_pct"":9.52,""iva_venta_desglosar"":4.94,""precio_venta_sin_iva"":31,""ganancia_real"":14,""_nota"":""Congelado del control de Excel 2023. No se recalcula ni se sincroniza.""}}"
OL-CRE-DUL-0067,CREMA DE CHABACANO DE 750 ML.,210,113,DULCES TIPICOS Y ALIMENTOS,OL-CRE-DUL-0067,El Huerto,UCAREO,,,"{""proveedor_contacto"":""Yadira Mendoza Soto"",""proveedor_telefono"":""4434101030"",""financiero_2023"":{""numero_control"":""0067"",""precio_compra_con_iva"":135,""iva_compra"":21.6,""porcentaje_a_ganar"":45,""utilidad"":60.75,""openpay_comision"":6.42,""openpay_iva"":1.03,""comision_tienda_nube"":6.66,""total_comisiones"":14.11,""descuento_pago_transferencia_pct"":3.36,""iva_venta_desglosar"":28.95,""precio_venta_sin_iva"":181,""ganancia_real"":68,""_nota"":""Congelado del control de Excel 2023. No se recalcula ni se sincroniza.""}}"
OL-CRE-DUL-0068,CREMA DE CHABACANO DE 500 ML.,180,97,DULCES TIPICOS Y ALIMENTOS,OL-CRE-DUL-0068,El Huerto,UCAREO,,,"{""proveedor_contacto"":""Yadira Mendoza Soto"",""proveedor_telefono"":""4434101030"",""financiero_2023"":{""numero_control"":""0068"",""precio_compra_con_iva"":115,""iva_compra"":18.4,""porcentaje_a_ganar"":45,""utilidad"":51.75,""openpay_comision"":5.84,""openpay_iva"":0.93,""comision_tienda_nube"":6.07,""total_comisiones"":12.84,""descuento_pago_transferencia_pct"":3.57,""iva_venta_desglosar"":24.77,""precio_venta_sin_iva"":155,""ganancia_real"":58,""_nota"":""Congelado del control de Excel 2023. No se recalcula ni se sincroniza.""}}"
OL-CRE-DUL-0069,CREMA DE CHABACANO DE 250 ML.,119,63,DULCES TIPICOS Y ALIMENTOS,OL-CRE-DUL-0069,El Huerto,UCAREO,,,"{""proveedor_contacto"":""Yadira Mendoza Soto"",""proveedor_telefono"":""4434101030"",""financiero_2023"":{""numero_control"":""0069"",""precio_compra_con_iva"":75,""iva_compra"":12,""porcentaje_a_ganar"":45,""utilidad"":33.75,""openpay_comision"":4.68,""openpay_iva"":0.75,""comision_tienda_nube"":4.88,""total_comisiones"":10.31,""descuento_pago_transferencia_pct"":4.33,""iva_venta_desglosar"":16.42,""precio_venta_sin_iva"":103,""ganancia_real"":40,""_nota"":""Congelado del control de Excel 2023. No se recalcula ni se sincroniza.""}}"
OL-CRE-DUL-0070,CREMA DE CHABACANO DE 50 ML.,36,17,DULCES TIPICOS Y ALIMENTOS,OL-CRE-DUL-0070,El Huerto,UCAREO,,,"{""proveedor_contacto"":""Yadira Mendoza Soto"",""proveedor_telefono"":""4434101030"",""financiero_2023"":{""numero_control"":""0070"",""precio_compra_con_iva"":20,""iva_compra"":3.2,""porcentaje_a_ganar"":45,""utilidad"":9,""openpay_comision"":3.08,""openpay_iva"":0.49,""comision_tienda_nube"":3.25,""total_comisiones"":6.82,""descuento_pago_transferencia_pct"":9.52,""iva_venta_desglosar"":4.94,""precio_venta_sin_iva"":31,""ganancia_real"":14,""_nota"":""Congelado del control de Excel 2023. No se recalcula ni se sincroniza.""}}"
OL-LIC-DUL-0071,LICOR CREMA DE DURAZNO DE 750 ML.,210,113,DULCES TIPICOS Y ALIMENTOS,OL-LIC-DUL-0071,El Huerto,UCAREO,,,"{""proveedor_contacto"":""Yadira Mendoza Soto"",""proveedor_telefono"":""4434101030"",""financiero_2023"":{""numero_control"":""0071"",""precio_compra_con_iva"":135,""iva_compra"":21.6,""porcentaje_a_ganar"":45,""utilidad"":60.75,""openpay_comision"":6.42,""openpay_iva"":1.03,""comision_tienda_nube"":6.66,""total_comisiones"":14.11,""descuento_pago_transferencia_pct"":3.36,""iva_venta_desglosar"":28.95,""precio_venta_sin_iva"":181,""ganancia_real"":68,""_nota"":""Congelado del control de Excel 2023. No se recalcula ni se sincroniza.""}}"
OL-LIC-DUL-0072,LICOR CREMA DE DURAZNO DE 500 ML.,180,97,DULCES TIPICOS Y ALIMENTOS,OL-LIC-DUL-0072,El Huerto,UCAREO,,,"{""proveedor_contacto"":""Yadira Mendoza Soto"",""proveedor_telefono"":""4434101030"",""financiero_2023"":{""numero_control"":""0072"",""precio_compra_con_iva"":115,""iva_compra"":18.4,""porcentaje_a_ganar"":45,""utilidad"":51.75,""openpay_comision"":5.84,""openpay_iva"":0.93,""comision_tienda_nube"":6.07,""total_comisiones"":12.84,""descuento_pago_transferencia_pct"":3.57,""iva_venta_desglosar"":24.77,""precio_venta_sin_iva"":155,""ganancia_real"":58,""_nota"":""Congelado del control de Excel 2023. No se recalcula ni se sincroniza.""}}"
OL-LIC-DUL-0073,LICOR CREMA DE DURAZNO DE 250 ML.,119,63,DULCES TIPICOS Y ALIMENTOS,OL-LIC-DUL-0073,El Huerto,UCAREO,,,"{""proveedor_contacto"":""Yadira Mendoza Soto"",""proveedor_telefono"":""4434101030"",""financiero_2023"":{""numero_control"":""0073"",""precio_compra_con_iva"":75,""iva_compra"":12,""porcentaje_a_ganar"":45,""utilidad"":33.75,""openpay_comision"":4.68,""openpay_iva"":0.75,""comision_tienda_nube"":4.88,""total_comisiones"":10.31,""descuento_pago_transferencia_pct"":4.33,""iva_venta_desglosar"":16.42,""precio_venta_sin_iva"":103,""ganancia_real"":40,""_nota"":""Congelado del control de Excel 2023. No se recalcula ni se sincroniza.""}}"
OL-LIC-DUL-0074,LICOR CREMA DE DURAZNO DE 50 ML.,36,17,DULCES TIPICOS Y ALIMENTOS,OL-LIC-DUL-0074,El Huerto,UCAREO,,,"{""proveedor_contacto"":""Yadira Mendoza Soto"",""proveedor_telefono"":""4434101030"",""financiero_2023"":{""numero_control"":""0074"",""precio_compra_con_iva"":20,""iva_compra"":3.2,""porcentaje_a_ganar"":45,""utilidad"":9,""openpay_comision"":3.08,""openpay_iva"":0.49,""comision_tienda_nube"":3.25,""total_comisiones"":6.82,""descuento_pago_transferencia_pct"":9.52,""iva_venta_desglosar"":4.94,""precio_venta_sin_iva"":31,""ganancia_real"":14,""_nota"":""Congelado del control de Excel 2023. No se recalcula ni se sincroniza.""}}"
OL-LIC-DUL-0075,LICOR DE MANZANA DE 750 ML.,210,113,DULCES TIPICOS Y ALIMENTOS,OL-LIC-DUL-0075,El Huerto,UCAREO,,,"{""proveedor_contacto"":""Yadira Mendoza Soto"",""proveedor_telefono"":""4434101030"",""financiero_2023"":{""numero_control"":""0075"",""precio_compra_con_iva"":135,""iva_compra"":21.6,""porcentaje_a_ganar"":45,""utilidad"":60.75,""openpay_comision"":6.42,""openpay_iva"":1.03,""comision_tienda_nube"":6.66,""total_comisiones"":14.11,""descuento_pago_transferencia_pct"":3.36,""iva_venta_desglosar"":28.95,""precio_venta_sin_iva"":181,""ganancia_real"":68,""_nota"":""Congelado del control de Excel 2023. No se recalcula ni se sincroniza.""}}"
OL-LIC-DUL-0076,LICOR DE MANZANA DE 500 ML.,180,97,DULCES TIPICOS Y ALIMENTOS,OL-LIC-DUL-0076,El Huerto,UCAREO,,,"{""proveedor_contacto"":""Yadira Mendoza Soto"",""proveedor_telefono"":""4434101030"",""financiero_2023"":{""numero_control"":""0076"",""precio_compra_con_iva"":115,""iva_compra"":18.4,""porcentaje_a_ganar"":45,""utilidad"":51.75,""openpay_comision"":5.84,""openpay_iva"":0.93,""comision_tienda_nube"":6.07,""total_comisiones"":12.84,""descuento_pago_transferencia_pct"":3.57,""iva_venta_desglosar"":24.77,""precio_venta_sin_iva"":155,""ganancia_real"":58,""_nota"":""Congelado del control de Excel 2023. No se recalcula ni se sincroniza.""}}"
OL-LIC-DUL-0077,LICOR DE MANZANA DE 250 ML.,119,63,DULCES TIPICOS Y ALIMENTOS,OL-LIC-DUL-0077,El Huerto,UCAREO,,,"{""proveedor_contacto"":""Yadira Mendoza Soto"",""proveedor_telefono"":""4434101030"",""financiero_2023"":{""numero_control"":""0077"",""precio_compra_con_iva"":75,""iva_compra"":12,""porcentaje_a_ganar"":45,""utilidad"":33.75,""openpay_comision"":4.68,""openpay_iva"":0.75,""comision_tienda_nube"":4.88,""total_comisiones"":10.31,""descuento_pago_transferencia_pct"":4.33,""iva_venta_desglosar"":16.42,""precio_venta_sin_iva"":103,""ganancia_real"":40,""_nota"":""Congelado del control de Excel 2023. No se recalcula ni se sincroniza.""}}"
OL-LIC-DUL-0078,LICOR DE MANZANA DE 50 ML.,36,17,DULCES TIPICOS Y ALIMENTOS,OL-LIC-DUL-0078,El Huerto,UCAREO,,,"{""proveedor_contacto"":""Yadira Mendoza Soto"",""proveedor_telefono"":""4434101030"",""financiero_2023"":{""numero_control"":""0078"",""precio_compra_con_iva"":20,""iva_compra"":3.2,""porcentaje_a_ganar"":45,""utilidad"":9,""openpay_comision"":3.08,""openpay_iva"":0.49,""comision_tienda_nube"":3.25,""total_comisiones"":6.82,""descuento_pago_transferencia_pct"":9.52,""iva_venta_desglosar"":4.94,""precio_venta_sin_iva"":31,""ganancia_real"":14,""_nota"":""Congelado del control de Excel 2023. No se recalcula ni se sincroniza.""}}"
OL-LIC-DUL-0079,LICOR CREMA DE GUAYABA DE 750 ML.,210,113,DULCES TIPICOS Y ALIMENTOS,OL-LIC-DUL-0079,El Huerto,UCAREO,,,"{""proveedor_contacto"":""Yadira Mendoza Soto"",""proveedor_telefono"":""4434101030"",""financiero_2023"":{""numero_control"":""0079"",""precio_compra_con_iva"":135,""iva_compra"":21.6,""porcentaje_a_ganar"":45,""utilidad"":60.75,""openpay_comision"":6.42,""openpay_iva"":1.03,""comision_tienda_nube"":6.66,""total_comisiones"":14.11,""descuento_pago_transferencia_pct"":3.36,""iva_venta_desglosar"":28.95,""precio_venta_sin_iva"":181,""ganancia_real"":68,""_nota"":""Congelado del control de Excel 2023. No se recalcula ni se sincroniza.""}}"
OL-LIC-DUL-0080,LICOR CREMA DE GUAYABA DE 500 ML.,180,97,DULCES TIPICOS Y ALIMENTOS,OL-LIC-DUL-0080,El Huerto,UCAREO,,,"{""proveedor_contacto"":""Yadira Mendoza Soto"",""proveedor_telefono"":""4434101030"",""financiero_2023"":{""numero_control"":""0080"",""precio_compra_con_iva"":115,""iva_compra"":18.4,""porcentaje_a_ganar"":45,""utilidad"":51.75,""openpay_comision"":5.84,""openpay_iva"":0.93,""comision_tienda_nube"":6.07,""total_comisiones"":12.84,""descuento_pago_transferencia_pct"":3.57,""iva_venta_desglosar"":24.77,""precio_venta_sin_iva"":155,""ganancia_real"":58,""_nota"":""Congelado del control de Excel 2023. No se recalcula ni se sincroniza.""}}"
OL-LIC-DUL-0081,LICOR CREMA DE GUAYABA DE 250 ML.,119,63,DULCES TIPICOS Y ALIMENTOS,OL-LIC-DUL-0081,El Huerto,UCAREO,,,"{""proveedor_contacto"":""Yadira Mendoza Soto"",""proveedor_telefono"":""4434101030"",""financiero_2023"":{""numero_control"":""0081"",""precio_compra_con_iva"":75,""iva_compra"":12,""porcentaje_a_ganar"":45,""utilidad"":33.75,""openpay_comision"":4.68,""openpay_iva"":0.75,""comision_tienda_nube"":4.88,""total_comisiones"":10.31,""descuento_pago_transferencia_pct"":4.33,""iva_venta_desglosar"":16.42,""precio_venta_sin_iva"":103,""ganancia_real"":40,""_nota"":""Congelado del control de Excel 2023. No se recalcula ni se sincroniza.""}}"
OL-LIC-DUL-0082,LICOR CREMA DE GUAYABA DE 50 ML.,36,17,DULCES TIPICOS Y ALIMENTOS,OL-LIC-DUL-0082,El Huerto,UCAREO,,,"{""proveedor_contacto"":""Yadira Mendoza Soto"",""proveedor_telefono"":""4434101030"",""financiero_2023"":{""numero_control"":""0082"",""precio_compra_con_iva"":20,""iva_compra"":3.2,""porcentaje_a_ganar"":45,""utilidad"":9,""openpay_comision"":3.08,""openpay_iva"":0.49,""comision_tienda_nube"":3.25,""total_comisiones"":6.82,""descuento_pago_transferencia_pct"":9.52,""iva_venta_desglosar"":4.94,""precio_venta_sin_iva"":31,""ganancia_real"":14,""_nota"":""Congelado del control de Excel 2023. No se recalcula ni se sincroniza.""}}"
OL-LIC-DUL-0083,LICOR CREMA DE TEJOCOTE DE 750 ML.,210,113,DULCES TIPICOS Y ALIMENTOS,OL-LIC-DUL-0083,El Huerto,UCAREO,,,"{""proveedor_contacto"":""Yadira Mendoza Soto"",""proveedor_telefono"":""4434101030"",""financiero_2023"":{""numero_control"":""0083"",""precio_compra_con_iva"":135,""iva_compra"":21.6,""porcentaje_a_ganar"":45,""utilidad"":60.75,""openpay_comision"":6.42,""openpay_iva"":1.03,""comision_tienda_nube"":6.66,""total_comisiones"":14.11,""descuento_pago_transferencia_pct"":3.36,""iva_venta_desglosar"":28.95,""precio_venta_sin_iva"":181,""ganancia_real"":68,""_nota"":""Congelado del control de Excel 2023. No se recalcula ni se sincroniza.""}}"
OL-LIC-DUL-0084,LICOR CREMA DE TEJOCOTE DE 500 ML.,180,97,DULCES TIPICOS Y ALIMENTOS,OL-LIC-DUL-0084,El Huerto,UCAREO,,,"{""proveedor_contacto"":""Yadira Mendoza Soto"",""proveedor_telefono"":""4434101030"",""financiero_2023"":{""numero_control"":""0084"",""precio_compra_con_iva"":115,""iva_compra"":18.4,""porcentaje_a_ganar"":45,""utilidad"":51.75,""openpay_comision"":5.84,""openpay_iva"":0.93,""comision_tienda_nube"":6.07,""total_comisiones"":12.84,""descuento_pago_transferencia_pct"":3.57,""iva_venta_desglosar"":24.77,""precio_venta_sin_iva"":155,""ganancia_real"":58,""_nota"":""Congelado del control de Excel 2023. No se recalcula ni se sincroniza.""}}"
OL-LIC-DUL-0085,LICOR CREMA DE TEJOCOTE DE 250 ML.,119,63,DULCES TIPICOS Y ALIMENTOS,OL-LIC-DUL-0085,El Huerto,UCAREO,,,"{""proveedor_contacto"":""Yadira Mendoza Soto"",""proveedor_telefono"":""4434101030"",""financiero_2023"":{""numero_control"":""0085"",""precio_compra_con_iva"":75,""iva_compra"":12,""porcentaje_a_ganar"":45,""utilidad"":33.75,""openpay_comision"":4.68,""openpay_iva"":0.75,""comision_tienda_nube"":4.88,""total_comisiones"":10.31,""descuento_pago_transferencia_pct"":4.33,""iva_venta_desglosar"":16.42,""precio_venta_sin_iva"":103,""ganancia_real"":40,""_nota"":""Congelado del control de Excel 2023. No se recalcula ni se sincroniza.""}}"
OL-LIC-DUL-0086,LICOR CREMA DE TEJOCOTE DE 50 ML.,36,17,DULCES TIPICOS Y ALIMENTOS,OL-LIC-DUL-0086,El Huerto,UCAREO,,,"{""proveedor_contacto"":""Yadira Mendoza Soto"",""proveedor_telefono"":""4434101030"",""financiero_2023"":{""numero_control"":""0086"",""precio_compra_con_iva"":20,""iva_compra"":3.2,""porcentaje_a_ganar"":45,""utilidad"":9,""openpay_comision"":3.08,""openpay_iva"":0.49,""comision_tienda_nube"":3.25,""total_comisiones"":6.82,""descuento_pago_transferencia_pct"":9.52,""iva_venta_desglosar"":4.94,""precio_venta_sin_iva"":31,""ganancia_real"":14,""_nota"":""Congelado del control de Excel 2023. No se recalcula ni se sincroniza.""}}"
OL-LIC-DUL-0087,LICOR CREMA DE CIRUELA DE 750 ML,210,113,DULCES TIPICOS Y ALIMENTOS,OL-LIC-DUL-0087,El Huerto,UCAREO,,,"{""proveedor_contacto"":""Yadira Mendoza Soto"",""proveedor_telefono"":""4434101030"",""financiero_2023"":{""numero_control"":""0087"",""precio_compra_con_iva"":135,""iva_compra"":21.6,""porcentaje_a_ganar"":45,""utilidad"":60.75,""openpay_comision"":6.42,""openpay_iva"":1.03,""comision_tienda_nube"":6.66,""total_comisiones"":14.11,""descuento_pago_transferencia_pct"":3.36,""iva_venta_desglosar"":28.95,""precio_venta_sin_iva"":181,""ganancia_real"":68,""_nota"":""Congelado del control de Excel 2023. No se recalcula ni se sincroniza.""}}"
OL-LIC-DUL-0088,LICOR CREMA DE CIRUELA DE 500 ML.,180,97,DULCES TIPICOS Y ALIMENTOS,OL-LIC-DUL-0088,El Huerto,UCAREO,,,"{""proveedor_contacto"":""Yadira Mendoza Soto"",""proveedor_telefono"":""4434101030"",""financiero_2023"":{""numero_control"":""0088"",""precio_compra_con_iva"":115,""iva_compra"":18.4,""porcentaje_a_ganar"":45,""utilidad"":51.75,""openpay_comision"":5.84,""openpay_iva"":0.93,""comision_tienda_nube"":6.07,""total_comisiones"":12.84,""descuento_pago_transferencia_pct"":3.57,""iva_venta_desglosar"":24.77,""precio_venta_sin_iva"":155,""ganancia_real"":58,""_nota"":""Congelado del control de Excel 2023. No se recalcula ni se sincroniza.""}}"
OL-LIC-DUL-0089,LICOR CREMA DE CIRUELA DE 250 ML.,119,63,DULCES TIPICOS Y ALIMENTOS,OL-LIC-DUL-0089,El Huerto,UCAREO,,,"{""proveedor_contacto"":""Yadira Mendoza Soto"",""proveedor_telefono"":""4434101030"",""financiero_2023"":{""numero_control"":""0089"",""precio_compra_con_iva"":75,""iva_compra"":12,""porcentaje_a_ganar"":45,""utilidad"":33.75,""openpay_comision"":4.68,""openpay_iva"":0.75,""comision_tienda_nube"":4.88,""total_comisiones"":10.31,""descuento_pago_transferencia_pct"":4.33,""iva_venta_desglosar"":16.42,""precio_venta_sin_iva"":103,""ganancia_real"":40,""_nota"":""Congelado del control de Excel 2023. No se recalcula ni se sincroniza.""}}"
OL-LIC-DUL-0090,LICOR CREMA DE CIRUELA DE 50 ML.,36,17,DULCES TIPICOS Y ALIMENTOS,OL-LIC-DUL-0090,El Huerto,UCAREO,,,"{""proveedor_contacto"":""Yadira Mendoza Soto"",""proveedor_telefono"":""4434101030"",""financiero_2023"":{""numero_control"":""0090"",""precio_compra_con_iva"":20,""iva_compra"":3.2,""porcentaje_a_ganar"":45,""utilidad"":9,""openpay_comision"":3.08,""openpay_iva"":0.49,""comision_tienda_nube"":3.25,""total_comisiones"":6.82,""descuento_pago_transferencia_pct"":9.52,""iva_venta_desglosar"":4.94,""precio_venta_sin_iva"":31,""ganancia_real"":14,""_nota"":""Congelado del control de Excel 2023. No se recalcula ni se sincroniza.""}}"
OL-LIC-DUL-0091,LICOR CREMA DE ZARZAMORA DE 750 ML,255,139,DULCES TIPICOS Y ALIMENTOS,OL-LIC-DUL-0091,El Huerto,UCAREO,,,"{""proveedor_contacto"":""Yadira Mendoza Soto"",""proveedor_telefono"":""4434101030"",""financiero_2023"":{""numero_control"":""0091"",""precio_compra_con_iva"":165,""iva_compra"":26.4,""porcentaje_a_ganar"":45,""utilidad"":74.25,""openpay_comision"":7.29,""openpay_iva"":1.17,""comision_tienda_nube"":7.55,""total_comisiones"":16,""descuento_pago_transferencia_pct"":3.14,""iva_venta_desglosar"":35.21,""precio_venta_sin_iva"":220,""ganancia_real"":81,""_nota"":""Congelado del control de Excel 2023. No se recalcula ni se sincroniza.""}}"
OL-LIC-DUL-0092,LICOR CREMA DE ZARZAMORA DE 500 ML,210,113,DULCES TIPICOS Y ALIMENTOS,OL-LIC-DUL-0092,El Huerto,UCAREO,,,"{""proveedor_contacto"":""Yadira Mendoza Soto"",""proveedor_telefono"":""4434101030"",""financiero_2023"":{""numero_control"":""0092"",""precio_compra_con_iva"":135,""iva_compra"":21.6,""porcentaje_a_ganar"":45,""utilidad"":60.75,""openpay_comision"":6.42,""openpay_iva"":1.03,""comision_tienda_nube"":6.66,""total_comisiones"":14.11,""descuento_pago_transferencia_pct"":3.36,""iva_venta_desglosar"":28.95,""precio_venta_sin_iva"":181,""ganancia_real"":68,""_nota"":""Congelado del control de Excel 2023. No se recalcula ni se sincroniza.""}}"
OL-LIC-DUL-0093,LICOR CREMA DE ZARZAMORA DE 250 ML,142,76,DULCES TIPICOS Y ALIMENTOS,OL-LIC-DUL-0093,El Huerto,UCAREO,,,"{""proveedor_contacto"":""Yadira Mendoza Soto"",""proveedor_telefono"":""4434101030"",""financiero_2023"":{""numero_control"":""0093"",""precio_compra_con_iva"":90,""iva_compra"":14.4,""porcentaje_a_ganar"":45,""utilidad"":40.5,""openpay_comision"":5.11,""openpay_iva"":0.82,""comision_tienda_nube"":5.33,""total_comisiones"":11.26,""descuento_pago_transferencia_pct"":3.97,""iva_venta_desglosar"":19.55,""precio_venta_sin_iva"":122,""ganancia_real"":47,""_nota"":""Congelado del control de Excel 2023. No se recalcula ni se sincroniza.""}}"
OL-LIC-DUL-0094,LICOR CREMA DE ZARZAMORA DE 50 ML,43,21,DULCES TIPICOS Y ALIMENTOS,OL-LIC-DUL-0094,El Huerto,UCAREO,,,"{""proveedor_contacto"":""Yadira Mendoza Soto"",""proveedor_telefono"":""4434101030"",""financiero_2023"":{""numero_control"":""0094"",""precio_compra_con_iva"":25,""iva_compra"":4,""porcentaje_a_ganar"":45,""utilidad"":11.25,""openpay_comision"":3.23,""openpay_iva"":0.52,""comision_tienda_nube"":3.4,""total_comisiones"":7.14,""descuento_pago_transferencia_pct"":8.23,""iva_venta_desglosar"":5.98,""precio_venta_sin_iva"":37,""ganancia_real"":16,""_nota"":""Congelado del control de Excel 2023. No se recalcula ni se sincroniza.""}}"
OL-LIC-DUL-0095,LICOR DE CAFÉ DE 750 ML,210,113,DULCES TIPICOS Y ALIMENTOS,OL-LIC-DUL-0095,El Huerto,UCAREO,,,"{""proveedor_contacto"":""Yadira Mendoza Soto"",""proveedor_telefono"":""4434101030"",""financiero_2023"":{""numero_control"":""0095"",""precio_compra_con_iva"":135,""iva_compra"":21.6,""porcentaje_a_ganar"":45,""utilidad"":60.75,""openpay_comision"":6.42,""openpay_iva"":1.03,""comision_tienda_nube"":6.66,""total_comisiones"":14.11,""descuento_pago_transferencia_pct"":3.36,""iva_venta_desglosar"":28.95,""precio_venta_sin_iva"":181,""ganancia_real"":68,""_nota"":""Congelado del control de Excel 2023. No se recalcula ni se sincroniza.""}}"
OL-LIC-DUL-0096,LICOR DE CAFÉ DE 500 ML,180,97,DULCES TIPICOS Y ALIMENTOS,OL-LIC-DUL-0096,El Huerto,UCAREO,,,"{""proveedor_contacto"":""Yadira Mendoza Soto"",""proveedor_telefono"":""4434101030"",""financiero_2023"":{""numero_control"":""0096"",""precio_compra_con_iva"":115,""iva_compra"":18.4,""porcentaje_a_ganar"":45,""utilidad"":51.75,""openpay_comision"":5.84,""openpay_iva"":0.93,""comision_tienda_nube"":6.07,""total_comisiones"":12.84,""descuento_pago_transferencia_pct"":3.57,""iva_venta_desglosar"":24.77,""precio_venta_sin_iva"":155,""ganancia_real"":58,""_nota"":""Congelado del control de Excel 2023. No se recalcula ni se sincroniza.""}}"
OL-LIC-DUL-0097,LICOR DE CAFÉ DE 250 ML,119,63,DULCES TIPICOS Y ALIMENTOS,OL-LIC-DUL-0097,El Huerto,UCAREO,,,"{""proveedor_contacto"":""Yadira Mendoza Soto"",""proveedor_telefono"":""4434101030"",""financiero_2023"":{""numero_control"":""0097"",""precio_compra_con_iva"":75,""iva_compra"":12,""porcentaje_a_ganar"":45,""utilidad"":33.75,""openpay_comision"":4.68,""openpay_iva"":0.75,""comision_tienda_nube"":4.88,""total_comisiones"":10.31,""descuento_pago_transferencia_pct"":4.33,""iva_venta_desglosar"":16.42,""precio_venta_sin_iva"":103,""ganancia_real"":40,""_nota"":""Congelado del control de Excel 2023. No se recalcula ni se sincroniza.""}}"
OL-LIC-DUL-0098,LICOR DE CAFÉ DE 50 ML,36,17,DULCES TIPICOS Y ALIMENTOS,OL-LIC-DUL-0098,El Huerto,UCAREO,,,"{""proveedor_contacto"":""Yadira Mendoza Soto"",""proveedor_telefono"":""4434101030"",""financiero_2023"":{""numero_control"":""0098"",""precio_compra_con_iva"":20,""iva_compra"":3.2,""porcentaje_a_ganar"":45,""utilidad"":9,""openpay_comision"":3.08,""openpay_iva"":0.49,""comision_tienda_nube"":3.25,""total_comisiones"":6.82,""descuento_pago_transferencia_pct"":9.52,""iva_venta_desglosar"":4.94,""precio_venta_sin_iva"":31,""ganancia_real"":14,""_nota"":""Congelado del control de Excel 2023. No se recalcula ni se sincroniza.""}}"
SINCODIGO-0112,Mezcal de Membrillo de 750 ml,429,235,,,,,,,"{""financiero_2023"":{""precio_compra_con_iva"":280,""iva_compra"":44.8,""porcentaje_a_ganar"":45,""utilidad"":126,""openpay_comision"":10.62,""openpay_iva"":1.7,""comision_tienda_nube"":10.97,""total_comisiones"":23.29,""descuento_pago_transferencia_pct"":2.71,""iva_venta_desglosar"":59.21,""precio_venta_sin_iva"":370,""ganancia_real"":135,""_nota"":""Congelado del control de Excel 2023. No se recalcula ni se sincroniza.""}}"
SINCODIGO-0113,Mezcal de Manzana de 750 ml,429,235,,,,,,,"{""financiero_2023"":{""precio_compra_con_iva"":280,""iva_compra"":44.8,""porcentaje_a_ganar"":45,""utilidad"":126,""openpay_comision"":10.62,""openpay_iva"":1.7,""comision_tienda_nube"":10.97,""total_comisiones"":23.29,""descuento_pago_transferencia_pct"":2.71,""iva_venta_desglosar"":59.21,""precio_venta_sin_iva"":370,""ganancia_real"":135,""_nota"":""Congelado del control de Excel 2023. No se recalcula ni se sincroniza.""}}"
OL-LIC-DUL-0099,LICOR DE NUEZ DE 750 ML,6,,DULCES TIPICOS Y ALIMENTOS,OL-LIC-DUL-0099,El Huerto,UCAREO,,,"{""proveedor_contacto"":""Yadira Mendoza Soto"",""proveedor_telefono"":""4434101030"",""financiero_2023"":{""numero_control"":""0099"",""iva_compra"":0,""porcentaje_a_ganar"":0,""openpay_comision"":2.5,""openpay_iva"":0.4,""comision_tienda_nube"":2.66,""total_comisiones"":5.56,""descuento_pago_transferencia_pct"":50,""iva_venta_desglosar"":0.77,""precio_venta_sin_iva"":5,""ganancia_real"":5,""_nota"":""Congelado del control de Excel 2023. No se recalcula ni se sincroniza.""}}"
OL-LIC-DUL-0100,LICOR DE NUEZ DE 500 ML,6,,DULCES TIPICOS Y ALIMENTOS,OL-LIC-DUL-0100,El Huerto,UCAREO,,,"{""proveedor_contacto"":""Yadira Mendoza Soto"",""proveedor_telefono"":""4434101030"",""financiero_2023"":{""numero_control"":""0100"",""iva_compra"":0,""porcentaje_a_ganar"":0,""openpay_comision"":2.5,""openpay_iva"":0.4,""comision_tienda_nube"":2.66,""total_comisiones"":5.56,""descuento_pago_transferencia_pct"":50,""iva_venta_desglosar"":0.77,""precio_venta_sin_iva"":5,""ganancia_real"":5,""_nota"":""Congelado del control de Excel 2023. No se recalcula ni se sincroniza.""}}"
OL-LIC-DUL-0101,LICOR DE NUEZ DE 250 ML,6,,DULCES TIPICOS Y ALIMENTOS,OL-LIC-DUL-0101,El Huerto,UCAREO,,,"{""proveedor_contacto"":""Yadira Mendoza Soto"",""proveedor_telefono"":""4434101030"",""financiero_2023"":{""numero_control"":""0101"",""iva_compra"":0,""porcentaje_a_ganar"":0,""openpay_comision"":2.5,""openpay_iva"":0.4,""comision_tienda_nube"":2.66,""total_comisiones"":5.56,""descuento_pago_transferencia_pct"":50,""iva_venta_desglosar"":0.77,""precio_venta_sin_iva"":5,""ganancia_real"":5,""_nota"":""Congelado del control de Excel 2023. No se recalcula ni se sincroniza.""}}"
OL-LIC-DUL-0102,LICOR DE NUEZ DE 50 ML,6,,DULCES TIPICOS Y ALIMENTOS,OL-LIC-DUL-0102,El Huerto,UCAREO,,,"{""proveedor_contacto"":""Yadira Mendoza Soto"",""proveedor_telefono"":""4434101030"",""financiero_2023"":{""numero_control"":""0102"",""iva_compra"":0,""porcentaje_a_ganar"":0,""openpay_comision"":2.5,""openpay_iva"":0.4,""comision_tienda_nube"":2.66,""total_comisiones"":5.56,""descuento_pago_transferencia_pct"":50,""iva_venta_desglosar"":0.77,""precio_venta_sin_iva"":5,""ganancia_real"":5,""_nota"":""Congelado del control de Excel 2023. No se recalcula ni se sincroniza.""}}"
OL-CRE-DUL-0103,CREMA DE COCO DE 500 ML,6,,DULCES TIPICOS Y ALIMENTOS,OL-CRE-DUL-0103,El Huerto,UCAREO,,,"{""proveedor_contacto"":""Yadira Mendoza Soto"",""proveedor_telefono"":""4434101030"",""financiero_2023"":{""numero_control"":""0103"",""iva_compra"":0,""porcentaje_a_ganar"":0,""openpay_comision"":2.5,""openpay_iva"":0.4,""comision_tienda_nube"":2.66,""total_comisiones"":5.56,""descuento_pago_transferencia_pct"":50,""iva_venta_desglosar"":0.77,""precio_venta_sin_iva"":5,""ganancia_real"":5,""_nota"":""Congelado del control de Excel 2023. No se recalcula ni se sincroniza.""}}"
OL-CRE-DUL-0104,CREMA DE PISTACHE DE 500 ML,308,168,DULCES TIPICOS Y ALIMENTOS,OL-CRE-DUL-0104,El Huerto,UCAREO,,,"{""proveedor_contacto"":""Yadira Mendoza Soto"",""proveedor_telefono"":""4434101030"",""financiero_2023"":{""numero_control"":""0104"",""precio_compra_con_iva"":200,""iva_compra"":32,""porcentaje_a_ganar"":45,""utilidad"":90,""openpay_comision"":8.3,""openpay_iva"":1.33,""comision_tienda_nube"":8.59,""total_comisiones"":18.22,""descuento_pago_transferencia_pct"":2.96,""iva_venta_desglosar"":42.51,""precio_venta_sin_iva"":266,""ganancia_real"":98,""_nota"":""Congelado del control de Excel 2023. No se recalcula ni se sincroniza.""}}"
OL-CRE-DUL-0105,CREMA DE CAFÉ DE 500 ML,308,168,DULCES TIPICOS Y ALIMENTOS,OL-CRE-DUL-0105,El Huerto,UCAREO,,,"{""proveedor_contacto"":""Yadira Mendoza Soto"",""proveedor_telefono"":""4434101030"",""financiero_2023"":{""numero_control"":""0105"",""precio_compra_con_iva"":200,""iva_compra"":32,""porcentaje_a_ganar"":45,""utilidad"":90,""openpay_comision"":8.3,""openpay_iva"":1.33,""comision_tienda_nube"":8.59,""total_comisiones"":18.22,""descuento_pago_transferencia_pct"":2.96,""iva_venta_desglosar"":42.51,""precio_venta_sin_iva"":266,""ganancia_real"":98,""_nota"":""Congelado del control de Excel 2023. No se recalcula ni se sincroniza.""}}"
OL-CRE-DUL-0106,CREMA DE PIÑON DE 500 ML,308,168,DULCES TIPICOS Y ALIMENTOS,OL-CRE-DUL-0106,El Huerto,UCAREO,,,"{""proveedor_contacto"":""Yadira Mendoza Soto"",""proveedor_telefono"":""4434101030"",""financiero_2023"":{""numero_control"":""0106"",""precio_compra_con_iva"":200,""iva_compra"":32,""porcentaje_a_ganar"":45,""utilidad"":90,""openpay_comision"":8.3,""openpay_iva"":1.33,""comision_tienda_nube"":8.59,""total_comisiones"":18.22,""descuento_pago_transferencia_pct"":2.96,""iva_venta_desglosar"":42.51,""precio_venta_sin_iva"":266,""ganancia_real"":98,""_nota"":""Congelado del control de Excel 2023. No se recalcula ni se sincroniza.""}}"
SINCODIGO-0122,,,,,,,,,,"{""financiero_2023"":{""openpay_comision"":2.5,""_nota"":""Congelado del control de Excel 2023. No se recalcula ni se sincroniza.""}}"
CABOA1,ACEITERA BOLA (18x11.5),739,448.28,ARTESANIAS,CABOA1,SERVIN,TARANDACUAU GTO,,,"{""proveedor_contacto"":""VERONICA"",""proveedor_telefono"":""421 107 2674"",""financiero_2023"":{""numero_control"":""0107"",""precio_compra_con_iva"":520,""iva_compra"":71.72,""porcentaje_a_ganar"":35,""utilidad"":182,""openpay_comision"":17.58,""openpay_iva"":2.81,""comision_tienda_nube"":17.05,""total_comisiones"":37.44,""descuento_pago_transferencia_pct"":2.53,""iva_venta_desglosar"":101.99,""precio_venta_sin_iva"":637,""ganancia_real"":189,""_nota"":""Congelado del control de Excel 2023. No se recalcula ni se sincroniza.""}}"
CAGAA1,ALCANCIA GATO (28x9x17),1389,844.83,ARTESANIAS,CAGAA1,SERVIN,TARANDACUAU GTO,,,"{""proveedor_contacto"":""VERONICA"",""proveedor_telefono"":""422 107 2674"",""financiero_2023"":{""numero_control"":""0108"",""precio_compra_con_iva"":980,""iva_compra"":135.17,""porcentaje_a_ganar"":35,""utilidad"":343,""openpay_comision"":30.92,""openpay_iva"":4.95,""comision_tienda_nube"":29.78,""total_comisiones"":65.64,""descuento_pago_transferencia_pct"":2.36,""iva_venta_desglosar"":191.54,""precio_venta_sin_iva"":1197,""ganancia_real"":352,""_nota"":""Congelado del control de Excel 2023. No se recalcula ni se sincroniza.""}}"
CAPUA1,ALCANCIA PUERQUITO (16.5x16),1255,762.93,ARTESANIAS,CAPUA1,SERVIN,TARANDACUAU GTO,,,"{""proveedor_contacto"":""VERONICA"",""proveedor_telefono"":""423 107 2674"",""financiero_2023"":{""numero_control"":""0109"",""precio_compra_con_iva"":885,""iva_compra"":122.07,""porcentaje_a_ganar"":35,""utilidad"":309.75,""openpay_comision"":28.17,""openpay_iva"":4.51,""comision_tienda_nube"":27.15,""total_comisiones"":59.82,""descuento_pago_transferencia_pct"":2.38,""iva_venta_desglosar"":173.04,""precio_venta_sin_iva"":1082,""ganancia_real"":319,""_nota"":""Congelado del control de Excel 2023. No se recalcula ni se sincroniza.""}}"
CAVAA1,ALCANCIA VACA (10x6x17.5),986,599.14,ARTESANIAS,CAVAA1,SERVIN,TARANDACUAU GTO,,,"{""proveedor_contacto"":""VERONICA"",""proveedor_telefono"":""424 107 2674"",""financiero_2023"":{""numero_control"":""0110"",""precio_compra_con_iva"":695,""iva_compra"":95.86,""porcentaje_a_ganar"":35,""utilidad"":243.25,""openpay_comision"":22.66,""openpay_iva"":3.62,""comision_tienda_nube"":21.89,""total_comisiones"":48.17,""descuento_pago_transferencia_pct"":2.44,""iva_venta_desglosar"":136.06,""precio_venta_sin_iva"":850,""ganancia_real"":251,""_nota"":""Congelado del control de Excel 2023. No se recalcula ni se sincroniza.""}}"
CACCA1,AROMATIZADOR CALADO CHICO (10x7.5),584,353.45,ARTESANIAS,CACCA1,SERVIN,TARANDACUAU GTO,,,"{""proveedor_contacto"":""VERONICA"",""proveedor_telefono"":""425 107 2674"",""financiero_2023"":{""numero_control"":""0111"",""precio_compra_con_iva"":410,""iva_compra"":56.55,""porcentaje_a_ganar"":35,""utilidad"":143.5,""openpay_comision"":14.39,""openpay_iva"":2.3,""comision_tienda_nube"":14,""total_comisiones"":30.7,""descuento_pago_transferencia_pct"":2.63,""iva_venta_desglosar"":80.58,""precio_venta_sin_iva"":504,""ganancia_real"":150,""_nota"":""Congelado del control de Excel 2023. No se recalcula ni se sincroniza.""}}"
CACGA1,AROMATIZADOR CALADO GRANDE (14x11),824,500,ARTESANIAS,CACGA1,SERVIN,TARANDACUAU GTO,,,"{""proveedor_contacto"":""VERONICA"",""proveedor_telefono"":""426 107 2674"",""financiero_2023"":{""numero_control"":""0112"",""precio_compra_con_iva"":580,""iva_compra"":80,""porcentaje_a_ganar"":35,""utilidad"":203,""openpay_comision"":19.32,""openpay_iva"":3.09,""comision_tienda_nube"":18.71,""total_comisiones"":41.12,""descuento_pago_transferencia_pct"":2.49,""iva_venta_desglosar"":113.67,""precio_venta_sin_iva"":710,""ganancia_real"":210,""_nota"":""Congelado del control de Excel 2023. No se recalcula ni se sincroniza.""}}"
CACMA1,AROMATIZADOR CALADO MEDIANO (11.5x9),739,448.28,ARTESANIAS,CACMA1,SERVIN,TARANDACUAU GTO,,,"{""proveedor_contacto"":""VERONICA"",""proveedor_telefono"":""427 107 2674"",""financiero_2023"":{""numero_control"":""0113"",""precio_compra_con_iva"":520,""iva_compra"":71.72,""porcentaje_a_ganar"":35,""utilidad"":182,""openpay_comision"":17.58,""openpay_iva"":2.81,""comision_tienda_nube"":17.05,""total_comisiones"":37.44,""descuento_pago_transferencia_pct"":2.53,""iva_venta_desglosar"":101.99,""precio_venta_sin_iva"":637,""ganancia_real"":189,""_nota"":""Congelado del control de Excel 2023. No se recalcula ni se sincroniza.""}}"
CACOA1,AROMATIZADOR COLMENA (11.5x8.5),598,362.07,ARTESANIAS,CACOA1,SERVIN,TARANDACUAU GTO,,,"{""proveedor_contacto"":""VERONICA"",""proveedor_telefono"":""428 107 2674"",""financiero_2023"":{""numero_control"":""0114"",""precio_compra_con_iva"":420,""iva_compra"":57.93,""porcentaje_a_ganar"":35,""utilidad"":147,""openpay_comision"":14.68,""openpay_iva"":2.35,""comision_tienda_nube"":14.28,""total_comisiones"":31.31,""descuento_pago_transferencia_pct"":2.62,""iva_venta_desglosar"":82.53,""precio_venta_sin_iva"":516,""ganancia_real"":154,""_nota"":""Congelado del control de Excel 2023. No se recalcula ni se sincroniza.""}}"
CAAMA1,AZUCARERA AMERICANO (11.5x9),542,327.59,ARTESANIAS,CAAMA1,SERVIN,TARANDACUAU GTO,,,"{""proveedor_contacto"":""VERONICA"",""proveedor_telefono"":""429 107 2674"",""financiero_2023"":{""numero_control"":""0115"",""precio_compra_con_iva"":380,""iva_compra"":52.41,""porcentaje_a_ganar"":35,""utilidad"":133,""openpay_comision"":13.52,""openpay_iva"":2.16,""comision_tienda_nube"":13.17,""total_comisiones"":28.86,""descuento_pago_transferencia_pct"":2.66,""iva_venta_desglosar"":74.74,""precio_venta_sin_iva"":467,""ganancia_real"":140,""_nota"":""Congelado del control de Excel 2023. No se recalcula ni se sincroniza.""}}"
CAASA1,AZUCARERA CON ASA (13.5x8.5),542,327.59,ARTESANIAS,CAASA1,SERVIN,TARANDACUAU GTO,,,"{""proveedor_contacto"":""VERONICA"",""proveedor_telefono"":""430 107 2674"",""financiero_2023"":{""numero_control"":""0116"",""precio_compra_con_iva"":380,""iva_compra"":52.41,""porcentaje_a_ganar"":35,""utilidad"":133,""openpay_comision"":13.52,""openpay_iva"":2.16,""comision_tienda_nube"":13.17,""total_comisiones"":28.86,""descuento_pago_transferencia_pct"":2.66,""iva_venta_desglosar"":74.74,""precio_venta_sin_iva"":467,""ganancia_real"":140,""_nota"":""Congelado del control de Excel 2023. No se recalcula ni se sincroniza.""}}"
CAEXA1,AZUCARERA EXPRESS (11x8.5),507,306.03,ARTESANIAS,CAEXA1,SERVIN,TARANDACUAU GTO,,,"{""proveedor_contacto"":""VERONICA"",""proveedor_telefono"":""431 107 2674"",""financiero_2023"":{""numero_control"":""0117"",""precio_compra_con_iva"":355,""iva_compra"":48.97,""porcentaje_a_ganar"":35,""utilidad"":124.25,""openpay_comision"":12.8,""openpay_iva"":2.05,""comision_tienda_nube"":12.48,""total_comisiones"":27.32,""descuento_pago_transferencia_pct"":2.7,""iva_venta_desglosar"":69.87,""precio_venta_sin_iva"":437,""ganancia_real"":131,""_nota"":""Congelado del control de Excel 2023. No se recalcula ni se sincroniza.""}}"
CAZUA1,AZULEJO (0.5x5x5),182,107.76,ARTESANIAS,CAZUA1,SERVIN,TARANDACUAU GTO,,,"{""proveedor_contacto"":""VERONICA"",""proveedor_telefono"":""432 107 2674"",""financiero_2023"":{""numero_control"":""0118"",""precio_compra_con_iva"":125,""iva_compra"":17.24,""porcentaje_a_ganar"":35,""utilidad"":43.75,""openpay_comision"":6.13,""openpay_iva"":0.98,""comision_tienda_nube"":6.12,""total_comisiones"":13.22,""descuento_pago_transferencia_pct"":3.63,""iva_venta_desglosar"":25.1,""precio_venta_sin_iva"":157,""ganancia_real"":49,""_nota"":""Congelado del control de Excel 2023. No se recalcula ni se sincroniza.""}}"
CBGAA1,BASE DE GARRAFON (27x24.5),6603,4030.17,ARTESANIAS,CBGAA1,SERVIN,TARANDACUAU GTO,,,"{""proveedor_contacto"":""VERONICA"",""proveedor_telefono"":""433 107 2674"",""financiero_2023"":{""numero_control"":""0119"",""precio_compra_con_iva"":4675,""iva_compra"":644.83,""porcentaje_a_ganar"":35,""utilidad"":1636.25,""openpay_comision"":138.08,""openpay_iva"":22.09,""comision_tienda_nube"":132.03,""total_comisiones"":292.2,""descuento_pago_transferencia_pct"":2.21,""iva_venta_desglosar"":910.82,""precio_venta_sin_iva"":5693,""ganancia_real"":1662,""_nota"":""Congelado del control de Excel 2023. No se recalcula ni se sincroniza.""}}"
CBOMA1,BOMBONERA (11.5x14),986,599.14,ARTESANIAS,CBOMA1,SERVIN,TARANDACUAU GTO,,,"{""proveedor_contacto"":""VERONICA"",""proveedor_telefono"":""434 107 2674"",""financiero_2023"":{""numero_control"":""0120"",""precio_compra_con_iva"":695,""iva_compra"":95.86,""porcentaje_a_ganar"":35,""utilidad"":243.25,""openpay_comision"":22.66,""openpay_iva"":3.62,""comision_tienda_nube"":21.89,""total_comisiones"":48.17,""descuento_pago_transferencia_pct"":2.44,""iva_venta_desglosar"":136.06,""precio_venta_sin_iva"":850,""ganancia_real"":251,""_nota"":""Congelado del control de Excel 2023. No se recalcula ni se sincroniza.""}}"
CBOVA1,BOTANERO OVAL (6x13x14),598,362.07,ARTESANIAS,CBOVA1,SERVIN,TARANDACUAU GTO,,,"{""proveedor_contacto"":""VERONICA"",""proveedor_telefono"":""435 107 2674"",""financiero_2023"":{""numero_control"":""0121"",""precio_compra_con_iva"":420,""iva_compra"":57.93,""porcentaje_a_ganar"":35,""utilidad"":147,""openpay_comision"":14.68,""openpay_iva"":2.35,""comision_tienda_nube"":14.28,""total_comisiones"":31.31,""descuento_pago_transferencia_pct"":2.62,""iva_venta_desglosar"":82.53,""precio_venta_sin_iva"":516,""ganancia_real"":154,""_nota"":""Congelado del control de Excel 2023. No se recalcula ni se sincroniza.""}}"
CBRCA1,BOTANERO RECTANGULAR CHICO (3x10x13.5),507,306.03,ARTESANIAS,CBRCA1,SERVIN,TARANDACUAU GTO,,,"{""proveedor_contacto"":""VERONICA"",""proveedor_telefono"":""436 107 2674"",""financiero_2023"":{""numero_control"":""0122"",""precio_compra_con_iva"":355,""iva_compra"":48.97,""porcentaje_a_ganar"":35,""utilidad"":124.25,""openpay_comision"":12.8,""openpay_iva"":2.05,""comision_tienda_nube"":12.48,""total_comisiones"":27.32,""descuento_pago_transferencia_pct"":2.7,""iva_venta_desglosar"":69.87,""precio_venta_sin_iva"":437,""ganancia_real"":131,""_nota"":""Congelado del control de Excel 2023. No se recalcula ni se sincroniza.""}}"
CBTRA1,BOTANERO TRIANGULAR (5x13),507,306.03,ARTESANIAS,CBTRA1,SERVIN,TARANDACUAU GTO,,,"{""proveedor_contacto"":""VERONICA"",""proveedor_telefono"":""437 107 2674"",""financiero_2023"":{""numero_control"":""0123"",""precio_compra_con_iva"":355,""iva_compra"":48.97,""porcentaje_a_ganar"":35,""utilidad"":124.25,""openpay_comision"":12.8,""openpay_iva"":2.05,""comision_tienda_nube"":12.48,""total_comisiones"":27.32,""descuento_pago_transferencia_pct"":2.7,""iva_venta_desglosar"":69.87,""precio_venta_sin_iva"":437,""ganancia_real"":131,""_nota"":""Congelado del control de Excel 2023. No se recalcula ni se sincroniza.""}}"
CBPSA1,BOTELLA PARA SAKE (14x8.5),775,469.83,ARTESANIAS,CBPSA1,SERVIN,TARANDACUAU GTO,,,"{""proveedor_contacto"":""VERONICA"",""proveedor_telefono"":""438 107 2674"",""financiero_2023"":{""numero_control"":""0124"",""precio_compra_con_iva"":545,""iva_compra"":75.17,""porcentaje_a_ganar"":35,""utilidad"":190.75,""openpay_comision"":18.31,""openpay_iva"":2.93,""comision_tienda_nube"":17.74,""total_comisiones"":38.97,""descuento_pago_transferencia_pct"":2.52,""iva_venta_desglosar"":106.86,""precio_venta_sin_iva"":668,""ganancia_real"":198,""_nota"":""Congelado del control de Excel 2023. No se recalcula ni se sincroniza.""}}"
CBRCB1,BOWL REDONDO CHICO (9x17),1311,797.41,ARTESANIAS,CBRCB1,SERVIN,TARANDACUAU GTO,,,"{""proveedor_contacto"":""VERONICA"",""proveedor_telefono"":""439 107 2674"",""financiero_2023"":{""numero_control"":""0125"",""precio_compra_con_iva"":925,""iva_compra"":127.59,""porcentaje_a_ganar"":35,""utilidad"":323.75,""openpay_comision"":29.33,""openpay_iva"":4.69,""comision_tienda_nube"":28.26,""total_comisiones"":62.27,""descuento_pago_transferencia_pct"":2.37,""iva_venta_desglosar"":180.83,""precio_venta_sin_iva"":1130,""ganancia_real"":333,""_nota"":""Congelado del control de Excel 2023. No se recalcula ni se sincroniza.""}}"
CBRGA1,BOWL REDONDO GRANDE (12x23.5),2744,1672.41,ARTESANIAS,CBRGA1,SERVIN,TARANDACUAU GTO,,,"{""proveedor_contacto"":""VERONICA"",""proveedor_telefono"":""440 107 2674"",""financiero_2023"":{""numero_control"":""0126"",""precio_compra_con_iva"":1940,""iva_compra"":267.59,""porcentaje_a_ganar"":35,""utilidad"":679,""openpay_comision"":58.76,""openpay_iva"":9.4,""comision_tienda_nube"":56.34,""total_comisiones"":124.5,""descuento_pago_transferencia_pct"":2.27,""iva_venta_desglosar"":378.41,""precio_venta_sin_iva"":2365,""ganancia_real"":693,""_nota"":""Congelado del control de Excel 2023. No se recalcula ni se sincroniza.""}}"
CBRMA1,BOWL REDONDO MEDIANO (10x20.5),1996,1215.52,ARTESANIAS,CBRMA1,SERVIN,TARANDACUAU GTO,,,"{""proveedor_contacto"":""VERONICA"",""proveedor_telefono"":""441 107 2674"",""financiero_2023"":{""numero_control"":""0127"",""precio_compra_con_iva"":1410,""iva_compra"":194.48,""porcentaje_a_ganar"":35,""utilidad"":493.5,""openpay_comision"":43.39,""openpay_iva"":6.94,""comision_tienda_nube"":41.68,""total_comisiones"":92.01,""descuento_pago_transferencia_pct"":2.31,""iva_venta_desglosar"":275.24,""precio_venta_sin_iva"":1720,""ganancia_real"":505,""_nota"":""Congelado del control de Excel 2023. No se recalcula ni se sincroniza.""}}"
CBRMB1,BOWL REDONDO MINI (7.5x14.5),1064,646.55,ARTESANIAS,CBRMB1,SERVIN,TARANDACUAU GTO,,,"{""proveedor_contacto"":""VERONICA"",""proveedor_telefono"":""442 107 2674"",""financiero_2023"":{""numero_control"":""0128"",""precio_compra_con_iva"":750,""iva_compra"":103.45,""porcentaje_a_ganar"":35,""utilidad"":262.5,""openpay_comision"":24.25,""openpay_iva"":3.88,""comision_tienda_nube"":23.41,""total_comisiones"":51.54,""descuento_pago_transferencia_pct"":2.42,""iva_venta_desglosar"":146.76,""precio_venta_sin_iva"":917,""ganancia_real"":271,""_nota"":""Congelado del control de Excel 2023. No se recalcula ni se sincroniza.""}}"
CCCUA1,CABALLITO CUADRADO (8.5x3.5),238,142.24,ARTESANIAS,CCCUA1,SERVIN,TARANDACUAU GTO,,,"{""proveedor_contacto"":""VERONICA"",""proveedor_telefono"":""443 107 2674"",""financiero_2023"":{""numero_control"":""0129"",""precio_compra_con_iva"":165,""iva_compra"":22.76,""porcentaje_a_ganar"":35,""utilidad"":57.75,""openpay_comision"":7.29,""openpay_iva"":1.17,""comision_tienda_nube"":7.22,""total_comisiones"":15.67,""descuento_pago_transferencia_pct"":3.29,""iva_venta_desglosar"":32.89,""precio_venta_sin_iva"":206,""ganancia_real"":63,""_nota"":""Congelado del control de Excel 2023. No se recalcula ni se sincroniza.""}}"
CCALC1,CALAVERITA CHICA (8X6.5X8),394,237.07,ARTESANIAS,CCALC1,SERVIN,TARANDACUAU GTO,,,"{""proveedor_contacto"":""VERONICA"",""proveedor_telefono"":""444 107 2674"",""financiero_2023"":{""numero_control"":""0130"",""precio_compra_con_iva"":275,""iva_compra"":37.93,""porcentaje_a_ganar"":35,""utilidad"":96.25,""openpay_comision"":10.48,""openpay_iva"":1.68,""comision_tienda_nube"":10.27,""total_comisiones"":22.42,""descuento_pago_transferencia_pct"":2.85,""iva_venta_desglosar"":54.3,""precio_venta_sin_iva"":339,""ganancia_real"":102,""_nota"":""Congelado del control de Excel 2023. No se recalcula ni se sincroniza.""}}"
CCALM1,CALAVERITA MEDIANA (12.5X9.5X9),648,392.24,ARTESANIAS,CCALM1,SERVIN,TARANDACUAU GTO,,,"{""proveedor_contacto"":""VERONICA"",""proveedor_telefono"":""445 107 2674"",""financiero_2023"":{""numero_control"":""0131"",""precio_compra_con_iva"":455,""iva_compra"":62.76,""porcentaje_a_ganar"":35,""utilidad"":159.25,""openpay_comision"":15.7,""openpay_iva"":2.51,""comision_tienda_nube"":15.25,""total_comisiones"":33.46,""descuento_pago_transferencia_pct"":2.58,""iva_venta_desglosar"":89.34,""precio_venta_sin_iva"":558,""ganancia_real"":166,""_nota"":""Congelado del control de Excel 2023. No se recalcula ni se sincroniza.""}}"
CCCPA1,CALIZ CON PATENA (11.5x17),1833,1116.38,ARTESANIAS,CCCPA1,SERVIN,TARANDACUAU GTO,,,"{""proveedor_contacto"":""VERONICA"",""proveedor_telefono"":""446 107 2674"",""financiero_2023"":{""numero_control"":""0132"",""precio_compra_con_iva"":1295,""iva_compra"":178.62,""porcentaje_a_ganar"":35,""utilidad"":453.25,""openpay_comision"":40.06,""openpay_iva"":6.41,""comision_tienda_nube"":38.49,""total_comisiones"":84.96,""descuento_pago_transferencia_pct"":2.32,""iva_venta_desglosar"":252.86,""precio_venta_sin_iva"":1580,""ganancia_real"":464,""_nota"":""Congelado del control de Excel 2023. No se recalcula ni se sincroniza.""}}"
CCAMA1,CAMPANA # 1 (7x4),260,155.17,ARTESANIAS,CCAMA1,SERVIN,TARANDACUAU GTO,,,"{""proveedor_contacto"":""VERONICA"",""proveedor_telefono"":""447 107 2674"",""financiero_2023"":{""numero_control"":""0133"",""precio_compra_con_iva"":180,""iva_compra"":24.83,""porcentaje_a_ganar"":35,""utilidad"":63,""openpay_comision"":7.72,""openpay_iva"":1.24,""comision_tienda_nube"":7.64,""total_comisiones"":16.59,""descuento_pago_transferencia_pct"":3.2,""iva_venta_desglosar"":35.81,""precio_venta_sin_iva"":224,""ganancia_real"":69,""_nota"":""Congelado del control de Excel 2023. No se recalcula ni se sincroniza.""}}"
CCAMB1,CAMPANA # 2 (10.5x6),309,185.34,ARTESANIAS,CCAMB1,SERVIN,TARANDACUAU GTO,,,"{""proveedor_contacto"":""VERONICA"",""proveedor_telefono"":""448 107 2674"",""financiero_2023"":{""numero_control"":""0134"",""precio_compra_con_iva"":215,""iva_compra"":29.66,""porcentaje_a_ganar"":35,""utilidad"":75.25,""openpay_comision"":8.74,""openpay_iva"":1.4,""comision_tienda_nube"":8.61,""total_comisiones"":18.74,""descuento_pago_transferencia_pct"":3.03,""iva_venta_desglosar"":42.62,""precio_venta_sin_iva"":266,""ganancia_real"":81,""_nota"":""Congelado del control de Excel 2023. No se recalcula ni se sincroniza.""}}"
CCACA1,CANDELERO ASA CHICO (5x10),330,198.28,ARTESANIAS,CCACA1,SERVIN,TARANDACUAU GTO,,,"{""proveedor_contacto"":""VERONICA"",""proveedor_telefono"":""449 107 2674"",""financiero_2023"":{""numero_control"":""0135"",""precio_compra_con_iva"":230,""iva_compra"":31.72,""porcentaje_a_ganar"":35,""utilidad"":80.5,""openpay_comision"":9.17,""openpay_iva"":1.47,""comision_tienda_nube"":9.02,""total_comisiones"":19.66,""descuento_pago_transferencia_pct"":2.98,""iva_venta_desglosar"":45.54,""precio_venta_sin_iva"":285,""ganancia_real"":86,""_nota"":""Congelado del control de Excel 2023. No se recalcula ni se sincroniza.""}}"
CCAGA1,CANDELERO ASA GRANDE (5.5x12),365,219.83,ARTESANIAS,CCAGA1,SERVIN,TARANDACUAU GTO,,,"{""proveedor_contacto"":""VERONICA"",""proveedor_telefono"":""450 107 2674"",""financiero_2023"":{""numero_control"":""0136"",""precio_compra_con_iva"":255,""iva_compra"":35.17,""porcentaje_a_ganar"":35,""utilidad"":89.25,""openpay_comision"":9.9,""openpay_iva"":1.58,""comision_tienda_nube"":9.71,""total_comisiones"":21.19,""descuento_pago_transferencia_pct"":2.9,""iva_venta_desglosar"":50.41,""precio_venta_sin_iva"":315,""ganancia_real"":95,""_nota"":""Congelado del control de Excel 2023. No se recalcula ni se sincroniza.""}}"
CCTCA1,CANDELERO TORRE CHICO (9x6),330,198.28,ARTESANIAS,CCTCA1,SERVIN,TARANDACUAU GTO,,,"{""proveedor_contacto"":""VERONICA"",""proveedor_telefono"":""451 107 2674"",""financiero_2023"":{""numero_control"":""0137"",""precio_compra_con_iva"":230,""iva_compra"":31.72,""porcentaje_a_ganar"":35,""utilidad"":80.5,""openpay_comision"":9.17,""openpay_iva"":1.47,""comision_tienda_nube"":9.02,""total_comisiones"":19.66,""descuento_pago_transferencia_pct"":2.98,""iva_venta_desglosar"":45.54,""precio_venta_sin_iva"":285,""ganancia_real"":86,""_nota"":""Congelado del control de Excel 2023. No se recalcula ni se sincroniza.""}}"
CCTGA1,CANDELERO TORRE GRANDE (10.5x8),365,219.83,ARTESANIAS,CCTGA1,SERVIN,TARANDACUAU GTO,,,"{""proveedor_contacto"":""VERONICA"",""proveedor_telefono"":""452 107 2674"",""financiero_2023"":{""numero_control"":""0138"",""precio_compra_con_iva"":255,""iva_compra"":35.17,""porcentaje_a_ganar"":35,""utilidad"":89.25,""openpay_comision"":9.9,""openpay_iva"":1.58,""comision_tienda_nube"":9.71,""total_comisiones"":21.19,""descuento_pago_transferencia_pct"":2.9,""iva_venta_desglosar"":50.41,""precio_venta_sin_iva"":315,""ganancia_real"":95,""_nota"":""Congelado del control de Excel 2023. No se recalcula ni se sincroniza.""}}"
CCENA1,CENICERO # 1 (2.5x6),217,129.31,ARTESANIAS,CCENA1,SERVIN,TARANDACUAU GTO,,,"{""proveedor_contacto"":""VERONICA"",""proveedor_telefono"":""453 107 2674"",""financiero_2023"":{""numero_control"":""0139"",""precio_compra_con_iva"":150,""iva_compra"":20.69,""porcentaje_a_ganar"":35,""utilidad"":52.5,""openpay_comision"":6.85,""openpay_iva"":1.1,""comision_tienda_nube"":6.81,""total_comisiones"":14.75,""descuento_pago_transferencia_pct"":3.4,""iva_venta_desglosar"":29.97,""precio_venta_sin_iva"":187,""ganancia_real"":58,""_nota"":""Congelado del control de Excel 2023. No se recalcula ni se sincroniza.""}}"
CCENB1,CENICERO # 2 (2.5x7),238,142.24,ARTESANIAS,CCENB1,SERVIN,TARANDACUAU GTO,,,"{""proveedor_contacto"":""VERONICA"",""proveedor_telefono"":""454 107 2674"",""financiero_2023"":{""numero_control"":""0140"",""precio_compra_con_iva"":165,""iva_compra"":22.76,""porcentaje_a_ganar"":35,""utilidad"":57.75,""openpay_comision"":7.29,""openpay_iva"":1.17,""comision_tienda_nube"":7.22,""total_comisiones"":15.67,""descuento_pago_transferencia_pct"":3.29,""iva_venta_desglosar"":32.89,""precio_venta_sin_iva"":206,""ganancia_real"":63,""_nota"":""Congelado del control de Excel 2023. No se recalcula ni se sincroniza.""}}"
CCENC1,CENICERO # 3 (2.5x8.5),260,155.17,ARTESANIAS,CCENC1,SERVIN,TARANDACUAU GTO,,,"{""proveedor_contacto"":""VERONICA"",""proveedor_telefono"":""455 107 2674"",""financiero_2023"":{""numero_control"":""0141"",""precio_compra_con_iva"":180,""iva_compra"":24.83,""porcentaje_a_ganar"":35,""utilidad"":63,""openpay_comision"":7.72,""openpay_iva"":1.24,""comision_tienda_nube"":7.64,""total_comisiones"":16.59,""descuento_pago_transferencia_pct"":3.2,""iva_venta_desglosar"":35.81,""precio_venta_sin_iva"":224,""ganancia_real"":69,""_nota"":""Congelado del control de Excel 2023. No se recalcula ni se sincroniza.""}}"
CCEND1,CENICERO # 4 (2.5x10),274,163.79,ARTESANIAS,CCEND1,SERVIN,TARANDACUAU GTO,,,"{""proveedor_contacto"":""VERONICA"",""proveedor_telefono"":""456 107 2674"",""financiero_2023"":{""numero_control"":""0142"",""precio_compra_con_iva"":190,""iva_compra"":26.21,""porcentaje_a_ganar"":35,""utilidad"":66.5,""openpay_comision"":8.01,""openpay_iva"":1.28,""comision_tienda_nube"":7.92,""total_comisiones"":17.21,""descuento_pago_transferencia_pct"":3.14,""iva_venta_desglosar"":37.75,""precio_venta_sin_iva"":236,""ganancia_real"":72,""_nota"":""Congelado del control de Excel 2023. No se recalcula ni se sincroniza.""}}"
CCENE1,CENICERO # 5 (2.5x12),309,185.34,ARTESANIAS,CCENE1,SERVIN,TARANDACUAU GTO,,,"{""proveedor_contacto"":""VERONICA"",""proveedor_telefono"":""457 107 2674"",""financiero_2023"":{""numero_control"":""0143"",""precio_compra_con_iva"":215,""iva_compra"":29.66,""porcentaje_a_ganar"":35,""utilidad"":75.25,""openpay_comision"":8.74,""openpay_iva"":1.4,""comision_tienda_nube"":8.61,""total_comisiones"":18.74,""descuento_pago_transferencia_pct"":3.03,""iva_venta_desglosar"":42.62,""precio_venta_sin_iva"":266,""ganancia_real"":81,""_nota"":""Congelado del control de Excel 2023. No se recalcula ni se sincroniza.""}}"
CCEDA1,CHAROLA RECTANGULAR EX-GDE. DECORADA (2.5x16.5x30),1579,961.21,ARTESANIAS,CCEDA1,SERVIN,TARANDACUAU GTO,,,"{""proveedor_contacto"":""VERONICA"",""proveedor_telefono"":""423 107 2674"",""financiero_2023"":{""numero_control"":""0144"",""precio_compra_con_iva"":1115,""iva_compra"":153.79,""porcentaje_a_ganar"":35,""utilidad"":390.25,""openpay_comision"":34.84,""openpay_iva"":5.57,""comision_tienda_nube"":33.51,""total_comisiones"":73.92,""descuento_pago_transferencia_pct"":2.34,""iva_venta_desglosar"":217.82,""precio_venta_sin_iva"":1361,""ganancia_real"":400,""_nota"":""Congelado del control de Excel 2023. No se recalcula ni se sincroniza.""}}"
CCEEA1,CHAROLA RECTANGULAR EX-GDE. ESMALTADA (2.5x16.5x30),542,327.59,ARTESANIAS,CCEEA1,SERVIN,TARANDACUAU GTO,,,"{""proveedor_contacto"":""VERONICA"",""proveedor_telefono"":""424 107 2674"",""financiero_2023"":{""numero_control"":""0145"",""precio_compra_con_iva"":380,""iva_compra"":52.41,""porcentaje_a_ganar"":35,""utilidad"":133,""openpay_comision"":13.52,""openpay_iva"":2.16,""comision_tienda_nube"":13.17,""total_comisiones"":28.86,""descuento_pago_transferencia_pct"":2.66,""iva_venta_desglosar"":74.74,""precio_venta_sin_iva"":467,""ganancia_real"":140,""_nota"":""Congelado del control de Excel 2023. No se recalcula ni se sincroniza.""}}"
CCMDA1,CHAROLA RECTANGULAR MEDIANA DECORADA (1.5x10.5x18.5),761,461.21,ARTESANIAS,CCMDA1,SERVIN,TARANDACUAU GTO,,,"{""proveedor_contacto"":""VERONICA"",""proveedor_telefono"":""425 107 2674"",""financiero_2023"":{""numero_control"":""0146"",""precio_compra_con_iva"":535,""iva_compra"":73.79,""porcentaje_a_ganar"":35,""utilidad"":187.25,""openpay_comision"":18.02,""openpay_iva"":2.88,""comision_tienda_nube"":17.46,""total_comisiones"":38.36,""descuento_pago_transferencia_pct"":2.52,""iva_venta_desglosar"":104.91,""precio_venta_sin_iva"":656,""ganancia_real"":194,""_nota"":""Congelado del control de Excel 2023. No se recalcula ni se sincroniza.""}}"
CCMEA1,CHAROLA RECTANGULAR MEDIANA ESMALTADA (1.5x10.5x18.5),436,262.93,ARTESANIAS,CCMEA1,SERVIN,TARANDACUAU GTO,,,"{""proveedor_contacto"":""VERONICA"",""proveedor_telefono"":""426 107 2674"",""financiero_2023"":{""numero_control"":""0147"",""precio_compra_con_iva"":305,""iva_compra"":42.07,""porcentaje_a_ganar"":35,""utilidad"":106.75,""openpay_comision"":11.35,""openpay_iva"":1.82,""comision_tienda_nube"":11.1,""total_comisiones"":24.26,""descuento_pago_transferencia_pct"":2.78,""iva_venta_desglosar"":60.14,""precio_venta_sin_iva"":376,""ganancia_real"":113,""_nota"":""Congelado del control de Excel 2023. No se recalcula ni se sincroniza.""}}"
CCCDA1,CHAROLA RECTANGULAR CHICA DECORADA (1.5x8x17.5),584,353.45,ARTESANIAS,CCCDA1,SERVIN,TARANDACUAU GTO,,,"{""proveedor_contacto"":""VERONICA"",""proveedor_telefono"":""427 107 2674"",""financiero_2023"":{""numero_control"":""0148"",""precio_compra_con_iva"":410,""iva_compra"":56.55,""porcentaje_a_ganar"":35,""utilidad"":143.5,""openpay_comision"":14.39,""openpay_iva"":2.3,""comision_tienda_nube"":14,""total_comisiones"":30.7,""descuento_pago_transferencia_pct"":2.63,""iva_venta_desglosar"":80.58,""precio_venta_sin_iva"":504,""ganancia_real"":150,""_nota"":""Congelado del control de Excel 2023. No se recalcula ni se sincroniza.""}}"
CCCEA1,CHAROLA RECTANGULAR CHICA ESMALTADA (1.5x8x17.5),365,219.83,ARTESANIAS,CCCEA1,SERVIN,TARANDACUAU GTO,,,"{""proveedor_contacto"":""VERONICA"",""proveedor_telefono"":""428 107 2674"",""financiero_2023"":{""numero_control"":""0149"",""precio_compra_con_iva"":255,""iva_compra"":35.17,""porcentaje_a_ganar"":35,""utilidad"":89.25,""openpay_comision"":9.9,""openpay_iva"":1.58,""comision_tienda_nube"":9.71,""total_comisiones"":21.19,""descuento_pago_transferencia_pct"":2.9,""iva_venta_desglosar"":50.41,""precio_venta_sin_iva"":315,""ganancia_real"":95,""_nota"":""Congelado del control de Excel 2023. No se recalcula ni se sincroniza.""}}"
CCGDA1,CHAROLA RECTANGULAR GRANDE DECORADA (2.5x16x25.5),1092,663.79,ARTESANIAS,CCGDA1,SERVIN,TARANDACUAU GTO,,,"{""proveedor_contacto"":""VERONICA"",""proveedor_telefono"":""429 107 2674"",""financiero_2023"":{""numero_control"":""0150"",""precio_compra_con_iva"":770,""iva_compra"":106.21,""porcentaje_a_ganar"":35,""utilidad"":269.5,""openpay_comision"":24.83,""openpay_iva"":3.97,""comision_tienda_nube"":23.97,""total_comisiones"":52.77,""descuento_pago_transferencia_pct"":2.42,""iva_venta_desglosar"":150.66,""precio_venta_sin_iva"":942,""ganancia_real"":278,""_nota"":""Congelado del control de Excel 2023. No se recalcula ni se sincroniza.""}}"
CCGEA1,CHAROLA RECTANGULAR GRANDE ESMALTADA (2.5x16x25.5),471,284.48,ARTESANIAS,CCGEA1,SERVIN,TARANDACUAU GTO,,,"{""proveedor_contacto"":""VERONICA"",""proveedor_telefono"":""430 107 2674"",""financiero_2023"":{""numero_control"":""0151"",""precio_compra_con_iva"":330,""iva_compra"":45.52,""porcentaje_a_ganar"":35,""utilidad"":115.5,""openpay_comision"":12.07,""openpay_iva"":1.93,""comision_tienda_nube"":11.79,""total_comisiones"":25.79,""descuento_pago_transferencia_pct"":2.74,""iva_venta_desglosar"":65.01,""precio_venta_sin_iva"":406,""ganancia_real"":122,""_nota"":""Congelado del control de Excel 2023. No se recalcula ni se sincroniza.""}}"
CCPVA1,COPA PARA VELA (3x5),217,129.31,ARTESANIAS,CCPVA1,SERVIN,TARANDACUAU GTO,,,"{""proveedor_contacto"":""VERONICA"",""proveedor_telefono"":""431 107 2674"",""financiero_2023"":{""numero_control"":""0152"",""precio_compra_con_iva"":150,""iva_compra"":20.69,""porcentaje_a_ganar"":35,""utilidad"":52.5,""openpay_comision"":6.85,""openpay_iva"":1.1,""comision_tienda_nube"":6.81,""total_comisiones"":14.75,""descuento_pago_transferencia_pct"":3.4,""iva_venta_desglosar"":29.97,""precio_venta_sin_iva"":187,""ganancia_real"":58,""_nota"":""Congelado del control de Excel 2023. No se recalcula ni se sincroniza.""}}"
CCPCA1,COPA PORRON CHICA (4x4),217,129.31,ARTESANIAS,CCPCA1,SERVIN,TARANDACUAU GTO,,,"{""proveedor_contacto"":""VERONICA"",""proveedor_telefono"":""432 107 2674"",""financiero_2023"":{""numero_control"":""0153"",""precio_compra_con_iva"":150,""iva_compra"":20.69,""porcentaje_a_ganar"":35,""utilidad"":52.5,""openpay_comision"":6.85,""openpay_iva"":1.1,""comision_tienda_nube"":6.81,""total_comisiones"":14.75,""descuento_pago_transferencia_pct"":3.4,""iva_venta_desglosar"":29.97,""precio_venta_sin_iva"":187,""ganancia_real"":58,""_nota"":""Congelado del control de Excel 2023. No se recalcula ni se sincroniza.""}}"
CCPGA1,COPA PORRON GRANDE (5.5x5),238,142.24,ARTESANIAS,CCPGA1,SERVIN,TARANDACUAU GTO,,,"{""proveedor_contacto"":""VERONICA"",""proveedor_telefono"":""433 107 2674"",""financiero_2023"":{""numero_control"":""0154"",""precio_compra_con_iva"":165,""iva_compra"":22.76,""porcentaje_a_ganar"":35,""utilidad"":57.75,""openpay_comision"":7.29,""openpay_iva"":1.17,""comision_tienda_nube"":7.22,""total_comisiones"":15.67,""descuento_pago_transferencia_pct"":3.29,""iva_venta_desglosar"":32.89,""precio_venta_sin_iva"":206,""ganancia_real"":63,""_nota"":""Congelado del control de Excel 2023. No se recalcula ni se sincroniza.""}}"
CCTCB1,COPA TEQUILERA CHICA (5.5x4),217,129.31,ARTESANIAS,CCTCB1,SERVIN,TARANDACUAU GTO,,,"{""proveedor_contacto"":""VERONICA"",""proveedor_telefono"":""434 107 2674"",""financiero_2023"":{""numero_control"":""0155"",""precio_compra_con_iva"":150,""iva_compra"":20.69,""porcentaje_a_ganar"":35,""utilidad"":52.5,""openpay_comision"":6.85,""openpay_iva"":1.1,""comision_tienda_nube"":6.81,""total_comisiones"":14.75,""descuento_pago_transferencia_pct"":3.4,""iva_venta_desglosar"":29.97,""precio_venta_sin_iva"":187,""ganancia_real"":58,""_nota"":""Congelado del control de Excel 2023. No se recalcula ni se sincroniza.""}}"
CCTGB1,COPA TEQUILERA GRANDE (7.5x4.5),238,142.24,ARTESANIAS,CCTGB1,SERVIN,TARANDACUAU GTO,,,"{""proveedor_contacto"":""VERONICA"",""proveedor_telefono"":""435 107 2674"",""financiero_2023"":{""numero_control"":""0156"",""precio_compra_con_iva"":165,""iva_compra"":22.76,""porcentaje_a_ganar"":35,""utilidad"":57.75,""openpay_comision"":7.29,""openpay_iva"":1.17,""comision_tienda_nube"":7.22,""total_comisiones"":15.67,""descuento_pago_transferencia_pct"":3.29,""iva_venta_desglosar"":32.89,""precio_venta_sin_iva"":206,""ganancia_real"":63,""_nota"":""Congelado del control de Excel 2023. No se recalcula ni se sincroniza.""}}"
CCOPA1,COPON (16x13),1904,1159.48,ARTESANIAS,CCOPA1,SERVIN,TARANDACUAU GTO,,,"{""proveedor_contacto"":""VERONICA"",""proveedor_telefono"":""436 107 2674"",""financiero_2023"":{""numero_control"":""0157"",""precio_compra_con_iva"":1345,""iva_compra"":185.52,""porcentaje_a_ganar"":35,""utilidad"":470.75,""openpay_comision"":41.51,""openpay_iva"":6.64,""comision_tienda_nube"":39.88,""total_comisiones"":88.02,""descuento_pago_transferencia_pct"":2.31,""iva_venta_desglosar"":262.59,""precio_venta_sin_iva"":1641,""ganancia_real"":482,""_nota"":""Congelado del control de Excel 2023. No se recalcula ni se sincroniza.""}}"
CCAME1,CREMERA AMERICANO (8.5x8.5),422,254.31,ARTESANIAS,CCAME1,SERVIN,TARANDACUAU GTO,,,"{""proveedor_contacto"":""VERONICA"",""proveedor_telefono"":""437 107 2674"",""financiero_2023"":{""numero_control"":""0158"",""precio_compra_con_iva"":295,""iva_compra"":40.69,""porcentaje_a_ganar"":35,""utilidad"":103.25,""openpay_comision"":11.06,""openpay_iva"":1.77,""comision_tienda_nube"":10.82,""total_comisiones"":23.65,""descuento_pago_transferencia_pct"":2.8,""iva_venta_desglosar"":58.19,""precio_venta_sin_iva"":364,""ganancia_real"":109,""_nota"":""Congelado del control de Excel 2023. No se recalcula ni se sincroniza.""}}"
CCEXA1,CREMERA EXPRESS (6.5x6),309,185.34,ARTESANIAS,CCEXA1,SERVIN,TARANDACUAU GTO,,,"{""proveedor_contacto"":""VERONICA"",""proveedor_telefono"":""438 107 2674"",""financiero_2023"":{""numero_control"":""0159"",""precio_compra_con_iva"":215,""iva_compra"":29.66,""porcentaje_a_ganar"":35,""utilidad"":75.25,""openpay_comision"":8.74,""openpay_iva"":1.4,""comision_tienda_nube"":8.61,""total_comisiones"":18.74,""descuento_pago_transferencia_pct"":3.03,""iva_venta_desglosar"":42.62,""precio_venta_sin_iva"":266,""ganancia_real"":81,""_nota"":""Congelado del control de Excel 2023. No se recalcula ni se sincroniza.""}}"
CCRUA1,CRUZ # 1 (9x6),260,155.17,ARTESANIAS,CCRUA1,SERVIN,TARANDACUAU GTO,,,"{""proveedor_contacto"":""VERONICA"",""proveedor_telefono"":""439 107 2674"",""financiero_2023"":{""numero_control"":""0160"",""precio_compra_con_iva"":180,""iva_compra"":24.83,""porcentaje_a_ganar"":35,""utilidad"":63,""openpay_comision"":7.72,""openpay_iva"":1.24,""comision_tienda_nube"":7.64,""total_comisiones"":16.59,""descuento_pago_transferencia_pct"":3.2,""iva_venta_desglosar"":35.81,""precio_venta_sin_iva"":224,""ganancia_real"":69,""_nota"":""Congelado del control de Excel 2023. No se recalcula ni se sincroniza.""}}"
CCRUB1,CRUZ # 2 (15.5x11.5),394,237.07,ARTESANIAS,CCRUB1,SERVIN,TARANDACUAU GTO,,,"{""proveedor_contacto"":""VERONICA"",""proveedor_telefono"":""440 107 2674"",""financiero_2023"":{""numero_control"":""0161"",""precio_compra_con_iva"":275,""iva_compra"":37.93,""porcentaje_a_ganar"":35,""utilidad"":96.25,""openpay_comision"":10.48,""openpay_iva"":1.68,""comision_tienda_nube"":10.27,""total_comisiones"":22.42,""descuento_pago_transferencia_pct"":2.85,""iva_venta_desglosar"":54.3,""precio_venta_sin_iva"":339,""ganancia_real"":102,""_nota"":""Congelado del control de Excel 2023. No se recalcula ni se sincroniza.""}}"
CCRUC1,CRUZ # 3 (23.5x13.5),775,469.83,ARTESANIAS,CCRUC1,SERVIN,TARANDACUAU GTO,,,"{""proveedor_contacto"":""VERONICA"",""proveedor_telefono"":""441 107 2674"",""financiero_2023"":{""numero_control"":""0162"",""precio_compra_con_iva"":545,""iva_compra"":75.17,""porcentaje_a_ganar"":35,""utilidad"":190.75,""openpay_comision"":18.31,""openpay_iva"":2.93,""comision_tienda_nube"":17.74,""total_comisiones"":38.97,""descuento_pago_transferencia_pct"":2.52,""iva_venta_desglosar"":106.86,""precio_venta_sin_iva"":668,""ganancia_real"":198,""_nota"":""Congelado del control de Excel 2023. No se recalcula ni se sincroniza.""}}"
CCUCA1,CUCHARA (3x4x15.5),274,163.79,ARTESANIAS,CCUCA1,SERVIN,TARANDACUAU GTO,,,"{""proveedor_contacto"":""VERONICA"",""proveedor_telefono"":""442 107 2674"",""financiero_2023"":{""numero_control"":""0163"",""precio_compra_con_iva"":190,""iva_compra"":26.21,""porcentaje_a_ganar"":35,""utilidad"":66.5,""openpay_comision"":8.01,""openpay_iva"":1.28,""comision_tienda_nube"":7.92,""total_comisiones"":17.21,""descuento_pago_transferencia_pct"":3.14,""iva_venta_desglosar"":37.75,""precio_venta_sin_iva"":236,""ganancia_real"":72,""_nota"":""Congelado del control de Excel 2023. No se recalcula ni se sincroniza.""}}"
CDEDA1,DEDAL (2.5x2),76,43.1,ARTESANIAS,CDEDA1,SERVIN,TARANDACUAU GTO,,,"{""proveedor_contacto"":""VERONICA"",""proveedor_telefono"":""443 107 2674"",""financiero_2023"":{""numero_control"":""0164"",""precio_compra_con_iva"":50,""iva_compra"":6.9,""porcentaje_a_ganar"":35,""utilidad"":17.5,""openpay_comision"":3.95,""openpay_iva"":0.63,""comision_tienda_nube"":4.04,""total_comisiones"":8.62,""descuento_pago_transferencia_pct"":5.66,""iva_venta_desglosar"":10.5,""precio_venta_sin_iva"":66,""ganancia_real"":23,""_nota"":""Congelado del control de Excel 2023. No se recalcula ni se sincroniza.""}}"
CDJAL1,DESPACHADOR DE JABON LIQUIDO (8X18),916,556.03,ARTESANIAS,CDJAL1,SERVIN,TARANDACUAU GTO,,,"{""proveedor_contacto"":""VERONICA"",""proveedor_telefono"":""444 107 2674"",""financiero_2023"":{""numero_control"":""0165"",""precio_compra_con_iva"":645,""iva_compra"":88.97,""porcentaje_a_ganar"":35,""utilidad"":225.75,""openpay_comision"":21.21,""openpay_iva"":3.39,""comision_tienda_nube"":20.51,""total_comisiones"":45.1,""descuento_pago_transferencia_pct"":2.46,""iva_venta_desglosar"":126.32,""precio_venta_sin_iva"":790,""ganancia_real"":233,""_nota"":""Congelado del control de Excel 2023. No se recalcula ni se sincroniza.""}}"
CELEA1,ELEFANTE (11.5x6x12),528,318.97,ARTESANIAS,CELEA1,SERVIN,TARANDACUAU GTO,,,"{""proveedor_contacto"":""VERONICA"",""proveedor_telefono"":""445 107 2674"",""financiero_2023"":{""numero_control"":""0166"",""precio_compra_con_iva"":370,""iva_compra"":51.03,""porcentaje_a_ganar"":35,""utilidad"":129.5,""openpay_comision"":13.23,""openpay_iva"":2.12,""comision_tienda_nube"":12.9,""total_comisiones"":28.24,""descuento_pago_transferencia_pct"":2.68,""iva_venta_desglosar"":72.79,""precio_venta_sin_iva"":455,""ganancia_real"":136,""_nota"":""Congelado del control de Excel 2023. No se recalcula ni se sincroniza.""}}"
CENSA1,ENSALADERA (9x32),8699,5310.34,ARTESANIAS,CENSA1,SERVIN,TARANDACUAU GTO,,,"{""proveedor_contacto"":""VERONICA"",""proveedor_telefono"":""446 107 2674"",""financiero_2023"":{""numero_control"":""0167"",""precio_compra_con_iva"":6160,""iva_compra"":849.66,""porcentaje_a_ganar"":35,""utilidad"":2156,""openpay_comision"":181.14,""openpay_iva"":28.98,""comision_tienda_nube"":173.12,""total_comisiones"":383.24,""descuento_pago_transferencia_pct"":2.2,""iva_venta_desglosar"":1199.9,""precio_venta_sin_iva"":7499,""ganancia_real"":2189,""_nota"":""Congelado del control de Excel 2023. No se recalcula ni se sincroniza.""}}"
CESFA1,ESFERA # 1 (5),260,155.17,ARTESANIAS,CESFA1,SERVIN,TARANDACUAU GTO,,,"{""proveedor_contacto"":""VERONICA"",""proveedor_telefono"":""447 107 2674"",""financiero_2023"":{""numero_control"":""0168"",""precio_compra_con_iva"":180,""iva_compra"":24.83,""porcentaje_a_ganar"":35,""utilidad"":63,""openpay_comision"":7.72,""openpay_iva"":1.24,""comision_tienda_nube"":7.64,""total_comisiones"":16.59,""descuento_pago_transferencia_pct"":3.2,""iva_venta_desglosar"":35.81,""precio_venta_sin_iva"":224,""ganancia_real"":69,""_nota"":""Congelado del control de Excel 2023. No se recalcula ni se sincroniza.""}}"
CESFB1,ESFERA # 2 (6),274,163.79,ARTESANIAS,CESFB1,SERVIN,TARANDACUAU GTO,,,"{""proveedor_contacto"":""VERONICA"",""proveedor_telefono"":""448 107 2674"",""financiero_2023"":{""numero_control"":""0169"",""precio_compra_con_iva"":190,""iva_compra"":26.21,""porcentaje_a_ganar"":35,""utilidad"":66.5,""openpay_comision"":8.01,""openpay_iva"":1.28,""comision_tienda_nube"":7.92,""total_comisiones"":17.21,""descuento_pago_transferencia_pct"":3.14,""iva_venta_desglosar"":37.75,""precio_venta_sin_iva"":236,""ganancia_real"":72,""_nota"":""Congelado del control de Excel 2023. No se recalcula ni se sincroniza.""}}"
CESFC1,ESFERA # 3 (6.,309,185.34,ARTESANIAS,CESFC1,SERVIN,TARANDACUAU GTO,,,"{""proveedor_contacto"":""VERONICA"",""proveedor_telefono"":""449 107 2674"",""financiero_2023"":{""numero_control"":""0170"",""precio_compra_con_iva"":215,""iva_compra"":29.66,""porcentaje_a_ganar"":35,""utilidad"":75.25,""openpay_comision"":8.74,""openpay_iva"":1.4,""comision_tienda_nube"":8.61,""total_comisiones"":18.74,""descuento_pago_transferencia_pct"":3.03,""iva_venta_desglosar"":42.62,""precio_venta_sin_iva"":266,""ganancia_real"":81,""_nota"":""Congelado del control de Excel 2023. No se recalcula ni se sincroniza.""}}"
CESFD1,ESFERA # 4 (8),365,219.83,ARTESANIAS,CESFD1,SERVIN,TARANDACUAU GTO,,,"{""proveedor_contacto"":""VERONICA"",""proveedor_telefono"":""450 107 2674"",""financiero_2023"":{""numero_control"":""0171"",""precio_compra_con_iva"":255,""iva_compra"":35.17,""porcentaje_a_ganar"":35,""utilidad"":89.25,""openpay_comision"":9.9,""openpay_iva"":1.58,""comision_tienda_nube"":9.71,""total_comisiones"":21.19,""descuento_pago_transferencia_pct"":2.9,""iva_venta_desglosar"":50.41,""precio_venta_sin_iva"":315,""ganancia_real"":95,""_nota"":""Congelado del control de Excel 2023. No se recalcula ni se sincroniza.""}}"
CESFE1,ESFERA # 5 (8.5),436,262.93,ARTESANIAS,CESFE1,SERVIN,TARANDACUAU GTO,,,"{""proveedor_contacto"":""VERONICA"",""proveedor_telefono"":""451 107 2674"",""financiero_2023"":{""numero_control"":""0172"",""precio_compra_con_iva"":305,""iva_compra"":42.07,""porcentaje_a_ganar"":35,""utilidad"":106.75,""openpay_comision"":11.35,""openpay_iva"":1.82,""comision_tienda_nube"":11.1,""total_comisiones"":24.26,""descuento_pago_transferencia_pct"":2.78,""iva_venta_desglosar"":60.14,""precio_venta_sin_iva"":376,""ganancia_real"":113,""_nota"":""Congelado del control de Excel 2023. No se recalcula ni se sincroniza.""}}"
CESFF1,ESFERA # 6 (10.5),471,284.48,ARTESANIAS,CESFF1,SERVIN,TARANDACUAU GTO,,,"{""proveedor_contacto"":""VERONICA"",""proveedor_telefono"":""452 107 2674"",""financiero_2023"":{""numero_control"":""0173"",""precio_compra_con_iva"":330,""iva_compra"":45.52,""porcentaje_a_ganar"":35,""utilidad"":115.5,""openpay_comision"":12.07,""openpay_iva"":1.93,""comision_tienda_nube"":11.79,""total_comisiones"":25.79,""descuento_pago_transferencia_pct"":2.74,""iva_venta_desglosar"":65.01,""precio_venta_sin_iva"":406,""ganancia_real"":122,""_nota"":""Congelado del control de Excel 2023. No se recalcula ni se sincroniza.""}}"
CEPCA1,ESFERA # 1 PARA COLGAR (5),274,163.79,ARTESANIAS,CEPCA1,SERVIN,TARANDACUAU GTO,,,"{""proveedor_contacto"":""VERONICA"",""proveedor_telefono"":""453 107 2674"",""financiero_2023"":{""numero_control"":""0174"",""precio_compra_con_iva"":190,""iva_compra"":26.21,""porcentaje_a_ganar"":35,""utilidad"":66.5,""openpay_comision"":8.01,""openpay_iva"":1.28,""comision_tienda_nube"":7.92,""total_comisiones"":17.21,""descuento_pago_transferencia_pct"":3.14,""iva_venta_desglosar"":37.75,""precio_venta_sin_iva"":236,""ganancia_real"":72,""_nota"":""Congelado del control de Excel 2023. No se recalcula ni se sincroniza.""}}"
CEPCB1,ESFERA # 2 PARA COLGAR (6),309,185.34,ARTESANIAS,CEPCB1,SERVIN,TARANDACUAU GTO,,,"{""proveedor_contacto"":""VERONICA"",""proveedor_telefono"":""454 107 2674"",""financiero_2023"":{""numero_control"":""0175"",""precio_compra_con_iva"":215,""iva_compra"":29.66,""porcentaje_a_ganar"":35,""utilidad"":75.25,""openpay_comision"":8.74,""openpay_iva"":1.4,""comision_tienda_nube"":8.61,""total_comisiones"":18.74,""descuento_pago_transferencia_pct"":3.03,""iva_venta_desglosar"":42.62,""precio_venta_sin_iva"":266,""ganancia_real"":81,""_nota"":""Congelado del control de Excel 2023. No se recalcula ni se sincroniza.""}}"
CEPCC1,ESFERA # 3 PARA COLGAR (6.5),330,198.28,ARTESANIAS,CEPCC1,SERVIN,TARANDACUAU GTO,,,"{""proveedor_contacto"":""VERONICA"",""proveedor_telefono"":""455 107 2674"",""financiero_2023"":{""numero_control"":""0176"",""precio_compra_con_iva"":230,""iva_compra"":31.72,""porcentaje_a_ganar"":35,""utilidad"":80.5,""openpay_comision"":9.17,""openpay_iva"":1.47,""comision_tienda_nube"":9.02,""total_comisiones"":19.66,""descuento_pago_transferencia_pct"":2.98,""iva_venta_desglosar"":45.54,""precio_venta_sin_iva"":285,""ganancia_real"":86,""_nota"":""Congelado del control de Excel 2023. No se recalcula ni se sincroniza.""}}"
CEPCD1,ESFERA # 4 PARA COLGAR (8),394,237.07,ARTESANIAS,CEPCD1,SERVIN,TARANDACUAU GTO,,,"{""proveedor_contacto"":""VERONICA"",""proveedor_telefono"":""456 107 2674"",""financiero_2023"":{""numero_control"":""0177"",""precio_compra_con_iva"":275,""iva_compra"":37.93,""porcentaje_a_ganar"":35,""utilidad"":96.25,""openpay_comision"":10.48,""openpay_iva"":1.68,""comision_tienda_nube"":10.27,""total_comisiones"":22.42,""descuento_pago_transferencia_pct"":2.85,""iva_venta_desglosar"":54.3,""precio_venta_sin_iva"":339,""ganancia_real"":102,""_nota"":""Congelado del control de Excel 2023. No se recalcula ni se sincroniza.""}}"
CEPCE1,ESFERA # 5 PARA COLGAR (8.5),450,271.55,ARTESANIAS,CEPCE1,SERVIN,TARANDACUAU GTO,,,"{""proveedor_contacto"":""VERONICA"",""proveedor_telefono"":""457 107 2674"",""financiero_2023"":{""numero_control"":""0178"",""precio_compra_con_iva"":315,""iva_compra"":43.45,""porcentaje_a_ganar"":35,""utilidad"":110.25,""openpay_comision"":11.64,""openpay_iva"":1.86,""comision_tienda_nube"":11.37,""total_comisiones"":24.87,""descuento_pago_transferencia_pct"":2.76,""iva_venta_desglosar"":62.09,""precio_venta_sin_iva"":388,""ganancia_real"":116,""_nota"":""Congelado del control de Excel 2023. No se recalcula ni se sincroniza.""}}"
CEPCF1,ESFERA # 6 PARA COLGAR (10.5),507,306.03,ARTESANIAS,CEPCF1,SERVIN,TARANDACUAU GTO,,,"{""proveedor_contacto"":""VERONICA"",""proveedor_telefono"":""423 107 2674"",""financiero_2023"":{""numero_control"":""0179"",""precio_compra_con_iva"":355,""iva_compra"":48.97,""porcentaje_a_ganar"":35,""utilidad"":124.25,""openpay_comision"":12.8,""openpay_iva"":2.05,""comision_tienda_nube"":12.48,""total_comisiones"":27.32,""descuento_pago_transferencia_pct"":2.7,""iva_venta_desglosar"":69.87,""precio_venta_sin_iva"":437,""ganancia_real"":131,""_nota"":""Congelado del control de Excel 2023. No se recalcula ni se sincroniza.""}}"
CESPA1,ESPEJO (44x58),6512,3974.14,ARTESANIAS,CESPA1,SERVIN,TARANDACUAU GTO,,,"{""proveedor_contacto"":""VERONICA"",""proveedor_telefono"":""424 107 2674"",""financiero_2023"":{""numero_control"":""0180"",""precio_compra_con_iva"":4610,""iva_compra"":635.86,""porcentaje_a_ganar"":35,""utilidad"":1613.5,""openpay_comision"":136.19,""openpay_iva"":21.79,""comision_tienda_nube"":130.23,""total_comisiones"":288.21,""descuento_pago_transferencia_pct"":2.21,""iva_venta_desglosar"":898.17,""precio_venta_sin_iva"":5614,""ganancia_real"":1639,""_nota"":""Congelado del control de Excel 2023. No se recalcula ni se sincroniza.""}}"
CFLOA1,FLORERO # 1 (7),217,129.31,ARTESANIAS,CFLOA1,SERVIN,TARANDACUAU GTO,,,"{""proveedor_contacto"":""VERONICA"",""proveedor_telefono"":""425 107 2674"",""financiero_2023"":{""numero_control"":""0181"",""precio_compra_con_iva"":150,""iva_compra"":20.69,""porcentaje_a_ganar"":35,""utilidad"":52.5,""openpay_comision"":6.85,""openpay_iva"":1.1,""comision_tienda_nube"":6.81,""total_comisiones"":14.75,""descuento_pago_transferencia_pct"":3.4,""iva_venta_desglosar"":29.97,""precio_venta_sin_iva"":187,""ganancia_real"":58,""_nota"":""Congelado del control de Excel 2023. No se recalcula ni se sincroniza.""}}"
CFLOB1,FLORERO # 10 (34),5771,3521.55,ARTESANIAS,CFLOB1,SERVIN,TARANDACUAU GTO,,,"{""proveedor_contacto"":""VERONICA"",""proveedor_telefono"":""426 107 2674"",""financiero_2023"":{""numero_control"":""0182"",""precio_compra_con_iva"":4085,""iva_compra"":563.45,""porcentaje_a_ganar"":35,""utilidad"":1429.75,""openpay_comision"":120.97,""openpay_iva"":19.35,""comision_tienda_nube"":115.7,""total_comisiones"":256.02,""descuento_pago_transferencia_pct"":2.22,""iva_venta_desglosar"":795.97,""precio_venta_sin_iva"":4975,""ganancia_real"":1453,""_nota"":""Congelado del control de Excel 2023. No se recalcula ni se sincroniza.""}}"
CFLOC1,FLORERO # 2 (8.5),238,142.24,ARTESANIAS,CFLOC1,SERVIN,TARANDACUAU GTO,,,"{""proveedor_contacto"":""VERONICA"",""proveedor_telefono"":""427 107 2674"",""financiero_2023"":{""numero_control"":""0183"",""precio_compra_con_iva"":165,""iva_compra"":22.76,""porcentaje_a_ganar"":35,""utilidad"":57.75,""openpay_comision"":7.29,""openpay_iva"":1.17,""comision_tienda_nube"":7.22,""total_comisiones"":15.67,""descuento_pago_transferencia_pct"":3.29,""iva_venta_desglosar"":32.89,""precio_venta_sin_iva"":206,""ganancia_real"":63,""_nota"":""Congelado del control de Excel 2023. No se recalcula ni se sincroniza.""}}"
CFLOD1,FLORERO # 3 (10.5),330,198.28,ARTESANIAS,CFLOD1,SERVIN,TARANDACUAU GTO,,,"{""proveedor_contacto"":""VERONICA"",""proveedor_telefono"":""428 107 2674"",""financiero_2023"":{""numero_control"":""0184"",""precio_compra_con_iva"":230,""iva_compra"":31.72,""porcentaje_a_ganar"":35,""utilidad"":80.5,""openpay_comision"":9.17,""openpay_iva"":1.47,""comision_tienda_nube"":9.02,""total_comisiones"":19.66,""descuento_pago_transferencia_pct"":2.98,""iva_venta_desglosar"":45.54,""precio_venta_sin_iva"":285,""ganancia_real"":86,""_nota"":""Congelado del control de Excel 2023. No se recalcula ni se sincroniza.""}}"
CFLOE1,FLORERO # 4 (12),436,262.93,ARTESANIAS,CFLOE1,SERVIN,TARANDACUAU GTO,,,"{""proveedor_contacto"":""VERONICA"",""proveedor_telefono"":""429 107 2674"",""financiero_2023"":{""numero_control"":""0185"",""precio_compra_con_iva"":305,""iva_compra"":42.07,""porcentaje_a_ganar"":35,""utilidad"":106.75,""openpay_comision"":11.35,""openpay_iva"":1.82,""comision_tienda_nube"":11.1,""total_comisiones"":24.26,""descuento_pago_transferencia_pct"":2.78,""iva_venta_desglosar"":60.14,""precio_venta_sin_iva"":376,""ganancia_real"":113,""_nota"":""Congelado del control de Excel 2023. No se recalcula ni se sincroniza.""}}"
CFLOF1,FLORERO # 5 (15),718,435.34,ARTESANIAS,CFLOF1,SERVIN,TARANDACUAU GTO,,,"{""proveedor_contacto"":""VERONICA"",""proveedor_telefono"":""430 107 2674"",""financiero_2023"":{""numero_control"":""0186"",""precio_compra_con_iva"":505,""iva_compra"":69.66,""porcentaje_a_ganar"":35,""utilidad"":176.75,""openpay_comision"":17.15,""openpay_iva"":2.74,""comision_tienda_nube"":16.63,""total_comisiones"":36.52,""descuento_pago_transferencia_pct"":2.54,""iva_venta_desglosar"":99.07,""precio_venta_sin_iva"":619,""ganancia_real"":184,""_nota"":""Congelado del control de Excel 2023. No se recalcula ni se sincroniza.""}}"
CFLOG1,FLORERO # 6 (17),916,556.03,ARTESANIAS,CFLOG1,SERVIN,TARANDACUAU GTO,,,"{""proveedor_contacto"":""VERONICA"",""proveedor_telefono"":""431 107 2674"",""financiero_2023"":{""numero_control"":""0187"",""precio_compra_con_iva"":645,""iva_compra"":88.97,""porcentaje_a_ganar"":35,""utilidad"":225.75,""openpay_comision"":21.21,""openpay_iva"":3.39,""comision_tienda_nube"":20.51,""total_comisiones"":45.1,""descuento_pago_transferencia_pct"":2.46,""iva_venta_desglosar"":126.32,""precio_venta_sin_iva"":790,""ganancia_real"":233,""_nota"":""Congelado del control de Excel 2023. No se recalcula ni se sincroniza.""}}"
CFLOH1,FLORERO # 7 (22x14),1593,969.83,ARTESANIAS,CFLOH1,SERVIN,TARANDACUAU GTO,,,"{""proveedor_contacto"":""VERONICA"",""proveedor_telefono"":""432 107 2674"",""financiero_2023"":{""numero_control"":""0188"",""precio_compra_con_iva"":1125,""iva_compra"":155.17,""porcentaje_a_ganar"":35,""utilidad"":393.75,""openpay_comision"":35.13,""openpay_iva"":5.62,""comision_tienda_nube"":33.79,""total_comisiones"":74.53,""descuento_pago_transferencia_pct"":2.34,""iva_venta_desglosar"":219.76,""precio_venta_sin_iva"":1374,""ganancia_real"":404,""_nota"":""Congelado del control de Excel 2023. No se recalcula ni se sincroniza.""}}"
CFLOI1,FLORERO # 8 (25.5),2666,1625,ARTESANIAS,CFLOI1,SERVIN,TARANDACUAU GTO,,,"{""proveedor_contacto"":""VERONICA"",""proveedor_telefono"":""433 107 2674"",""financiero_2023"":{""numero_control"":""0189"",""precio_compra_con_iva"":1885,""iva_compra"":260,""porcentaje_a_ganar"":35,""utilidad"":659.75,""openpay_comision"":57.17,""openpay_iva"":9.15,""comision_tienda_nube"":54.82,""total_comisiones"":121.13,""descuento_pago_transferencia_pct"":2.27,""iva_venta_desglosar"":367.71,""precio_venta_sin_iva"":2298,""ganancia_real"":673,""_nota"":""Congelado del control de Excel 2023. No se recalcula ni se sincroniza.""}}"
CFLOJ1,FLORERO # 9 (31.5),4508,2750,ARTESANIAS,CFLOJ1,SERVIN,TARANDACUAU GTO,,,"{""proveedor_contacto"":""VERONICA"",""proveedor_telefono"":""434 107 2674"",""financiero_2023"":{""numero_control"":""0190"",""precio_compra_con_iva"":3190,""iva_compra"":440,""porcentaje_a_ganar"":35,""utilidad"":1116.5,""openpay_comision"":95.01,""openpay_iva"":15.2,""comision_tienda_nube"":90.93,""total_comisiones"":201.15,""descuento_pago_transferencia_pct"":2.23,""iva_venta_desglosar"":621.74,""precio_venta_sin_iva"":3886,""ganancia_real"":1136,""_nota"":""Congelado del control de Excel 2023. No se recalcula ni se sincroniza.""}}"
CFCCA1,FLORERO CUADRADO CHICO (17.5x4.5),648,392.24,ARTESANIAS,CFCCA1,SERVIN,TARANDACUAU GTO,,,"{""proveedor_contacto"":""VERONICA"",""proveedor_telefono"":""435 107 2674"",""financiero_2023"":{""numero_control"":""0191"",""precio_compra_con_iva"":455,""iva_compra"":62.76,""porcentaje_a_ganar"":35,""utilidad"":159.25,""openpay_comision"":15.7,""openpay_iva"":2.51,""comision_tienda_nube"":15.25,""total_comisiones"":33.46,""descuento_pago_transferencia_pct"":2.58,""iva_venta_desglosar"":89.34,""precio_venta_sin_iva"":558,""ganancia_real"":166,""_nota"":""Congelado del control de Excel 2023. No se recalcula ni se sincroniza.""}}"
CFCGA1,FLORERO CUADRADO GRANDE (26x6),1459,887.93,ARTESANIAS,CFCGA1,SERVIN,TARANDACUAU GTO,,,"{""proveedor_contacto"":""VERONICA"",""proveedor_telefono"":""436 107 2674"",""financiero_2023"":{""numero_control"":""0192"",""precio_compra_con_iva"":1030,""iva_compra"":142.07,""porcentaje_a_ganar"":35,""utilidad"":360.5,""openpay_comision"":32.37,""openpay_iva"":5.18,""comision_tienda_nube"":31.16,""total_comisiones"":68.71,""descuento_pago_transferencia_pct"":2.35,""iva_venta_desglosar"":201.27,""precio_venta_sin_iva"":1258,""ganancia_real"":370,""_nota"":""Congelado del control de Excel 2023. No se recalcula ni se sincroniza.""}}"
CFDEA1,FLORERO DELGADO (37x10),1741,1060.34,ARTESANIAS,CFDEA1,SERVIN,TARANDACUAU GTO,,,"{""proveedor_contacto"":""VERONICA"",""proveedor_telefono"":""437 107 2674"",""financiero_2023"":{""numero_control"":""0193"",""precio_compra_con_iva"":1230,""iva_compra"":169.66,""porcentaje_a_ganar"":35,""utilidad"":430.5,""openpay_comision"":38.17,""openpay_iva"":6.11,""comision_tienda_nube"":36.7,""total_comisiones"":80.97,""descuento_pago_transferencia_pct"":2.32,""iva_venta_desglosar"":240.2,""precio_venta_sin_iva"":1501,""ganancia_real"":441,""_nota"":""Congelado del control de Excel 2023. No se recalcula ni se sincroniza.""}}"
CFDCA1,FLORERO DONA CHICO (15.5x5.5x16.5),1064,646.55,ARTESANIAS,CFDCA1,SERVIN,TARANDACUAU GTO,,,"{""proveedor_contacto"":""VERONICA"",""proveedor_telefono"":""438 107 2674"",""financiero_2023"":{""numero_control"":""0194"",""precio_compra_con_iva"":750,""iva_compra"":103.45,""porcentaje_a_ganar"":35,""utilidad"":262.5,""openpay_comision"":24.25,""openpay_iva"":3.88,""comision_tienda_nube"":23.41,""total_comisiones"":51.54,""descuento_pago_transferencia_pct"":2.42,""iva_venta_desglosar"":146.76,""precio_venta_sin_iva"":917,""ganancia_real"":271,""_nota"":""Congelado del control de Excel 2023. No se recalcula ni se sincroniza.""}}"
FDGA1 F,FLORERO DONA GRANDE (20x8x21),1685,1025.86,ARTESANIAS,FDGA1 F,SERVIN,TARANDACUAU GTO,,,"{""proveedor_contacto"":""VERONICA"",""proveedor_telefono"":""439 107 2674"",""financiero_2023"":{""numero_control"":""0195"",""precio_compra_con_iva"":1190,""iva_compra"":164.14,""porcentaje_a_ganar"":35,""utilidad"":416.5,""openpay_comision"":37.01,""openpay_iva"":5.92,""comision_tienda_nube"":35.59,""total_comisiones"":78.52,""descuento_pago_transferencia_pct"":2.33,""iva_venta_desglosar"":232.42,""precio_venta_sin_iva"":1453,""ganancia_real"":427,""_nota"":""Congelado del control de Excel 2023. No se recalcula ni se sincroniza.""}}"
CFGOA1,FLORERO GORDO (23x19),2101,1280.17,ARTESANIAS,CFGOA1,SERVIN,TARANDACUAU GTO,,,"{""proveedor_contacto"":""VERONICA"",""proveedor_telefono"":""440 107 2674"",""financiero_2023"":{""numero_control"":""0196"",""precio_compra_con_iva"":1485,""iva_compra"":204.83,""porcentaje_a_ganar"":35,""utilidad"":519.75,""openpay_comision"":45.57,""openpay_iva"":7.29,""comision_tienda_nube"":43.75,""total_comisiones"":96.61,""descuento_pago_transferencia_pct"":2.3,""iva_venta_desglosar"":289.84,""precio_venta_sin_iva"":1812,""ganancia_real"":531,""_nota"":""Congelado del control de Excel 2023. No se recalcula ni se sincroniza.""}}"
CFMIA1,FLORERO MICRO (3),76,43.1,ARTESANIAS,CFMIA1,SERVIN,TARANDACUAU GTO,,,"{""proveedor_contacto"":""VERONICA"",""proveedor_telefono"":""441 107 2674"",""financiero_2023"":{""numero_control"":""0197"",""precio_compra_con_iva"":50,""iva_compra"":6.9,""porcentaje_a_ganar"":35,""utilidad"":17.5,""openpay_comision"":3.95,""openpay_iva"":0.63,""comision_tienda_nube"":4.04,""total_comisiones"":8.62,""descuento_pago_transferencia_pct"":5.66,""iva_venta_desglosar"":10.5,""precio_venta_sin_iva"":66,""ganancia_real"":23,""_nota"":""Congelado del control de Excel 2023. No se recalcula ni se sincroniza.""}}"
CFMIB1,FLORERO MINI (5),182,107.76,ARTESANIAS,CFMIB1,SERVIN,TARANDACUAU GTO,,,"{""proveedor_contacto"":""VERONICA"",""proveedor_telefono"":""442 107 2674"",""financiero_2023"":{""numero_control"":""0198"",""precio_compra_con_iva"":125,""iva_compra"":17.24,""porcentaje_a_ganar"":35,""utilidad"":43.75,""openpay_comision"":6.13,""openpay_iva"":0.98,""comision_tienda_nube"":6.12,""total_comisiones"":13.22,""descuento_pago_transferencia_pct"":3.63,""iva_venta_desglosar"":25.1,""precio_venta_sin_iva"":157,""ganancia_real"":49,""_nota"":""Congelado del control de Excel 2023. No se recalcula ni se sincroniza.""}}"
CFPCA1,FLORERO PEZ CHICO (18.5x9.5x14.5),1064,646.55,ARTESANIAS,CFPCA1,SERVIN,TARANDACUAU GTO,,,"{""proveedor_contacto"":""VERONICA"",""proveedor_telefono"":""443 107 2674"",""financiero_2023"":{""numero_control"":""0199"",""precio_compra_con_iva"":750,""iva_compra"":103.45,""porcentaje_a_ganar"":35,""utilidad"":262.5,""openpay_comision"":24.25,""openpay_iva"":3.88,""comision_tienda_nube"":23.41,""total_comisiones"":51.54,""descuento_pago_transferencia_pct"":2.42,""iva_venta_desglosar"":146.76,""precio_venta_sin_iva"":917,""ganancia_real"":271,""_nota"":""Congelado del control de Excel 2023. No se recalcula ni se sincroniza.""}}"
CFPGA1,FLORERO PEZ GRANDE (42x22x31),7718,4711.21,ARTESANIAS,CFPGA1,SERVIN,TARANDACUAU GTO,,,"{""proveedor_contacto"":""VERONICA"",""proveedor_telefono"":""444 107 2674"",""financiero_2023"":{""numero_control"":""0200"",""precio_compra_con_iva"":5465,""iva_compra"":753.79,""porcentaje_a_ganar"":35,""utilidad"":1912.75,""openpay_comision"":160.99,""openpay_iva"":25.76,""comision_tienda_nube"":153.89,""total_comisiones"":340.63,""descuento_pago_transferencia_pct"":2.21,""iva_venta_desglosar"":1064.6,""precio_venta_sin_iva"":6654,""ganancia_real"":1943,""_nota"":""Congelado del control de Excel 2023. No se recalcula ni se sincroniza.""}}"
CFPMA1,FLORERO PEZ MEDIANO (31x16x22),4508,2750,ARTESANIAS,CFPMA1,SERVIN,TARANDACUAU GTO,,,"{""proveedor_contacto"":""VERONICA"",""proveedor_telefono"":""445 107 2674"",""financiero_2023"":{""numero_control"":""0201"",""precio_compra_con_iva"":3190,""iva_compra"":440,""porcentaje_a_ganar"":35,""utilidad"":1116.5,""openpay_comision"":95.01,""openpay_iva"":15.2,""comision_tienda_nube"":90.93,""total_comisiones"":201.15,""descuento_pago_transferencia_pct"":2.23,""iva_venta_desglosar"":621.74,""precio_venta_sin_iva"":3886,""ganancia_real"":1136,""_nota"":""Congelado del control de Excel 2023. No se recalcula ni se sincroniza.""}}"
CFCHA1,FRUTERO CHICO (5.5x24),2800,1706.9,ARTESANIAS,CFCHA1,SERVIN,TARANDACUAU GTO,,,"{""proveedor_contacto"":""VERONICA"",""proveedor_telefono"":""446 107 2674"",""financiero_2023"":{""numero_control"":""0202"",""precio_compra_con_iva"":1980,""iva_compra"":273.1,""porcentaje_a_ganar"":35,""utilidad"":693,""openpay_comision"":59.92,""openpay_iva"":9.59,""comision_tienda_nube"":57.45,""total_comisiones"":126.96,""descuento_pago_transferencia_pct"":2.27,""iva_venta_desglosar"":386.2,""precio_venta_sin_iva"":2414,""ganancia_real"":707,""_nota"":""Congelado del control de Excel 2023. No se recalcula ni se sincroniza.""}}"
CGCHA1,GALLETERO CHICO (12x10.5),761,461.21,ARTESANIAS,CGCHA1,SERVIN,TARANDACUAU GTO,,,"{""proveedor_contacto"":""VERONICA"",""proveedor_telefono"":""447 107 2674"",""financiero_2023"":{""numero_control"":""0203"",""precio_compra_con_iva"":535,""iva_compra"":73.79,""porcentaje_a_ganar"":35,""utilidad"":187.25,""openpay_comision"":18.02,""openpay_iva"":2.88,""comision_tienda_nube"":17.46,""total_comisiones"":38.36,""descuento_pago_transferencia_pct"":2.52,""iva_venta_desglosar"":104.91,""precio_venta_sin_iva"":656,""ganancia_real"":194,""_nota"":""Congelado del control de Excel 2023. No se recalcula ni se sincroniza.""}}"
CGMEA1,GALLETERO MEDIANO (14.5x12),986,599.14,ARTESANIAS,CGMEA1,SERVIN,TARANDACUAU GTO,,,"{""proveedor_contacto"":""VERONICA"",""proveedor_telefono"":""448 107 2674"",""financiero_2023"":{""numero_control"":""0204"",""precio_compra_con_iva"":695,""iva_compra"":95.86,""porcentaje_a_ganar"":35,""utilidad"":243.25,""openpay_comision"":22.66,""openpay_iva"":3.62,""comision_tienda_nube"":21.89,""total_comisiones"":48.17,""descuento_pago_transferencia_pct"":2.44,""iva_venta_desglosar"":136.06,""precio_venta_sin_iva"":850,""ganancia_real"":251,""_nota"":""Congelado del control de Excel 2023. No se recalcula ni se sincroniza.""}}"
CGPOA1,GATO PORTA-ANILLOS (12.5x4.5x8.5),507,306.03,ARTESANIAS,CGPOA1,SERVIN,TARANDACUAU GTO,,,"{""proveedor_contacto"":""VERONICA"",""proveedor_telefono"":""449 107 2674"",""financiero_2023"":{""numero_control"":""0205"",""precio_compra_con_iva"":355,""iva_compra"":48.97,""porcentaje_a_ganar"":35,""utilidad"":124.25,""openpay_comision"":12.8,""openpay_iva"":2.05,""comision_tienda_nube"":12.48,""total_comisiones"":27.32,""descuento_pago_transferencia_pct"":2.7,""iva_venta_desglosar"":69.87,""precio_venta_sin_iva"":437,""ganancia_real"":131,""_nota"":""Congelado del control de Excel 2023. No se recalcula ni se sincroniza.""}}"
CJAGA1,JARRA DE AGUA (20.5x16.5),2440,1487.07,ARTESANIAS,CJAGA1,SERVIN,TARANDACUAU GTO,,,"{""proveedor_contacto"":""VERONICA"",""proveedor_telefono"":""450 107 2674"",""financiero_2023"":{""numero_control"":""0206"",""precio_compra_con_iva"":1725,""iva_compra"":237.93,""porcentaje_a_ganar"":35,""utilidad"":603.75,""openpay_comision"":52.53,""openpay_iva"":8.4,""comision_tienda_nube"":50.39,""total_comisiones"":111.32,""descuento_pago_transferencia_pct"":2.28,""iva_venta_desglosar"":336.56,""precio_venta_sin_iva"":2104,""ganancia_real"":616,""_nota"":""Congelado del control de Excel 2023. No se recalcula ni se sincroniza.""}}"
CJADA1,JARRA DE AGUA DONA (31x12x21),4084,2491.38,ARTESANIAS,CJADA1,SERVIN,TARANDACUAU GTO,,,"{""proveedor_contacto"":""VERONICA"",""proveedor_telefono"":""451 107 2674"",""financiero_2023"":{""numero_control"":""0207"",""precio_compra_con_iva"":2890,""iva_compra"":398.62,""porcentaje_a_ganar"":35,""utilidad"":1011.5,""openpay_comision"":86.31,""openpay_iva"":13.81,""comision_tienda_nube"":82.63,""total_comisiones"":182.75,""descuento_pago_transferencia_pct"":2.24,""iva_venta_desglosar"":563.35,""precio_venta_sin_iva"":3521,""ganancia_real"":1030,""_nota"":""Congelado del control de Excel 2023. No se recalcula ni se sincroniza.""}}"
CJCAA1,JARRA DE CAFE AMERICANO (18x13.5),2313,1409.48,ARTESANIAS,CJCAA1,SERVIN,TARANDACUAU GTO,,,"{""proveedor_contacto"":""VERONICA"",""proveedor_telefono"":""452 107 2674"",""financiero_2023"":{""numero_control"":""0208"",""precio_compra_con_iva"":1635,""iva_compra"":225.52,""porcentaje_a_ganar"":35,""utilidad"":572.25,""openpay_comision"":49.92,""openpay_iva"":7.99,""comision_tienda_nube"":47.9,""total_comisiones"":105.8,""descuento_pago_transferencia_pct"":2.29,""iva_venta_desglosar"":319.04,""precio_venta_sin_iva"":1994,""ganancia_real"":585,""_nota"":""Congelado del control de Excel 2023. No se recalcula ni se sincroniza.""}}"
CJCEA1,JARRA DE CAFE EXPRESS (16x12),1812,1103.45,ARTESANIAS,CJCEA1,SERVIN,TARANDACUAU GTO,,,"{""proveedor_contacto"":""VERONICA"",""proveedor_telefono"":""453 107 2674"",""financiero_2023"":{""numero_control"":""0209"",""precio_compra_con_iva"":1280,""iva_compra"":176.55,""porcentaje_a_ganar"":35,""utilidad"":448,""openpay_comision"":39.62,""openpay_iva"":6.34,""comision_tienda_nube"":38.08,""total_comisiones"":84.04,""descuento_pago_transferencia_pct"":2.32,""iva_venta_desglosar"":249.94,""precio_venta_sin_iva"":1562,""ganancia_real"":459,""_nota"":""Congelado del control de Excel 2023. No se recalcula ni se sincroniza.""}}"
CJTCA1,JARRA DE TE CHICA (10x12.5x16),1163,706.9,ARTESANIAS,CJTCA1,SERVIN,TARANDACUAU GTO,,,"{""proveedor_contacto"":""VERONICA"",""proveedor_telefono"":""454 107 2674"",""financiero_2023"":{""numero_control"":""0210"",""precio_compra_con_iva"":820,""iva_compra"":113.1,""porcentaje_a_ganar"":35,""utilidad"":287,""openpay_comision"":26.28,""openpay_iva"":4.2,""comision_tienda_nube"":25.35,""total_comisiones"":55.83,""descuento_pago_transferencia_pct"":2.4,""iva_venta_desglosar"":160.39,""precio_venta_sin_iva"":1002,""ganancia_real"":296,""_nota"":""Congelado del control de Excel 2023. No se recalcula ni se sincroniza.""}}"
CJTGA1,JARRA DE TE GRANDE (11.5x18x22.5),2101,1280.17,ARTESANIAS,CJTGA1,SERVIN,TARANDACUAU GTO,,,"{""proveedor_contacto"":""VERONICA"",""proveedor_telefono"":""455 107 2674"",""financiero_2023"":{""numero_control"":""0211"",""precio_compra_con_iva"":1485,""iva_compra"":204.83,""porcentaje_a_ganar"":35,""utilidad"":519.75,""openpay_comision"":45.57,""openpay_iva"":7.29,""comision_tienda_nube"":43.75,""total_comisiones"":96.61,""descuento_pago_transferencia_pct"":2.3,""iva_venta_desglosar"":289.84,""precio_venta_sin_iva"":1812,""ganancia_real"":531,""_nota"":""Congelado del control de Excel 2023. No se recalcula ni se sincroniza.""}}"
CJACA1,JARRITA ACEITERA (13x8.5),648,392.24,ARTESANIAS,CJACA1,SERVIN,TARANDACUAU GTO,,,"{""proveedor_contacto"":""VERONICA"",""proveedor_telefono"":""456 107 2674"",""financiero_2023"":{""numero_control"":""0212"",""precio_compra_con_iva"":455,""iva_compra"":62.76,""porcentaje_a_ganar"":35,""utilidad"":159.25,""openpay_comision"":15.7,""openpay_iva"":2.51,""comision_tienda_nube"":15.25,""total_comisiones"":33.46,""descuento_pago_transferencia_pct"":2.58,""iva_venta_desglosar"":89.34,""precio_venta_sin_iva"":558,""ganancia_real"":166,""_nota"":""Congelado del control de Excel 2023. No se recalcula ni se sincroniza.""}}"
CJPOA1,JARRITO PONCHERO (9x8),436,262.93,ARTESANIAS,CJPOA1,SERVIN,TARANDACUAU GTO,,,"{""proveedor_contacto"":""VERONICA"",""proveedor_telefono"":""457 107 2674"",""financiero_2023"":{""numero_control"":""0213"",""precio_compra_con_iva"":305,""iva_compra"":42.07,""porcentaje_a_ganar"":35,""utilidad"":106.75,""openpay_comision"":11.35,""openpay_iva"":1.82,""comision_tienda_nube"":11.1,""total_comisiones"":24.26,""descuento_pago_transferencia_pct"":2.78,""iva_venta_desglosar"":60.14,""precio_venta_sin_iva"":376,""ganancia_real"":113,""_nota"":""Congelado del control de Excel 2023. No se recalcula ni se sincroniza.""}}"
CJBOA1,JOYERO # 1 BOLA (4x5.5),274,163.79,ARTESANIAS,CJBOA1,SERVIN,TARANDACUAU GTO,,,"{""proveedor_contacto"":""VERONICA"",""proveedor_telefono"":""423 107 2674"",""financiero_2023"":{""numero_control"":""0214"",""precio_compra_con_iva"":190,""iva_compra"":26.21,""porcentaje_a_ganar"":35,""utilidad"":66.5,""openpay_comision"":8.01,""openpay_iva"":1.28,""comision_tienda_nube"":7.92,""total_comisiones"":17.21,""descuento_pago_transferencia_pct"":3.14,""iva_venta_desglosar"":37.75,""precio_venta_sin_iva"":236,""ganancia_real"":72,""_nota"":""Congelado del control de Excel 2023. No se recalcula ni se sincroniza.""}}"
CJHPA1,JOYERO # 1 HEXAGONAL CON PERILLA (4.5x4.5),274,163.79,ARTESANIAS,CJHPA1,SERVIN,TARANDACUAU GTO,,,"{""proveedor_contacto"":""VERONICA"",""proveedor_telefono"":""424 107 2674"",""financiero_2023"":{""numero_control"":""0215"",""precio_compra_con_iva"":190,""iva_compra"":26.21,""porcentaje_a_ganar"":35,""utilidad"":66.5,""openpay_comision"":8.01,""openpay_iva"":1.28,""comision_tienda_nube"":7.92,""total_comisiones"":17.21,""descuento_pago_transferencia_pct"":3.14,""iva_venta_desglosar"":37.75,""precio_venta_sin_iva"":236,""ganancia_real"":72,""_nota"":""Congelado del control de Excel 2023. No se recalcula ni se sincroniza.""}}"
CJPLA1,JOYERO # 1 PLANO (4x5),274,163.79,ARTESANIAS,CJPLA1,SERVIN,TARANDACUAU GTO,,,"{""proveedor_contacto"":""VERONICA"",""proveedor_telefono"":""425 107 2674"",""financiero_2023"":{""numero_control"":""0216"",""precio_compra_con_iva"":190,""iva_compra"":26.21,""porcentaje_a_ganar"":35,""utilidad"":66.5,""openpay_comision"":8.01,""openpay_iva"":1.28,""comision_tienda_nube"":7.92,""total_comisiones"":17.21,""descuento_pago_transferencia_pct"":3.14,""iva_venta_desglosar"":37.75,""precio_venta_sin_iva"":236,""ganancia_real"":72,""_nota"":""Congelado del control de Excel 2023. No se recalcula ni se sincroniza.""}}"
CJBOB1,JOYERO # 2 BOLA (5.5x7.5),330,198.28,ARTESANIAS,CJBOB1,SERVIN,TARANDACUAU GTO,,,"{""proveedor_contacto"":""VERONICA"",""proveedor_telefono"":""426 107 2674"",""financiero_2023"":{""numero_control"":""0217"",""precio_compra_con_iva"":230,""iva_compra"":31.72,""porcentaje_a_ganar"":35,""utilidad"":80.5,""openpay_comision"":9.17,""openpay_iva"":1.47,""comision_tienda_nube"":9.02,""total_comisiones"":19.66,""descuento_pago_transferencia_pct"":2.98,""iva_venta_desglosar"":45.54,""precio_venta_sin_iva"":285,""ganancia_real"":86,""_nota"":""Congelado del control de Excel 2023. No se recalcula ni se sincroniza.""}}"
CJHPB1,JOYERO # 2 HEXAGONAL CON PERILLA (5.5x6),330,198.28,ARTESANIAS,CJHPB1,SERVIN,TARANDACUAU GTO,,,"{""proveedor_contacto"":""VERONICA"",""proveedor_telefono"":""427 107 2674"",""financiero_2023"":{""numero_control"":""0218"",""precio_compra_con_iva"":230,""iva_compra"":31.72,""porcentaje_a_ganar"":35,""utilidad"":80.5,""openpay_comision"":9.17,""openpay_iva"":1.47,""comision_tienda_nube"":9.02,""total_comisiones"":19.66,""descuento_pago_transferencia_pct"":2.98,""iva_venta_desglosar"":45.54,""precio_venta_sin_iva"":285,""ganancia_real"":86,""_nota"":""Congelado del control de Excel 2023. No se recalcula ni se sincroniza.""}}"
CJPLB1,JOYERO # 2 PLANO (4x7),330,198.28,ARTESANIAS,CJPLB1,SERVIN,TARANDACUAU GTO,,,"{""proveedor_contacto"":""VERONICA"",""proveedor_telefono"":""428 107 2674"",""financiero_2023"":{""numero_control"":""0219"",""precio_compra_con_iva"":230,""iva_compra"":31.72,""porcentaje_a_ganar"":35,""utilidad"":80.5,""openpay_comision"":9.17,""openpay_iva"":1.47,""comision_tienda_nube"":9.02,""total_comisiones"":19.66,""descuento_pago_transferencia_pct"":2.98,""iva_venta_desglosar"":45.54,""precio_venta_sin_iva"":285,""ganancia_real"":86,""_nota"":""Congelado del control de Excel 2023. No se recalcula ni se sincroniza.""}}"
CJBOC1,JOYERO # 3 BOLA (7.5x9),394,237.07,ARTESANIAS,CJBOC1,SERVIN,TARANDACUAU GTO,,,"{""proveedor_contacto"":""VERONICA"",""proveedor_telefono"":""429 107 2674"",""financiero_2023"":{""numero_control"":""0220"",""precio_compra_con_iva"":275,""iva_compra"":37.93,""porcentaje_a_ganar"":35,""utilidad"":96.25,""openpay_comision"":10.48,""openpay_iva"":1.68,""comision_tienda_nube"":10.27,""total_comisiones"":22.42,""descuento_pago_transferencia_pct"":2.85,""iva_venta_desglosar"":54.3,""precio_venta_sin_iva"":339,""ganancia_real"":102,""_nota"":""Congelado del control de Excel 2023. No se recalcula ni se sincroniza.""}}"
CJHPC1,JOYERO # 3 HEXAGONAL CON PERILLA (7x9),394,237.07,ARTESANIAS,CJHPC1,SERVIN,TARANDACUAU GTO,,,"{""proveedor_contacto"":""VERONICA"",""proveedor_telefono"":""430 107 2674"",""financiero_2023"":{""numero_control"":""0221"",""precio_compra_con_iva"":275,""iva_compra"":37.93,""porcentaje_a_ganar"":35,""utilidad"":96.25,""openpay_comision"":10.48,""openpay_iva"":1.68,""comision_tienda_nube"":10.27,""total_comisiones"":22.42,""descuento_pago_transferencia_pct"":2.85,""iva_venta_desglosar"":54.3,""precio_venta_sin_iva"":339,""ganancia_real"":102,""_nota"":""Congelado del control de Excel 2023. No se recalcula ni se sincroniza.""}}"
CJPLC1,JOYERO # 3 PLANO (6.5x8.5),394,237.07,ARTESANIAS,CJPLC1,SERVIN,TARANDACUAU GTO,,,"{""proveedor_contacto"":""VERONICA"",""proveedor_telefono"":""431 107 2674"",""financiero_2023"":{""numero_control"":""0222"",""precio_compra_con_iva"":275,""iva_compra"":37.93,""porcentaje_a_ganar"":35,""utilidad"":96.25,""openpay_comision"":10.48,""openpay_iva"":1.68,""comision_tienda_nube"":10.27,""total_comisiones"":22.42,""descuento_pago_transferencia_pct"":2.85,""iva_venta_desglosar"":54.3,""precio_venta_sin_iva"":339,""ganancia_real"":102,""_nota"":""Congelado del control de Excel 2023. No se recalcula ni se sincroniza.""}}"
CJBOD1,JOYERO # 4 BOLA (8.5x10),471,284.48,ARTESANIAS,CJBOD1,SERVIN,TARANDACUAU GTO,,,"{""proveedor_contacto"":""VERONICA"",""proveedor_telefono"":""432 107 2674"",""financiero_2023"":{""numero_control"":""0223"",""precio_compra_con_iva"":330,""iva_compra"":45.52,""porcentaje_a_ganar"":35,""utilidad"":115.5,""openpay_comision"":12.07,""openpay_iva"":1.93,""comision_tienda_nube"":11.79,""total_comisiones"":25.79,""descuento_pago_transferencia_pct"":2.74,""iva_venta_desglosar"":65.01,""precio_venta_sin_iva"":406,""ganancia_real"":122,""_nota"":""Congelado del control de Excel 2023. No se recalcula ni se sincroniza.""}}"
CJHPD1,JOYERO # 4 HEXAGONAL CON PERILLA (5x10),471,284.48,ARTESANIAS,CJHPD1,SERVIN,TARANDACUAU GTO,,,"{""proveedor_contacto"":""VERONICA"",""proveedor_telefono"":""433 107 2674"",""financiero_2023"":{""numero_control"":""0224"",""precio_compra_con_iva"":330,""iva_compra"":45.52,""porcentaje_a_ganar"":35,""utilidad"":115.5,""openpay_comision"":12.07,""openpay_iva"":1.93,""comision_tienda_nube"":11.79,""total_comisiones"":25.79,""descuento_pago_transferencia_pct"":2.74,""iva_venta_desglosar"":65.01,""precio_venta_sin_iva"":406,""ganancia_real"":122,""_nota"":""Congelado del control de Excel 2023. No se recalcula ni se sincroniza.""}}"
CJPLD1,JOYERO # 4 PLANO (7x10.5),471,284.48,ARTESANIAS,CJPLD1,SERVIN,TARANDACUAU GTO,,,"{""proveedor_contacto"":""VERONICA"",""proveedor_telefono"":""434 107 2674"",""financiero_2023"":{""numero_control"":""0225"",""precio_compra_con_iva"":330,""iva_compra"":45.52,""porcentaje_a_ganar"":35,""utilidad"":115.5,""openpay_comision"":12.07,""openpay_iva"":1.93,""comision_tienda_nube"":11.79,""total_comisiones"":25.79,""descuento_pago_transferencia_pct"":2.74,""iva_venta_desglosar"":65.01,""precio_venta_sin_iva"":406,""ganancia_real"":122,""_nota"":""Congelado del control de Excel 2023. No se recalcula ni se sincroniza.""}}"
CJMBA1,JOYERO MICRO BOLA (2x2.5),182,107.76,ARTESANIAS,CJMBA1,SERVIN,TARANDACUAU GTO,,,"{""proveedor_contacto"":""VERONICA"",""proveedor_telefono"":""435 107 2674"",""financiero_2023"":{""numero_control"":""0226"",""precio_compra_con_iva"":125,""iva_compra"":17.24,""porcentaje_a_ganar"":35,""utilidad"":43.75,""openpay_comision"":6.13,""openpay_iva"":0.98,""comision_tienda_nube"":6.12,""total_comisiones"":13.22,""descuento_pago_transferencia_pct"":3.63,""iva_venta_desglosar"":25.1,""precio_venta_sin_iva"":157,""ganancia_real"":49,""_nota"":""Congelado del control de Excel 2023. No se recalcula ni se sincroniza.""}}"
CJMPA1,JOYERO MICRO PLANO (2x25),182,107.76,ARTESANIAS,CJMPA1,SERVIN,TARANDACUAU GTO,,,"{""proveedor_contacto"":""VERONICA"",""proveedor_telefono"":""436 107 2674"",""financiero_2023"":{""numero_control"":""0227"",""precio_compra_con_iva"":125,""iva_compra"":17.24,""porcentaje_a_ganar"":35,""utilidad"":43.75,""openpay_comision"":6.13,""openpay_iva"":0.98,""comision_tienda_nube"":6.12,""total_comisiones"":13.22,""descuento_pago_transferencia_pct"":3.63,""iva_venta_desglosar"":25.1,""precio_venta_sin_iva"":157,""ganancia_real"":49,""_nota"":""Congelado del control de Excel 2023. No se recalcula ni se sincroniza.""}}"
CJMBB1,JOYERO MINI BOLA (3.5x4),238,142.24,ARTESANIAS,CJMBB1,SERVIN,TARANDACUAU GTO,,,"{""proveedor_contacto"":""VERONICA"",""proveedor_telefono"":""437 107 2674"",""financiero_2023"":{""numero_control"":""0228"",""precio_compra_con_iva"":165,""iva_compra"":22.76,""porcentaje_a_ganar"":35,""utilidad"":57.75,""openpay_comision"":7.29,""openpay_iva"":1.17,""comision_tienda_nube"":7.22,""total_comisiones"":15.67,""descuento_pago_transferencia_pct"":3.29,""iva_venta_desglosar"":32.89,""precio_venta_sin_iva"":206,""ganancia_real"":63,""_nota"":""Congelado del control de Excel 2023. No se recalcula ni se sincroniza.""}}"
CJMPB1,JOYERO MINI PLANO (3x4),238,142.24,ARTESANIAS,CJMPB1,SERVIN,TARANDACUAU GTO,,,"{""proveedor_contacto"":""VERONICA"",""proveedor_telefono"":""438 107 2674"",""financiero_2023"":{""numero_control"":""0229"",""precio_compra_con_iva"":165,""iva_compra"":22.76,""porcentaje_a_ganar"":35,""utilidad"":57.75,""openpay_comision"":7.29,""openpay_iva"":1.17,""comision_tienda_nube"":7.22,""total_comisiones"":15.67,""descuento_pago_transferencia_pct"":3.29,""iva_venta_desglosar"":32.89,""precio_venta_sin_iva"":206,""ganancia_real"":63,""_nota"":""Congelado del control de Excel 2023. No se recalcula ni se sincroniza.""}}"
CJAGB1,JUEGO DE AGUA (7 PIEZAS),5023,3064.66,ARTESANIAS,CJAGB1,SERVIN,TARANDACUAU GTO,,,"{""proveedor_contacto"":""VERONICA"",""proveedor_telefono"":""439 107 2674"",""financiero_2023"":{""numero_control"":""0230"",""precio_compra_con_iva"":3555,""iva_compra"":490.34,""porcentaje_a_ganar"":35,""utilidad"":1244.25,""openpay_comision"":105.6,""openpay_iva"":16.9,""comision_tienda_nube"":101.03,""total_comisiones"":223.53,""descuento_pago_transferencia_pct"":2.23,""iva_venta_desglosar"":692.8,""precio_venta_sin_iva"":4330,""ganancia_real"":1265,""_nota"":""Congelado del control de Excel 2023. No se recalcula ni se sincroniza.""}}"
CJADB1,JUEGO DE AGUA DONA (7 PIEZAS),6914,4219.83,ARTESANIAS,CJADB1,SERVIN,TARANDACUAU GTO,,,"{""proveedor_contacto"":""VERONICA"",""proveedor_telefono"":""440 107 2674"",""financiero_2023"":{""numero_control"":""0231"",""precio_compra_con_iva"":4895,""iva_compra"":675.17,""porcentaje_a_ganar"":35,""utilidad"":1713.25,""openpay_comision"":144.46,""openpay_iva"":23.11,""comision_tienda_nube"":138.12,""total_comisiones"":305.68,""descuento_pago_transferencia_pct"":2.21,""iva_venta_desglosar"":953.65,""precio_venta_sin_iva"":5960,""ganancia_real"":1740,""_nota"":""Congelado del control de Excel 2023. No se recalcula ni se sincroniza.""}}"
CJCAB1,JUEGO DE CAFE AMERICANO (15 PIEZAS),8092,4939.66,ARTESANIAS,CJCAB1,SERVIN,TARANDACUAU GTO,,,"{""proveedor_contacto"":""VERONICA"",""proveedor_telefono"":""441 107 2674"",""financiero_2023"":{""numero_control"":""0232"",""precio_compra_con_iva"":5730,""iva_compra"":790.34,""porcentaje_a_ganar"":35,""utilidad"":2005.5,""openpay_comision"":168.67,""openpay_iva"":26.99,""comision_tienda_nube"":161.22,""total_comisiones"":356.88,""descuento_pago_transferencia_pct"":2.21,""iva_venta_desglosar"":1116.19,""precio_venta_sin_iva"":6976,""ganancia_real"":2037,""_nota"":""Congelado del control de Excel 2023. No se recalcula ni se sincroniza.""}}"
CJCEB1,JUEGO DE CAFE EXPRESS (15 PIEZAS),5284,3224.14,ARTESANIAS,CJCEB1,SERVIN,TARANDACUAU GTO,,,"{""proveedor_contacto"":""VERONICA"",""proveedor_telefono"":""442 107 2674"",""financiero_2023"":{""numero_control"":""0233"",""precio_compra_con_iva"":3740,""iva_compra"":515.86,""porcentaje_a_ganar"":35,""utilidad"":1309,""openpay_comision"":110.96,""openpay_iva"":17.75,""comision_tienda_nube"":106.15,""total_comisiones"":234.87,""descuento_pago_transferencia_pct"":2.22,""iva_venta_desglosar"":728.81,""precio_venta_sin_iva"":4555,""ganancia_real"":1331,""_nota"":""Congelado del control de Excel 2023. No se recalcula ni se sincroniza.""}}"
CJESA1,JUEGO DE ESCRITORIO (3 PIEZAS),1064,646.55,ARTESANIAS,CJESA1,SERVIN,TARANDACUAU GTO,,,"{""proveedor_contacto"":""VERONICA"",""proveedor_telefono"":""443 107 2674"",""financiero_2023"":{""numero_control"":""0234"",""precio_compra_con_iva"":750,""iva_compra"":103.45,""porcentaje_a_ganar"":35,""utilidad"":262.5,""openpay_comision"":24.25,""openpay_iva"":3.88,""comision_tienda_nube"":23.41,""total_comisiones"":51.54,""descuento_pago_transferencia_pct"":2.42,""iva_venta_desglosar"":146.76,""precio_venta_sin_iva"":917,""ganancia_real"":271,""_nota"":""Congelado del control de Excel 2023. No se recalcula ni se sincroniza.""}}"
CJTCB1,JUEGO DE TE CHICO (5 PIEZAS),2377,1448.28,ARTESANIAS,CJTCB1,SERVIN,TARANDACUAU GTO,,,"{""proveedor_contacto"":""VERONICA"",""proveedor_telefono"":""444 107 2674"",""financiero_2023"":{""numero_control"":""0235"",""precio_compra_con_iva"":1680,""iva_compra"":231.72,""porcentaje_a_ganar"":35,""utilidad"":588,""openpay_comision"":51.22,""openpay_iva"":8.2,""comision_tienda_nube"":49.15,""total_comisiones"":108.56,""descuento_pago_transferencia_pct"":2.28,""iva_venta_desglosar"":327.8,""precio_venta_sin_iva"":2049,""ganancia_real"":600,""_nota"":""Congelado del control de Excel 2023. No se recalcula ni se sincroniza.""}}"
CJTGB1,JUEGO DE TE GRANDE (7 PIEZAS),4430,2702.59,ARTESANIAS,CJTGB1,SERVIN,TARANDACUAU GTO,,,"{""proveedor_contacto"":""VERONICA"",""proveedor_telefono"":""445 107 2674"",""financiero_2023"":{""numero_control"":""0236"",""precio_compra_con_iva"":3135,""iva_compra"":432.41,""porcentaje_a_ganar"":35,""utilidad"":1097.25,""openpay_comision"":93.42,""openpay_iva"":14.95,""comision_tienda_nube"":89.41,""total_comisiones"":197.77,""descuento_pago_transferencia_pct"":2.23,""iva_venta_desglosar"":611.04,""precio_venta_sin_iva"":3819,""ganancia_real"":1116,""_nota"":""Congelado del control de Excel 2023. No se recalcula ni se sincroniza.""}}"
CJSCA1,JUEGO SAL/PIMIENTA CUADRADO (2 PIEZAS),542,327.59,ARTESANIAS,CJSCA1,SERVIN,TARANDACUAU GTO,,,"{""proveedor_contacto"":""VERONICA"",""proveedor_telefono"":""446 107 2674"",""financiero_2023"":{""numero_control"":""0237"",""precio_compra_con_iva"":380,""iva_compra"":52.41,""porcentaje_a_ganar"":35,""utilidad"":133,""openpay_comision"":13.52,""openpay_iva"":2.16,""comision_tienda_nube"":13.17,""total_comisiones"":28.86,""descuento_pago_transferencia_pct"":2.66,""iva_venta_desglosar"":74.74,""precio_venta_sin_iva"":467,""ganancia_real"":140,""_nota"":""Congelado del control de Excel 2023. No se recalcula ni se sincroniza.""}}"
CJTEA1,JUEGO TEQUILERO (4 PIEZAS),1120,681.03,ARTESANIAS,CJTEA1,SERVIN,TARANDACUAU GTO,,,"{""proveedor_contacto"":""VERONICA"",""proveedor_telefono"":""447 107 2674"",""financiero_2023"":{""numero_control"":""0238"",""precio_compra_con_iva"":790,""iva_compra"":108.97,""porcentaje_a_ganar"":35,""utilidad"":276.5,""openpay_comision"":25.41,""openpay_iva"":4.07,""comision_tienda_nube"":24.52,""total_comisiones"":54,""descuento_pago_transferencia_pct"":2.41,""iva_venta_desglosar"":154.55,""precio_venta_sin_iva"":966,""ganancia_real"":285,""_nota"":""Congelado del control de Excel 2023. No se recalcula ni se sincroniza.""}}"
CLAMC1,LAMPARA # 6 (25),1459,887.93,ARTESANIAS,CLAMC1,SERVIN,TARANDACUAU GTO,,,"{""proveedor_contacto"":""VERONICA"",""proveedor_telefono"":""448 107 2674"",""financiero_2023"":{""numero_control"":""0239"",""precio_compra_con_iva"":1030,""iva_compra"":142.07,""porcentaje_a_ganar"":35,""utilidad"":360.5,""openpay_comision"":32.37,""openpay_iva"":5.18,""comision_tienda_nube"":31.16,""total_comisiones"":68.71,""descuento_pago_transferencia_pct"":2.35,""iva_venta_desglosar"":201.27,""precio_venta_sin_iva"":1258,""ganancia_real"":370,""_nota"":""Congelado del control de Excel 2023. No se recalcula ni se sincroniza.""}}"
CLAMB1,LAMPARA # 7 (28),2172,1323.28,ARTESANIAS,CLAMB1,SERVIN,TARANDACUAU GTO,,,"{""proveedor_contacto"":""VERONICA"",""proveedor_telefono"":""449 107 2674"",""financiero_2023"":{""numero_control"":""0240"",""precio_compra_con_iva"":1535,""iva_compra"":211.72,""porcentaje_a_ganar"":35,""utilidad"":537.25,""openpay_comision"":47.02,""openpay_iva"":7.52,""comision_tienda_nube"":45.14,""total_comisiones"":99.67,""descuento_pago_transferencia_pct"":2.29,""iva_venta_desglosar"":299.58,""precio_venta_sin_iva"":1872,""ganancia_real"":549,""_nota"":""Congelado del control de Excel 2023. No se recalcula ni se sincroniza.""}}"
CLAMD1,LAMPARA # 8 (33.5),3259,1987.07,ARTESANIAS,CLAMD1,SERVIN,TARANDACUAU GTO,,,"{""proveedor_contacto"":""VERONICA"",""proveedor_telefono"":""450 107 2674"",""financiero_2023"":{""numero_control"":""0241"",""precio_compra_con_iva"":2305,""iva_compra"":317.93,""porcentaje_a_ganar"":35,""utilidad"":806.75,""openpay_comision"":69.35,""openpay_iva"":11.1,""comision_tienda_nube"":66.44,""total_comisiones"":146.88,""descuento_pago_transferencia_pct"":2.25,""iva_venta_desglosar"":449.47,""precio_venta_sin_iva"":2809,""ganancia_real"":822,""_nota"":""Congelado del control de Excel 2023. No se recalcula ni se sincroniza.""}}"
CLBMA1,LAMPARA BOLA MEDIANA (22x12.5),1509,918.1,ARTESANIAS,CLBMA1,SERVIN,TARANDACUAU GTO,,,"{""proveedor_contacto"":""VERONICA"",""proveedor_telefono"":""451 107 2674"",""financiero_2023"":{""numero_control"":""0242"",""precio_compra_con_iva"":1065,""iva_compra"":146.9,""porcentaje_a_ganar"":35,""utilidad"":372.75,""openpay_comision"":33.39,""openpay_iva"":5.34,""comision_tienda_nube"":32.13,""total_comisiones"":70.86,""descuento_pago_transferencia_pct"":2.35,""iva_venta_desglosar"":208.08,""precio_venta_sin_iva"":1301,""ganancia_real"":382,""_nota"":""Congelado del control de Excel 2023. No se recalcula ni se sincroniza.""}}"
CLCCA1,LAMPARA CILINDRICA (58x30),3315,2021.55,ARTESANIAS,CLCCA1,SERVIN,TARANDACUAU GTO,,,"{""proveedor_contacto"":""VERONICA"",""proveedor_telefono"":""452 107 2674"",""financiero_2023"":{""numero_control"":""0243"",""precio_compra_con_iva"":2345,""iva_compra"":323.45,""porcentaje_a_ganar"":35,""utilidad"":820.75,""openpay_comision"":70.51,""openpay_iva"":11.28,""comision_tienda_nube"":67.55,""total_comisiones"":149.34,""descuento_pago_transferencia_pct"":2.25,""iva_venta_desglosar"":457.25,""precio_venta_sin_iva"":2858,""ganancia_real"":836,""_nota"":""Congelado del control de Excel 2023. No se recalcula ni se sincroniza.""}}"
CLBCB1,LICORERA BOLA CHICA (22.5x11),1064,646.55,ARTESANIAS,CLBCB1,SERVIN,TARANDACUAU GTO,,,"{""proveedor_contacto"":""VERONICA"",""proveedor_telefono"":""453 107 2674"",""financiero_2023"":{""numero_control"":""0244"",""precio_compra_con_iva"":750,""iva_compra"":103.45,""porcentaje_a_ganar"":35,""utilidad"":262.5,""openpay_comision"":24.25,""openpay_iva"":3.88,""comision_tienda_nube"":23.41,""total_comisiones"":51.54,""descuento_pago_transferencia_pct"":2.42,""iva_venta_desglosar"":146.76,""precio_venta_sin_iva"":917,""ganancia_real"":271,""_nota"":""Congelado del control de Excel 2023. No se recalcula ni se sincroniza.""}}"
CLBGB1,LICORERA BOLA GRANDE (25x12.5),1953,1189.66,ARTESANIAS,CLBGB1,SERVIN,TARANDACUAU GTO,,,"{""proveedor_contacto"":""VERONICA"",""proveedor_telefono"":""454 107 2674"",""financiero_2023"":{""numero_control"":""0245"",""precio_compra_con_iva"":1380,""iva_compra"":190.34,""porcentaje_a_ganar"":35,""utilidad"":483,""openpay_comision"":42.52,""openpay_iva"":6.8,""comision_tienda_nube"":40.85,""total_comisiones"":90.17,""descuento_pago_transferencia_pct"":2.31,""iva_venta_desglosar"":269.4,""precio_venta_sin_iva"":1684,""ganancia_real"":494,""_nota"":""Congelado del control de Excel 2023. No se recalcula ni se sincroniza.""}}"
CLCUA1,LICORERA CUADRADA (18x15),1953,1189.66,ARTESANIAS,CLCUA1,SERVIN,TARANDACUAU GTO,,,"{""proveedor_contacto"":""VERONICA"",""proveedor_telefono"":""455 107 2674"",""financiero_2023"":{""numero_control"":""0246"",""precio_compra_con_iva"":1380,""iva_compra"":190.34,""porcentaje_a_ganar"":35,""utilidad"":483,""openpay_comision"":42.52,""openpay_iva"":6.8,""comision_tienda_nube"":40.85,""total_comisiones"":90.17,""descuento_pago_transferencia_pct"":2.31,""iva_venta_desglosar"":269.4,""precio_venta_sin_iva"":1684,""ganancia_real"":494,""_nota"":""Congelado del control de Excel 2023. No se recalcula ni se sincroniza.""}}"
CLDCA1,LICORERA DONA CERRADA CHICA (17x15),1149,698.28,ARTESANIAS,CLDCA1,SERVIN,TARANDACUAU GTO,,,"{""proveedor_contacto"":""VERONICA"",""proveedor_telefono"":""456 107 2674"",""financiero_2023"":{""numero_control"":""0247"",""precio_compra_con_iva"":810,""iva_compra"":111.72,""porcentaje_a_ganar"":35,""utilidad"":283.5,""openpay_comision"":25.99,""openpay_iva"":4.16,""comision_tienda_nube"":25.07,""total_comisiones"":55.22,""descuento_pago_transferencia_pct"":2.4,""iva_venta_desglosar"":158.44,""precio_venta_sin_iva"":990,""ganancia_real"":292,""_nota"":""Congelado del control de Excel 2023. No se recalcula ni se sincroniza.""}}"
CLDCB1,LICORERA DONA CERRADA GRANDE (22x6x20),2024,1232.76,ARTESANIAS,CLDCB1,SERVIN,TARANDACUAU GTO,,,"{""proveedor_contacto"":""VERONICA"",""proveedor_telefono"":""457 107 2674"",""financiero_2023"":{""numero_control"":""0248"",""precio_compra_con_iva"":1430,""iva_compra"":197.24,""porcentaje_a_ganar"":35,""utilidad"":500.5,""openpay_comision"":43.97,""openpay_iva"":7.04,""comision_tienda_nube"":42.23,""total_comisiones"":93.24,""descuento_pago_transferencia_pct"":2.3,""iva_venta_desglosar"":279.14,""precio_venta_sin_iva"":1745,""ganancia_real"":512,""_nota"":""Congelado del control de Excel 2023. No se recalcula ni se sincroniza.""}}"
CLDCC1,LICORERA DONA CHICA (9x8.5),436,262.93,ARTESANIAS,CLDCC1,SERVIN,TARANDACUAU GTO,,,"{""proveedor_contacto"":""VERONICA"",""proveedor_telefono"":""423 107 2674"",""financiero_2023"":{""numero_control"":""0249"",""precio_compra_con_iva"":305,""iva_compra"":42.07,""porcentaje_a_ganar"":35,""utilidad"":106.75,""openpay_comision"":11.35,""openpay_iva"":1.82,""comision_tienda_nube"":11.1,""total_comisiones"":24.26,""descuento_pago_transferencia_pct"":2.78,""iva_venta_desglosar"":60.14,""precio_venta_sin_iva"":376,""ganancia_real"":113,""_nota"":""Congelado del control de Excel 2023. No se recalcula ni se sincroniza.""}}"
CLDMA1,LICORERA DONA MEDIANA (14.5x14.5),1403,853.45,ARTESANIAS,CLDMA1,SERVIN,TARANDACUAU GTO,,,"{""proveedor_contacto"":""VERONICA"",""proveedor_telefono"":""424 107 2674"",""financiero_2023"":{""numero_control"":""0250"",""precio_compra_con_iva"":990,""iva_compra"":136.55,""porcentaje_a_ganar"":35,""utilidad"":346.5,""openpay_comision"":31.21,""openpay_iva"":4.99,""comision_tienda_nube"":30.05,""total_comisiones"":66.26,""descuento_pago_transferencia_pct"":2.36,""iva_venta_desglosar"":193.48,""precio_venta_sin_iva"":1209,""ganancia_real"":356,""_nota"":""Congelado del control de Excel 2023. No se recalcula ni se sincroniza.""}}"
CLDGA1,LICORERA DONA GRANDE (22x22),2242,1366.38,ARTESANIAS,CLDGA1,SERVIN,TARANDACUAU GTO,,,"{""proveedor_contacto"":""VERONICA"",""proveedor_telefono"":""425 107 2674"",""financiero_2023"":{""numero_control"":""0251"",""precio_compra_con_iva"":1585,""iva_compra"":218.62,""porcentaje_a_ganar"":35,""utilidad"":554.75,""openpay_comision"":48.47,""openpay_iva"":7.75,""comision_tienda_nube"":46.52,""total_comisiones"":102.74,""descuento_pago_transferencia_pct"":2.29,""iva_venta_desglosar"":309.31,""precio_venta_sin_iva"":1933,""ganancia_real"":567,""_nota"":""Congelado del control de Excel 2023. No se recalcula ni se sincroniza.""}}"
CLDMB1,LICORERA DONA MINI (6x6),309,185.34,ARTESANIAS,CLDMB1,SERVIN,TARANDACUAU GTO,,,"{""proveedor_contacto"":""VERONICA"",""proveedor_telefono"":""426 107 2674"",""financiero_2023"":{""numero_control"":""0252"",""precio_compra_con_iva"":215,""iva_compra"":29.66,""porcentaje_a_ganar"":35,""utilidad"":75.25,""openpay_comision"":8.74,""openpay_iva"":1.4,""comision_tienda_nube"":8.61,""total_comisiones"":18.74,""descuento_pago_transferencia_pct"":3.03,""iva_venta_desglosar"":42.62,""precio_venta_sin_iva"":266,""ganancia_real"":81,""_nota"":""Congelado del control de Excel 2023. No se recalcula ni se sincroniza.""}}"
CLLCA1,LICORERA LUNA CHICA (16x6x16.5),1149,698.28,ARTESANIAS,CLLCA1,SERVIN,TARANDACUAU GTO,,,"{""proveedor_contacto"":""VERONICA"",""proveedor_telefono"":""427 107 2674"",""financiero_2023"":{""numero_control"":""0253"",""precio_compra_con_iva"":810,""iva_compra"":111.72,""porcentaje_a_ganar"":35,""utilidad"":283.5,""openpay_comision"":25.99,""openpay_iva"":4.16,""comision_tienda_nube"":25.07,""total_comisiones"":55.22,""descuento_pago_transferencia_pct"":2.4,""iva_venta_desglosar"":158.44,""precio_venta_sin_iva"":990,""ganancia_real"":292,""_nota"":""Congelado del control de Excel 2023. No se recalcula ni se sincroniza.""}}"
CLLGA1,LICORERA LUNA GRANDE (20x8x21),1904,1159.48,ARTESANIAS,CLLGA1,SERVIN,TARANDACUAU GTO,,,"{""proveedor_contacto"":""VERONICA"",""proveedor_telefono"":""428 107 2674"",""financiero_2023"":{""numero_control"":""0254"",""precio_compra_con_iva"":1345,""iva_compra"":185.52,""porcentaje_a_ganar"":35,""utilidad"":470.75,""openpay_comision"":41.51,""openpay_iva"":6.64,""comision_tienda_nube"":39.88,""total_comisiones"":88.02,""descuento_pago_transferencia_pct"":2.31,""iva_venta_desglosar"":262.59,""precio_venta_sin_iva"":1641,""ganancia_real"":482,""_nota"":""Congelado del control de Excel 2023. No se recalcula ni se sincroniza.""}}"
CLMMA1,LICORERA MINI 50 ML. (7.5x3x7),309,185.34,ARTESANIAS,CLMMA1,SERVIN,TARANDACUAU GTO,,,"{""proveedor_contacto"":""VERONICA"",""proveedor_telefono"":""429 107 2674"",""financiero_2023"":{""numero_control"":""0255"",""precio_compra_con_iva"":215,""iva_compra"":29.66,""porcentaje_a_ganar"":35,""utilidad"":75.25,""openpay_comision"":8.74,""openpay_iva"":1.4,""comision_tienda_nube"":8.61,""total_comisiones"":18.74,""descuento_pago_transferencia_pct"":3.03,""iva_venta_desglosar"":42.62,""precio_venta_sin_iva"":266,""ganancia_real"":81,""_nota"":""Congelado del control de Excel 2023. No se recalcula ni se sincroniza.""}}"
CLACA1,LICORERA REDONDA CHICA CON ASAS (17.5x16.5),1756,1068.97,ARTESANIAS,CLACA1,SERVIN,TARANDACUAU GTO,,,"{""proveedor_contacto"":""VERONICA"",""proveedor_telefono"":""430 107 2674"",""financiero_2023"":{""numero_control"":""0256"",""precio_compra_con_iva"":1240,""iva_compra"":171.03,""porcentaje_a_ganar"":35,""utilidad"":434,""openpay_comision"":38.46,""openpay_iva"":6.15,""comision_tienda_nube"":36.97,""total_comisiones"":81.59,""descuento_pago_transferencia_pct"":2.32,""iva_venta_desglosar"":242.15,""precio_venta_sin_iva"":1513,""ganancia_real"":444,""_nota"":""Congelado del control de Excel 2023. No se recalcula ni se sincroniza.""}}"
CLTCA1,LICORERA TRIANGULAR CHICA (19.5x19.5),1953,1189.66,ARTESANIAS,CLTCA1,SERVIN,TARANDACUAU GTO,,,"{""proveedor_contacto"":""VERONICA"",""proveedor_telefono"":""431 107 2674"",""financiero_2023"":{""numero_control"":""0257"",""precio_compra_con_iva"":1380,""iva_compra"":190.34,""porcentaje_a_ganar"":35,""utilidad"":483,""openpay_comision"":42.52,""openpay_iva"":6.8,""comision_tienda_nube"":40.85,""total_comisiones"":90.17,""descuento_pago_transferencia_pct"":2.31,""iva_venta_desglosar"":269.4,""precio_venta_sin_iva"":1684,""ganancia_real"":494,""_nota"":""Congelado del control de Excel 2023. No se recalcula ni se sincroniza.""}}"
CMACB1,MACETA # 10 (25x27),4726,2883.62,ARTESANIAS,CMACB1,SERVIN,TARANDACUAU GTO,,,"{""proveedor_contacto"":""VERONICA"",""proveedor_telefono"":""432 107 2674"",""financiero_2023"":{""numero_control"":""0258"",""precio_compra_con_iva"":3345,""iva_compra"":461.38,""porcentaje_a_ganar"":35,""utilidad"":1170.75,""openpay_comision"":99.51,""openpay_iva"":15.92,""comision_tienda_nube"":95.22,""total_comisiones"":210.65,""descuento_pago_transferencia_pct"":2.23,""iva_venta_desglosar"":651.92,""precio_venta_sin_iva"":4074,""ganancia_real"":1191,""_nota"":""Congelado del control de Excel 2023. No se recalcula ni se sincroniza.""}}"
CMACE1,MACETA # 4 (10x8.5),471,284.48,ARTESANIAS,CMACE1,SERVIN,TARANDACUAU GTO,,,"{""proveedor_contacto"":""VERONICA"",""proveedor_telefono"":""433 107 2674"",""financiero_2023"":{""numero_control"":""0259"",""precio_compra_con_iva"":330,""iva_compra"":45.52,""porcentaje_a_ganar"":35,""utilidad"":115.5,""openpay_comision"":12.07,""openpay_iva"":1.93,""comision_tienda_nube"":11.79,""total_comisiones"":25.79,""descuento_pago_transferencia_pct"":2.74,""iva_venta_desglosar"":65.01,""precio_venta_sin_iva"":406,""ganancia_real"":122,""_nota"":""Congelado del control de Excel 2023. No se recalcula ni se sincroniza.""}}"
CMACF1,MACETA # 6 (15.5x16.5),1593,969.83,ARTESANIAS,CMACF1,SERVIN,TARANDACUAU GTO,,,"{""proveedor_contacto"":""VERONICA"",""proveedor_telefono"":""434 107 2674"",""financiero_2023"":{""numero_control"":""0260"",""precio_compra_con_iva"":1125,""iva_compra"":155.17,""porcentaje_a_ganar"":35,""utilidad"":393.75,""openpay_comision"":35.13,""openpay_iva"":5.62,""comision_tienda_nube"":33.79,""total_comisiones"":74.53,""descuento_pago_transferencia_pct"":2.34,""iva_venta_desglosar"":219.76,""precio_venta_sin_iva"":1374,""ganancia_real"":404,""_nota"":""Congelado del control de Excel 2023. No se recalcula ni se sincroniza.""}}"
CMACG1,MACETA # 7 (18.5x19.5),2024,1232.76,ARTESANIAS,CMACG1,SERVIN,TARANDACUAU GTO,,,"{""proveedor_contacto"":""VERONICA"",""proveedor_telefono"":""435 107 2674"",""financiero_2023"":{""numero_control"":""0261"",""precio_compra_con_iva"":1430,""iva_compra"":197.24,""porcentaje_a_ganar"":35,""utilidad"":500.5,""openpay_comision"":43.97,""openpay_iva"":7.04,""comision_tienda_nube"":42.23,""total_comisiones"":93.24,""descuento_pago_transferencia_pct"":2.3,""iva_venta_desglosar"":279.14,""precio_venta_sin_iva"":1745,""ganancia_real"":512,""_nota"":""Congelado del control de Excel 2023. No se recalcula ni se sincroniza.""}}"
CMCCA1,MACETA CUADRADA CHICA (12x7.5),507,306.03,ARTESANIAS,CMCCA1,SERVIN,TARANDACUAU GTO,,,"{""proveedor_contacto"":""VERONICA"",""proveedor_telefono"":""436 107 2674"",""financiero_2023"":{""numero_control"":""0262"",""precio_compra_con_iva"":355,""iva_compra"":48.97,""porcentaje_a_ganar"":35,""utilidad"":124.25,""openpay_comision"":12.8,""openpay_iva"":2.05,""comision_tienda_nube"":12.48,""total_comisiones"":27.32,""descuento_pago_transferencia_pct"":2.7,""iva_venta_desglosar"":69.87,""precio_venta_sin_iva"":437,""ganancia_real"":131,""_nota"":""Congelado del control de Excel 2023. No se recalcula ni se sincroniza.""}}"
CMCGA1,MACETA CUADRADA GRANDE (21x14.5),2101,1280.17,ARTESANIAS,CMCGA1,SERVIN,TARANDACUAU GTO,,,"{""proveedor_contacto"":""VERONICA"",""proveedor_telefono"":""437 107 2674"",""financiero_2023"":{""numero_control"":""0263"",""precio_compra_con_iva"":1485,""iva_compra"":204.83,""porcentaje_a_ganar"":35,""utilidad"":519.75,""openpay_comision"":45.57,""openpay_iva"":7.29,""comision_tienda_nube"":43.75,""total_comisiones"":96.61,""descuento_pago_transferencia_pct"":2.3,""iva_venta_desglosar"":289.84,""precio_venta_sin_iva"":1812,""ganancia_real"":531,""_nota"":""Congelado del control de Excel 2023. No se recalcula ni se sincroniza.""}}"
CMCMA1,MACETA CUADRADA MEDIANA (11.5x14.5),1092,663.79,ARTESANIAS,CMCMA1,SERVIN,TARANDACUAU GTO,,,"{""proveedor_contacto"":""VERONICA"",""proveedor_telefono"":""438 107 2674"",""financiero_2023"":{""numero_control"":""0264"",""precio_compra_con_iva"":770,""iva_compra"":106.21,""porcentaje_a_ganar"":35,""utilidad"":269.5,""openpay_comision"":24.83,""openpay_iva"":3.97,""comision_tienda_nube"":23.97,""total_comisiones"":52.77,""descuento_pago_transferencia_pct"":2.42,""iva_venta_desglosar"":150.66,""precio_venta_sin_iva"":942,""ganancia_real"":278,""_nota"":""Congelado del control de Excel 2023. No se recalcula ni se sincroniza.""}}"
CMVIA1,MACETA VIOLETERA (11x12.5),916,556.03,ARTESANIAS,CMVIA1,SERVIN,TARANDACUAU GTO,,,"{""proveedor_contacto"":""VERONICA"",""proveedor_telefono"":""439 107 2674"",""financiero_2023"":{""numero_control"":""0265"",""precio_compra_con_iva"":645,""iva_compra"":88.97,""porcentaje_a_ganar"":35,""utilidad"":225.75,""openpay_comision"":21.21,""openpay_iva"":3.39,""comision_tienda_nube"":20.51,""total_comisiones"":45.1,""descuento_pago_transferencia_pct"":2.46,""iva_venta_desglosar"":126.32,""precio_venta_sin_iva"":790,""ganancia_real"":233,""_nota"":""Congelado del control de Excel 2023. No se recalcula ni se sincroniza.""}}"
CMTQA1,MANTEQUILLERA RECTANGULAR (17.5x7x6),507,306.03,ARTESANIAS,CMTQA1,SERVIN,TARANDACUAU GTO,,,"{""proveedor_contacto"":""VERONICA"",""proveedor_telefono"":""440 107 2674"",""financiero_2023"":{""numero_control"":""0266"",""precio_compra_con_iva"":355,""iva_compra"":48.97,""porcentaje_a_ganar"":35,""utilidad"":124.25,""openpay_comision"":12.8,""openpay_iva"":2.05,""comision_tienda_nube"":12.48,""total_comisiones"":27.32,""descuento_pago_transferencia_pct"":2.7,""iva_venta_desglosar"":69.87,""precio_venta_sin_iva"":437,""ganancia_real"":131,""_nota"":""Congelado del control de Excel 2023. No se recalcula ni se sincroniza.""}}"
CMIEA1,MIELERA (13.5x9.5),739,448.28,ARTESANIAS,CMIEA1,SERVIN,TARANDACUAU GTO,,,"{""proveedor_contacto"":""VERONICA"",""proveedor_telefono"":""441 107 2674"",""financiero_2023"":{""numero_control"":""0267"",""precio_compra_con_iva"":520,""iva_compra"":71.72,""porcentaje_a_ganar"":35,""utilidad"":182,""openpay_comision"":17.58,""openpay_iva"":2.81,""comision_tienda_nube"":17.05,""total_comisiones"":37.44,""descuento_pago_transferencia_pct"":2.53,""iva_venta_desglosar"":101.99,""precio_venta_sin_iva"":637,""ganancia_real"":189,""_nota"":""Congelado del control de Excel 2023. No se recalcula ni se sincroniza.""}}"
CMSGA1,MOLCAJETE SANTA MARIA GRANDE (11.5x18.5),1297,788.79,ARTESANIAS,CMSGA1,SERVIN,TARANDACUAU GTO,,,"{""proveedor_contacto"":""VERONICA"",""proveedor_telefono"":""442 107 2674"",""financiero_2023"":{""numero_control"":""0268"",""precio_compra_con_iva"":915,""iva_compra"":126.21,""porcentaje_a_ganar"":35,""utilidad"":320.25,""openpay_comision"":29.04,""openpay_iva"":4.65,""comision_tienda_nube"":27.98,""total_comisiones"":61.66,""descuento_pago_transferencia_pct"":2.38,""iva_venta_desglosar"":178.88,""precio_venta_sin_iva"":1118,""ganancia_real"":329,""_nota"":""Congelado del control de Excel 2023. No se recalcula ni se sincroniza.""}}"
CMSCA1,MOLCAJETE SANTA MARIA CHICO (6x11),528,318.97,ARTESANIAS,CMSCA1,SERVIN,TARANDACUAU GTO,,,"{""proveedor_contacto"":""VERONICA"",""proveedor_telefono"":""443 107 2674"",""financiero_2023"":{""numero_control"":""0269"",""precio_compra_con_iva"":370,""iva_compra"":51.03,""porcentaje_a_ganar"":35,""utilidad"":129.5,""openpay_comision"":13.23,""openpay_iva"":2.12,""comision_tienda_nube"":12.9,""total_comisiones"":28.24,""descuento_pago_transferencia_pct"":2.68,""iva_venta_desglosar"":72.79,""precio_venta_sin_iva"":455,""ganancia_real"":136,""_nota"":""Congelado del control de Excel 2023. No se recalcula ni se sincroniza.""}}"
CMSMA1,MOLCAJETE SANTA MARIA MEDIANO (10.5x16.5),1043,633.62,ARTESANIAS,CMSMA1,SERVIN,TARANDACUAU GTO,,,"{""proveedor_contacto"":""VERONICA"",""proveedor_telefono"":""444 107 2674"",""financiero_2023"":{""numero_control"":""0270"",""precio_compra_con_iva"":735,""iva_compra"":101.38,""porcentaje_a_ganar"":35,""utilidad"":257.25,""openpay_comision"":23.82,""openpay_iva"":3.81,""comision_tienda_nube"":23,""total_comisiones"":50.62,""descuento_pago_transferencia_pct"":2.43,""iva_venta_desglosar"":143.84,""precio_venta_sin_iva"":899,""ganancia_real"":265,""_nota"":""Congelado del control de Excel 2023. No se recalcula ni se sincroniza.""}}"
CPBOA1,PAYASO BOLITAS (30x9),1346,818.97,ARTESANIAS,CPBOA1,SERVIN,TARANDACUAU GTO,,,"{""proveedor_contacto"":""VERONICA"",""proveedor_telefono"":""445 107 2674"",""financiero_2023"":{""numero_control"":""0271"",""precio_compra_con_iva"":950,""iva_compra"":131.03,""porcentaje_a_ganar"":35,""utilidad"":332.5,""openpay_comision"":30.05,""openpay_iva"":4.81,""comision_tienda_nube"":28.95,""total_comisiones"":63.81,""descuento_pago_transferencia_pct"":2.37,""iva_venta_desglosar"":185.7,""precio_venta_sin_iva"":1161,""ganancia_real"":342,""_nota"":""Congelado del control de Excel 2023. No se recalcula ni se sincroniza.""}}"
CPBLA1,PAYASO BOLITAS LARGO (50x8),1565,952.59,ARTESANIAS,CPBLA1,SERVIN,TARANDACUAU GTO,,,"{""proveedor_contacto"":""VERONICA"",""proveedor_telefono"":""446 107 2674"",""financiero_2023"":{""numero_control"":""0272"",""precio_compra_con_iva"":1105,""iva_compra"":152.41,""porcentaje_a_ganar"":35,""utilidad"":386.75,""openpay_comision"":34.55,""openpay_iva"":5.53,""comision_tienda_nube"":33.24,""total_comisiones"":73.31,""descuento_pago_transferencia_pct"":2.34,""iva_venta_desglosar"":215.87,""precio_venta_sin_iva"":1349,""ganancia_real"":397,""_nota"":""Congelado del control de Excel 2023. No se recalcula ni se sincroniza.""}}"
CPGOA1,PAYASO GORDO (17x17),1297,788.79,ARTESANIAS,CPGOA1,SERVIN,TARANDACUAU GTO,,,"{""proveedor_contacto"":""VERONICA"",""proveedor_telefono"":""447 107 2674"",""financiero_2023"":{""numero_control"":""0273"",""precio_compra_con_iva"":915,""iva_compra"":126.21,""porcentaje_a_ganar"":35,""utilidad"":320.25,""openpay_comision"":29.04,""openpay_iva"":4.65,""comision_tienda_nube"":27.98,""total_comisiones"":61.66,""descuento_pago_transferencia_pct"":2.38,""iva_venta_desglosar"":178.88,""precio_venta_sin_iva"":1118,""ganancia_real"":329,""_nota"":""Congelado del control de Excel 2023. No se recalcula ni se sincroniza.""}}"
CPKIA1,PAYASO KIM (25.5x8),1297,788.79,ARTESANIAS,CPKIA1,SERVIN,TARANDACUAU GTO,,,"{""proveedor_contacto"":""VERONICA"",""proveedor_telefono"":""448 107 2674"",""financiero_2023"":{""numero_control"":""0274"",""precio_compra_con_iva"":915,""iva_compra"":126.21,""porcentaje_a_ganar"":35,""utilidad"":320.25,""openpay_comision"":29.04,""openpay_iva"":4.65,""comision_tienda_nube"":27.98,""total_comisiones"":61.66,""descuento_pago_transferencia_pct"":2.38,""iva_venta_desglosar"":178.88,""precio_venta_sin_iva"":1118,""ganancia_real"":329,""_nota"":""Congelado del control de Excel 2023. No se recalcula ni se sincroniza.""}}"
CPSHA1,PAYASO SHORT (23.5x8),1297,788.79,ARTESANIAS,CPSHA1,SERVIN,TARANDACUAU GTO,,,"{""proveedor_contacto"":""VERONICA"",""proveedor_telefono"":""449 107 2674"",""financiero_2023"":{""numero_control"":""0275"",""precio_compra_con_iva"":915,""iva_compra"":126.21,""porcentaje_a_ganar"":35,""utilidad"":320.25,""openpay_comision"":29.04,""openpay_iva"":4.65,""comision_tienda_nube"":27.98,""total_comisiones"":61.66,""descuento_pago_transferencia_pct"":2.38,""iva_venta_desglosar"":178.88,""precio_venta_sin_iva"":1118,""ganancia_real"":329,""_nota"":""Congelado del control de Excel 2023. No se recalcula ni se sincroniza.""}}"
CPCHA1,PIMIENTERO CHICO (3.5x3),217,129.31,ARTESANIAS,CPCHA1,SERVIN,TARANDACUAU GTO,,,"{""proveedor_contacto"":""VERONICA"",""proveedor_telefono"":""450 107 2674"",""financiero_2023"":{""numero_control"":""0276"",""precio_compra_con_iva"":150,""iva_compra"":20.69,""porcentaje_a_ganar"":35,""utilidad"":52.5,""openpay_comision"":6.85,""openpay_iva"":1.1,""comision_tienda_nube"":6.81,""total_comisiones"":14.75,""descuento_pago_transferencia_pct"":3.4,""iva_venta_desglosar"":29.97,""precio_venta_sin_iva"":187,""ganancia_real"":58,""_nota"":""Congelado del control de Excel 2023. No se recalcula ni se sincroniza.""}}"
CPCUA1,PIMIENTERO CUADRADO (8x3),274,163.79,ARTESANIAS,CPCUA1,SERVIN,TARANDACUAU GTO,,,"{""proveedor_contacto"":""VERONICA"",""proveedor_telefono"":""451 107 2674"",""financiero_2023"":{""numero_control"":""0277"",""precio_compra_con_iva"":190,""iva_compra"":26.21,""porcentaje_a_ganar"":35,""utilidad"":66.5,""openpay_comision"":8.01,""openpay_iva"":1.28,""comision_tienda_nube"":7.92,""total_comisiones"":17.21,""descuento_pago_transferencia_pct"":3.14,""iva_venta_desglosar"":37.75,""precio_venta_sin_iva"":236,""ganancia_real"":72,""_nota"":""Congelado del control de Excel 2023. No se recalcula ni se sincroniza.""}}"
CPGRA1,PIMIENTERO GRANDE (6.5x4.5),238,142.24,ARTESANIAS,CPGRA1,SERVIN,TARANDACUAU GTO,,,"{""proveedor_contacto"":""VERONICA"",""proveedor_telefono"":""452 107 2674"",""financiero_2023"":{""numero_control"":""0278"",""precio_compra_con_iva"":165,""iva_compra"":22.76,""porcentaje_a_ganar"":35,""utilidad"":57.75,""openpay_comision"":7.29,""openpay_iva"":1.17,""comision_tienda_nube"":7.22,""total_comisiones"":15.67,""descuento_pago_transferencia_pct"":3.29,""iva_venta_desglosar"":32.89,""precio_venta_sin_iva"":206,""ganancia_real"":63,""_nota"":""Congelado del control de Excel 2023. No se recalcula ni se sincroniza.""}}"
CPBAA1,PLATO BASE (28),1417,862.07,ARTESANIAS,CPBAA1,SERVIN,TARANDACUAU GTO,,,"{""proveedor_contacto"":""VERONICA"",""proveedor_telefono"":""453 107 2674"",""financiero_2023"":{""numero_control"":""0279"",""precio_compra_con_iva"":1000,""iva_compra"":137.93,""porcentaje_a_ganar"":35,""utilidad"":350,""openpay_comision"":31.5,""openpay_iva"":5.04,""comision_tienda_nube"":30.33,""total_comisiones"":66.87,""descuento_pago_transferencia_pct"":2.36,""iva_venta_desglosar"":195.43,""precio_venta_sin_iva"":1221,""ganancia_real"":359,""_nota"":""Congelado del control de Excel 2023. No se recalcula ni se sincroniza.""}}"
CPSOA1,PLATO CONSOME (6x12.5),648,392.24,ARTESANIAS,CPSOA1,SERVIN,TARANDACUAU GTO,,,"{""proveedor_contacto"":""VERONICA"",""proveedor_telefono"":""454 107 2674"",""financiero_2023"":{""numero_control"":""0280"",""precio_compra_con_iva"":455,""iva_compra"":62.76,""porcentaje_a_ganar"":35,""utilidad"":159.25,""openpay_comision"":15.7,""openpay_iva"":2.51,""comision_tienda_nube"":15.25,""total_comisiones"":33.46,""descuento_pago_transferencia_pct"":2.58,""iva_venta_desglosar"":89.34,""precio_venta_sin_iva"":558,""ganancia_real"":166,""_nota"":""Congelado del control de Excel 2023. No se recalcula ni se sincroniza.""}}"
CPPAA1,PLATO PAN (20),916,556.03,ARTESANIAS,CPPAA1,SERVIN,TARANDACUAU GTO,,,"{""proveedor_contacto"":""VERONICA"",""proveedor_telefono"":""455 107 2674"",""financiero_2023"":{""numero_control"":""0281"",""precio_compra_con_iva"":645,""iva_compra"":88.97,""porcentaje_a_ganar"":35,""utilidad"":225.75,""openpay_comision"":21.21,""openpay_iva"":3.39,""comision_tienda_nube"":20.51,""total_comisiones"":45.1,""descuento_pago_transferencia_pct"":2.46,""iva_venta_desglosar"":126.32,""precio_venta_sin_iva"":790,""ganancia_real"":233,""_nota"":""Congelado del control de Excel 2023. No se recalcula ni se sincroniza.""}}"
CPPCA1,PLATO PARA COLGAR (10),330,198.28,ARTESANIAS,CPPCA1,SERVIN,TARANDACUAU GTO,,,"{""proveedor_contacto"":""VERONICA"",""proveedor_telefono"":""456 107 2674"",""financiero_2023"":{""numero_control"":""0282"",""precio_compra_con_iva"":230,""iva_compra"":31.72,""porcentaje_a_ganar"":35,""utilidad"":80.5,""openpay_comision"":9.17,""openpay_iva"":1.47,""comision_tienda_nube"":9.02,""total_comisiones"":19.66,""descuento_pago_transferencia_pct"":2.98,""iva_venta_desglosar"":45.54,""precio_venta_sin_iva"":285,""ganancia_real"":86,""_nota"":""Congelado del control de Excel 2023. No se recalcula ni se sincroniza.""}}"
CPPCC1,PLATO PARA COLGAR (15),528,318.97,ARTESANIAS,CPPCC1,SERVIN,TARANDACUAU GTO,,,"{""proveedor_contacto"":""VERONICA"",""proveedor_telefono"":""457 107 2674"",""financiero_2023"":{""numero_control"":""0283"",""precio_compra_con_iva"":370,""iva_compra"":51.03,""porcentaje_a_ganar"":35,""utilidad"":129.5,""openpay_comision"":13.23,""openpay_iva"":2.12,""comision_tienda_nube"":12.9,""total_comisiones"":28.24,""descuento_pago_transferencia_pct"":2.68,""iva_venta_desglosar"":72.79,""precio_venta_sin_iva"":455,""ganancia_real"":136,""_nota"":""Congelado del control de Excel 2023. No se recalcula ni se sincroniza.""}}"
CPPCD1,PLATO PARA COLGAR (17),775,469.83,ARTESANIAS,CPPCD1,SERVIN,TARANDACUAU GTO,,,"{""proveedor_contacto"":""VERONICA"",""proveedor_telefono"":""423 107 2674"",""financiero_2023"":{""numero_control"":""0284"",""precio_compra_con_iva"":545,""iva_compra"":75.17,""porcentaje_a_ganar"":35,""utilidad"":190.75,""openpay_comision"":18.31,""openpay_iva"":2.93,""comision_tienda_nube"":17.74,""total_comisiones"":38.97,""descuento_pago_transferencia_pct"":2.52,""iva_venta_desglosar"":106.86,""precio_venta_sin_iva"":668,""ganancia_real"":198,""_nota"":""Congelado del control de Excel 2023. No se recalcula ni se sincroniza.""}}"
CPPCE1,PLATO PARA COLGAR (20),1120,681.03,ARTESANIAS,CPPCE1,SERVIN,TARANDACUAU GTO,,,"{""proveedor_contacto"":""VERONICA"",""proveedor_telefono"":""424 107 2674"",""financiero_2023"":{""numero_control"":""0285"",""precio_compra_con_iva"":790,""iva_compra"":108.97,""porcentaje_a_ganar"":35,""utilidad"":276.5,""openpay_comision"":25.41,""openpay_iva"":4.07,""comision_tienda_nube"":24.52,""total_comisiones"":54,""descuento_pago_transferencia_pct"":2.41,""iva_venta_desglosar"":154.55,""precio_venta_sin_iva"":966,""ganancia_real"":285,""_nota"":""Congelado del control de Excel 2023. No se recalcula ni se sincroniza.""}}"
CPPCF1,PLATO PARA COLGAR (24),1325,806.03,ARTESANIAS,CPPCF1,SERVIN,TARANDACUAU GTO,,,"{""proveedor_contacto"":""VERONICA"",""proveedor_telefono"":""425 107 2674"",""financiero_2023"":{""numero_control"":""0286"",""precio_compra_con_iva"":935,""iva_compra"":128.97,""porcentaje_a_ganar"":35,""utilidad"":327.25,""openpay_comision"":29.62,""openpay_iva"":4.74,""comision_tienda_nube"":28.53,""total_comisiones"":62.89,""descuento_pago_transferencia_pct"":2.37,""iva_venta_desglosar"":182.78,""precio_venta_sin_iva"":1142,""ganancia_real"":336,""_nota"":""Congelado del control de Excel 2023. No se recalcula ni se sincroniza.""}}"
CPPCG1,PLATO PARA COLGAR (28),1685,1025.86,ARTESANIAS,CPPCG1,SERVIN,TARANDACUAU GTO,,,"{""proveedor_contacto"":""VERONICA"",""proveedor_telefono"":""426 107 2674"",""financiero_2023"":{""numero_control"":""0287"",""precio_compra_con_iva"":1190,""iva_compra"":164.14,""porcentaje_a_ganar"":35,""utilidad"":416.5,""openpay_comision"":37.01,""openpay_iva"":5.92,""comision_tienda_nube"":35.59,""total_comisiones"":78.52,""descuento_pago_transferencia_pct"":2.33,""iva_venta_desglosar"":232.42,""precio_venta_sin_iva"":1453,""ganancia_real"":427,""_nota"":""Congelado del control de Excel 2023. No se recalcula ni se sincroniza.""}}"
CPPAB1,PLATO PASTEL (17),669,405.17,ARTESANIAS,CPPAB1,SERVIN,TARANDACUAU GTO,,,"{""proveedor_contacto"":""VERONICA"",""proveedor_telefono"":""427 107 2674"",""financiero_2023"":{""numero_control"":""0288"",""precio_compra_con_iva"":470,""iva_compra"":64.83,""porcentaje_a_ganar"":35,""utilidad"":164.5,""openpay_comision"":16.13,""openpay_iva"":2.58,""comision_tienda_nube"":15.66,""total_comisiones"":34.38,""descuento_pago_transferencia_pct"":2.57,""iva_venta_desglosar"":92.26,""precio_venta_sin_iva"":577,""ganancia_real"":171,""_nota"":""Congelado del control de Excel 2023. No se recalcula ni se sincroniza.""}}"
CPPOA1,PLATO POSTRE (14),450,271.55,ARTESANIAS,CPPOA1,SERVIN,TARANDACUAU GTO,,,"{""proveedor_contacto"":""VERONICA"",""proveedor_telefono"":""428 107 2674"",""financiero_2023"":{""numero_control"":""0289"",""precio_compra_con_iva"":315,""iva_compra"":43.45,""porcentaje_a_ganar"":35,""utilidad"":110.25,""openpay_comision"":11.64,""openpay_iva"":1.86,""comision_tienda_nube"":11.37,""total_comisiones"":24.87,""descuento_pago_transferencia_pct"":2.76,""iva_venta_desglosar"":62.09,""precio_venta_sin_iva"":388,""ganancia_real"":116,""_nota"":""Congelado del control de Excel 2023. No se recalcula ni se sincroniza.""}}"
CPSOB1,PLATO SOPA (5.5x17),1205,732.76,ARTESANIAS,CPSOB1,SERVIN,TARANDACUAU GTO,,,"{""proveedor_contacto"":""VERONICA"",""proveedor_telefono"":""429 107 2674"",""financiero_2023"":{""numero_control"":""0290"",""precio_compra_con_iva"":850,""iva_compra"":117.24,""porcentaje_a_ganar"":35,""utilidad"":297.5,""openpay_comision"":27.15,""openpay_iva"":4.34,""comision_tienda_nube"":26.18,""total_comisiones"":57.67,""descuento_pago_transferencia_pct"":2.39,""iva_venta_desglosar"":166.23,""precio_venta_sin_iva"":1039,""ganancia_real"":306,""_nota"":""Congelado del control de Excel 2023. No se recalcula ni se sincroniza.""}}"
CPTRA1,PLATO TRINCHE (24),1120,681.03,ARTESANIAS,CPTRA1,SERVIN,TARANDACUAU GTO,,,"{""proveedor_contacto"":""VERONICA"",""proveedor_telefono"":""430 107 2674"",""financiero_2023"":{""numero_control"":""0291"",""precio_compra_con_iva"":790,""iva_compra"":108.97,""porcentaje_a_ganar"":35,""utilidad"":276.5,""openpay_comision"":25.41,""openpay_iva"":4.07,""comision_tienda_nube"":24.52,""total_comisiones"":54,""descuento_pago_transferencia_pct"":2.41,""iva_venta_desglosar"":154.55,""precio_venta_sin_iva"":966,""ganancia_real"":285,""_nota"":""Congelado del control de Excel 2023. No se recalcula ni se sincroniza.""}}"
CPOCA1,PLATON OVAL CHICO (24x32),2024,1232.76,ARTESANIAS,CPOCA1,SERVIN,TARANDACUAU GTO,,,"{""proveedor_contacto"":""VERONICA"",""proveedor_telefono"":""431 107 2674"",""financiero_2023"":{""numero_control"":""0292"",""precio_compra_con_iva"":1430,""iva_compra"":197.24,""porcentaje_a_ganar"":35,""utilidad"":500.5,""openpay_comision"":43.97,""openpay_iva"":7.04,""comision_tienda_nube"":42.23,""total_comisiones"":93.24,""descuento_pago_transferencia_pct"":2.3,""iva_venta_desglosar"":279.14,""precio_venta_sin_iva"":1745,""ganancia_real"":512,""_nota"":""Congelado del control de Excel 2023. No se recalcula ni se sincroniza.""}}"
CPOGA1,PLATON OVAL GRANDE HONDO (28x40),2440,1487.07,ARTESANIAS,CPOGA1,SERVIN,TARANDACUAU GTO,,,"{""proveedor_contacto"":""VERONICA"",""proveedor_telefono"":""432 107 2674"",""financiero_2023"":{""numero_control"":""0293"",""precio_compra_con_iva"":1725,""iva_compra"":237.93,""porcentaje_a_ganar"":35,""utilidad"":603.75,""openpay_comision"":52.53,""openpay_iva"":8.4,""comision_tienda_nube"":50.39,""total_comisiones"":111.32,""descuento_pago_transferencia_pct"":2.28,""iva_venta_desglosar"":336.56,""precio_venta_sin_iva"":2104,""ganancia_real"":616,""_nota"":""Congelado del control de Excel 2023. No se recalcula ni se sincroniza.""}}"
CPCHB1,POLKA CHICA (21x12),1812,1103.45,ARTESANIAS,CPCHB1,SERVIN,TARANDACUAU GTO,,,"{""proveedor_contacto"":""VERONICA"",""proveedor_telefono"":""433 107 2674"",""financiero_2023"":{""numero_control"":""0294"",""precio_compra_con_iva"":1280,""iva_compra"":176.55,""porcentaje_a_ganar"":35,""utilidad"":448,""openpay_comision"":39.62,""openpay_iva"":6.34,""comision_tienda_nube"":38.08,""total_comisiones"":84.04,""descuento_pago_transferencia_pct"":2.32,""iva_venta_desglosar"":249.94,""precio_venta_sin_iva"":1562,""ganancia_real"":459,""_nota"":""Congelado del control de Excel 2023. No se recalcula ni se sincroniza.""}}"
CPCGA1,PORTA CUCHARA GOTA (14x9.3),471,284.48,ARTESANIAS,CPCGA1,SERVIN,TARANDACUAU GTO,,,"{""proveedor_contacto"":""VERONICA"",""proveedor_telefono"":""434 107 2674"",""financiero_2023"":{""numero_control"":""0295"",""precio_compra_con_iva"":330,""iva_compra"":45.52,""porcentaje_a_ganar"":35,""utilidad"":115.5,""openpay_comision"":12.07,""openpay_iva"":1.93,""comision_tienda_nube"":11.79,""total_comisiones"":25.79,""descuento_pago_transferencia_pct"":2.74,""iva_venta_desglosar"":65.01,""precio_venta_sin_iva"":406,""ganancia_real"":122,""_nota"":""Congelado del control de Excel 2023. No se recalcula ni se sincroniza.""}}"
CPCGB1,PORTA CUCHARA GRANDE (25x9),676,409.48,ARTESANIAS,CPCGB1,SERVIN,TARANDACUAU GTO,,,"{""proveedor_contacto"":""VERONICA"",""proveedor_telefono"":""435 107 2674"",""financiero_2023"":{""numero_control"":""0296"",""precio_compra_con_iva"":475,""iva_compra"":65.52,""porcentaje_a_ganar"":35,""utilidad"":166.25,""openpay_comision"":16.28,""openpay_iva"":2.6,""comision_tienda_nube"":15.8,""total_comisiones"":34.68,""descuento_pago_transferencia_pct"":2.57,""iva_venta_desglosar"":93.23,""precio_venta_sin_iva"":583,""ganancia_real"":173,""_nota"":""Congelado del control de Excel 2023. No se recalcula ni se sincroniza.""}}"
CPCAA1,PORTACANDEREL (6.5x11.5x8),450,271.55,ARTESANIAS,CPCAA1,SERVIN,TARANDACUAU GTO,,,"{""proveedor_contacto"":""VERONICA"",""proveedor_telefono"":""436 107 2674"",""financiero_2023"":{""numero_control"":""0297"",""precio_compra_con_iva"":315,""iva_compra"":43.45,""porcentaje_a_ganar"":35,""utilidad"":110.25,""openpay_comision"":11.64,""openpay_iva"":1.86,""comision_tienda_nube"":11.37,""total_comisiones"":24.87,""descuento_pago_transferencia_pct"":2.76,""iva_venta_desglosar"":62.09,""precio_venta_sin_iva"":388,""ganancia_real"":116,""_nota"":""Congelado del control de Excel 2023. No se recalcula ni se sincroniza.""}}"
CPORA1,PORTACLIPS (5x6.5),309,185.34,ARTESANIAS,CPORA1,SERVIN,TARANDACUAU GTO,,,"{""proveedor_contacto"":""VERONICA"",""proveedor_telefono"":""437 107 2674"",""financiero_2023"":{""numero_control"":""0298"",""precio_compra_con_iva"":215,""iva_compra"":29.66,""porcentaje_a_ganar"":35,""utilidad"":75.25,""openpay_comision"":8.74,""openpay_iva"":1.4,""comision_tienda_nube"":8.61,""total_comisiones"":18.74,""descuento_pago_transferencia_pct"":3.03,""iva_venta_desglosar"":42.62,""precio_venta_sin_iva"":266,""ganancia_real"":81,""_nota"":""Congelado del control de Excel 2023. No se recalcula ni se sincroniza.""}}"
CPORB1,PORTALAPICES (10.5x6.5),436,262.93,ARTESANIAS,CPORB1,SERVIN,TARANDACUAU GTO,,,"{""proveedor_contacto"":""VERONICA"",""proveedor_telefono"":""438 107 2674"",""financiero_2023"":{""numero_control"":""0299"",""precio_compra_con_iva"":305,""iva_compra"":42.07,""porcentaje_a_ganar"":35,""utilidad"":106.75,""openpay_comision"":11.35,""openpay_iva"":1.82,""comision_tienda_nube"":11.1,""total_comisiones"":24.26,""descuento_pago_transferencia_pct"":2.78,""iva_venta_desglosar"":60.14,""precio_venta_sin_iva"":376,""ganancia_real"":113,""_nota"":""Congelado del control de Excel 2023. No se recalcula ni se sincroniza.""}}"
CPCCA1,PORTAVELA CALADO CHICO (7.5x8.5),528,318.97,ARTESANIAS,CPCCA1,SERVIN,TARANDACUAU GTO,,,"{""proveedor_contacto"":""VERONICA"",""proveedor_telefono"":""439 107 2674"",""financiero_2023"":{""numero_control"":""0300"",""precio_compra_con_iva"":370,""iva_compra"":51.03,""porcentaje_a_ganar"":35,""utilidad"":129.5,""openpay_comision"":13.23,""openpay_iva"":2.12,""comision_tienda_nube"":12.9,""total_comisiones"":28.24,""descuento_pago_transferencia_pct"":2.68,""iva_venta_desglosar"":72.79,""precio_venta_sin_iva"":455,""ganancia_real"":136,""_nota"":""Congelado del control de Excel 2023. No se recalcula ni se sincroniza.""}}"
CPCMA1,PORTAVELA CALADO MEDIANO (10.5x10.5),761,461.21,ARTESANIAS,CPCMA1,SERVIN,TARANDACUAU GTO,,,"{""proveedor_contacto"":""VERONICA"",""proveedor_telefono"":""440 107 2674"",""financiero_2023"":{""numero_control"":""0301"",""precio_compra_con_iva"":535,""iva_compra"":73.79,""porcentaje_a_ganar"":35,""utilidad"":187.25,""openpay_comision"":18.02,""openpay_iva"":2.88,""comision_tienda_nube"":17.46,""total_comisiones"":38.36,""descuento_pago_transferencia_pct"":2.52,""iva_venta_desglosar"":104.91,""precio_venta_sin_iva"":656,""ganancia_real"":194,""_nota"":""Congelado del control de Excel 2023. No se recalcula ni se sincroniza.""}}"
CQUEA1,QUESERA (9.5x21),1650,1004.31,ARTESANIAS,CQUEA1,SERVIN,TARANDACUAU GTO,,,"{""proveedor_contacto"":""VERONICA"",""proveedor_telefono"":""441 107 2674"",""financiero_2023"":{""numero_control"":""0302"",""precio_compra_con_iva"":1165,""iva_compra"":160.69,""porcentaje_a_ganar"":35,""utilidad"":407.75,""openpay_comision"":36.29,""openpay_iva"":5.81,""comision_tienda_nube"":34.9,""total_comisiones"":76.99,""descuento_pago_transferencia_pct"":2.33,""iva_venta_desglosar"":227.55,""precio_venta_sin_iva"":1422,""ganancia_real"":418,""_nota"":""Congelado del control de Excel 2023. No se recalcula ni se sincroniza.""}}"
CSPBA1,SALERO / PIMIENTERO BOLA (9x8.5),598,362.07,ARTESANIAS,CSPBA1,SERVIN,TARANDACUAU GTO,,,"{""proveedor_contacto"":""VERONICA"",""proveedor_telefono"":""442 107 2674"",""financiero_2023"":{""numero_control"":""0303"",""precio_compra_con_iva"":420,""iva_compra"":57.93,""porcentaje_a_ganar"":35,""utilidad"":147,""openpay_comision"":14.68,""openpay_iva"":2.35,""comision_tienda_nube"":14.28,""total_comisiones"":31.31,""descuento_pago_transferencia_pct"":2.62,""iva_venta_desglosar"":82.53,""precio_venta_sin_iva"":516,""ganancia_real"":154,""_nota"":""Congelado del control de Excel 2023. No se recalcula ni se sincroniza.""}}"
CSCHA1,SALERO CHICO (3.5x3),217,129.31,ARTESANIAS,CSCHA1,SERVIN,TARANDACUAU GTO,,,"{""proveedor_contacto"":""VERONICA"",""proveedor_telefono"":""443 107 2674"",""financiero_2023"":{""numero_control"":""0304"",""precio_compra_con_iva"":150,""iva_compra"":20.69,""porcentaje_a_ganar"":35,""utilidad"":52.5,""openpay_comision"":6.85,""openpay_iva"":1.1,""comision_tienda_nube"":6.81,""total_comisiones"":14.75,""descuento_pago_transferencia_pct"":3.4,""iva_venta_desglosar"":29.97,""precio_venta_sin_iva"":187,""ganancia_real"":58,""_nota"":""Congelado del control de Excel 2023. No se recalcula ni se sincroniza.""}}"
CSCUA1,SALERO CUADRADO (8x3),274,163.79,ARTESANIAS,CSCUA1,SERVIN,TARANDACUAU GTO,,,"{""proveedor_contacto"":""VERONICA"",""proveedor_telefono"":""444 107 2674"",""financiero_2023"":{""numero_control"":""0305"",""precio_compra_con_iva"":190,""iva_compra"":26.21,""porcentaje_a_ganar"":35,""utilidad"":66.5,""openpay_comision"":8.01,""openpay_iva"":1.28,""comision_tienda_nube"":7.92,""total_comisiones"":17.21,""descuento_pago_transferencia_pct"":3.14,""iva_venta_desglosar"":37.75,""precio_venta_sin_iva"":236,""ganancia_real"":72,""_nota"":""Congelado del control de Excel 2023. No se recalcula ni se sincroniza.""}}"
CSGRA1,SALERO GRANDE (6.5x4.5),238,142.24,ARTESANIAS,CSGRA1,SERVIN,TARANDACUAU GTO,,,"{""proveedor_contacto"":""VERONICA"",""proveedor_telefono"":""445 107 2674"",""financiero_2023"":{""numero_control"":""0306"",""precio_compra_con_iva"":165,""iva_compra"":22.76,""porcentaje_a_ganar"":35,""utilidad"":57.75,""openpay_comision"":7.29,""openpay_iva"":1.17,""comision_tienda_nube"":7.22,""total_comisiones"":15.67,""descuento_pago_transferencia_pct"":3.29,""iva_venta_desglosar"":32.89,""precio_venta_sin_iva"":206,""ganancia_real"":63,""_nota"":""Congelado del control de Excel 2023. No se recalcula ni se sincroniza.""}}"
CSCHB1,SALSERA CHICA (7.5x9.5),528,318.97,ARTESANIAS,CSCHB1,SERVIN,TARANDACUAU GTO,,,"{""proveedor_contacto"":""VERONICA"",""proveedor_telefono"":""446 107 2674"",""financiero_2023"":{""numero_control"":""0307"",""precio_compra_con_iva"":370,""iva_compra"":51.03,""porcentaje_a_ganar"":35,""utilidad"":129.5,""openpay_comision"":13.23,""openpay_iva"":2.12,""comision_tienda_nube"":12.9,""total_comisiones"":28.24,""descuento_pago_transferencia_pct"":2.68,""iva_venta_desglosar"":72.79,""precio_venta_sin_iva"":455,""ganancia_real"":136,""_nota"":""Congelado del control de Excel 2023. No se recalcula ni se sincroniza.""}}"
CSRIA1,SERVILLETERO REDONDO INDIVIDUAL (4.5x3.5),217,129.31,ARTESANIAS,CSRIA1,SERVIN,TARANDACUAU GTO,,,"{""proveedor_contacto"":""VERONICA"",""proveedor_telefono"":""447 107 2674"",""financiero_2023"":{""numero_control"":""0308"",""precio_compra_con_iva"":150,""iva_compra"":20.69,""porcentaje_a_ganar"":35,""utilidad"":52.5,""openpay_comision"":6.85,""openpay_iva"":1.1,""comision_tienda_nube"":6.81,""total_comisiones"":14.75,""descuento_pago_transferencia_pct"":3.4,""iva_venta_desglosar"":29.97,""precio_venta_sin_iva"":187,""ganancia_real"":58,""_nota"":""Congelado del control de Excel 2023. No se recalcula ni se sincroniza.""}}"
CSAVA1,SET ACEITE Y VINAGRE (3 PIEZAS),1826,1112.07,ARTESANIAS,CSAVA1,SERVIN,TARANDACUAU GTO,,,"{""proveedor_contacto"":""VERONICA"",""proveedor_telefono"":""448 107 2674"",""financiero_2023"":{""numero_control"":""0309"",""precio_compra_con_iva"":1290,""iva_compra"":177.93,""porcentaje_a_ganar"":35,""utilidad"":451.5,""openpay_comision"":39.91,""openpay_iva"":6.39,""comision_tienda_nube"":38.36,""total_comisiones"":84.65,""descuento_pago_transferencia_pct"":2.32,""iva_venta_desglosar"":251.88,""precio_venta_sin_iva"":1574,""ganancia_real"":462,""_nota"":""Congelado del control de Excel 2023. No se recalcula ni se sincroniza.""}}"
CCAAA1,SET CREMERA Y AZUCARERA AMERICANO (3 PIEZAS),1424,866.38,ARTESANIAS,CCAAA1,SERVIN,TARANDACUAU GTO,,,"{""proveedor_contacto"":""VERONICA"",""proveedor_telefono"":""449 107 2674"",""financiero_2023"":{""numero_control"":""0310"",""precio_compra_con_iva"":1005,""iva_compra"":138.62,""porcentaje_a_ganar"":35,""utilidad"":351.75,""openpay_comision"":31.65,""openpay_iva"":5.06,""comision_tienda_nube"":30.47,""total_comisiones"":67.18,""descuento_pago_transferencia_pct"":2.36,""iva_venta_desglosar"":196.4,""precio_venta_sin_iva"":1228,""ganancia_real"":361,""_nota"":""Congelado del control de Excel 2023. No se recalcula ni se sincroniza.""}}"
CCAEA1,SET CREMERA Y AZUCARERA EXRESS (3 PIEZAS),1276,775.86,ARTESANIAS,CCAEA1,SERVIN,TARANDACUAU GTO,,,"{""proveedor_contacto"":""VERONICA"",""proveedor_telefono"":""450 107 2674"",""financiero_2023"":{""numero_control"":""0311"",""precio_compra_con_iva"":900,""iva_compra"":124.14,""porcentaje_a_ganar"":35,""utilidad"":315,""openpay_comision"":28.6,""openpay_iva"":4.58,""comision_tienda_nube"":27.56,""total_comisiones"":60.74,""descuento_pago_transferencia_pct"":2.38,""iva_venta_desglosar"":175.96,""precio_venta_sin_iva"":1100,""ganancia_real"":324,""_nota"":""Congelado del control de Excel 2023. No se recalcula ni se sincroniza.""}}"
CTARA1,TARJETERO (6.5x11),330,198.28,ARTESANIAS,CTARA1,SERVIN,TARANDACUAU GTO,,,"{""proveedor_contacto"":""VERONICA"",""proveedor_telefono"":""451 107 2674"",""financiero_2023"":{""numero_control"":""0312"",""precio_compra_con_iva"":230,""iva_compra"":31.72,""porcentaje_a_ganar"":35,""utilidad"":80.5,""openpay_comision"":9.17,""openpay_iva"":1.47,""comision_tienda_nube"":9.02,""total_comisiones"":19.66,""descuento_pago_transferencia_pct"":2.98,""iva_venta_desglosar"":45.54,""precio_venta_sin_iva"":285,""ganancia_real"":86,""_nota"":""Congelado del control de Excel 2023. No se recalcula ni se sincroniza.""}}"
CTALA1,TARRO ALTO (11.5x8.5),450,271.55,ARTESANIAS,CTALA1,SERVIN,TARANDACUAU GTO,,,"{""proveedor_contacto"":""VERONICA"",""proveedor_telefono"":""452 107 2674"",""financiero_2023"":{""numero_control"":""0313"",""precio_compra_con_iva"":315,""iva_compra"":43.45,""porcentaje_a_ganar"":35,""utilidad"":110.25,""openpay_comision"":11.64,""openpay_iva"":1.86,""comision_tienda_nube"":11.37,""total_comisiones"":24.87,""descuento_pago_transferencia_pct"":2.76,""iva_venta_desglosar"":62.09,""precio_venta_sin_iva"":388,""ganancia_real"":116,""_nota"":""Congelado del control de Excel 2023. No se recalcula ni se sincroniza.""}}"
CTASA1,TARRO ASA (9.5x8),450,271.55,ARTESANIAS,CTASA1,SERVIN,TARANDACUAU GTO,,,"{""proveedor_contacto"":""VERONICA"",""proveedor_telefono"":""453 107 2674"",""financiero_2023"":{""numero_control"":""0314"",""precio_compra_con_iva"":315,""iva_compra"":43.45,""porcentaje_a_ganar"":35,""utilidad"":110.25,""openpay_comision"":11.64,""openpay_iva"":1.86,""comision_tienda_nube"":11.37,""total_comisiones"":24.87,""descuento_pago_transferencia_pct"":2.76,""iva_venta_desglosar"":62.09,""precio_venta_sin_iva"":388,""ganancia_real"":116,""_nota"":""Congelado del control de Excel 2023. No se recalcula ni se sincroniza.""}}"
CTCGA1,TARRO CAFETERO GRANDE (10x8),450,271.55,ARTESANIAS,CTCGA1,SERVIN,TARANDACUAU GTO,,,"{""proveedor_contacto"":""VERONICA"",""proveedor_telefono"":""454 107 2674"",""financiero_2023"":{""numero_control"":""0315"",""precio_compra_con_iva"":315,""iva_compra"":43.45,""porcentaje_a_ganar"":35,""utilidad"":110.25,""openpay_comision"":11.64,""openpay_iva"":1.86,""comision_tienda_nube"":11.37,""total_comisiones"":24.87,""descuento_pago_transferencia_pct"":2.76,""iva_venta_desglosar"":62.09,""precio_venta_sin_iva"":388,""ganancia_real"":116,""_nota"":""Congelado del control de Excel 2023. No se recalcula ni se sincroniza.""}}"
CTCAA1,TARRO CERVECERO ANCHO (13.5x9.5),718,435.34,ARTESANIAS,CTCAA1,SERVIN,TARANDACUAU GTO,,,"{""proveedor_contacto"":""VERONICA"",""proveedor_telefono"":""455 107 2674"",""financiero_2023"":{""numero_control"":""0316"",""precio_compra_con_iva"":505,""iva_compra"":69.66,""porcentaje_a_ganar"":35,""utilidad"":176.75,""openpay_comision"":17.15,""openpay_iva"":2.74,""comision_tienda_nube"":16.63,""total_comisiones"":36.52,""descuento_pago_transferencia_pct"":2.54,""iva_venta_desglosar"":99.07,""precio_venta_sin_iva"":619,""ganancia_real"":184,""_nota"":""Congelado del control de Excel 2023. No se recalcula ni se sincroniza.""}}"
CTCCA1,TARRO CERVECERO CHICO (13.5x8.5),542,327.59,ARTESANIAS,CTCCA1,SERVIN,TARANDACUAU GTO,,,"{""proveedor_contacto"":""VERONICA"",""proveedor_telefono"":""456 107 2674"",""financiero_2023"":{""numero_control"":""0317"",""precio_compra_con_iva"":380,""iva_compra"":52.41,""porcentaje_a_ganar"":35,""utilidad"":133,""openpay_comision"":13.52,""openpay_iva"":2.16,""comision_tienda_nube"":13.17,""total_comisiones"":28.86,""descuento_pago_transferencia_pct"":2.66,""iva_venta_desglosar"":74.74,""precio_venta_sin_iva"":467,""ganancia_real"":140,""_nota"":""Congelado del control de Excel 2023. No se recalcula ni se sincroniza.""}}"
CTCHA1,TARRO CHICO (7.5x7.5),422,254.31,ARTESANIAS,CTCHA1,SERVIN,TARANDACUAU GTO,,,"{""proveedor_contacto"":""VERONICA"",""proveedor_telefono"":""457 107 2674"",""financiero_2023"":{""numero_control"":""0318"",""precio_compra_con_iva"":295,""iva_compra"":40.69,""porcentaje_a_ganar"":35,""utilidad"":103.25,""openpay_comision"":11.06,""openpay_iva"":1.77,""comision_tienda_nube"":10.82,""total_comisiones"":23.65,""descuento_pago_transferencia_pct"":2.8,""iva_venta_desglosar"":58.19,""precio_venta_sin_iva"":364,""ganancia_real"":109,""_nota"":""Congelado del control de Excel 2023. No se recalcula ni se sincroniza.""}}"
CTPIA1,TARRO PIRAMIDE (10.5x8),450,271.55,ARTESANIAS,CTPIA1,SERVIN,TARANDACUAU GTO,,,"{""proveedor_contacto"":""VERONICA"",""proveedor_telefono"":""423 107 2674"",""financiero_2023"":{""numero_control"":""0319"",""precio_compra_con_iva"":315,""iva_compra"":43.45,""porcentaje_a_ganar"":35,""utilidad"":110.25,""openpay_comision"":11.64,""openpay_iva"":1.86,""comision_tienda_nube"":11.37,""total_comisiones"":24.87,""descuento_pago_transferencia_pct"":2.76,""iva_venta_desglosar"":62.09,""precio_venta_sin_iva"":388,""ganancia_real"":116,""_nota"":""Congelado del control de Excel 2023. No se recalcula ni se sincroniza.""}}"
CTCAB1,TAZA DE CAFE AMERICANO (7.5x9.5),422,254.31,ARTESANIAS,CTCAB1,SERVIN,TARANDACUAU GTO,,,"{""proveedor_contacto"":""VERONICA"",""proveedor_telefono"":""424 107 2674"",""financiero_2023"":{""numero_control"":""0320"",""precio_compra_con_iva"":295,""iva_compra"":40.69,""porcentaje_a_ganar"":35,""utilidad"":103.25,""openpay_comision"":11.06,""openpay_iva"":1.77,""comision_tienda_nube"":10.82,""total_comisiones"":23.65,""descuento_pago_transferencia_pct"":2.8,""iva_venta_desglosar"":58.19,""precio_venta_sin_iva"":364,""ganancia_real"":109,""_nota"":""Congelado del control de Excel 2023. No se recalcula ni se sincroniza.""}}"
CTCEA1,TAZA DE CAFE EXPRESS (5.5x5.5),238,142.24,ARTESANIAS,CTCEA1,SERVIN,TARANDACUAU GTO,,,"{""proveedor_contacto"":""VERONICA"",""proveedor_telefono"":""425 107 2674"",""financiero_2023"":{""numero_control"":""0321"",""precio_compra_con_iva"":165,""iva_compra"":22.76,""porcentaje_a_ganar"":35,""utilidad"":57.75,""openpay_comision"":7.29,""openpay_iva"":1.17,""comision_tienda_nube"":7.22,""total_comisiones"":15.67,""descuento_pago_transferencia_pct"":3.29,""iva_venta_desglosar"":32.89,""precio_venta_sin_iva"":206,""ganancia_real"":63,""_nota"":""Congelado del control de Excel 2023. No se recalcula ni se sincroniza.""}}"
CTCHB1,TAZA CHOCOLATERA (11.5X16.5),718,435.34,ARTESANIAS,CTCHB1,SERVIN,TARANDACUAU GTO,,,"{""proveedor_contacto"":""VERONICA"",""proveedor_telefono"":""426 107 2674"",""financiero_2023"":{""numero_control"":""0322"",""precio_compra_con_iva"":505,""iva_compra"":69.66,""porcentaje_a_ganar"":35,""utilidad"":176.75,""openpay_comision"":17.15,""openpay_iva"":2.74,""comision_tienda_nube"":16.63,""total_comisiones"":36.52,""descuento_pago_transferencia_pct"":2.54,""iva_venta_desglosar"":99.07,""precio_venta_sin_iva"":619,""ganancia_real"":184,""_nota"":""Congelado del control de Excel 2023. No se recalcula ni se sincroniza.""}}"
CTAMA1,TERNO AMERICANO (PLATO Y TAZA) (2 PIEZAS),810,491.38,ARTESANIAS,CTAMA1,SERVIN,TARANDACUAU GTO,,,"{""proveedor_contacto"":""VERONICA"",""proveedor_telefono"":""427 107 2674"",""financiero_2023"":{""numero_control"":""0323"",""precio_compra_con_iva"":570,""iva_compra"":78.62,""porcentaje_a_ganar"":35,""utilidad"":199.5,""openpay_comision"":19.03,""openpay_iva"":3.04,""comision_tienda_nube"":18.43,""total_comisiones"":40.51,""descuento_pago_transferencia_pct"":2.5,""iva_venta_desglosar"":111.73,""precio_venta_sin_iva"":698,""ganancia_real"":207,""_nota"":""Congelado del control de Excel 2023. No se recalcula ni se sincroniza.""}}"
CTEXA1,TERNO EXPRESS (PLATO Y TAZA) (2 PIEZAS),450,271.55,ARTESANIAS,CTEXA1,SERVIN,TARANDACUAU GTO,,,"{""proveedor_contacto"":""VERONICA"",""proveedor_telefono"":""428 107 2674"",""financiero_2023"":{""numero_control"":""0324"",""precio_compra_con_iva"":315,""iva_compra"":43.45,""porcentaje_a_ganar"":35,""utilidad"":110.25,""openpay_comision"":11.64,""openpay_iva"":1.86,""comision_tienda_nube"":11.37,""total_comisiones"":24.87,""descuento_pago_transferencia_pct"":2.76,""iva_venta_desglosar"":62.09,""precio_venta_sin_iva"":388,""ganancia_real"":116,""_nota"":""Congelado del control de Excel 2023. No se recalcula ni se sincroniza.""}}"
CTALC1,TIBOR ALTO # 9 (45x27),8805,5375,ARTESANIAS,CTALC1,SERVIN,TARANDACUAU GTO,,,"{""proveedor_contacto"":""VERONICA"",""proveedor_telefono"":""429 107 2674"",""financiero_2023"":{""numero_control"":""0325"",""precio_compra_con_iva"":6235,""iva_compra"":860,""porcentaje_a_ganar"":35,""utilidad"":2182.25,""openpay_comision"":183.32,""openpay_iva"":29.33,""comision_tienda_nube"":175.2,""total_comisiones"":387.84,""descuento_pago_transferencia_pct"":2.2,""iva_venta_desglosar"":1214.5,""precio_venta_sin_iva"":7591,""ganancia_real"":2216,""_nota"":""Congelado del control de Excel 2023. No se recalcula ni se sincroniza.""}}"
CTGOB1,TIBOR GORDO # 7 (21.5x16.5),1904,1159.48,ARTESANIAS,CTGOB1,SERVIN,TARANDACUAU GTO,,,"{""proveedor_contacto"":""VERONICA"",""proveedor_telefono"":""430 107 2674"",""financiero_2023"":{""numero_control"":""0326"",""precio_compra_con_iva"":1345,""iva_compra"":185.52,""porcentaje_a_ganar"":35,""utilidad"":470.75,""openpay_comision"":41.51,""openpay_iva"":6.64,""comision_tienda_nube"":39.88,""total_comisiones"":88.02,""descuento_pago_transferencia_pct"":2.31,""iva_venta_desglosar"":262.59,""precio_venta_sin_iva"":1641,""ganancia_real"":482,""_nota"":""Congelado del control de Excel 2023. No se recalcula ni se sincroniza.""}}"
CTGOC1,TIBOR GORDO # 8 (30.5x21.5),4239,2586.21,ARTESANIAS,CTGOC1,SERVIN,TARANDACUAU GTO,,,"{""proveedor_contacto"":""VERONICA"",""proveedor_telefono"":""431 107 2674"",""financiero_2023"":{""numero_control"":""0327"",""precio_compra_con_iva"":3000,""iva_compra"":413.79,""porcentaje_a_ganar"":35,""utilidad"":1050,""openpay_comision"":89.5,""openpay_iva"":14.32,""comision_tienda_nube"":85.68,""total_comisiones"":189.5,""descuento_pago_transferencia_pct"":2.23,""iva_venta_desglosar"":584.76,""precio_venta_sin_iva"":3655,""ganancia_real"":1069,""_nota"":""Congelado del control de Excel 2023. No se recalcula ni se sincroniza.""}}"
CTGOD1,TIBOR GORDO # 9 (40x35),9913,6051.72,ARTESANIAS,CTGOD1,SERVIN,TARANDACUAU GTO,,,"{""proveedor_contacto"":""VERONICA"",""proveedor_telefono"":""432 107 2674"",""financiero_2023"":{""numero_control"":""0328"",""precio_compra_con_iva"":7020,""iva_compra"":968.28,""porcentaje_a_ganar"":35,""utilidad"":2457,""openpay_comision"":206.08,""openpay_iva"":32.97,""comision_tienda_nube"":196.92,""total_comisiones"":435.97,""descuento_pago_transferencia_pct"":2.2,""iva_venta_desglosar"":1367.31,""precio_venta_sin_iva"":8546,""ganancia_real"":2494,""_nota"":""Congelado del control de Excel 2023. No se recalcula ni se sincroniza.""}}"
CTANA1,TITERE ANGELITO (10x8.5),507,306.03,ARTESANIAS,CTANA1,SERVIN,TARANDACUAU GTO,,,"{""proveedor_contacto"":""VERONICA"",""proveedor_telefono"":""433 107 2674"",""financiero_2023"":{""numero_control"":""0329"",""precio_compra_con_iva"":355,""iva_compra"":48.97,""porcentaje_a_ganar"":35,""utilidad"":124.25,""openpay_comision"":12.8,""openpay_iva"":2.05,""comision_tienda_nube"":12.48,""total_comisiones"":27.32,""descuento_pago_transferencia_pct"":2.7,""iva_venta_desglosar"":69.87,""precio_venta_sin_iva"":437,""ganancia_real"":131,""_nota"":""Congelado del control de Excel 2023. No se recalcula ni se sincroniza.""}}"
CTOSA1,TITERE OSO (9x8),507,306.03,ARTESANIAS,CTOSA1,SERVIN,TARANDACUAU GTO,,,"{""proveedor_contacto"":""VERONICA"",""proveedor_telefono"":""434 107 2674"",""financiero_2023"":{""numero_control"":""0330"",""precio_compra_con_iva"":355,""iva_compra"":48.97,""porcentaje_a_ganar"":35,""utilidad"":124.25,""openpay_comision"":12.8,""openpay_iva"":2.05,""comision_tienda_nube"":12.48,""total_comisiones"":27.32,""descuento_pago_transferencia_pct"":2.7,""iva_venta_desglosar"":69.87,""precio_venta_sin_iva"":437,""ganancia_real"":131,""_nota"":""Congelado del control de Excel 2023. No se recalcula ni se sincroniza.""}}"
CTRAA1,TITERE RANA (13x7),507,306.03,ARTESANIAS,CTRAA1,SERVIN,TARANDACUAU GTO,,,"{""proveedor_contacto"":""VERONICA"",""proveedor_telefono"":""435 107 2674"",""financiero_2023"":{""numero_control"":""0331"",""precio_compra_con_iva"":355,""iva_compra"":48.97,""porcentaje_a_ganar"":35,""utilidad"":124.25,""openpay_comision"":12.8,""openpay_iva"":2.05,""comision_tienda_nube"":12.48,""total_comisiones"":27.32,""descuento_pago_transferencia_pct"":2.7,""iva_venta_desglosar"":69.87,""precio_venta_sin_iva"":437,""ganancia_real"":131,""_nota"":""Congelado del control de Excel 2023. No se recalcula ni se sincroniza.""}}"
CVAGA1,VASO DE AGUA (12x7.5),436,262.93,ARTESANIAS,CVAGA1,SERVIN,TARANDACUAU GTO,,,"{""proveedor_contacto"":""VERONICA"",""proveedor_telefono"":""436 107 2674"",""financiero_2023"":{""numero_control"":""0332"",""precio_compra_con_iva"":305,""iva_compra"":42.07,""porcentaje_a_ganar"":35,""utilidad"":106.75,""openpay_comision"":11.35,""openpay_iva"":1.82,""comision_tienda_nube"":11.1,""total_comisiones"":24.26,""descuento_pago_transferencia_pct"":2.78,""iva_venta_desglosar"":60.14,""precio_venta_sin_iva"":376,""ganancia_real"":113,""_nota"":""Congelado del control de Excel 2023. No se recalcula ni se sincroniza.""}}"
CVAAA1,VASO DE AGUA ALTO (15x8),507,306.03,ARTESANIAS,CVAAA1,SERVIN,TARANDACUAU GTO,,,"{""proveedor_contacto"":""VERONICA"",""proveedor_telefono"":""437 107 2674"",""financiero_2023"":{""numero_control"":""0333"",""precio_compra_con_iva"":355,""iva_compra"":48.97,""porcentaje_a_ganar"":35,""utilidad"":124.25,""openpay_comision"":12.8,""openpay_iva"":2.05,""comision_tienda_nube"":12.48,""total_comisiones"":27.32,""descuento_pago_transferencia_pct"":2.7,""iva_venta_desglosar"":69.87,""precio_venta_sin_iva"":437,""ganancia_real"":131,""_nota"":""Congelado del control de Excel 2023. No se recalcula ni se sincroniza.""}}"
CVTGA1,VASO DE TE GRANDE (6.5x8.5),394,237.07,ARTESANIAS,CVTGA1,SERVIN,TARANDACUAU GTO,,,"{""proveedor_contacto"":""VERONICA"",""proveedor_telefono"":""438 107 2674"",""financiero_2023"":{""numero_control"":""0334"",""precio_compra_con_iva"":275,""iva_compra"":37.93,""porcentaje_a_ganar"":35,""utilidad"":96.25,""openpay_comision"":10.48,""openpay_iva"":1.68,""comision_tienda_nube"":10.27,""total_comisiones"":22.42,""descuento_pago_transferencia_pct"":2.85,""iva_venta_desglosar"":54.3,""precio_venta_sin_iva"":339,""ganancia_real"":102,""_nota"":""Congelado del control de Excel 2023. No se recalcula ni se sincroniza.""}}"
CVTMA1,VASO DE TE MEDIANO (5x7.5),309,185.34,ARTESANIAS,CVTMA1,SERVIN,TARANDACUAU GTO,,,"{""proveedor_contacto"":""VERONICA"",""proveedor_telefono"":""439 107 2674"",""financiero_2023"":{""numero_control"":""0335"",""precio_compra_con_iva"":215,""iva_compra"":29.66,""porcentaje_a_ganar"":35,""utilidad"":75.25,""openpay_comision"":8.74,""openpay_iva"":1.4,""comision_tienda_nube"":8.61,""total_comisiones"":18.74,""descuento_pago_transferencia_pct"":3.03,""iva_venta_desglosar"":42.62,""precio_venta_sin_iva"":266,""ganancia_real"":81,""_nota"":""Congelado del control de Excel 2023. No se recalcula ni se sincroniza.""}}"
DCALA1,CALAVERITA BLANCA (5.5x7.5),394,237.07,ARTESANIAS,DCALA1,SERVIN,TARANDACUAU GTO,,,"{""proveedor_contacto"":""VERONICA"",""proveedor_telefono"":""440 107 2674"",""financiero_2023"":{""numero_control"":""0336"",""precio_compra_con_iva"":275,""iva_compra"":37.93,""porcentaje_a_ganar"":35,""utilidad"":96.25,""openpay_comision"":10.48,""openpay_iva"":1.68,""comision_tienda_nube"":10.27,""total_comisiones"":22.42,""descuento_pago_transferencia_pct"":2.85,""iva_venta_desglosar"":54.3,""precio_venta_sin_iva"":339,""ganancia_real"":102,""_nota"":""Congelado del control de Excel 2023. No se recalcula ni se sincroniza.""}}"
DCALB1,CALAVERITA COLORES(5.5x7.5),450,271.55,ARTESANIAS,DCALB1,SERVIN,TARANDACUAU GTO,,,"{""proveedor_contacto"":""VERONICA"",""proveedor_telefono"":""441 107 2674"",""financiero_2023"":{""numero_control"":""0337"",""precio_compra_con_iva"":315,""iva_compra"":43.45,""porcentaje_a_ganar"":35,""utilidad"":110.25,""openpay_comision"":11.64,""openpay_iva"":1.86,""comision_tienda_nube"":11.37,""total_comisiones"":24.87,""descuento_pago_transferencia_pct"":2.76,""iva_venta_desglosar"":62.09,""precio_venta_sin_iva"":388,""ganancia_real"":116,""_nota"":""Congelado del control de Excel 2023. No se recalcula ni se sincroniza.""}}"
DMBEA1,MACETA BEBE (13X8.5X11),648,392.24,ARTESANIAS,DMBEA1,SERVIN,TARANDACUAU GTO,,,"{""proveedor_contacto"":""VERONICA"",""proveedor_telefono"":""442 107 2674"",""financiero_2023"":{""numero_control"":""0338"",""precio_compra_con_iva"":455,""iva_compra"":62.76,""porcentaje_a_ganar"":35,""utilidad"":159.25,""openpay_comision"":15.7,""openpay_iva"":2.51,""comision_tienda_nube"":15.25,""total_comisiones"":33.46,""descuento_pago_transferencia_pct"":2.58,""iva_venta_desglosar"":89.34,""precio_venta_sin_iva"":558,""ganancia_real"":166,""_nota"":""Congelado del control de Excel 2023. No se recalcula ni se sincroniza.""}}"
DMBTA1,MACETA BOTITA,648,392.24,ARTESANIAS,DMBTA1,SERVIN,TARANDACUAU GTO,,,"{""proveedor_contacto"":""VERONICA"",""proveedor_telefono"":""443 107 2674"",""financiero_2023"":{""numero_control"":""0339"",""precio_compra_con_iva"":455,""iva_compra"":62.76,""porcentaje_a_ganar"":35,""utilidad"":159.25,""openpay_comision"":15.7,""openpay_iva"":2.51,""comision_tienda_nube"":15.25,""total_comisiones"":33.46,""descuento_pago_transferencia_pct"":2.58,""iva_venta_desglosar"":89.34,""precio_venta_sin_iva"":558,""ganancia_real"":166,""_nota"":""Congelado del control de Excel 2023. No se recalcula ni se sincroniza.""}}"
DPMIA1,PAJARITO MINI (2.5x2.5x4.5),182,107.76,ARTESANIAS,DPMIA1,SERVIN,TARANDACUAU GTO,,,"{""proveedor_contacto"":""VERONICA"",""proveedor_telefono"":""444 107 2674"",""financiero_2023"":{""numero_control"":""0340"",""precio_compra_con_iva"":125,""iva_compra"":17.24,""porcentaje_a_ganar"":35,""utilidad"":43.75,""openpay_comision"":6.13,""openpay_iva"":0.98,""comision_tienda_nube"":6.12,""total_comisiones"":13.22,""descuento_pago_transferencia_pct"":3.63,""iva_venta_desglosar"":25.1,""precio_venta_sin_iva"":157,""ganancia_real"":49,""_nota"":""Congelado del control de Excel 2023. No se recalcula ni se sincroniza.""}}"
DPSPA1,PAJARITO SALERO / PIMENTERO (2 PIEZAS) (6x3.7x4.4),507,306.03,ARTESANIAS,DPSPA1,SERVIN,TARANDACUAU GTO,,,"{""proveedor_contacto"":""VERONICA"",""proveedor_telefono"":""445 107 2674"",""financiero_2023"":{""numero_control"":""0341"",""precio_compra_con_iva"":355,""iva_compra"":48.97,""porcentaje_a_ganar"":35,""utilidad"":124.25,""openpay_comision"":12.8,""openpay_iva"":2.05,""comision_tienda_nube"":12.48,""total_comisiones"":27.32,""descuento_pago_transferencia_pct"":2.7,""iva_venta_desglosar"":69.87,""precio_venta_sin_iva"":437,""ganancia_real"":131,""_nota"":""Congelado del control de Excel 2023. No se recalcula ni se sincroniza.""}}"
DPADA1,PAJARITO DECORATIVO (6x3.7x4.4),238,142.24,ARTESANIAS,DPADA1,SERVIN,TARANDACUAU GTO,,,"{""proveedor_contacto"":""VERONICA"",""proveedor_telefono"":""446 107 2674"",""financiero_2023"":{""numero_control"":""0342"",""precio_compra_con_iva"":165,""iva_compra"":22.76,""porcentaje_a_ganar"":35,""utilidad"":57.75,""openpay_comision"":7.29,""openpay_iva"":1.17,""comision_tienda_nube"":7.22,""total_comisiones"":15.67,""descuento_pago_transferencia_pct"":3.29,""iva_venta_desglosar"":32.89,""precio_venta_sin_iva"":206,""ganancia_real"":63,""_nota"":""Congelado del control de Excel 2023. No se recalcula ni se sincroniza.""}}"
DTEMC1,TAZA MANITA BLANCA O NEGRA (5x8.5x5.5),507,306.03,ARTESANIAS,DTEMC1,SERVIN,TARANDACUAU GTO,,,"{""proveedor_contacto"":""VERONICA"",""proveedor_telefono"":""447 107 2674"",""financiero_2023"":{""numero_control"":""0343"",""precio_compra_con_iva"":355,""iva_compra"":48.97,""porcentaje_a_ganar"":35,""utilidad"":124.25,""openpay_comision"":12.8,""openpay_iva"":2.05,""comision_tienda_nube"":12.48,""total_comisiones"":27.32,""descuento_pago_transferencia_pct"":2.7,""iva_venta_desglosar"":69.87,""precio_venta_sin_iva"":437,""ganancia_real"":131,""_nota"":""Congelado del control de Excel 2023. No se recalcula ni se sincroniza.""}}"
DTEMD1,TAZA MANITA COLORES (5x8.5x5.5),598,362.07,ARTESANIAS,DTEMD1,SERVIN,TARANDACUAU GTO,,,"{""proveedor_contacto"":""VERONICA"",""proveedor_telefono"":""448 107 2674"",""financiero_2023"":{""numero_control"":""0344"",""precio_compra_con_iva"":420,""iva_compra"":57.93,""porcentaje_a_ganar"":35,""utilidad"":147,""openpay_comision"":14.68,""openpay_iva"":2.35,""comision_tienda_nube"":14.28,""total_comisiones"":31.31,""descuento_pago_transferencia_pct"":2.62,""iva_venta_desglosar"":82.53,""precio_venta_sin_iva"":516,""ganancia_real"":154,""_nota"":""Congelado del control de Excel 2023. No se recalcula ni se sincroniza.""}}"
DTTEA1,TERNO TE DE ESCUCHAR CHICO (2 PIEZAS) (6.5x8.5),761,461.21,ARTESANIAS,DTTEA1,SERVIN,TARANDACUAU GTO,,,"{""proveedor_contacto"":""VERONICA"",""proveedor_telefono"":""449 107 2674"",""financiero_2023"":{""numero_control"":""0345"",""precio_compra_con_iva"":535,""iva_compra"":73.79,""porcentaje_a_ganar"":35,""utilidad"":187.25,""openpay_comision"":18.02,""openpay_iva"":2.88,""comision_tienda_nube"":17.46,""total_comisiones"":38.36,""descuento_pago_transferencia_pct"":2.52,""iva_venta_desglosar"":104.91,""precio_venta_sin_iva"":656,""ganancia_real"":194,""_nota"":""Congelado del control de Excel 2023. No se recalcula ni se sincroniza.""}}"
DTTEB1,TERNO TE DE ESCUCHAR GRANDE (2 PIEZAS) (10x10.5),902,547.41,ARTESANIAS,DTTEB1,SERVIN,TARANDACUAU GTO,,,"{""proveedor_contacto"":""VERONICA"",""proveedor_telefono"":""450 107 2674"",""financiero_2023"":{""numero_control"":""0346"",""precio_compra_con_iva"":635,""iva_compra"":87.59,""porcentaje_a_ganar"":35,""utilidad"":222.25,""openpay_comision"":20.92,""openpay_iva"":3.35,""comision_tienda_nube"":20.23,""total_comisiones"":44.49,""descuento_pago_transferencia_pct"":2.47,""iva_venta_desglosar"":124.38,""precio_venta_sin_iva"":777,""ganancia_real"":230,""_nota"":""Congelado del control de Excel 2023. No se recalcula ni se sincroniza.""}}"
DVALC1,VASO ALCATRAZ BLANCO (5.5X7.5),238,142.24,ARTESANIAS,DVALC1,SERVIN,TARANDACUAU GTO,,,"{""proveedor_contacto"":""VERONICA"",""proveedor_telefono"":""451 107 2674"",""financiero_2023"":{""numero_control"":""0347"",""precio_compra_con_iva"":165,""iva_compra"":22.76,""porcentaje_a_ganar"":35,""utilidad"":57.75,""openpay_comision"":7.29,""openpay_iva"":1.17,""comision_tienda_nube"":7.22,""total_comisiones"":15.67,""descuento_pago_transferencia_pct"":3.29,""iva_venta_desglosar"":32.89,""precio_venta_sin_iva"":206,""ganancia_real"":63,""_nota"":""Congelado del control de Excel 2023. No se recalcula ni se sincroniza.""}}"
DVALT1,VASO ALCATRAZ COLORES (5.5X7.5),598,362.07,ARTESANIAS,DVALT1,SERVIN,TARANDACUAU GTO,,,"{""proveedor_contacto"":""VERONICA"",""proveedor_telefono"":""452 107 2674"",""financiero_2023"":{""numero_control"":""0348"",""precio_compra_con_iva"":420,""iva_compra"":57.93,""porcentaje_a_ganar"":35,""utilidad"":147,""openpay_comision"":14.68,""openpay_iva"":2.35,""comision_tienda_nube"":14.28,""total_comisiones"":31.31,""descuento_pago_transferencia_pct"":2.62,""iva_venta_desglosar"":82.53,""precio_venta_sin_iva"":516,""ganancia_real"":154,""_nota"":""Congelado del control de Excel 2023. No se recalcula ni se sincroniza.""}}"
DVTEA1,VASO TE DE ESCUCHAR CHICO (6.5x4),507,306.03,ARTESANIAS,DVTEA1,SERVIN,TARANDACUAU GTO,,,"{""proveedor_contacto"":""VERONICA"",""proveedor_telefono"":""453 107 2674"",""financiero_2023"":{""numero_control"":""0349"",""precio_compra_con_iva"":355,""iva_compra"":48.97,""porcentaje_a_ganar"":35,""utilidad"":124.25,""openpay_comision"":12.8,""openpay_iva"":2.05,""comision_tienda_nube"":12.48,""total_comisiones"":27.32,""descuento_pago_transferencia_pct"":2.7,""iva_venta_desglosar"":69.87,""precio_venta_sin_iva"":437,""ganancia_real"":131,""_nota"":""Congelado del control de Excel 2023. No se recalcula ni se sincroniza.""}}"
DVTEB1,VASO TE DE ESCUCHAR GRANDE (9.5x5.5),598,362.07,ARTESANIAS,DVTEB1,SERVIN,TARANDACUAU GTO,,,"{""proveedor_contacto"":""VERONICA"",""proveedor_telefono"":""454 107 2674"",""financiero_2023"":{""numero_control"":""0350"",""precio_compra_con_iva"":420,""iva_compra"":57.93,""porcentaje_a_ganar"":35,""utilidad"":147,""openpay_comision"":14.68,""openpay_iva"":2.35,""comision_tienda_nube"":14.28,""total_comisiones"":31.31,""descuento_pago_transferencia_pct"":2.62,""iva_venta_desglosar"":82.53,""precio_venta_sin_iva"":516,""ganancia_real"":154,""_nota"":""Congelado del control de Excel 2023. No se recalcula ni se sincroniza.""}}"
BAEXA1,AZUCARERA EXPRESS (11x8.5) BCO,598,362.07,ARTESANIAS,BAEXA1,SERVIN,TARANDACUAU GTO,,,"{""proveedor_contacto"":""VERONICA"",""proveedor_telefono"":""455 107 2674"",""financiero_2023"":{""numero_control"":""0351"",""precio_compra_con_iva"":420,""iva_compra"":57.93,""porcentaje_a_ganar"":35,""utilidad"":147,""openpay_comision"":14.68,""openpay_iva"":2.35,""comision_tienda_nube"":14.28,""total_comisiones"":31.31,""descuento_pago_transferencia_pct"":2.62,""iva_venta_desglosar"":82.53,""precio_venta_sin_iva"":516,""ganancia_real"":154,""_nota"":""Congelado del control de Excel 2023. No se recalcula ni se sincroniza.""}}"
BBRCB1,BOWL REDONDO CHICO (9x17) BCO.,1565,952.59,ARTESANIAS,BBRCB1,SERVIN,TARANDACUAU GTO,,,"{""proveedor_contacto"":""VERONICA"",""proveedor_telefono"":""456 107 2674"",""financiero_2023"":{""numero_control"":""0352"",""precio_compra_con_iva"":1105,""iva_compra"":152.41,""porcentaje_a_ganar"":35,""utilidad"":386.75,""openpay_comision"":34.55,""openpay_iva"":5.53,""comision_tienda_nube"":33.24,""total_comisiones"":73.31,""descuento_pago_transferencia_pct"":2.34,""iva_venta_desglosar"":215.87,""precio_venta_sin_iva"":1349,""ganancia_real"":397,""_nota"":""Congelado del control de Excel 2023. No se recalcula ni se sincroniza.""}}"
BBRMA1,BOWL REDONDO MEDIANO (10x20.5) BCO,2384,1452.59,ARTESANIAS,BBRMA1,SERVIN,TARANDACUAU GTO,,,"{""proveedor_contacto"":""VERONICA"",""proveedor_telefono"":""457 107 2674"",""financiero_2023"":{""numero_control"":""0353"",""precio_compra_con_iva"":1685,""iva_compra"":232.41,""porcentaje_a_ganar"":35,""utilidad"":589.75,""openpay_comision"":51.37,""openpay_iva"":8.22,""comision_tienda_nube"":49.29,""total_comisiones"":108.87,""descuento_pago_transferencia_pct"":2.28,""iva_venta_desglosar"":328.78,""precio_venta_sin_iva"":2055,""ganancia_real"":602,""_nota"":""Congelado del control de Excel 2023. No se recalcula ni se sincroniza.""}}"
BCCDA1,CHAROLA RECTANGULAR CHICA DECORADA (1.5x8x17.5) BCO,704,426.72,ARTESANIAS,BCCDA1,SERVIN,TARANDACUAU GTO,,,"{""proveedor_contacto"":""VERONICA"",""proveedor_telefono"":""423 107 2674"",""financiero_2023"":{""numero_control"":""0354"",""precio_compra_con_iva"":495,""iva_compra"":68.28,""porcentaje_a_ganar"":35,""utilidad"":173.25,""openpay_comision"":16.86,""openpay_iva"":2.7,""comision_tienda_nube"":16.36,""total_comisiones"":35.91,""descuento_pago_transferencia_pct"":2.55,""iva_venta_desglosar"":97.13,""precio_venta_sin_iva"":607,""ganancia_real"":180,""_nota"":""Congelado del control de Excel 2023. No se recalcula ni se sincroniza.""}}"
BCTCB1,COPA TEQUILERA CHICA (5.5x4) BCO,260,155.17,ARTESANIAS,BCTCB1,SERVIN,TARANDACUAU GTO,,,"{""proveedor_contacto"":""VERONICA"",""proveedor_telefono"":""424 107 2674"",""financiero_2023"":{""numero_control"":""0355"",""precio_compra_con_iva"":180,""iva_compra"":24.83,""porcentaje_a_ganar"":35,""utilidad"":63,""openpay_comision"":7.72,""openpay_iva"":1.24,""comision_tienda_nube"":7.64,""total_comisiones"":16.59,""descuento_pago_transferencia_pct"":3.2,""iva_venta_desglosar"":35.81,""precio_venta_sin_iva"":224,""ganancia_real"":69,""_nota"":""Congelado del control de Excel 2023. No se recalcula ni se sincroniza.""}}"
BCEXA1,CREMERA EXPRESS (6.5x6) BCO.,365,219.83,ARTESANIAS,BCEXA1,SERVIN,TARANDACUAU GTO,,,"{""proveedor_contacto"":""VERONICA"",""proveedor_telefono"":""425 107 2674"",""financiero_2023"":{""numero_control"":""0356"",""precio_compra_con_iva"":255,""iva_compra"":35.17,""porcentaje_a_ganar"":35,""utilidad"":89.25,""openpay_comision"":9.9,""openpay_iva"":1.58,""comision_tienda_nube"":9.71,""total_comisiones"":21.19,""descuento_pago_transferencia_pct"":2.9,""iva_venta_desglosar"":50.41,""precio_venta_sin_iva"":315,""ganancia_real"":95,""_nota"":""Congelado del control de Excel 2023. No se recalcula ni se sincroniza.""}}"
BCUCA1,CUCHARA (3x4x15.5) BCO.,344,206.9,ARTESANIAS,BCUCA1,SERVIN,TARANDACUAU GTO,,,"{""proveedor_contacto"":""VERONICA"",""proveedor_telefono"":""426 107 2674"",""financiero_2023"":{""numero_control"":""0357"",""precio_compra_con_iva"":240,""iva_compra"":33.1,""porcentaje_a_ganar"":35,""utilidad"":84,""openpay_comision"":9.46,""openpay_iva"":1.51,""comision_tienda_nube"":9.3,""total_comisiones"":20.27,""descuento_pago_transferencia_pct"":2.94,""iva_venta_desglosar"":47.49,""precio_venta_sin_iva"":297,""ganancia_real"":90,""_nota"":""Congelado del control de Excel 2023. No se recalcula ni se sincroniza.""}}"
BDJAL1,DESPACHADOR DE JABON LIQUIDO BCO.,1092,663.79,ARTESANIAS,BDJAL1,SERVIN,TARANDACUAU GTO,,,"{""proveedor_contacto"":""VERONICA"",""proveedor_telefono"":""427 107 2674"",""financiero_2023"":{""numero_control"":""0358"",""precio_compra_con_iva"":770,""iva_compra"":106.21,""porcentaje_a_ganar"":35,""utilidad"":269.5,""openpay_comision"":24.83,""openpay_iva"":3.97,""comision_tienda_nube"":23.97,""total_comisiones"":52.77,""descuento_pago_transferencia_pct"":2.42,""iva_venta_desglosar"":150.66,""precio_venta_sin_iva"":942,""ganancia_real"":278,""_nota"":""Congelado del control de Excel 2023. No se recalcula ni se sincroniza.""}}"
BFLOD1,FLORERO # 3 (10.5) BCO.,380,228.45,ARTESANIAS,BFLOD1,SERVIN,TARANDACUAU GTO,,,"{""proveedor_contacto"":""VERONICA"",""proveedor_telefono"":""428 107 2674"",""financiero_2023"":{""numero_control"":""0359"",""precio_compra_con_iva"":265,""iva_compra"":36.55,""porcentaje_a_ganar"":35,""utilidad"":92.75,""openpay_comision"":10.19,""openpay_iva"":1.63,""comision_tienda_nube"":9.99,""total_comisiones"":21.81,""descuento_pago_transferencia_pct"":2.87,""iva_venta_desglosar"":52.35,""precio_venta_sin_iva"":327,""ganancia_real"":99,""_nota"":""Congelado del control de Excel 2023. No se recalcula ni se sincroniza.""}}"
BFLOF1,FLORERO # 5 (15) BCO.,852,517.24,ARTESANIAS,BFLOF1,SERVIN,TARANDACUAU GTO,,,"{""proveedor_contacto"":""VERONICA"",""proveedor_telefono"":""429 107 2674"",""financiero_2023"":{""numero_control"":""0360"",""precio_compra_con_iva"":600,""iva_compra"":82.76,""porcentaje_a_ganar"":35,""utilidad"":210,""openpay_comision"":19.9,""openpay_iva"":3.18,""comision_tienda_nube"":19.26,""total_comisiones"":42.35,""descuento_pago_transferencia_pct"":2.48,""iva_venta_desglosar"":117.56,""precio_venta_sin_iva"":735,""ganancia_real"":218,""_nota"":""Congelado del control de Excel 2023. No se recalcula ni se sincroniza.""}}"
BFLOH1,FLORERO # 7 (22x14) BCO.,1918,1168.1,ARTESANIAS,BFLOH1,SERVIN,TARANDACUAU GTO,,,"{""proveedor_contacto"":""VERONICA"",""proveedor_telefono"":""430 107 2674"",""financiero_2023"":{""numero_control"":""0361"",""precio_compra_con_iva"":1355,""iva_compra"":186.9,""porcentaje_a_ganar"":35,""utilidad"":474.25,""openpay_comision"":41.8,""openpay_iva"":6.69,""comision_tienda_nube"":40.15,""total_comisiones"":88.64,""descuento_pago_transferencia_pct"":2.31,""iva_venta_desglosar"":264.54,""precio_venta_sin_iva"":1653,""ganancia_real"":485,""_nota"":""Congelado del control de Excel 2023. No se recalcula ni se sincroniza.""}}"
BFCCA1,FLORERO CUADRADO CHICO (17.5x4.5) BCO.,796,482.76,ARTESANIAS,BFCCA1,SERVIN,TARANDACUAU GTO,,,"{""proveedor_contacto"":""VERONICA"",""proveedor_telefono"":""431 107 2674"",""financiero_2023"":{""numero_control"":""0362"",""precio_compra_con_iva"":560,""iva_compra"":77.24,""porcentaje_a_ganar"":35,""utilidad"":196,""openpay_comision"":18.74,""openpay_iva"":3,""comision_tienda_nube"":18.15,""total_comisiones"":39.89,""descuento_pago_transferencia_pct"":2.51,""iva_venta_desglosar"":109.78,""precio_venta_sin_iva"":686,""ganancia_real"":203,""_nota"":""Congelado del control de Excel 2023. No se recalcula ni se sincroniza.""}}"
BFCGA1,FLORERO CUADRADO GRANDE (26x6) BCO.,1756,1068.97,ARTESANIAS,BFCGA1,SERVIN,TARANDACUAU GTO,,,"{""proveedor_contacto"":""VERONICA"",""proveedor_telefono"":""432 107 2674"",""financiero_2023"":{""numero_control"":""0363"",""precio_compra_con_iva"":1240,""iva_compra"":171.03,""porcentaje_a_ganar"":35,""utilidad"":434,""openpay_comision"":38.46,""openpay_iva"":6.15,""comision_tienda_nube"":36.97,""total_comisiones"":81.59,""descuento_pago_transferencia_pct"":2.32,""iva_venta_desglosar"":242.15,""precio_venta_sin_iva"":1513,""ganancia_real"":444,""_nota"":""Congelado del control de Excel 2023. No se recalcula ni se sincroniza.""}}"
BFPCA1,FLORERO PEZ CHICO (18.5x9.5x14.5) BCO.,1297,788.79,ARTESANIAS,BFPCA1,SERVIN,TARANDACUAU GTO,,,"{""proveedor_contacto"":""VERONICA"",""proveedor_telefono"":""433 107 2674"",""financiero_2023"":{""numero_control"":""0364"",""precio_compra_con_iva"":915,""iva_compra"":126.21,""porcentaje_a_ganar"":35,""utilidad"":320.25,""openpay_comision"":29.04,""openpay_iva"":4.65,""comision_tienda_nube"":27.98,""total_comisiones"":61.66,""descuento_pago_transferencia_pct"":2.38,""iva_venta_desglosar"":178.88,""precio_venta_sin_iva"":1118,""ganancia_real"":329,""_nota"":""Congelado del control de Excel 2023. No se recalcula ni se sincroniza.""}}"
BFPMA1,FLORERO PEZ MEDIANO (31x16x22) BCO.,5425,3310.34,ARTESANIAS,BFPMA1,SERVIN,TARANDACUAU GTO,,,"{""proveedor_contacto"":""VERONICA"",""proveedor_telefono"":""434 107 2674"",""financiero_2023"":{""numero_control"":""0365"",""precio_compra_con_iva"":3840,""iva_compra"":529.66,""porcentaje_a_ganar"":35,""utilidad"":1344,""openpay_comision"":113.86,""openpay_iva"":18.22,""comision_tienda_nube"":108.92,""total_comisiones"":241,""descuento_pago_transferencia_pct"":2.22,""iva_venta_desglosar"":748.28,""precio_venta_sin_iva"":4677,""ganancia_real"":1366,""_nota"":""Congelado del control de Excel 2023. No se recalcula ni se sincroniza.""}}"
BGPOA1,GATO PORTA-ANILLOS (12.5x4.5x8.5) BCO,598,362.07,ARTESANIAS,BGPOA1,SERVIN,TARANDACUAU GTO,,,"{""proveedor_contacto"":""VERONICA"",""proveedor_telefono"":""435 107 2674"",""financiero_2023"":{""numero_control"":""0366"",""precio_compra_con_iva"":420,""iva_compra"":57.93,""porcentaje_a_ganar"":35,""utilidad"":147,""openpay_comision"":14.68,""openpay_iva"":2.35,""comision_tienda_nube"":14.28,""total_comisiones"":31.31,""descuento_pago_transferencia_pct"":2.62,""iva_venta_desglosar"":82.53,""precio_venta_sin_iva"":516,""ganancia_real"":154,""_nota"":""Congelado del control de Excel 2023. No se recalcula ni se sincroniza.""}}"
BJBOB1,JOYERO # 2 BOLA (5.5x7.5) BCO.,380,228.45,ARTESANIAS,BJBOB1,SERVIN,TARANDACUAU GTO,,,"{""proveedor_contacto"":""VERONICA"",""proveedor_telefono"":""436 107 2674"",""financiero_2023"":{""numero_control"":""0367"",""precio_compra_con_iva"":265,""iva_compra"":36.55,""porcentaje_a_ganar"":35,""utilidad"":92.75,""openpay_comision"":10.19,""openpay_iva"":1.63,""comision_tienda_nube"":9.99,""total_comisiones"":21.81,""descuento_pago_transferencia_pct"":2.87,""iva_venta_desglosar"":52.35,""precio_venta_sin_iva"":327,""ganancia_real"":99,""_nota"":""Congelado del control de Excel 2023. No se recalcula ni se sincroniza.""}}"
BJHPB1,JOYERO # 2 HEXAGONAL CON PERILLA (5.5x6) BCO,380,228.45,ARTESANIAS,BJHPB1,SERVIN,TARANDACUAU GTO,,,"{""proveedor_contacto"":""VERONICA"",""proveedor_telefono"":""437 107 2674"",""financiero_2023"":{""numero_control"":""0368"",""precio_compra_con_iva"":265,""iva_compra"":36.55,""porcentaje_a_ganar"":35,""utilidad"":92.75,""openpay_comision"":10.19,""openpay_iva"":1.63,""comision_tienda_nube"":9.99,""total_comisiones"":21.81,""descuento_pago_transferencia_pct"":2.87,""iva_venta_desglosar"":52.35,""precio_venta_sin_iva"":327,""ganancia_real"":99,""_nota"":""Congelado del control de Excel 2023. No se recalcula ni se sincroniza.""}}"
BJBOC1,JOYERO # 3 BOLA (7.5x9) BCO.,471,284.48,ARTESANIAS,BJBOC1,SERVIN,TARANDACUAU GTO,,,"{""proveedor_contacto"":""VERONICA"",""proveedor_telefono"":""438 107 2674"",""financiero_2023"":{""numero_control"":""0369"",""precio_compra_con_iva"":330,""iva_compra"":45.52,""porcentaje_a_ganar"":35,""utilidad"":115.5,""openpay_comision"":12.07,""openpay_iva"":1.93,""comision_tienda_nube"":11.79,""total_comisiones"":25.79,""descuento_pago_transferencia_pct"":2.74,""iva_venta_desglosar"":65.01,""precio_venta_sin_iva"":406,""ganancia_real"":122,""_nota"":""Congelado del control de Excel 2023. No se recalcula ni se sincroniza.""}}"
BJHPC1,JOYERO # 3 HEXAGONAL CON PERILLA (7x9) BCO.,471,284.48,ARTESANIAS,BJHPC1,SERVIN,TARANDACUAU GTO,,,"{""proveedor_contacto"":""VERONICA"",""proveedor_telefono"":""439 107 2674"",""financiero_2023"":{""numero_control"":""0370"",""precio_compra_con_iva"":330,""iva_compra"":45.52,""porcentaje_a_ganar"":35,""utilidad"":115.5,""openpay_comision"":12.07,""openpay_iva"":1.93,""comision_tienda_nube"":11.79,""total_comisiones"":25.79,""descuento_pago_transferencia_pct"":2.74,""iva_venta_desglosar"":65.01,""precio_venta_sin_iva"":406,""ganancia_real"":122,""_nota"":""Congelado del control de Excel 2023. No se recalcula ni se sincroniza.""}}"
BJADB1,JUEGO DE AGUA DONA (7 PIEZAS) BCO.,8445,5155.17,ARTESANIAS,BJADB1,SERVIN,TARANDACUAU GTO,,,"{""proveedor_contacto"":""VERONICA"",""proveedor_telefono"":""440 107 2674"",""financiero_2023"":{""numero_control"":""0371"",""precio_compra_con_iva"":5980,""iva_compra"":824.83,""porcentaje_a_ganar"":35,""utilidad"":2093,""openpay_comision"":175.92,""openpay_iva"":28.15,""comision_tienda_nube"":168.14,""total_comisiones"":372.21,""descuento_pago_transferencia_pct"":2.2,""iva_venta_desglosar"":1164.86,""precio_venta_sin_iva"":7280,""ganancia_real"":2125,""_nota"":""Congelado del control de Excel 2023. No se recalcula ni se sincroniza.""}}"
BJTCB1,JUEGO DE TE CHICO (5 PIEZAS) BCO.,2842,1732.76,ARTESANIAS,BJTCB1,SERVIN,TARANDACUAU GTO,,,"{""proveedor_contacto"":""VERONICA"",""proveedor_telefono"":""441 107 2674"",""financiero_2023"":{""numero_control"":""0372"",""precio_compra_con_iva"":2010,""iva_compra"":277.24,""porcentaje_a_ganar"":35,""utilidad"":703.5,""openpay_comision"":60.79,""openpay_iva"":9.73,""comision_tienda_nube"":58.28,""total_comisiones"":128.8,""descuento_pago_transferencia_pct"":2.27,""iva_venta_desglosar"":392.04,""precio_venta_sin_iva"":2450,""ganancia_real"":717,""_nota"":""Congelado del control de Excel 2023. No se recalcula ni se sincroniza.""}}"
BLAMC1,LAMPARA # 6 (25) BCO.,1756,1068.97,ARTESANIAS,BLAMC1,SERVIN,TARANDACUAU GTO,,,"{""proveedor_contacto"":""VERONICA"",""proveedor_telefono"":""442 107 2674"",""financiero_2023"":{""numero_control"":""0373"",""precio_compra_con_iva"":1240,""iva_compra"":171.03,""porcentaje_a_ganar"":35,""utilidad"":434,""openpay_comision"":38.46,""openpay_iva"":6.15,""comision_tienda_nube"":36.97,""total_comisiones"":81.59,""descuento_pago_transferencia_pct"":2.32,""iva_venta_desglosar"":242.15,""precio_venta_sin_iva"":1513,""ganancia_real"":444,""_nota"":""Congelado del control de Excel 2023. No se recalcula ni se sincroniza.""}}"
BLCCA1,LAMPARA CILINDRICA (58x30) BCO,3901,2379.31,ARTESANIAS,BLCCA1,SERVIN,TARANDACUAU GTO,,,"{""proveedor_contacto"":""VERONICA"",""proveedor_telefono"":""443 107 2674"",""financiero_2023"":{""numero_control"":""0374"",""precio_compra_con_iva"":2760,""iva_compra"":380.69,""porcentaje_a_ganar"":35,""utilidad"":966,""openpay_comision"":82.54,""openpay_iva"":13.21,""comision_tienda_nube"":79.03,""total_comisiones"":174.78,""descuento_pago_transferencia_pct"":2.24,""iva_venta_desglosar"":538.04,""precio_venta_sin_iva"":3363,""ganancia_real"":983,""_nota"":""Congelado del control de Excel 2023. No se recalcula ni se sincroniza.""}}"
BLBCB1,LICORERA BOLA CHICA (22.5x11) BCO.,1297,788.79,ARTESANIAS,BLBCB1,SERVIN,TARANDACUAU GTO,,,"{""proveedor_contacto"":""VERONICA"",""proveedor_telefono"":""444 107 2674"",""financiero_2023"":{""numero_control"":""0375"",""precio_compra_con_iva"":915,""iva_compra"":126.21,""porcentaje_a_ganar"":35,""utilidad"":320.25,""openpay_comision"":29.04,""openpay_iva"":4.65,""comision_tienda_nube"":27.98,""total_comisiones"":61.66,""descuento_pago_transferencia_pct"":2.38,""iva_venta_desglosar"":178.88,""precio_venta_sin_iva"":1118,""ganancia_real"":329,""_nota"":""Congelado del control de Excel 2023. No se recalcula ni se sincroniza.""}}"
BMSMA1,MOLCAJETE SANTA MARIA MEDIANO (10.5x16.5) BCO,1255,762.93,ARTESANIAS,BMSMA1,SERVIN,TARANDACUAU GTO,,,"{""proveedor_contacto"":""VERONICA"",""proveedor_telefono"":""445 107 2674"",""financiero_2023"":{""numero_control"":""0376"",""precio_compra_con_iva"":885,""iva_compra"":122.07,""porcentaje_a_ganar"":35,""utilidad"":309.75,""openpay_comision"":28.17,""openpay_iva"":4.51,""comision_tienda_nube"":27.15,""total_comisiones"":59.82,""descuento_pago_transferencia_pct"":2.38,""iva_venta_desglosar"":173.04,""precio_venta_sin_iva"":1082,""ganancia_real"":319,""_nota"":""Congelado del control de Excel 2023. No se recalcula ni se sincroniza.""}}"
BPSOA1,PLATO CONSOME (6x12.5) BCO.,796,482.76,ARTESANIAS,BPSOA1,SERVIN,TARANDACUAU GTO,,,"{""proveedor_contacto"":""VERONICA"",""proveedor_telefono"":""446 107 2674"",""financiero_2023"":{""numero_control"":""0377"",""precio_compra_con_iva"":560,""iva_compra"":77.24,""porcentaje_a_ganar"":35,""utilidad"":196,""openpay_comision"":18.74,""openpay_iva"":3,""comision_tienda_nube"":18.15,""total_comisiones"":39.89,""descuento_pago_transferencia_pct"":2.51,""iva_venta_desglosar"":109.78,""precio_venta_sin_iva"":686,""ganancia_real"":203,""_nota"":""Congelado del control de Excel 2023. No se recalcula ni se sincroniza.""}}"
BSGRA1,SALERO GRANDE (6.5x4.5) BCO.,274,163.79,ARTESANIAS,BSGRA1,SERVIN,TARANDACUAU GTO,,,"{""proveedor_contacto"":""VERONICA"",""proveedor_telefono"":""447 107 2674"",""financiero_2023"":{""numero_control"":""0378"",""precio_compra_con_iva"":190,""iva_compra"":26.21,""porcentaje_a_ganar"":35,""utilidad"":66.5,""openpay_comision"":8.01,""openpay_iva"":1.28,""comision_tienda_nube"":7.92,""total_comisiones"":17.21,""descuento_pago_transferencia_pct"":3.14,""iva_venta_desglosar"":37.75,""precio_venta_sin_iva"":236,""ganancia_real"":72,""_nota"":""Congelado del control de Excel 2023. No se recalcula ni se sincroniza.""}}"
BTALA1,TARRO ALTO (11.5x8.5) BCO.,556,336.21,ARTESANIAS,BTALA1,SERVIN,TARANDACUAU GTO,,,"{""proveedor_contacto"":""VERONICA"",""proveedor_telefono"":""448 107 2674"",""financiero_2023"":{""numero_control"":""0379"",""precio_compra_con_iva"":390,""iva_compra"":53.79,""porcentaje_a_ganar"":35,""utilidad"":136.5,""openpay_comision"":13.81,""openpay_iva"":2.21,""comision_tienda_nube"":13.45,""total_comisiones"":29.47,""descuento_pago_transferencia_pct"":2.65,""iva_venta_desglosar"":76.69,""precio_venta_sin_iva"":479,""ganancia_real"":143,""_nota"":""Congelado del control de Excel 2023. No se recalcula ni se sincroniza.""}}"
BTASA1,TARRO ASA (9.5x8) BCO.,556,336.21,ARTESANIAS,BTASA1,SERVIN,TARANDACUAU GTO,,,"{""proveedor_contacto"":""VERONICA"",""proveedor_telefono"":""449 107 2674"",""financiero_2023"":{""numero_control"":""0380"",""precio_compra_con_iva"":390,""iva_compra"":53.79,""porcentaje_a_ganar"":35,""utilidad"":136.5,""openpay_comision"":13.81,""openpay_iva"":2.21,""comision_tienda_nube"":13.45,""total_comisiones"":29.47,""descuento_pago_transferencia_pct"":2.65,""iva_venta_desglosar"":76.69,""precio_venta_sin_iva"":479,""ganancia_real"":143,""_nota"":""Congelado del control de Excel 2023. No se recalcula ni se sincroniza.""}}"
BTCHA1,TARRO CHICO (7.5x7.5) BCO.,507,306.03,ARTESANIAS,BTCHA1,SERVIN,TARANDACUAU GTO,,,"{""proveedor_contacto"":""VERONICA"",""proveedor_telefono"":""450 107 2674"",""financiero_2023"":{""numero_control"":""0381"",""precio_compra_con_iva"":355,""iva_compra"":48.97,""porcentaje_a_ganar"":35,""utilidad"":124.25,""openpay_comision"":12.8,""openpay_iva"":2.05,""comision_tienda_nube"":12.48,""total_comisiones"":27.32,""descuento_pago_transferencia_pct"":2.7,""iva_venta_desglosar"":69.87,""precio_venta_sin_iva"":437,""ganancia_real"":131,""_nota"":""Congelado del control de Excel 2023. No se recalcula ni se sincroniza.""}}"
BVTMA1,VASO DE TE MEDIANO (5x7.5) BCO.,365,219.83,ARTESANIAS,BVTMA1,SERVIN,TARANDACUAU GTO,,,"{""proveedor_contacto"":""VERONICA"",""proveedor_telefono"":""451 107 2674"",""financiero_2023"":{""numero_control"":""0382"",""precio_compra_con_iva"":255,""iva_compra"":35.17,""porcentaje_a_ganar"":35,""utilidad"":89.25,""openpay_comision"":9.9,""openpay_iva"":1.58,""comision_tienda_nube"":9.71,""total_comisiones"":21.19,""descuento_pago_transferencia_pct"":2.9,""iva_venta_desglosar"":50.41,""precio_venta_sin_iva"":315,""ganancia_real"":95,""_nota"":""Congelado del control de Excel 2023. No se recalcula ni se sincroniza.""}}"
GAEXA1,AZUCARERA EXPRESS (11x8.5) NG.,598,362.07,ARTESANIAS,GAEXA1,SERVIN,TARANDACUAU GTO,,,"{""proveedor_contacto"":""VERONICA"",""proveedor_telefono"":""452 107 2674"",""financiero_2023"":{""numero_control"":""0383"",""precio_compra_con_iva"":420,""iva_compra"":57.93,""porcentaje_a_ganar"":35,""utilidad"":147,""openpay_comision"":14.68,""openpay_iva"":2.35,""comision_tienda_nube"":14.28,""total_comisiones"":31.31,""descuento_pago_transferencia_pct"":2.62,""iva_venta_desglosar"":82.53,""precio_venta_sin_iva"":516,""ganancia_real"":154,""_nota"":""Congelado del control de Excel 2023. No se recalcula ni se sincroniza.""}}"
GBRCB1,BOWL REDONDO CHICO (9x17) NG,1565,952.59,ARTESANIAS,GBRCB1,SERVIN,TARANDACUAU GTO,,,"{""proveedor_contacto"":""VERONICA"",""proveedor_telefono"":""453 107 2674"",""financiero_2023"":{""numero_control"":""0384"",""precio_compra_con_iva"":1105,""iva_compra"":152.41,""porcentaje_a_ganar"":35,""utilidad"":386.75,""openpay_comision"":34.55,""openpay_iva"":5.53,""comision_tienda_nube"":33.24,""total_comisiones"":73.31,""descuento_pago_transferencia_pct"":2.34,""iva_venta_desglosar"":215.87,""precio_venta_sin_iva"":1349,""ganancia_real"":397,""_nota"":""Congelado del control de Excel 2023. No se recalcula ni se sincroniza.""}}"
GBRMA1,BOWL REDONDO MEDIANO (10x20.5) NG,2384,1452.59,ARTESANIAS,GBRMA1,SERVIN,TARANDACUAU GTO,,,"{""proveedor_contacto"":""VERONICA"",""proveedor_telefono"":""454 107 2674"",""financiero_2023"":{""numero_control"":""0385"",""precio_compra_con_iva"":1685,""iva_compra"":232.41,""porcentaje_a_ganar"":35,""utilidad"":589.75,""openpay_comision"":51.37,""openpay_iva"":8.22,""comision_tienda_nube"":49.29,""total_comisiones"":108.87,""descuento_pago_transferencia_pct"":2.28,""iva_venta_desglosar"":328.78,""precio_venta_sin_iva"":2055,""ganancia_real"":602,""_nota"":""Congelado del control de Excel 2023. No se recalcula ni se sincroniza.""}}"
GCCDA1,CHAROLA RECTANGULAR CHICA DECORADA (1.5x8x17.5) NG.,704,426.72,ARTESANIAS,GCCDA1,SERVIN,TARANDACUAU GTO,,,"{""proveedor_contacto"":""VERONICA"",""proveedor_telefono"":""455 107 2674"",""financiero_2023"":{""numero_control"":""0386"",""precio_compra_con_iva"":495,""iva_compra"":68.28,""porcentaje_a_ganar"":35,""utilidad"":173.25,""openpay_comision"":16.86,""openpay_iva"":2.7,""comision_tienda_nube"":16.36,""total_comisiones"":35.91,""descuento_pago_transferencia_pct"":2.55,""iva_venta_desglosar"":97.13,""precio_venta_sin_iva"":607,""ganancia_real"":180,""_nota"":""Congelado del control de Excel 2023. No se recalcula ni se sincroniza.""}}"
GCTCA1,COPA TEQUILERA CHICA (5.5x4) NG.,260,155.17,ARTESANIAS,GCTCA1,SERVIN,TARANDACUAU GTO,,,"{""proveedor_contacto"":""VERONICA"",""proveedor_telefono"":""456 107 2674"",""financiero_2023"":{""numero_control"":""0387"",""precio_compra_con_iva"":180,""iva_compra"":24.83,""porcentaje_a_ganar"":35,""utilidad"":63,""openpay_comision"":7.72,""openpay_iva"":1.24,""comision_tienda_nube"":7.64,""total_comisiones"":16.59,""descuento_pago_transferencia_pct"":3.2,""iva_venta_desglosar"":35.81,""precio_venta_sin_iva"":224,""ganancia_real"":69,""_nota"":""Congelado del control de Excel 2023. No se recalcula ni se sincroniza.""}}"
GCEXA1,CREMERA EXPRESS (6.5x6) NG.,365,219.83,ARTESANIAS,GCEXA1,SERVIN,TARANDACUAU GTO,,,"{""proveedor_contacto"":""VERONICA"",""proveedor_telefono"":""457 107 2674"",""financiero_2023"":{""numero_control"":""0388"",""precio_compra_con_iva"":255,""iva_compra"":35.17,""porcentaje_a_ganar"":35,""utilidad"":89.25,""openpay_comision"":9.9,""openpay_iva"":1.58,""comision_tienda_nube"":9.71,""total_comisiones"":21.19,""descuento_pago_transferencia_pct"":2.9,""iva_venta_desglosar"":50.41,""precio_venta_sin_iva"":315,""ganancia_real"":95,""_nota"":""Congelado del control de Excel 2023. No se recalcula ni se sincroniza.""}}"
GCUCA1,CUCHARA (3x4x15.5) NG,344,206.9,ARTESANIAS,GCUCA1,SERVIN,TARANDACUAU GTO,,,"{""proveedor_contacto"":""VERONICA"",""proveedor_telefono"":""423 107 2674"",""financiero_2023"":{""numero_control"":""0389"",""precio_compra_con_iva"":240,""iva_compra"":33.1,""porcentaje_a_ganar"":35,""utilidad"":84,""openpay_comision"":9.46,""openpay_iva"":1.51,""comision_tienda_nube"":9.3,""total_comisiones"":20.27,""descuento_pago_transferencia_pct"":2.94,""iva_venta_desglosar"":47.49,""precio_venta_sin_iva"":297,""ganancia_real"":90,""_nota"":""Congelado del control de Excel 2023. No se recalcula ni se sincroniza.""}}"
GDJAL1,DESPACHADOR DE JABON LIQUIDO NG.,1092,663.79,ARTESANIAS,GDJAL1,SERVIN,TARANDACUAU GTO,,,"{""proveedor_contacto"":""VERONICA"",""proveedor_telefono"":""424 107 2674"",""financiero_2023"":{""numero_control"":""0390"",""precio_compra_con_iva"":770,""iva_compra"":106.21,""porcentaje_a_ganar"":35,""utilidad"":269.5,""openpay_comision"":24.83,""openpay_iva"":3.97,""comision_tienda_nube"":23.97,""total_comisiones"":52.77,""descuento_pago_transferencia_pct"":2.42,""iva_venta_desglosar"":150.66,""precio_venta_sin_iva"":942,""ganancia_real"":278,""_nota"":""Congelado del control de Excel 2023. No se recalcula ni se sincroniza.""}}"
GFLOD1,FLORERO # 3 (10.5) NG.,380,228.45,ARTESANIAS,GFLOD1,SERVIN,TARANDACUAU GTO,,,"{""proveedor_contacto"":""VERONICA"",""proveedor_telefono"":""425 107 2674"",""financiero_2023"":{""numero_control"":""0391"",""precio_compra_con_iva"":265,""iva_compra"":36.55,""porcentaje_a_ganar"":35,""utilidad"":92.75,""openpay_comision"":10.19,""openpay_iva"":1.63,""comision_tienda_nube"":9.99,""total_comisiones"":21.81,""descuento_pago_transferencia_pct"":2.87,""iva_venta_desglosar"":52.35,""precio_venta_sin_iva"":327,""ganancia_real"":99,""_nota"":""Congelado del control de Excel 2023. No se recalcula ni se sincroniza.""}}"
GFLOF1,FLORERO # 5 (15) NG,852,517.24,ARTESANIAS,GFLOF1,SERVIN,TARANDACUAU GTO,,,"{""proveedor_contacto"":""VERONICA"",""proveedor_telefono"":""426 107 2674"",""financiero_2023"":{""numero_control"":""0392"",""precio_compra_con_iva"":600,""iva_compra"":82.76,""porcentaje_a_ganar"":35,""utilidad"":210,""openpay_comision"":19.9,""openpay_iva"":3.18,""comision_tienda_nube"":19.26,""total_comisiones"":42.35,""descuento_pago_transferencia_pct"":2.48,""iva_venta_desglosar"":117.56,""precio_venta_sin_iva"":735,""ganancia_real"":218,""_nota"":""Congelado del control de Excel 2023. No se recalcula ni se sincroniza.""}}"
GFLOH1,FLORERO # 7 (22x14) NG.,1918,1168.1,ARTESANIAS,GFLOH1,SERVIN,TARANDACUAU GTO,,,"{""proveedor_contacto"":""VERONICA"",""proveedor_telefono"":""427 107 2674"",""financiero_2023"":{""numero_control"":""0393"",""precio_compra_con_iva"":1355,""iva_compra"":186.9,""porcentaje_a_ganar"":35,""utilidad"":474.25,""openpay_comision"":41.8,""openpay_iva"":6.69,""comision_tienda_nube"":40.15,""total_comisiones"":88.64,""descuento_pago_transferencia_pct"":2.31,""iva_venta_desglosar"":264.54,""precio_venta_sin_iva"":1653,""ganancia_real"":485,""_nota"":""Congelado del control de Excel 2023. No se recalcula ni se sincroniza.""}}"
GFCCA1,FLORERO CUADRADO CHICO (17.5x4.5)NG.,796,482.76,ARTESANIAS,GFCCA1,SERVIN,TARANDACUAU GTO,,,"{""proveedor_contacto"":""VERONICA"",""proveedor_telefono"":""428 107 2674"",""financiero_2023"":{""numero_control"":""0394"",""precio_compra_con_iva"":560,""iva_compra"":77.24,""porcentaje_a_ganar"":35,""utilidad"":196,""openpay_comision"":18.74,""openpay_iva"":3,""comision_tienda_nube"":18.15,""total_comisiones"":39.89,""descuento_pago_transferencia_pct"":2.51,""iva_venta_desglosar"":109.78,""precio_venta_sin_iva"":686,""ganancia_real"":203,""_nota"":""Congelado del control de Excel 2023. No se recalcula ni se sincroniza.""}}"
GFCGA1,FLORERO CUADRADO GRANDE (26x6) NG.,1756,1068.97,ARTESANIAS,GFCGA1,SERVIN,TARANDACUAU GTO,,,"{""proveedor_contacto"":""VERONICA"",""proveedor_telefono"":""429 107 2674"",""financiero_2023"":{""numero_control"":""0395"",""precio_compra_con_iva"":1240,""iva_compra"":171.03,""porcentaje_a_ganar"":35,""utilidad"":434,""openpay_comision"":38.46,""openpay_iva"":6.15,""comision_tienda_nube"":36.97,""total_comisiones"":81.59,""descuento_pago_transferencia_pct"":2.32,""iva_venta_desglosar"":242.15,""precio_venta_sin_iva"":1513,""ganancia_real"":444,""_nota"":""Congelado del control de Excel 2023. No se recalcula ni se sincroniza.""}}"
GFPCA1,FLORERO PEZ CHICO (18.5x9.5x14.5) NG.,1297,788.79,ARTESANIAS,GFPCA1,SERVIN,TARANDACUAU GTO,,,"{""proveedor_contacto"":""VERONICA"",""proveedor_telefono"":""430 107 2674"",""financiero_2023"":{""numero_control"":""0396"",""precio_compra_con_iva"":915,""iva_compra"":126.21,""porcentaje_a_ganar"":35,""utilidad"":320.25,""openpay_comision"":29.04,""openpay_iva"":4.65,""comision_tienda_nube"":27.98,""total_comisiones"":61.66,""descuento_pago_transferencia_pct"":2.38,""iva_venta_desglosar"":178.88,""precio_venta_sin_iva"":1118,""ganancia_real"":329,""_nota"":""Congelado del control de Excel 2023. No se recalcula ni se sincroniza.""}}"
GFPMA1,FLORERO PEZ MEDIANO (31x16x22) NG.,5425,3310.34,ARTESANIAS,GFPMA1,SERVIN,TARANDACUAU GTO,,,"{""proveedor_contacto"":""VERONICA"",""proveedor_telefono"":""431 107 2674"",""financiero_2023"":{""numero_control"":""0397"",""precio_compra_con_iva"":3840,""iva_compra"":529.66,""porcentaje_a_ganar"":35,""utilidad"":1344,""openpay_comision"":113.86,""openpay_iva"":18.22,""comision_tienda_nube"":108.92,""total_comisiones"":241,""descuento_pago_transferencia_pct"":2.22,""iva_venta_desglosar"":748.28,""precio_venta_sin_iva"":4677,""ganancia_real"":1366,""_nota"":""Congelado del control de Excel 2023. No se recalcula ni se sincroniza.""}}"
GGPOA1,GATO PORTA-ANILLOS (12.5x4.5x8.5) NG.,598,362.07,ARTESANIAS,GGPOA1,SERVIN,TARANDACUAU GTO,,,"{""proveedor_contacto"":""VERONICA"",""proveedor_telefono"":""432 107 2674"",""financiero_2023"":{""numero_control"":""0398"",""precio_compra_con_iva"":420,""iva_compra"":57.93,""porcentaje_a_ganar"":35,""utilidad"":147,""openpay_comision"":14.68,""openpay_iva"":2.35,""comision_tienda_nube"":14.28,""total_comisiones"":31.31,""descuento_pago_transferencia_pct"":2.62,""iva_venta_desglosar"":82.53,""precio_venta_sin_iva"":516,""ganancia_real"":154,""_nota"":""Congelado del control de Excel 2023. No se recalcula ni se sincroniza.""}}"
GJBOB1,JOYERO # 2 BOLA (5.5x7.5) NG,380,228.45,ARTESANIAS,GJBOB1,SERVIN,TARANDACUAU GTO,,,"{""proveedor_contacto"":""VERONICA"",""proveedor_telefono"":""433 107 2674"",""financiero_2023"":{""numero_control"":""0399"",""precio_compra_con_iva"":265,""iva_compra"":36.55,""porcentaje_a_ganar"":35,""utilidad"":92.75,""openpay_comision"":10.19,""openpay_iva"":1.63,""comision_tienda_nube"":9.99,""total_comisiones"":21.81,""descuento_pago_transferencia_pct"":2.87,""iva_venta_desglosar"":52.35,""precio_venta_sin_iva"":327,""ganancia_real"":99,""_nota"":""Congelado del control de Excel 2023. No se recalcula ni se sincroniza.""}}"
GJHPB1,JOYERO # 2 HEXAGONAL CON PERILLA (5.5x6) NG.,380,228.45,ARTESANIAS,GJHPB1,SERVIN,TARANDACUAU GTO,,,"{""proveedor_contacto"":""VERONICA"",""proveedor_telefono"":""434 107 2674"",""financiero_2023"":{""numero_control"":""0400"",""precio_compra_con_iva"":265,""iva_compra"":36.55,""porcentaje_a_ganar"":35,""utilidad"":92.75,""openpay_comision"":10.19,""openpay_iva"":1.63,""comision_tienda_nube"":9.99,""total_comisiones"":21.81,""descuento_pago_transferencia_pct"":2.87,""iva_venta_desglosar"":52.35,""precio_venta_sin_iva"":327,""ganancia_real"":99,""_nota"":""Congelado del control de Excel 2023. No se recalcula ni se sincroniza.""}}"
GJBOC1,JOYERO # 3 BOLA (7.5x9) NG.,471,284.48,ARTESANIAS,GJBOC1,SERVIN,TARANDACUAU GTO,,,"{""proveedor_contacto"":""VERONICA"",""proveedor_telefono"":""435 107 2674"",""financiero_2023"":{""numero_control"":""0401"",""precio_compra_con_iva"":330,""iva_compra"":45.52,""porcentaje_a_ganar"":35,""utilidad"":115.5,""openpay_comision"":12.07,""openpay_iva"":1.93,""comision_tienda_nube"":11.79,""total_comisiones"":25.79,""descuento_pago_transferencia_pct"":2.74,""iva_venta_desglosar"":65.01,""precio_venta_sin_iva"":406,""ganancia_real"":122,""_nota"":""Congelado del control de Excel 2023. No se recalcula ni se sincroniza.""}}"
GJHPC1,JOYERO # 3 HEXAGONAL CON PERILLA (7x9) NG.,471,284.48,ARTESANIAS,GJHPC1,SERVIN,TARANDACUAU GTO,,,"{""proveedor_contacto"":""VERONICA"",""proveedor_telefono"":""436 107 2674"",""financiero_2023"":{""numero_control"":""0402"",""precio_compra_con_iva"":330,""iva_compra"":45.52,""porcentaje_a_ganar"":35,""utilidad"":115.5,""openpay_comision"":12.07,""openpay_iva"":1.93,""comision_tienda_nube"":11.79,""total_comisiones"":25.79,""descuento_pago_transferencia_pct"":2.74,""iva_venta_desglosar"":65.01,""precio_venta_sin_iva"":406,""ganancia_real"":122,""_nota"":""Congelado del control de Excel 2023. No se recalcula ni se sincroniza.""}}"
GJADB1,JUEGO DE AGUA DONA (7 PIEZAS) NG.,8445,5155.17,ARTESANIAS,GJADB1,SERVIN,TARANDACUAU GTO,,,"{""proveedor_contacto"":""VERONICA"",""proveedor_telefono"":""437 107 2674"",""financiero_2023"":{""numero_control"":""0403"",""precio_compra_con_iva"":5980,""iva_compra"":824.83,""porcentaje_a_ganar"":35,""utilidad"":2093,""openpay_comision"":175.92,""openpay_iva"":28.15,""comision_tienda_nube"":168.14,""total_comisiones"":372.21,""descuento_pago_transferencia_pct"":2.2,""iva_venta_desglosar"":1164.86,""precio_venta_sin_iva"":7280,""ganancia_real"":2125,""_nota"":""Congelado del control de Excel 2023. No se recalcula ni se sincroniza.""}}"
GJTCB1,JUEGO DE TE CHICO (5 PIEZAS) NG.,2842,1732.76,ARTESANIAS,GJTCB1,SERVIN,TARANDACUAU GTO,,,"{""proveedor_contacto"":""VERONICA"",""proveedor_telefono"":""438 107 2674"",""financiero_2023"":{""numero_control"":""0404"",""precio_compra_con_iva"":2010,""iva_compra"":277.24,""porcentaje_a_ganar"":35,""utilidad"":703.5,""openpay_comision"":60.79,""openpay_iva"":9.73,""comision_tienda_nube"":58.28,""total_comisiones"":128.8,""descuento_pago_transferencia_pct"":2.27,""iva_venta_desglosar"":392.04,""precio_venta_sin_iva"":2450,""ganancia_real"":717,""_nota"":""Congelado del control de Excel 2023. No se recalcula ni se sincroniza.""}}"
GLAMC1,LAMPARA # 6 (25) NG.,1756,1068.97,ARTESANIAS,GLAMC1,SERVIN,TARANDACUAU GTO,,,"{""proveedor_contacto"":""VERONICA"",""proveedor_telefono"":""439 107 2674"",""financiero_2023"":{""numero_control"":""0405"",""precio_compra_con_iva"":1240,""iva_compra"":171.03,""porcentaje_a_ganar"":35,""utilidad"":434,""openpay_comision"":38.46,""openpay_iva"":6.15,""comision_tienda_nube"":36.97,""total_comisiones"":81.59,""descuento_pago_transferencia_pct"":2.32,""iva_venta_desglosar"":242.15,""precio_venta_sin_iva"":1513,""ganancia_real"":444,""_nota"":""Congelado del control de Excel 2023. No se recalcula ni se sincroniza.""}}"
GLCCA1,LAMPARA CILINDRICA (58X30) NG.,3901,2379.31,ARTESANIAS,GLCCA1,SERVIN,TARANDACUAU GTO,,,"{""proveedor_contacto"":""VERONICA"",""proveedor_telefono"":""440 107 2674"",""financiero_2023"":{""numero_control"":""0406"",""precio_compra_con_iva"":2760,""iva_compra"":380.69,""porcentaje_a_ganar"":35,""utilidad"":966,""openpay_comision"":82.54,""openpay_iva"":13.21,""comision_tienda_nube"":79.03,""total_comisiones"":174.78,""descuento_pago_transferencia_pct"":2.24,""iva_venta_desglosar"":538.04,""precio_venta_sin_iva"":3363,""ganancia_real"":983,""_nota"":""Congelado del control de Excel 2023. No se recalcula ni se sincroniza.""}}"
GLBCB1,LICORERA BOLA CHICA (22.5x11) NG.,1297,788.79,ARTESANIAS,GLBCB1,SERVIN,TARANDACUAU GTO,,,"{""proveedor_contacto"":""VERONICA"",""proveedor_telefono"":""441 107 2674"",""financiero_2023"":{""numero_control"":""0407"",""precio_compra_con_iva"":915,""iva_compra"":126.21,""porcentaje_a_ganar"":35,""utilidad"":320.25,""openpay_comision"":29.04,""openpay_iva"":4.65,""comision_tienda_nube"":27.98,""total_comisiones"":61.66,""descuento_pago_transferencia_pct"":2.38,""iva_venta_desglosar"":178.88,""precio_venta_sin_iva"":1118,""ganancia_real"":329,""_nota"":""Congelado del control de Excel 2023. No se recalcula ni se sincroniza.""}}"
GMSMA1,MOLCAJETE SANTA MARIA MEDIANO (10.5x16.5) NG,1255,762.93,ARTESANIAS,GMSMA1,SERVIN,TARANDACUAU GTO,,,"{""proveedor_contacto"":""VERONICA"",""proveedor_telefono"":""442 107 2674"",""financiero_2023"":{""numero_control"":""0408"",""precio_compra_con_iva"":885,""iva_compra"":122.07,""porcentaje_a_ganar"":35,""utilidad"":309.75,""openpay_comision"":28.17,""openpay_iva"":4.51,""comision_tienda_nube"":27.15,""total_comisiones"":59.82,""descuento_pago_transferencia_pct"":2.38,""iva_venta_desglosar"":173.04,""precio_venta_sin_iva"":1082,""ganancia_real"":319,""_nota"":""Congelado del control de Excel 2023. No se recalcula ni se sincroniza.""}}"
GPSOA1,PLATO CONSOME (6x12.5) NG.,796,482.76,ARTESANIAS,GPSOA1,SERVIN,TARANDACUAU GTO,,,"{""proveedor_contacto"":""VERONICA"",""proveedor_telefono"":""443 107 2674"",""financiero_2023"":{""numero_control"":""0409"",""precio_compra_con_iva"":560,""iva_compra"":77.24,""porcentaje_a_ganar"":35,""utilidad"":196,""openpay_comision"":18.74,""openpay_iva"":3,""comision_tienda_nube"":18.15,""total_comisiones"":39.89,""descuento_pago_transferencia_pct"":2.51,""iva_venta_desglosar"":109.78,""precio_venta_sin_iva"":686,""ganancia_real"":203,""_nota"":""Congelado del control de Excel 2023. No se recalcula ni se sincroniza.""}}"
GSGRA1,SALERO GRANDE (6.5x4.5) NG.,274,163.79,ARTESANIAS,GSGRA1,SERVIN,TARANDACUAU GTO,,,"{""proveedor_contacto"":""VERONICA"",""proveedor_telefono"":""444 107 2674"",""financiero_2023"":{""numero_control"":""0410"",""precio_compra_con_iva"":190,""iva_compra"":26.21,""porcentaje_a_ganar"":35,""utilidad"":66.5,""openpay_comision"":8.01,""openpay_iva"":1.28,""comision_tienda_nube"":7.92,""total_comisiones"":17.21,""descuento_pago_transferencia_pct"":3.14,""iva_venta_desglosar"":37.75,""precio_venta_sin_iva"":236,""ganancia_real"":72,""_nota"":""Congelado del control de Excel 2023. No se recalcula ni se sincroniza.""}}"
GTALA1,TARRO ALTO (11.5x8.5) NG.,556,336.21,ARTESANIAS,GTALA1,SERVIN,TARANDACUAU GTO,,,"{""proveedor_contacto"":""VERONICA"",""proveedor_telefono"":""445 107 2674"",""financiero_2023"":{""numero_control"":""0411"",""precio_compra_con_iva"":390,""iva_compra"":53.79,""porcentaje_a_ganar"":35,""utilidad"":136.5,""openpay_comision"":13.81,""openpay_iva"":2.21,""comision_tienda_nube"":13.45,""total_comisiones"":29.47,""descuento_pago_transferencia_pct"":2.65,""iva_venta_desglosar"":76.69,""precio_venta_sin_iva"":479,""ganancia_real"":143,""_nota"":""Congelado del control de Excel 2023. No se recalcula ni se sincroniza.""}}"
GTASA1,TARRO ASA (9.5x8) NG.,556,336.21,ARTESANIAS,GTASA1,SERVIN,TARANDACUAU GTO,,,"{""proveedor_contacto"":""VERONICA"",""proveedor_telefono"":""446 107 2674"",""financiero_2023"":{""numero_control"":""0412"",""precio_compra_con_iva"":390,""iva_compra"":53.79,""porcentaje_a_ganar"":35,""utilidad"":136.5,""openpay_comision"":13.81,""openpay_iva"":2.21,""comision_tienda_nube"":13.45,""total_comisiones"":29.47,""descuento_pago_transferencia_pct"":2.65,""iva_venta_desglosar"":76.69,""precio_venta_sin_iva"":479,""ganancia_real"":143,""_nota"":""Congelado del control de Excel 2023. No se recalcula ni se sincroniza.""}}"
GTCHA1,TARRO CHICO (7.5x7.5) NG.,507,306.03,ARTESANIAS,GTCHA1,SERVIN,TARANDACUAU GTO,,,"{""proveedor_contacto"":""VERONICA"",""proveedor_telefono"":""447 107 2674"",""financiero_2023"":{""numero_control"":""0413"",""precio_compra_con_iva"":355,""iva_compra"":48.97,""porcentaje_a_ganar"":35,""utilidad"":124.25,""openpay_comision"":12.8,""openpay_iva"":2.05,""comision_tienda_nube"":12.48,""total_comisiones"":27.32,""descuento_pago_transferencia_pct"":2.7,""iva_venta_desglosar"":69.87,""precio_venta_sin_iva"":437,""ganancia_real"":131,""_nota"":""Congelado del control de Excel 2023. No se recalcula ni se sincroniza.""}}"
GVTMA1,VASO DE TE MEDIANO (5x7.5) NG,365,219.83,ARTESANIAS,GVTMA1,SERVIN,TARANDACUAU GTO,,,"{""proveedor_contacto"":""VERONICA"",""proveedor_telefono"":""448 107 2674"",""financiero_2023"":{""numero_control"":""0414"",""precio_compra_con_iva"":255,""iva_compra"":35.17,""porcentaje_a_ganar"":35,""utilidad"":89.25,""openpay_comision"":9.9,""openpay_iva"":1.58,""comision_tienda_nube"":9.71,""total_comisiones"":21.19,""descuento_pago_transferencia_pct"":2.9,""iva_venta_desglosar"":50.41,""precio_venta_sin_iva"":315,""ganancia_real"":95,""_nota"":""Congelado del control de Excel 2023. No se recalcula ni se sincroniza.""}}"
RSAEX1,AZUCARERA EXPRESS (11x8.5) NR.,598,362.07,ARTESANIAS,RSAEX1,SERVIN,TARANDACUAU GTO,,,"{""proveedor_contacto"":""VERONICA"",""proveedor_telefono"":""449 107 2674"",""financiero_2023"":{""numero_control"":""0415"",""precio_compra_con_iva"":420,""iva_compra"":57.93,""porcentaje_a_ganar"":35,""utilidad"":147,""openpay_comision"":14.68,""openpay_iva"":2.35,""comision_tienda_nube"":14.28,""total_comisiones"":31.31,""descuento_pago_transferencia_pct"":2.62,""iva_venta_desglosar"":82.53,""precio_venta_sin_iva"":516,""ganancia_real"":154,""_nota"":""Congelado del control de Excel 2023. No se recalcula ni se sincroniza.""}}"
RSBRC1,BOWL REDONDO CHICO (9x17) NR,1565,952.59,ARTESANIAS,RSBRC1,SERVIN,TARANDACUAU GTO,,,"{""proveedor_contacto"":""VERONICA"",""proveedor_telefono"":""450 107 2674"",""financiero_2023"":{""numero_control"":""0416"",""precio_compra_con_iva"":1105,""iva_compra"":152.41,""porcentaje_a_ganar"":35,""utilidad"":386.75,""openpay_comision"":34.55,""openpay_iva"":5.53,""comision_tienda_nube"":33.24,""total_comisiones"":73.31,""descuento_pago_transferencia_pct"":2.34,""iva_venta_desglosar"":215.87,""precio_venta_sin_iva"":1349,""ganancia_real"":397,""_nota"":""Congelado del control de Excel 2023. No se recalcula ni se sincroniza.""}}"
RSBRM1,BOWL REDONDO MEDIANO (10x20.5) NR.,2384,1452.59,ARTESANIAS,RSBRM1,SERVIN,TARANDACUAU GTO,,,"{""proveedor_contacto"":""VERONICA"",""proveedor_telefono"":""451 107 2674"",""financiero_2023"":{""numero_control"":""0417"",""precio_compra_con_iva"":1685,""iva_compra"":232.41,""porcentaje_a_ganar"":35,""utilidad"":589.75,""openpay_comision"":51.37,""openpay_iva"":8.22,""comision_tienda_nube"":49.29,""total_comisiones"":108.87,""descuento_pago_transferencia_pct"":2.28,""iva_venta_desglosar"":328.78,""precio_venta_sin_iva"":2055,""ganancia_real"":602,""_nota"":""Congelado del control de Excel 2023. No se recalcula ni se sincroniza.""}}"
RSCCD1,CHAROLA RECTANGULAR CHICA DECORADA (1.5x8x17.5) NR.,704,426.72,ARTESANIAS,RSCCD1,SERVIN,TARANDACUAU GTO,,,"{""proveedor_contacto"":""VERONICA"",""proveedor_telefono"":""452 107 2674"",""financiero_2023"":{""numero_control"":""0418"",""precio_compra_con_iva"":495,""iva_compra"":68.28,""porcentaje_a_ganar"":35,""utilidad"":173.25,""openpay_comision"":16.86,""openpay_iva"":2.7,""comision_tienda_nube"":16.36,""total_comisiones"":35.91,""descuento_pago_transferencia_pct"":2.55,""iva_venta_desglosar"":97.13,""precio_venta_sin_iva"":607,""ganancia_real"":180,""_nota"":""Congelado del control de Excel 2023. No se recalcula ni se sincroniza.""}}"
RSCTC1,COPA TEQUILERA CHICA (5.5x4) NR.,260,155.17,ARTESANIAS,RSCTC1,SERVIN,TARANDACUAU GTO,,,"{""proveedor_contacto"":""VERONICA"",""proveedor_telefono"":""453 107 2674"",""financiero_2023"":{""numero_control"":""0419"",""precio_compra_con_iva"":180,""iva_compra"":24.83,""porcentaje_a_ganar"":35,""utilidad"":63,""openpay_comision"":7.72,""openpay_iva"":1.24,""comision_tienda_nube"":7.64,""total_comisiones"":16.59,""descuento_pago_transferencia_pct"":3.2,""iva_venta_desglosar"":35.81,""precio_venta_sin_iva"":224,""ganancia_real"":69,""_nota"":""Congelado del control de Excel 2023. No se recalcula ni se sincroniza.""}}"
RSCEX1,CREMERA EXPRESS (6.5x6) NR.,365,219.83,ARTESANIAS,RSCEX1,SERVIN,TARANDACUAU GTO,,,"{""proveedor_contacto"":""VERONICA"",""proveedor_telefono"":""454 107 2674"",""financiero_2023"":{""numero_control"":""0420"",""precio_compra_con_iva"":255,""iva_compra"":35.17,""porcentaje_a_ganar"":35,""utilidad"":89.25,""openpay_comision"":9.9,""openpay_iva"":1.58,""comision_tienda_nube"":9.71,""total_comisiones"":21.19,""descuento_pago_transferencia_pct"":2.9,""iva_venta_desglosar"":50.41,""precio_venta_sin_iva"":315,""ganancia_real"":95,""_nota"":""Congelado del control de Excel 2023. No se recalcula ni se sincroniza.""}}"
RSCUC1,CUCHARA (3x4x15.5) NR.,344,206.9,ARTESANIAS,RSCUC1,SERVIN,TARANDACUAU GTO,,,"{""proveedor_contacto"":""VERONICA"",""proveedor_telefono"":""455 107 2674"",""financiero_2023"":{""numero_control"":""0421"",""precio_compra_con_iva"":240,""iva_compra"":33.1,""porcentaje_a_ganar"":35,""utilidad"":84,""openpay_comision"":9.46,""openpay_iva"":1.51,""comision_tienda_nube"":9.3,""total_comisiones"":20.27,""descuento_pago_transferencia_pct"":2.94,""iva_venta_desglosar"":47.49,""precio_venta_sin_iva"":297,""ganancia_real"":90,""_nota"":""Congelado del control de Excel 2023. No se recalcula ni se sincroniza.""}}"
RSDJA1,DESPACHADOR DE JABON LIQUIDO NR.,1092,663.79,ARTESANIAS,RSDJA1,SERVIN,TARANDACUAU GTO,,,"{""proveedor_contacto"":""VERONICA"",""proveedor_telefono"":""456 107 2674"",""financiero_2023"":{""numero_control"":""0422"",""precio_compra_con_iva"":770,""iva_compra"":106.21,""porcentaje_a_ganar"":35,""utilidad"":269.5,""openpay_comision"":24.83,""openpay_iva"":3.97,""comision_tienda_nube"":23.97,""total_comisiones"":52.77,""descuento_pago_transferencia_pct"":2.42,""iva_venta_desglosar"":150.66,""precio_venta_sin_iva"":942,""ganancia_real"":278,""_nota"":""Congelado del control de Excel 2023. No se recalcula ni se sincroniza.""}}"
RSFLD1,FLORERO # 3 (10.5) NR.,380,228.45,ARTESANIAS,RSFLD1,SERVIN,TARANDACUAU GTO,,,"{""proveedor_contacto"":""VERONICA"",""proveedor_telefono"":""457 107 2674"",""financiero_2023"":{""numero_control"":""0423"",""precio_compra_con_iva"":265,""iva_compra"":36.55,""porcentaje_a_ganar"":35,""utilidad"":92.75,""openpay_comision"":10.19,""openpay_iva"":1.63,""comision_tienda_nube"":9.99,""total_comisiones"":21.81,""descuento_pago_transferencia_pct"":2.87,""iva_venta_desglosar"":52.35,""precio_venta_sin_iva"":327,""ganancia_real"":99,""_nota"":""Congelado del control de Excel 2023. No se recalcula ni se sincroniza.""}}"
RSFLF1,FLORERO # 5 (15) NR.,852,517.24,ARTESANIAS,RSFLF1,SERVIN,TARANDACUAU GTO,,,"{""proveedor_contacto"":""VERONICA"",""proveedor_telefono"":""423 107 2674"",""financiero_2023"":{""numero_control"":""0424"",""precio_compra_con_iva"":600,""iva_compra"":82.76,""porcentaje_a_ganar"":35,""utilidad"":210,""openpay_comision"":19.9,""openpay_iva"":3.18,""comision_tienda_nube"":19.26,""total_comisiones"":42.35,""descuento_pago_transferencia_pct"":2.48,""iva_venta_desglosar"":117.56,""precio_venta_sin_iva"":735,""ganancia_real"":218,""_nota"":""Congelado del control de Excel 2023. No se recalcula ni se sincroniza.""}}"
RSFLH1,FLORERO # 7 (22x14) NR,1918,1168.1,ARTESANIAS,RSFLH1,SERVIN,TARANDACUAU GTO,,,"{""proveedor_contacto"":""VERONICA"",""proveedor_telefono"":""424 107 2674"",""financiero_2023"":{""numero_control"":""0425"",""precio_compra_con_iva"":1355,""iva_compra"":186.9,""porcentaje_a_ganar"":35,""utilidad"":474.25,""openpay_comision"":41.8,""openpay_iva"":6.69,""comision_tienda_nube"":40.15,""total_comisiones"":88.64,""descuento_pago_transferencia_pct"":2.31,""iva_venta_desglosar"":264.54,""precio_venta_sin_iva"":1653,""ganancia_real"":485,""_nota"":""Congelado del control de Excel 2023. No se recalcula ni se sincroniza.""}}"
RSFCC1,FLORERO CUADRADO CHICO (17.5x4.5) NR.,796,482.76,ARTESANIAS,RSFCC1,SERVIN,TARANDACUAU GTO,,,"{""proveedor_contacto"":""VERONICA"",""proveedor_telefono"":""425 107 2674"",""financiero_2023"":{""numero_control"":""0426"",""precio_compra_con_iva"":560,""iva_compra"":77.24,""porcentaje_a_ganar"":35,""utilidad"":196,""openpay_comision"":18.74,""openpay_iva"":3,""comision_tienda_nube"":18.15,""total_comisiones"":39.89,""descuento_pago_transferencia_pct"":2.51,""iva_venta_desglosar"":109.78,""precio_venta_sin_iva"":686,""ganancia_real"":203,""_nota"":""Congelado del control de Excel 2023. No se recalcula ni se sincroniza.""}}"
RSFCG1,FLORERO CUADRADO GRANDE (26x6) NR.,1756,1068.97,ARTESANIAS,RSFCG1,SERVIN,TARANDACUAU GTO,,,"{""proveedor_contacto"":""VERONICA"",""proveedor_telefono"":""426 107 2674"",""financiero_2023"":{""numero_control"":""0427"",""precio_compra_con_iva"":1240,""iva_compra"":171.03,""porcentaje_a_ganar"":35,""utilidad"":434,""openpay_comision"":38.46,""openpay_iva"":6.15,""comision_tienda_nube"":36.97,""total_comisiones"":81.59,""descuento_pago_transferencia_pct"":2.32,""iva_venta_desglosar"":242.15,""precio_venta_sin_iva"":1513,""ganancia_real"":444,""_nota"":""Congelado del control de Excel 2023. No se recalcula ni se sincroniza.""}}"
RSFPC1,FLORERO PEZ CHICO (18.5x9.5x14.5) NR.,1297,788.79,ARTESANIAS,RSFPC1,SERVIN,TARANDACUAU GTO,,,"{""proveedor_contacto"":""VERONICA"",""proveedor_telefono"":""427 107 2674"",""financiero_2023"":{""numero_control"":""0428"",""precio_compra_con_iva"":915,""iva_compra"":126.21,""porcentaje_a_ganar"":35,""utilidad"":320.25,""openpay_comision"":29.04,""openpay_iva"":4.65,""comision_tienda_nube"":27.98,""total_comisiones"":61.66,""descuento_pago_transferencia_pct"":2.38,""iva_venta_desglosar"":178.88,""precio_venta_sin_iva"":1118,""ganancia_real"":329,""_nota"":""Congelado del control de Excel 2023. No se recalcula ni se sincroniza.""}}"
RSFPM1,FLORERO PEZ MEDIANO (31x16x22) NR.,5425,3310.34,ARTESANIAS,RSFPM1,SERVIN,TARANDACUAU GTO,,,"{""proveedor_contacto"":""VERONICA"",""proveedor_telefono"":""428 107 2674"",""financiero_2023"":{""numero_control"":""0429"",""precio_compra_con_iva"":3840,""iva_compra"":529.66,""porcentaje_a_ganar"":35,""utilidad"":1344,""openpay_comision"":113.86,""openpay_iva"":18.22,""comision_tienda_nube"":108.92,""total_comisiones"":241,""descuento_pago_transferencia_pct"":2.22,""iva_venta_desglosar"":748.28,""precio_venta_sin_iva"":4677,""ganancia_real"":1366,""_nota"":""Congelado del control de Excel 2023. No se recalcula ni se sincroniza.""}}"
RSGPO1,GATO PORTA-ANILLOS (12.5x4.5x8.5) NR.,598,362.07,ARTESANIAS,RSGPO1,SERVIN,TARANDACUAU GTO,,,"{""proveedor_contacto"":""VERONICA"",""proveedor_telefono"":""429 107 2674"",""financiero_2023"":{""numero_control"":""0430"",""precio_compra_con_iva"":420,""iva_compra"":57.93,""porcentaje_a_ganar"":35,""utilidad"":147,""openpay_comision"":14.68,""openpay_iva"":2.35,""comision_tienda_nube"":14.28,""total_comisiones"":31.31,""descuento_pago_transferencia_pct"":2.62,""iva_venta_desglosar"":82.53,""precio_venta_sin_iva"":516,""ganancia_real"":154,""_nota"":""Congelado del control de Excel 2023. No se recalcula ni se sincroniza.""}}"
RSJBA1,JOYERO # 2 BOLA (5.5x7.5) NR,380,228.45,ARTESANIAS,RSJBA1,SERVIN,TARANDACUAU GTO,,,"{""proveedor_contacto"":""VERONICA"",""proveedor_telefono"":""430 107 2674"",""financiero_2023"":{""numero_control"":""0431"",""precio_compra_con_iva"":265,""iva_compra"":36.55,""porcentaje_a_ganar"":35,""utilidad"":92.75,""openpay_comision"":10.19,""openpay_iva"":1.63,""comision_tienda_nube"":9.99,""total_comisiones"":21.81,""descuento_pago_transferencia_pct"":2.87,""iva_venta_desglosar"":52.35,""precio_venta_sin_iva"":327,""ganancia_real"":99,""_nota"":""Congelado del control de Excel 2023. No se recalcula ni se sincroniza.""}}"
RSJHB1,JOYERO # 2 HEXAGONAL CON PERILLA (5.5x6) NR.,380,228.45,ARTESANIAS,RSJHB1,SERVIN,TARANDACUAU GTO,,,"{""proveedor_contacto"":""VERONICA"",""proveedor_telefono"":""431 107 2674"",""financiero_2023"":{""numero_control"":""0432"",""precio_compra_con_iva"":265,""iva_compra"":36.55,""porcentaje_a_ganar"":35,""utilidad"":92.75,""openpay_comision"":10.19,""openpay_iva"":1.63,""comision_tienda_nube"":9.99,""total_comisiones"":21.81,""descuento_pago_transferencia_pct"":2.87,""iva_venta_desglosar"":52.35,""precio_venta_sin_iva"":327,""ganancia_real"":99,""_nota"":""Congelado del control de Excel 2023. No se recalcula ni se sincroniza.""}}"
RSJBO1,JOYERO # 3 BOLA (7.5x9) NR.,471,284.48,ARTESANIAS,RSJBO1,SERVIN,TARANDACUAU GTO,,,"{""proveedor_contacto"":""VERONICA"",""proveedor_telefono"":""432 107 2674"",""financiero_2023"":{""numero_control"":""0433"",""precio_compra_con_iva"":330,""iva_compra"":45.52,""porcentaje_a_ganar"":35,""utilidad"":115.5,""openpay_comision"":12.07,""openpay_iva"":1.93,""comision_tienda_nube"":11.79,""total_comisiones"":25.79,""descuento_pago_transferencia_pct"":2.74,""iva_venta_desglosar"":65.01,""precio_venta_sin_iva"":406,""ganancia_real"":122,""_nota"":""Congelado del control de Excel 2023. No se recalcula ni se sincroniza.""}}"
RSJHC1,JOYERO # 3 HEXAGONAL CON PERILLA (7x9) NR.,471,284.48,ARTESANIAS,RSJHC1,SERVIN,TARANDACUAU GTO,,,"{""proveedor_contacto"":""VERONICA"",""proveedor_telefono"":""433 107 2674"",""financiero_2023"":{""numero_control"":""0434"",""precio_compra_con_iva"":330,""iva_compra"":45.52,""porcentaje_a_ganar"":35,""utilidad"":115.5,""openpay_comision"":12.07,""openpay_iva"":1.93,""comision_tienda_nube"":11.79,""total_comisiones"":25.79,""descuento_pago_transferencia_pct"":2.74,""iva_venta_desglosar"":65.01,""precio_venta_sin_iva"":406,""ganancia_real"":122,""_nota"":""Congelado del control de Excel 2023. No se recalcula ni se sincroniza.""}}"
RSJAD1,JUEGO DE AGUA DONA (7 PIEZAS) NR.,8445,5155.17,ARTESANIAS,RSJAD1,SERVIN,TARANDACUAU GTO,,,"{""proveedor_contacto"":""VERONICA"",""proveedor_telefono"":""434 107 2674"",""financiero_2023"":{""numero_control"":""0435"",""precio_compra_con_iva"":5980,""iva_compra"":824.83,""porcentaje_a_ganar"":35,""utilidad"":2093,""openpay_comision"":175.92,""openpay_iva"":28.15,""comision_tienda_nube"":168.14,""total_comisiones"":372.21,""descuento_pago_transferencia_pct"":2.2,""iva_venta_desglosar"":1164.86,""precio_venta_sin_iva"":7280,""ganancia_real"":2125,""_nota"":""Congelado del control de Excel 2023. No se recalcula ni se sincroniza.""}}"
RSJTC1,JUEGO DE TE CHICO (5 PIEZAS) NR.,2842,1732.76,ARTESANIAS,RSJTC1,SERVIN,TARANDACUAU GTO,,,"{""proveedor_contacto"":""VERONICA"",""proveedor_telefono"":""435 107 2674"",""financiero_2023"":{""numero_control"":""0436"",""precio_compra_con_iva"":2010,""iva_compra"":277.24,""porcentaje_a_ganar"":35,""utilidad"":703.5,""openpay_comision"":60.79,""openpay_iva"":9.73,""comision_tienda_nube"":58.28,""total_comisiones"":128.8,""descuento_pago_transferencia_pct"":2.27,""iva_venta_desglosar"":392.04,""precio_venta_sin_iva"":2450,""ganancia_real"":717,""_nota"":""Congelado del control de Excel 2023. No se recalcula ni se sincroniza.""}}"
RSLAM1,LAMPARA # 6 (25) NR.,1756,1068.97,ARTESANIAS,RSLAM1,SERVIN,TARANDACUAU GTO,,,"{""proveedor_contacto"":""VERONICA"",""proveedor_telefono"":""436 107 2674"",""financiero_2023"":{""numero_control"":""0437"",""precio_compra_con_iva"":1240,""iva_compra"":171.03,""porcentaje_a_ganar"":35,""utilidad"":434,""openpay_comision"":38.46,""openpay_iva"":6.15,""comision_tienda_nube"":36.97,""total_comisiones"":81.59,""descuento_pago_transferencia_pct"":2.32,""iva_venta_desglosar"":242.15,""precio_venta_sin_iva"":1513,""ganancia_real"":444,""_nota"":""Congelado del control de Excel 2023. No se recalcula ni se sincroniza.""}}"
RSLCC1,LAMPARA CILINDRICA (58X30) NR.,3901,2379.31,ARTESANIAS,RSLCC1,SERVIN,TARANDACUAU GTO,,,"{""proveedor_contacto"":""VERONICA"",""proveedor_telefono"":""437 107 2674"",""financiero_2023"":{""numero_control"":""0438"",""precio_compra_con_iva"":2760,""iva_compra"":380.69,""porcentaje_a_ganar"":35,""utilidad"":966,""openpay_comision"":82.54,""openpay_iva"":13.21,""comision_tienda_nube"":79.03,""total_comisiones"":174.78,""descuento_pago_transferencia_pct"":2.24,""iva_venta_desglosar"":538.04,""precio_venta_sin_iva"":3363,""ganancia_real"":983,""_nota"":""Congelado del control de Excel 2023. No se recalcula ni se sincroniza.""}}"
RSLBC1,LICORERA BOLA CHICA (22.5x11) NR.,1297,788.79,ARTESANIAS,RSLBC1,SERVIN,TARANDACUAU GTO,,,"{""proveedor_contacto"":""VERONICA"",""proveedor_telefono"":""438 107 2674"",""financiero_2023"":{""numero_control"":""0439"",""precio_compra_con_iva"":915,""iva_compra"":126.21,""porcentaje_a_ganar"":35,""utilidad"":320.25,""openpay_comision"":29.04,""openpay_iva"":4.65,""comision_tienda_nube"":27.98,""total_comisiones"":61.66,""descuento_pago_transferencia_pct"":2.38,""iva_venta_desglosar"":178.88,""precio_venta_sin_iva"":1118,""ganancia_real"":329,""_nota"":""Congelado del control de Excel 2023. No se recalcula ni se sincroniza.""}}"
RSMSM1,MOLCAJETE SANTA MARIA MEDIANO (10.5x16.5) NR.,1255,762.93,ARTESANIAS,RSMSM1,SERVIN,TARANDACUAU GTO,,,"{""proveedor_contacto"":""VERONICA"",""proveedor_telefono"":""439 107 2674"",""financiero_2023"":{""numero_control"":""0440"",""precio_compra_con_iva"":885,""iva_compra"":122.07,""porcentaje_a_ganar"":35,""utilidad"":309.75,""openpay_comision"":28.17,""openpay_iva"":4.51,""comision_tienda_nube"":27.15,""total_comisiones"":59.82,""descuento_pago_transferencia_pct"":2.38,""iva_venta_desglosar"":173.04,""precio_venta_sin_iva"":1082,""ganancia_real"":319,""_nota"":""Congelado del control de Excel 2023. No se recalcula ni se sincroniza.""}}"
RSPSO1,PLATO CONSOME (6x12.5) NR.,796,482.76,ARTESANIAS,RSPSO1,SERVIN,TARANDACUAU GTO,,,"{""proveedor_contacto"":""VERONICA"",""proveedor_telefono"":""440 107 2674"",""financiero_2023"":{""numero_control"":""0441"",""precio_compra_con_iva"":560,""iva_compra"":77.24,""porcentaje_a_ganar"":35,""utilidad"":196,""openpay_comision"":18.74,""openpay_iva"":3,""comision_tienda_nube"":18.15,""total_comisiones"":39.89,""descuento_pago_transferencia_pct"":2.51,""iva_venta_desglosar"":109.78,""precio_venta_sin_iva"":686,""ganancia_real"":203,""_nota"":""Congelado del control de Excel 2023. No se recalcula ni se sincroniza.""}}"
RSSGR1,SALERO GRANDE (6.5x4.5) NR.,274,163.79,ARTESANIAS,RSSGR1,SERVIN,TARANDACUAU GTO,,,"{""proveedor_contacto"":""VERONICA"",""proveedor_telefono"":""441 107 2674"",""financiero_2023"":{""numero_control"":""0442"",""precio_compra_con_iva"":190,""iva_compra"":26.21,""porcentaje_a_ganar"":35,""utilidad"":66.5,""openpay_comision"":8.01,""openpay_iva"":1.28,""comision_tienda_nube"":7.92,""total_comisiones"":17.21,""descuento_pago_transferencia_pct"":3.14,""iva_venta_desglosar"":37.75,""precio_venta_sin_iva"":236,""ganancia_real"":72,""_nota"":""Congelado del control de Excel 2023. No se recalcula ni se sincroniza.""}}"
RSTAL1,TARRO ALTO (11.5x8.5) NR.,556,336.21,ARTESANIAS,RSTAL1,SERVIN,TARANDACUAU GTO,,,"{""proveedor_contacto"":""VERONICA"",""proveedor_telefono"":""442 107 2674"",""financiero_2023"":{""numero_control"":""0443"",""precio_compra_con_iva"":390,""iva_compra"":53.79,""porcentaje_a_ganar"":35,""utilidad"":136.5,""openpay_comision"":13.81,""openpay_iva"":2.21,""comision_tienda_nube"":13.45,""total_comisiones"":29.47,""descuento_pago_transferencia_pct"":2.65,""iva_venta_desglosar"":76.69,""precio_venta_sin_iva"":479,""ganancia_real"":143,""_nota"":""Congelado del control de Excel 2023. No se recalcula ni se sincroniza.""}}"
RSTAS1,TARRO ASA (9.5x8) NR.,556,336.21,ARTESANIAS,RSTAS1,SERVIN,TARANDACUAU GTO,,,"{""proveedor_contacto"":""VERONICA"",""proveedor_telefono"":""443 107 2674"",""financiero_2023"":{""numero_control"":""0444"",""precio_compra_con_iva"":390,""iva_compra"":53.79,""porcentaje_a_ganar"":35,""utilidad"":136.5,""openpay_comision"":13.81,""openpay_iva"":2.21,""comision_tienda_nube"":13.45,""total_comisiones"":29.47,""descuento_pago_transferencia_pct"":2.65,""iva_venta_desglosar"":76.69,""precio_venta_sin_iva"":479,""ganancia_real"":143,""_nota"":""Congelado del control de Excel 2023. No se recalcula ni se sincroniza.""}}"
RSTCH1,TARRO CHICO (7.5x7.5) NR.,507,306.03,ARTESANIAS,RSTCH1,SERVIN,TARANDACUAU GTO,,,"{""proveedor_contacto"":""VERONICA"",""proveedor_telefono"":""444 107 2674"",""financiero_2023"":{""numero_control"":""0445"",""precio_compra_con_iva"":355,""iva_compra"":48.97,""porcentaje_a_ganar"":35,""utilidad"":124.25,""openpay_comision"":12.8,""openpay_iva"":2.05,""comision_tienda_nube"":12.48,""total_comisiones"":27.32,""descuento_pago_transferencia_pct"":2.7,""iva_venta_desglosar"":69.87,""precio_venta_sin_iva"":437,""ganancia_real"":131,""_nota"":""Congelado del control de Excel 2023. No se recalcula ni se sincroniza.""}}"
RSVTM1,VASO DE TE MEDIANO (5x7.5) NR.,365,219.83,ARTESANIAS,RSVTM1,SERVIN,TARANDACUAU GTO,,,"{""proveedor_contacto"":""VERONICA"",""proveedor_telefono"":""445 107 2674"",""financiero_2023"":{""numero_control"":""0446"",""precio_compra_con_iva"":255,""iva_compra"":35.17,""porcentaje_a_ganar"":35,""utilidad"":89.25,""openpay_comision"":9.9,""openpay_iva"":1.58,""comision_tienda_nube"":9.71,""total_comisiones"":21.19,""descuento_pago_transferencia_pct"":2.9,""iva_venta_desglosar"":50.41,""precio_venta_sin_iva"":315,""ganancia_real"":95,""_nota"":""Congelado del control de Excel 2023. No se recalcula ni se sincroniza.""}}"
LBAEX1,AZUCARERA EXPRESS (11x8.5) SB.,1311,797.41,ARTESANIAS,LBAEX1,SERVIN,TARANDACUAU GTO,,,"{""proveedor_contacto"":""VERONICA"",""proveedor_telefono"":""446 107 2674"",""financiero_2023"":{""numero_control"":""0447"",""precio_compra_con_iva"":925,""iva_compra"":127.59,""porcentaje_a_ganar"":35,""utilidad"":323.75,""openpay_comision"":29.33,""openpay_iva"":4.69,""comision_tienda_nube"":28.26,""total_comisiones"":62.27,""descuento_pago_transferencia_pct"":2.37,""iva_venta_desglosar"":180.83,""precio_venta_sin_iva"":1130,""ganancia_real"":333,""_nota"":""Congelado del control de Excel 2023. No se recalcula ni se sincroniza.""}}"
LBBRC1,BOWL REDONDO CHICO (9x17) SB.,3421,2086.21,ARTESANIAS,LBBRC1,SERVIN,TARANDACUAU GTO,,,"{""proveedor_contacto"":""VERONICA"",""proveedor_telefono"":""447 107 2674"",""financiero_2023"":{""numero_control"":""0448"",""precio_compra_con_iva"":2420,""iva_compra"":333.79,""porcentaje_a_ganar"":35,""utilidad"":847,""openpay_comision"":72.68,""openpay_iva"":11.63,""comision_tienda_nube"":69.63,""total_comisiones"":153.93,""descuento_pago_transferencia_pct"":2.25,""iva_venta_desglosar"":471.85,""precio_venta_sin_iva"":2949,""ganancia_real"":863,""_nota"":""Congelado del control de Excel 2023. No se recalcula ni se sincroniza.""}}"
LBBRM1,BOWL REDONDO MEDIANO (10x20.5) SB.,5249,3202.59,ARTESANIAS,LBBRM1,SERVIN,TARANDACUAU GTO,,,"{""proveedor_contacto"":""VERONICA"",""proveedor_telefono"":""448 107 2674"",""financiero_2023"":{""numero_control"":""0449"",""precio_compra_con_iva"":3715,""iva_compra"":512.41,""porcentaje_a_ganar"":35,""utilidad"":1300.25,""openpay_comision"":110.24,""openpay_iva"":17.64,""comision_tienda_nube"":105.46,""total_comisiones"":233.34,""descuento_pago_transferencia_pct"":2.22,""iva_venta_desglosar"":723.94,""precio_venta_sin_iva"":4525,""ganancia_real"":1322,""_nota"":""Congelado del control de Excel 2023. No se recalcula ni se sincroniza.""}}"
LBCCD1,CHAROLA RECTANGULAR CHICA DECORADA (1.5x8x17.5) SB.,1389,844.83,ARTESANIAS,LBCCD1,SERVIN,TARANDACUAU GTO,,,"{""proveedor_contacto"":""VERONICA"",""proveedor_telefono"":""449 107 2674"",""financiero_2023"":{""numero_control"":""0450"",""precio_compra_con_iva"":980,""iva_compra"":135.17,""porcentaje_a_ganar"":35,""utilidad"":343,""openpay_comision"":30.92,""openpay_iva"":4.95,""comision_tienda_nube"":29.78,""total_comisiones"":65.64,""descuento_pago_transferencia_pct"":2.36,""iva_venta_desglosar"":191.54,""precio_venta_sin_iva"":1197,""ganancia_real"":352,""_nota"":""Congelado del control de Excel 2023. No se recalcula ni se sincroniza.""}}"
LBCTC1,COPA TEQUILERA CHICA (5.5x4) SB.,584,353.45,ARTESANIAS,LBCTC1,SERVIN,TARANDACUAU GTO,,,"{""proveedor_contacto"":""VERONICA"",""proveedor_telefono"":""450 107 2674"",""financiero_2023"":{""numero_control"":""0451"",""precio_compra_con_iva"":410,""iva_compra"":56.55,""porcentaje_a_ganar"":35,""utilidad"":143.5,""openpay_comision"":14.39,""openpay_iva"":2.3,""comision_tienda_nube"":14,""total_comisiones"":30.7,""descuento_pago_transferencia_pct"":2.63,""iva_venta_desglosar"":80.58,""precio_venta_sin_iva"":504,""ganancia_real"":150,""_nota"":""Congelado del control de Excel 2023. No se recalcula ni se sincroniza.""}}"
LBCEX1,CREMERA EXPRESS (6.5x6) SB.,718,435.34,ARTESANIAS,LBCEX1,SERVIN,TARANDACUAU GTO,,,"{""proveedor_contacto"":""VERONICA"",""proveedor_telefono"":""451 107 2674"",""financiero_2023"":{""numero_control"":""0452"",""precio_compra_con_iva"":505,""iva_compra"":69.66,""porcentaje_a_ganar"":35,""utilidad"":176.75,""openpay_comision"":17.15,""openpay_iva"":2.74,""comision_tienda_nube"":16.63,""total_comisiones"":36.52,""descuento_pago_transferencia_pct"":2.54,""iva_venta_desglosar"":99.07,""precio_venta_sin_iva"":619,""ganancia_real"":184,""_nota"":""Congelado del control de Excel 2023. No se recalcula ni se sincroniza.""}}"
LBCUC1,CUCHARA (3x4x15.5) SB.,669,405.17,ARTESANIAS,LBCUC1,SERVIN,TARANDACUAU GTO,,,"{""proveedor_contacto"":""VERONICA"",""proveedor_telefono"":""452 107 2674"",""financiero_2023"":{""numero_control"":""0453"",""precio_compra_con_iva"":470,""iva_compra"":64.83,""porcentaje_a_ganar"":35,""utilidad"":164.5,""openpay_comision"":16.13,""openpay_iva"":2.58,""comision_tienda_nube"":15.66,""total_comisiones"":34.38,""descuento_pago_transferencia_pct"":2.57,""iva_venta_desglosar"":92.26,""precio_venta_sin_iva"":577,""ganancia_real"":171,""_nota"":""Congelado del control de Excel 2023. No se recalcula ni se sincroniza.""}}"
LBFLD1,FLORERO # 3 (10.5) SB.,824,500,ARTESANIAS,LBFLD1,SERVIN,TARANDACUAU GTO,,,"{""proveedor_contacto"":""VERONICA"",""proveedor_telefono"":""453 107 2674"",""financiero_2023"":{""numero_control"":""0454"",""precio_compra_con_iva"":580,""iva_compra"":80,""porcentaje_a_ganar"":35,""utilidad"":203,""openpay_comision"":19.32,""openpay_iva"":3.09,""comision_tienda_nube"":18.71,""total_comisiones"":41.12,""descuento_pago_transferencia_pct"":2.49,""iva_venta_desglosar"":113.67,""precio_venta_sin_iva"":710,""ganancia_real"":210,""_nota"":""Congelado del control de Excel 2023. No se recalcula ni se sincroniza.""}}"
LBFLF1,FLORERO # 5 (15) SB.,1883,1146.55,ARTESANIAS,LBFLF1,SERVIN,TARANDACUAU GTO,,,"{""proveedor_contacto"":""VERONICA"",""proveedor_telefono"":""454 107 2674"",""financiero_2023"":{""numero_control"":""0455"",""precio_compra_con_iva"":1330,""iva_compra"":183.45,""porcentaje_a_ganar"":35,""utilidad"":465.5,""openpay_comision"":41.07,""openpay_iva"":6.57,""comision_tienda_nube"":39.46,""total_comisiones"":87.1,""descuento_pago_transferencia_pct"":2.31,""iva_venta_desglosar"":259.67,""precio_venta_sin_iva"":1623,""ganancia_real"":476,""_nota"":""Congelado del control de Excel 2023. No se recalcula ni se sincroniza.""}}"
LBFLH1,FLORERO # 7 (22x14) SB.,4190,2556.03,ARTESANIAS,LBFLH1,SERVIN,TARANDACUAU GTO,,,"{""proveedor_contacto"":""VERONICA"",""proveedor_telefono"":""455 107 2674"",""financiero_2023"":{""numero_control"":""0456"",""precio_compra_con_iva"":2965,""iva_compra"":408.97,""porcentaje_a_ganar"":35,""utilidad"":1037.75,""openpay_comision"":88.49,""openpay_iva"":14.16,""comision_tienda_nube"":84.71,""total_comisiones"":187.35,""descuento_pago_transferencia_pct"":2.24,""iva_venta_desglosar"":577.94,""precio_venta_sin_iva"":3612,""ganancia_real"":1056,""_nota"":""Congelado del control de Excel 2023. No se recalcula ni se sincroniza.""}}"
LBFCC1,FLORERO CUADRADO CHICO (17.5x4.5) SB.,1579,961.21,ARTESANIAS,LBFCC1,SERVIN,TARANDACUAU GTO,,,"{""proveedor_contacto"":""VERONICA"",""proveedor_telefono"":""456 107 2674"",""financiero_2023"":{""numero_control"":""0457"",""precio_compra_con_iva"":1115,""iva_compra"":153.79,""porcentaje_a_ganar"":35,""utilidad"":390.25,""openpay_comision"":34.84,""openpay_iva"":5.57,""comision_tienda_nube"":33.51,""total_comisiones"":73.92,""descuento_pago_transferencia_pct"":2.34,""iva_venta_desglosar"":217.82,""precio_venta_sin_iva"":1361,""ganancia_real"":400,""_nota"":""Congelado del control de Excel 2023. No se recalcula ni se sincroniza.""}}"
LBFCG1,FLORERO CUADRADO GRANDE (26x6) SB.,3513,2142.24,ARTESANIAS,LBFCG1,SERVIN,TARANDACUAU GTO,,,"{""proveedor_contacto"":""VERONICA"",""proveedor_telefono"":""457 107 2674"",""financiero_2023"":{""numero_control"":""0458"",""precio_compra_con_iva"":2485,""iva_compra"":342.76,""porcentaje_a_ganar"":35,""utilidad"":869.75,""openpay_comision"":74.57,""openpay_iva"":11.93,""comision_tienda_nube"":71.42,""total_comisiones"":157.92,""descuento_pago_transferencia_pct"":2.25,""iva_venta_desglosar"":484.51,""precio_venta_sin_iva"":3028,""ganancia_real"":886,""_nota"":""Congelado del control de Excel 2023. No se recalcula ni se sincroniza.""}}"
LBFPC1,FLORERO PEZ CHICO (18.5x9.5x14.5) SB.,2560,1560.34,ARTESANIAS,LBFPC1,SERVIN,TARANDACUAU GTO,,,"{""proveedor_contacto"":""VERONICA"",""proveedor_telefono"":""423 107 2674"",""financiero_2023"":{""numero_control"":""0459"",""precio_compra_con_iva"":1810,""iva_compra"":249.66,""porcentaje_a_ganar"":35,""utilidad"":633.5,""openpay_comision"":54.99,""openpay_iva"":8.8,""comision_tienda_nube"":52.75,""total_comisiones"":116.53,""descuento_pago_transferencia_pct"":2.28,""iva_venta_desglosar"":353.11,""precio_venta_sin_iva"":2207,""ganancia_real"":647,""_nota"":""Congelado del control de Excel 2023. No se recalcula ni se sincroniza.""}}"
LBFPM1,FLORERO PEZ MEDIANO (31x16x22) SB.,10823,6607.76,ARTESANIAS,LBFPM1,SERVIN,TARANDACUAU GTO,,,"{""proveedor_contacto"":""VERONICA"",""proveedor_telefono"":""424 107 2674"",""financiero_2023"":{""numero_control"":""0460"",""precio_compra_con_iva"":7665,""iva_compra"":1057.24,""porcentaje_a_ganar"":35,""utilidad"":2682.75,""openpay_comision"":224.79,""openpay_iva"":35.97,""comision_tienda_nube"":214.77,""total_comisiones"":475.52,""descuento_pago_transferencia_pct"":2.2,""iva_venta_desglosar"":1492.86,""precio_venta_sin_iva"":9330,""ganancia_real"":2723,""_nota"":""Congelado del control de Excel 2023. No se recalcula ni se sincroniza.""}}"
LBGPO1,GATO PORTA-ANILLOS (12.5x4.5x8.5) SB,1184,719.83,ARTESANIAS,LBGPO1,SERVIN,TARANDACUAU GTO,,,"{""proveedor_contacto"":""VERONICA"",""proveedor_telefono"":""425 107 2674"",""financiero_2023"":{""numero_control"":""0461"",""precio_compra_con_iva"":835,""iva_compra"":115.17,""porcentaje_a_ganar"":35,""utilidad"":292.25,""openpay_comision"":26.72,""openpay_iva"":4.27,""comision_tienda_nube"":25.76,""total_comisiones"":56.75,""descuento_pago_transferencia_pct"":2.4,""iva_venta_desglosar"":163.31,""precio_venta_sin_iva"":1021,""ganancia_real"":301,""_nota"":""Congelado del control de Excel 2023. No se recalcula ni se sincroniza.""}}"
LBJBA1,JOYERO # 2 BOLA (5.5x7.5) SB,761,461.21,ARTESANIAS,LBJBA1,SERVIN,TARANDACUAU GTO,,,"{""proveedor_contacto"":""VERONICA"",""proveedor_telefono"":""426 107 2674"",""financiero_2023"":{""numero_control"":""0462"",""precio_compra_con_iva"":535,""iva_compra"":73.79,""porcentaje_a_ganar"":35,""utilidad"":187.25,""openpay_comision"":18.02,""openpay_iva"":2.88,""comision_tienda_nube"":17.46,""total_comisiones"":38.36,""descuento_pago_transferencia_pct"":2.52,""iva_venta_desglosar"":104.91,""precio_venta_sin_iva"":656,""ganancia_real"":194,""_nota"":""Congelado del control de Excel 2023. No se recalcula ni se sincroniza.""}}"
LBJHB1,JOYERO # 2 HEXAGONAL CON PERILLA (5.5x6) SB.,824,500,ARTESANIAS,LBJHB1,SERVIN,TARANDACUAU GTO,,,"{""proveedor_contacto"":""VERONICA"",""proveedor_telefono"":""427 107 2674"",""financiero_2023"":{""numero_control"":""0463"",""precio_compra_con_iva"":580,""iva_compra"":80,""porcentaje_a_ganar"":35,""utilidad"":203,""openpay_comision"":19.32,""openpay_iva"":3.09,""comision_tienda_nube"":18.71,""total_comisiones"":41.12,""descuento_pago_transferencia_pct"":2.49,""iva_venta_desglosar"":113.67,""precio_venta_sin_iva"":710,""ganancia_real"":210,""_nota"":""Congelado del control de Excel 2023. No se recalcula ni se sincroniza.""}}"
LBJBO1,JOYERO # 3 BOLA (7.5x9) SB.,958,581.9,ARTESANIAS,LBJBO1,SERVIN,TARANDACUAU GTO,,,"{""proveedor_contacto"":""VERONICA"",""proveedor_telefono"":""428 107 2674"",""financiero_2023"":{""numero_control"":""0464"",""precio_compra_con_iva"":675,""iva_compra"":93.1,""porcentaje_a_ganar"":35,""utilidad"":236.25,""openpay_comision"":22.08,""openpay_iva"":3.53,""comision_tienda_nube"":21.34,""total_comisiones"":46.94,""descuento_pago_transferencia_pct"":2.45,""iva_venta_desglosar"":132.16,""precio_venta_sin_iva"":826,""ganancia_real"":244,""_nota"":""Congelado del control de Excel 2023. No se recalcula ni se sincroniza.""}}"
LBJHC1,JOYERO # 3 HEXAGONAL CON PERILLA (7x9) SB.,1043,633.62,ARTESANIAS,LBJHC1,SERVIN,TARANDACUAU GTO,,,"{""proveedor_contacto"":""VERONICA"",""proveedor_telefono"":""429 107 2674"",""financiero_2023"":{""numero_control"":""0465"",""precio_compra_con_iva"":735,""iva_compra"":101.38,""porcentaje_a_ganar"":35,""utilidad"":257.25,""openpay_comision"":23.82,""openpay_iva"":3.81,""comision_tienda_nube"":23,""total_comisiones"":50.62,""descuento_pago_transferencia_pct"":2.43,""iva_venta_desglosar"":143.84,""precio_venta_sin_iva"":899,""ganancia_real"":265,""_nota"":""Congelado del control de Excel 2023. No se recalcula ni se sincroniza.""}}"
LBJAD1,JUEGO DE AGUA DONA (7 PIEZAS) SB.,18593,11353.45,ARTESANIAS,LBJAD1,SERVIN,TARANDACUAU GTO,,,"{""proveedor_contacto"":""VERONICA"",""proveedor_telefono"":""430 107 2674"",""financiero_2023"":{""numero_control"":""0466"",""precio_compra_con_iva"":13170,""iva_compra"":1816.55,""porcentaje_a_ganar"":35,""utilidad"":4609.5,""openpay_comision"":384.43,""openpay_iva"":61.51,""comision_tienda_nube"":367.11,""total_comisiones"":813.05,""descuento_pago_transferencia_pct"":2.19,""iva_venta_desglosar"":2564.49,""precio_venta_sin_iva"":16028,""ganancia_real"":4675,""_nota"":""Congelado del control de Excel 2023. No se recalcula ni se sincroniza.""}}"
LBJTC1,JUEGO DE TE CHICO (5 PIEZAS) SB.,6244,3810.34,ARTESANIAS,LBJTC1,SERVIN,TARANDACUAU GTO,,,"{""proveedor_contacto"":""VERONICA"",""proveedor_telefono"":""431 107 2674"",""financiero_2023"":{""numero_control"":""0467"",""precio_compra_con_iva"":4420,""iva_compra"":609.66,""porcentaje_a_ganar"":35,""utilidad"":1547,""openpay_comision"":130.68,""openpay_iva"":20.91,""comision_tienda_nube"":124.97,""total_comisiones"":276.56,""descuento_pago_transferencia_pct"":2.21,""iva_venta_desglosar"":861.18,""precio_venta_sin_iva"":5382,""ganancia_real"":1572,""_nota"":""Congelado del control de Excel 2023. No se recalcula ni se sincroniza.""}}"
LBLAM1,LAMPARA # 6 (25) SB.,3865,2357.76,ARTESANIAS,LBLAM1,SERVIN,TARANDACUAU GTO,,,"{""proveedor_contacto"":""VERONICA"",""proveedor_telefono"":""432 107 2674"",""financiero_2023"":{""numero_control"":""0468"",""precio_compra_con_iva"":2735,""iva_compra"":377.24,""porcentaje_a_ganar"":35,""utilidad"":957.25,""openpay_comision"":81.82,""openpay_iva"":13.09,""comision_tienda_nube"":78.34,""total_comisiones"":173.25,""descuento_pago_transferencia_pct"":2.24,""iva_venta_desglosar"":533.17,""precio_venta_sin_iva"":3332,""ganancia_real"":975,""_nota"":""Congelado del control de Excel 2023. No se recalcula ni se sincroniza.""}}"
LBLCC1,LAMPARA CILINDRICA (58X30) SB.,8593,5245.69,ARTESANIAS,LBLCC1,SERVIN,TARANDACUAU GTO,,,"{""proveedor_contacto"":""VERONICA"",""proveedor_telefono"":""433 107 2674"",""financiero_2023"":{""numero_control"":""0469"",""precio_compra_con_iva"":6085,""iva_compra"":839.31,""porcentaje_a_ganar"":35,""utilidad"":2129.75,""openpay_comision"":178.97,""openpay_iva"":28.63,""comision_tienda_nube"":171.05,""total_comisiones"":378.65,""descuento_pago_transferencia_pct"":2.2,""iva_venta_desglosar"":1185.3,""precio_venta_sin_iva"":7408,""ganancia_real"":2162,""_nota"":""Congelado del control de Excel 2023. No se recalcula ni se sincroniza.""}}"
LBLBC1,LICORERA BOLA CHICA (22.5x11) SB.,2814,1715.52,ARTESANIAS,LBLBC1,SERVIN,TARANDACUAU GTO,,,"{""proveedor_contacto"":""VERONICA"",""proveedor_telefono"":""434 107 2674"",""financiero_2023"":{""numero_control"":""0470"",""precio_compra_con_iva"":1990,""iva_compra"":274.48,""porcentaje_a_ganar"":35,""utilidad"":696.5,""openpay_comision"":60.21,""openpay_iva"":9.63,""comision_tienda_nube"":57.73,""total_comisiones"":127.57,""descuento_pago_transferencia_pct"":2.27,""iva_venta_desglosar"":388.15,""precio_venta_sin_iva"":2426,""ganancia_real"":710,""_nota"":""Congelado del control de Excel 2023. No se recalcula ni se sincroniza.""}}"
LBMSM1,MOLCAJETE SANTA MARIA MEDIANO (10.5x16.5) SB.,2532,1543.1,ARTESANIAS,LBMSM1,SERVIN,TARANDACUAU GTO,,,"{""proveedor_contacto"":""VERONICA"",""proveedor_telefono"":""435 107 2674"",""financiero_2023"":{""numero_control"":""0471"",""precio_compra_con_iva"":1790,""iva_compra"":246.9,""porcentaje_a_ganar"":35,""utilidad"":626.5,""openpay_comision"":54.41,""openpay_iva"":8.71,""comision_tienda_nube"":52.19,""total_comisiones"":115.31,""descuento_pago_transferencia_pct"":2.28,""iva_venta_desglosar"":349.21,""precio_venta_sin_iva"":2183,""ganancia_real"":639,""_nota"":""Congelado del control de Excel 2023. No se recalcula ni se sincroniza.""}}"
LBPSO1,PLATO CONSOME (6x12.5) SB.,1741,1060.34,ARTESANIAS,LBPSO1,SERVIN,TARANDACUAU GTO,,,"{""proveedor_contacto"":""VERONICA"",""proveedor_telefono"":""436 107 2674"",""financiero_2023"":{""numero_control"":""0472"",""precio_compra_con_iva"":1230,""iva_compra"":169.66,""porcentaje_a_ganar"":35,""utilidad"":430.5,""openpay_comision"":38.17,""openpay_iva"":6.11,""comision_tienda_nube"":36.7,""total_comisiones"":80.97,""descuento_pago_transferencia_pct"":2.32,""iva_venta_desglosar"":240.2,""precio_venta_sin_iva"":1501,""ganancia_real"":441,""_nota"":""Congelado del control de Excel 2023. No se recalcula ni se sincroniza.""}}"
LBSGR1,SALERO GRANDE (6.5x4.5) SB.,556,336.21,ARTESANIAS,LBSGR1,SERVIN,TARANDACUAU GTO,,,"{""proveedor_contacto"":""VERONICA"",""proveedor_telefono"":""437 107 2674"",""financiero_2023"":{""numero_control"":""0473"",""precio_compra_con_iva"":390,""iva_compra"":53.79,""porcentaje_a_ganar"":35,""utilidad"":136.5,""openpay_comision"":13.81,""openpay_iva"":2.21,""comision_tienda_nube"":13.45,""total_comisiones"":29.47,""descuento_pago_transferencia_pct"":2.65,""iva_venta_desglosar"":76.69,""precio_venta_sin_iva"":479,""ganancia_real"":143,""_nota"":""Congelado del control de Excel 2023. No se recalcula ni se sincroniza.""}}"
LBTAL1,TARRO ALTO (11.5x8.5) SB.,1226,745.69,ARTESANIAS,LBTAL1,SERVIN,TARANDACUAU GTO,,,"{""proveedor_contacto"":""VERONICA"",""proveedor_telefono"":""438 107 2674"",""financiero_2023"":{""numero_control"":""0474"",""precio_compra_con_iva"":865,""iva_compra"":119.31,""porcentaje_a_ganar"":35,""utilidad"":302.75,""openpay_comision"":27.59,""openpay_iva"":4.41,""comision_tienda_nube"":26.59,""total_comisiones"":58.59,""descuento_pago_transferencia_pct"":2.39,""iva_venta_desglosar"":169.15,""precio_venta_sin_iva"":1057,""ganancia_real"":312,""_nota"":""Congelado del control de Excel 2023. No se recalcula ni se sincroniza.""}}"
LBTAS1,TARRO ASA (9.5x8) SB.,1120,681.03,ARTESANIAS,LBTAS1,SERVIN,TARANDACUAU GTO,,,"{""proveedor_contacto"":""VERONICA"",""proveedor_telefono"":""439 107 2674"",""financiero_2023"":{""numero_control"":""0475"",""precio_compra_con_iva"":790,""iva_compra"":108.97,""porcentaje_a_ganar"":35,""utilidad"":276.5,""openpay_comision"":25.41,""openpay_iva"":4.07,""comision_tienda_nube"":24.52,""total_comisiones"":54,""descuento_pago_transferencia_pct"":2.41,""iva_venta_desglosar"":154.55,""precio_venta_sin_iva"":966,""ganancia_real"":285,""_nota"":""Congelado del control de Excel 2023. No se recalcula ni se sincroniza.""}}"
LBTCH1,TARRO CHICO (7.5x7.5) SB.,1092,663.79,ARTESANIAS,LBTCH1,SERVIN,TARANDACUAU GTO,,,"{""proveedor_contacto"":""VERONICA"",""proveedor_telefono"":""440 107 2674"",""financiero_2023"":{""numero_control"":""0476"",""precio_compra_con_iva"":770,""iva_compra"":106.21,""porcentaje_a_ganar"":35,""utilidad"":269.5,""openpay_comision"":24.83,""openpay_iva"":3.97,""comision_tienda_nube"":23.97,""total_comisiones"":52.77,""descuento_pago_transferencia_pct"":2.42,""iva_venta_desglosar"":150.66,""precio_venta_sin_iva"":942,""ganancia_real"":278,""_nota"":""Congelado del control de Excel 2023. No se recalcula ni se sincroniza.""}}"
LBVTM1,VASO DE TE MEDIANO (5x7.5) SB.,796,482.76,ARTESANIAS,LBVTM1,SERVIN,TARANDACUAU GTO,,,"{""proveedor_contacto"":""VERONICA"",""proveedor_telefono"":""441 107 2674"",""financiero_2023"":{""numero_control"":""0477"",""precio_compra_con_iva"":560,""iva_compra"":77.24,""porcentaje_a_ganar"":35,""utilidad"":196,""openpay_comision"":18.74,""openpay_iva"":3,""comision_tienda_nube"":18.15,""total_comisiones"":39.89,""descuento_pago_transferencia_pct"":2.51,""iva_venta_desglosar"":109.78,""precio_venta_sin_iva"":686,""ganancia_real"":203,""_nota"":""Congelado del control de Excel 2023. No se recalcula ni se sincroniza.""}}"
LGAEX1,AZUCARERA EXPRESS (11x8.5) SN.,1311,797.41,ARTESANIAS,LGAEX1,SERVIN,TARANDACUAU GTO,,,"{""proveedor_contacto"":""VERONICA"",""proveedor_telefono"":""442 107 2674"",""financiero_2023"":{""numero_control"":""0478"",""precio_compra_con_iva"":925,""iva_compra"":127.59,""porcentaje_a_ganar"":35,""utilidad"":323.75,""openpay_comision"":29.33,""openpay_iva"":4.69,""comision_tienda_nube"":28.26,""total_comisiones"":62.27,""descuento_pago_transferencia_pct"":2.37,""iva_venta_desglosar"":180.83,""precio_venta_sin_iva"":1130,""ganancia_real"":333,""_nota"":""Congelado del control de Excel 2023. No se recalcula ni se sincroniza.""}}"
LGBRC1,BOWL REDONDO CHICO (9x17) SN,3421,2086.21,ARTESANIAS,LGBRC1,SERVIN,TARANDACUAU GTO,,,"{""proveedor_contacto"":""VERONICA"",""proveedor_telefono"":""443 107 2674"",""financiero_2023"":{""numero_control"":""0479"",""precio_compra_con_iva"":2420,""iva_compra"":333.79,""porcentaje_a_ganar"":35,""utilidad"":847,""openpay_comision"":72.68,""openpay_iva"":11.63,""comision_tienda_nube"":69.63,""total_comisiones"":153.93,""descuento_pago_transferencia_pct"":2.25,""iva_venta_desglosar"":471.85,""precio_venta_sin_iva"":2949,""ganancia_real"":863,""_nota"":""Congelado del control de Excel 2023. No se recalcula ni se sincroniza.""}}"
LGBRM1,BOWL REDONDO MEDIANO (10x20.5) SN.,5249,3202.59,ARTESANIAS,LGBRM1,SERVIN,TARANDACUAU GTO,,,"{""proveedor_contacto"":""VERONICA"",""proveedor_telefono"":""444 107 2674"",""financiero_2023"":{""numero_control"":""0480"",""precio_compra_con_iva"":3715,""iva_compra"":512.41,""porcentaje_a_ganar"":35,""utilidad"":1300.25,""openpay_comision"":110.24,""openpay_iva"":17.64,""comision_tienda_nube"":105.46,""total_comisiones"":233.34,""descuento_pago_transferencia_pct"":2.22,""iva_venta_desglosar"":723.94,""precio_venta_sin_iva"":4525,""ganancia_real"":1322,""_nota"":""Congelado del control de Excel 2023. No se recalcula ni se sincroniza.""}}"
LGCCD1,CHAROLA RECTANGULAR CHICA DECORADA (1.5x8x17.5) SN.,1389,844.83,ARTESANIAS,LGCCD1,SERVIN,TARANDACUAU GTO,,,"{""proveedor_contacto"":""VERONICA"",""proveedor_telefono"":""445 107 2674"",""financiero_2023"":{""numero_control"":""0481"",""precio_compra_con_iva"":980,""iva_compra"":135.17,""porcentaje_a_ganar"":35,""utilidad"":343,""openpay_comision"":30.92,""openpay_iva"":4.95,""comision_tienda_nube"":29.78,""total_comisiones"":65.64,""descuento_pago_transferencia_pct"":2.36,""iva_venta_desglosar"":191.54,""precio_venta_sin_iva"":1197,""ganancia_real"":352,""_nota"":""Congelado del control de Excel 2023. No se recalcula ni se sincroniza.""}}"
LGCTC1,COPA TEQUILERA CHICA (5.5x4) SN.,584,353.45,ARTESANIAS,LGCTC1,SERVIN,TARANDACUAU GTO,,,"{""proveedor_contacto"":""VERONICA"",""proveedor_telefono"":""446 107 2674"",""financiero_2023"":{""numero_control"":""0482"",""precio_compra_con_iva"":410,""iva_compra"":56.55,""porcentaje_a_ganar"":35,""utilidad"":143.5,""openpay_comision"":14.39,""openpay_iva"":2.3,""comision_tienda_nube"":14,""total_comisiones"":30.7,""descuento_pago_transferencia_pct"":2.63,""iva_venta_desglosar"":80.58,""precio_venta_sin_iva"":504,""ganancia_real"":150,""_nota"":""Congelado del control de Excel 2023. No se recalcula ni se sincroniza.""}}"
LGCEX1,CREMERA EXPRESS (6.5x6) SN.,718,435.34,ARTESANIAS,LGCEX1,SERVIN,TARANDACUAU GTO,,,"{""proveedor_contacto"":""VERONICA"",""proveedor_telefono"":""447 107 2674"",""financiero_2023"":{""numero_control"":""0483"",""precio_compra_con_iva"":505,""iva_compra"":69.66,""porcentaje_a_ganar"":35,""utilidad"":176.75,""openpay_comision"":17.15,""openpay_iva"":2.74,""comision_tienda_nube"":16.63,""total_comisiones"":36.52,""descuento_pago_transferencia_pct"":2.54,""iva_venta_desglosar"":99.07,""precio_venta_sin_iva"":619,""ganancia_real"":184,""_nota"":""Congelado del control de Excel 2023. No se recalcula ni se sincroniza.""}}"
LGCUC1,CUCHARA (3x4x15.5) SN.,669,405.17,ARTESANIAS,LGCUC1,SERVIN,TARANDACUAU GTO,,,"{""proveedor_contacto"":""VERONICA"",""proveedor_telefono"":""448 107 2674"",""financiero_2023"":{""numero_control"":""0484"",""precio_compra_con_iva"":470,""iva_compra"":64.83,""porcentaje_a_ganar"":35,""utilidad"":164.5,""openpay_comision"":16.13,""openpay_iva"":2.58,""comision_tienda_nube"":15.66,""total_comisiones"":34.38,""descuento_pago_transferencia_pct"":2.57,""iva_venta_desglosar"":92.26,""precio_venta_sin_iva"":577,""ganancia_real"":171,""_nota"":""Congelado del control de Excel 2023. No se recalcula ni se sincroniza.""}}"
LGFLD1,FLORERO # 3 (10.5) SN.,824,500,ARTESANIAS,LGFLD1,SERVIN,TARANDACUAU GTO,,,"{""proveedor_contacto"":""VERONICA"",""proveedor_telefono"":""449 107 2674"",""financiero_2023"":{""numero_control"":""0485"",""precio_compra_con_iva"":580,""iva_compra"":80,""porcentaje_a_ganar"":35,""utilidad"":203,""openpay_comision"":19.32,""openpay_iva"":3.09,""comision_tienda_nube"":18.71,""total_comisiones"":41.12,""descuento_pago_transferencia_pct"":2.49,""iva_venta_desglosar"":113.67,""precio_venta_sin_iva"":710,""ganancia_real"":210,""_nota"":""Congelado del control de Excel 2023. No se recalcula ni se sincroniza.""}}"
LGFLF1,FLORERO # 5 (15) SN.,1883,1146.55,ARTESANIAS,LGFLF1,SERVIN,TARANDACUAU GTO,,,"{""proveedor_contacto"":""VERONICA"",""proveedor_telefono"":""450 107 2674"",""financiero_2023"":{""numero_control"":""0486"",""precio_compra_con_iva"":1330,""iva_compra"":183.45,""porcentaje_a_ganar"":35,""utilidad"":465.5,""openpay_comision"":41.07,""openpay_iva"":6.57,""comision_tienda_nube"":39.46,""total_comisiones"":87.1,""descuento_pago_transferencia_pct"":2.31,""iva_venta_desglosar"":259.67,""precio_venta_sin_iva"":1623,""ganancia_real"":476,""_nota"":""Congelado del control de Excel 2023. No se recalcula ni se sincroniza.""}}"
LGFLH1,FLORERO # 7 (22x14) SN.,4190,2556.03,ARTESANIAS,LGFLH1,SERVIN,TARANDACUAU GTO,,,"{""proveedor_contacto"":""VERONICA"",""proveedor_telefono"":""451 107 2674"",""financiero_2023"":{""numero_control"":""0487"",""precio_compra_con_iva"":2965,""iva_compra"":408.97,""porcentaje_a_ganar"":35,""utilidad"":1037.75,""openpay_comision"":88.49,""openpay_iva"":14.16,""comision_tienda_nube"":84.71,""total_comisiones"":187.35,""descuento_pago_transferencia_pct"":2.24,""iva_venta_desglosar"":577.94,""precio_venta_sin_iva"":3612,""ganancia_real"":1056,""_nota"":""Congelado del control de Excel 2023. No se recalcula ni se sincroniza.""}}"
LGFCC1,FLORERO CUADRADO CHICO (17.5x4.5) SN.,1579,961.21,ARTESANIAS,LGFCC1,SERVIN,TARANDACUAU GTO,,,"{""proveedor_contacto"":""VERONICA"",""proveedor_telefono"":""452 107 2674"",""financiero_2023"":{""numero_control"":""0488"",""precio_compra_con_iva"":1115,""iva_compra"":153.79,""porcentaje_a_ganar"":35,""utilidad"":390.25,""openpay_comision"":34.84,""openpay_iva"":5.57,""comision_tienda_nube"":33.51,""total_comisiones"":73.92,""descuento_pago_transferencia_pct"":2.34,""iva_venta_desglosar"":217.82,""precio_venta_sin_iva"":1361,""ganancia_real"":400,""_nota"":""Congelado del control de Excel 2023. No se recalcula ni se sincroniza.""}}"
LGFCG1,FLORERO CUADRADO GRANDE (26x6) SN.,3513,2142.24,ARTESANIAS,LGFCG1,SERVIN,TARANDACUAU GTO,,,"{""proveedor_contacto"":""VERONICA"",""proveedor_telefono"":""453 107 2674"",""financiero_2023"":{""numero_control"":""0489"",""precio_compra_con_iva"":2485,""iva_compra"":342.76,""porcentaje_a_ganar"":35,""utilidad"":869.75,""openpay_comision"":74.57,""openpay_iva"":11.93,""comision_tienda_nube"":71.42,""total_comisiones"":157.92,""descuento_pago_transferencia_pct"":2.25,""iva_venta_desglosar"":484.51,""precio_venta_sin_iva"":3028,""ganancia_real"":886,""_nota"":""Congelado del control de Excel 2023. No se recalcula ni se sincroniza.""}}"
LGFPC1,FLORERO PEZ CHICO (18.5x9.5x14.5) SN.,2560,1560.34,ARTESANIAS,LGFPC1,SERVIN,TARANDACUAU GTO,,,"{""proveedor_contacto"":""VERONICA"",""proveedor_telefono"":""454 107 2674"",""financiero_2023"":{""numero_control"":""0490"",""precio_compra_con_iva"":1810,""iva_compra"":249.66,""porcentaje_a_ganar"":35,""utilidad"":633.5,""openpay_comision"":54.99,""openpay_iva"":8.8,""comision_tienda_nube"":52.75,""total_comisiones"":116.53,""descuento_pago_transferencia_pct"":2.28,""iva_venta_desglosar"":353.11,""precio_venta_sin_iva"":2207,""ganancia_real"":647,""_nota"":""Congelado del control de Excel 2023. No se recalcula ni se sincroniza.""}}"
LGFPM1,FLORERO PEZ MEDIANO (31x16x22) SN.,10823,6607.76,ARTESANIAS,LGFPM1,SERVIN,TARANDACUAU GTO,,,"{""proveedor_contacto"":""VERONICA"",""proveedor_telefono"":""455 107 2674"",""financiero_2023"":{""numero_control"":""0491"",""precio_compra_con_iva"":7665,""iva_compra"":1057.24,""porcentaje_a_ganar"":35,""utilidad"":2682.75,""openpay_comision"":224.79,""openpay_iva"":35.97,""comision_tienda_nube"":214.77,""total_comisiones"":475.52,""descuento_pago_transferencia_pct"":2.2,""iva_venta_desglosar"":1492.86,""precio_venta_sin_iva"":9330,""ganancia_real"":2723,""_nota"":""Congelado del control de Excel 2023. No se recalcula ni se sincroniza.""}}"
LGGPO2,GATO PORTA-ANILLOS (12.5x4.5x8.5) SN,1184,719.83,ARTESANIAS,LGGPO2,SERVIN,TARANDACUAU GTO,,,"{""proveedor_contacto"":""VERONICA"",""proveedor_telefono"":""456 107 2674"",""financiero_2023"":{""numero_control"":""0492"",""precio_compra_con_iva"":835,""iva_compra"":115.17,""porcentaje_a_ganar"":35,""utilidad"":292.25,""openpay_comision"":26.72,""openpay_iva"":4.27,""comision_tienda_nube"":25.76,""total_comisiones"":56.75,""descuento_pago_transferencia_pct"":2.4,""iva_venta_desglosar"":163.31,""precio_venta_sin_iva"":1021,""ganancia_real"":301,""_nota"":""Congelado del control de Excel 2023. No se recalcula ni se sincroniza.""}}"
LGJBA1,JOYERO # 2 BOLA (5.5x7.5) SN,761,461.21,ARTESANIAS,LGJBA1,SERVIN,TARANDACUAU GTO,,,"{""proveedor_contacto"":""VERONICA"",""proveedor_telefono"":""457 107 2674"",""financiero_2023"":{""numero_control"":""0493"",""precio_compra_con_iva"":535,""iva_compra"":73.79,""porcentaje_a_ganar"":35,""utilidad"":187.25,""openpay_comision"":18.02,""openpay_iva"":2.88,""comision_tienda_nube"":17.46,""total_comisiones"":38.36,""descuento_pago_transferencia_pct"":2.52,""iva_venta_desglosar"":104.91,""precio_venta_sin_iva"":656,""ganancia_real"":194,""_nota"":""Congelado del control de Excel 2023. No se recalcula ni se sincroniza.""}}"
LGJHB1,JOYERO # 2 HEXAGONAL CON PERILLA (5.5x6) SN.,824,500,ARTESANIAS,LGJHB1,SERVIN,TARANDACUAU GTO,,,"{""proveedor_contacto"":""VERONICA"",""proveedor_telefono"":""458 107 2674"",""financiero_2023"":{""numero_control"":""0494"",""precio_compra_con_iva"":580,""iva_compra"":80,""porcentaje_a_ganar"":35,""utilidad"":203,""openpay_comision"":19.32,""openpay_iva"":3.09,""comision_tienda_nube"":18.71,""total_comisiones"":41.12,""descuento_pago_transferencia_pct"":2.49,""iva_venta_desglosar"":113.67,""precio_venta_sin_iva"":710,""ganancia_real"":210,""_nota"":""Congelado del control de Excel 2023. No se recalcula ni se sincroniza.""}}"
LGJBC1,JOYERO # 3 BOLA (7.5x9) SN.,958,581.9,ARTESANIAS,LGJBC1,SERVIN,TARANDACUAU GTO,,,"{""proveedor_contacto"":""VERONICA"",""proveedor_telefono"":""459 107 2674"",""financiero_2023"":{""numero_control"":""0495"",""precio_compra_con_iva"":675,""iva_compra"":93.1,""porcentaje_a_ganar"":35,""utilidad"":236.25,""openpay_comision"":22.08,""openpay_iva"":3.53,""comision_tienda_nube"":21.34,""total_comisiones"":46.94,""descuento_pago_transferencia_pct"":2.45,""iva_venta_desglosar"":132.16,""precio_venta_sin_iva"":826,""ganancia_real"":244,""_nota"":""Congelado del control de Excel 2023. No se recalcula ni se sincroniza.""}}"
LGJHC1,JOYERO # 3 HEXAGONAL CON PERILLA (7x9) SN. $,1043,633.62,ARTESANIAS,LGJHC1,SERVIN,TARANDACUAU GTO,,,"{""proveedor_contacto"":""VERONICA"",""proveedor_telefono"":""460 107 2674"",""financiero_2023"":{""numero_control"":""0496"",""precio_compra_con_iva"":735,""iva_compra"":101.38,""porcentaje_a_ganar"":35,""utilidad"":257.25,""openpay_comision"":23.82,""openpay_iva"":3.81,""comision_tienda_nube"":23,""total_comisiones"":50.62,""descuento_pago_transferencia_pct"":2.43,""iva_venta_desglosar"":143.84,""precio_venta_sin_iva"":899,""ganancia_real"":265,""_nota"":""Congelado del control de Excel 2023. No se recalcula ni se sincroniza.""}}"
LGJAD1,JUEGO DE AGUA DONA (7 PIEZAS) SN.,18593,11353.45,ARTESANIAS,LGJAD1,SERVIN,TARANDACUAU GTO,,,"{""proveedor_contacto"":""VERONICA"",""proveedor_telefono"":""461 107 2674"",""financiero_2023"":{""numero_control"":""0497"",""precio_compra_con_iva"":13170,""iva_compra"":1816.55,""porcentaje_a_ganar"":35,""utilidad"":4609.5,""openpay_comision"":384.43,""openpay_iva"":61.51,""comision_tienda_nube"":367.11,""total_comisiones"":813.05,""descuento_pago_transferencia_pct"":2.19,""iva_venta_desglosar"":2564.49,""precio_venta_sin_iva"":16028,""ganancia_real"":4675,""_nota"":""Congelado del control de Excel 2023. No se recalcula ni se sincroniza.""}}"
LGJTC1,JUEGO DE TE CHICO (5 PIEZAS) SN.,6244,3810.34,ARTESANIAS,LGJTC1,SERVIN,TARANDACUAU GTO,,,"{""proveedor_contacto"":""VERONICA"",""proveedor_telefono"":""462 107 2674"",""financiero_2023"":{""numero_control"":""0498"",""precio_compra_con_iva"":4420,""iva_compra"":609.66,""porcentaje_a_ganar"":35,""utilidad"":1547,""openpay_comision"":130.68,""openpay_iva"":20.91,""comision_tienda_nube"":124.97,""total_comisiones"":276.56,""descuento_pago_transferencia_pct"":2.21,""iva_venta_desglosar"":861.18,""precio_venta_sin_iva"":5382,""ganancia_real"":1572,""_nota"":""Congelado del control de Excel 2023. No se recalcula ni se sincroniza.""}}"
LGLAM1,LAMPARA # 6 (25) SN.,3865,2357.76,ARTESANIAS,LGLAM1,SERVIN,TARANDACUAU GTO,,,"{""proveedor_contacto"":""VERONICA"",""proveedor_telefono"":""463 107 2674"",""financiero_2023"":{""numero_control"":""0499"",""precio_compra_con_iva"":2735,""iva_compra"":377.24,""porcentaje_a_ganar"":35,""utilidad"":957.25,""openpay_comision"":81.82,""openpay_iva"":13.09,""comision_tienda_nube"":78.34,""total_comisiones"":173.25,""descuento_pago_transferencia_pct"":2.24,""iva_venta_desglosar"":533.17,""precio_venta_sin_iva"":3332,""ganancia_real"":975,""_nota"":""Congelado del control de Excel 2023. No se recalcula ni se sincroniza.""}}"
LGLCC1,LAMPARA CILINDRICA (58X30) SN.,8593,5245.69,ARTESANIAS,LGLCC1,SERVIN,TARANDACUAU GTO,,,"{""proveedor_contacto"":""VERONICA"",""proveedor_telefono"":""464 107 2674"",""financiero_2023"":{""numero_control"":""0500"",""precio_compra_con_iva"":6085,""iva_compra"":839.31,""porcentaje_a_ganar"":35,""utilidad"":2129.75,""openpay_comision"":178.97,""openpay_iva"":28.63,""comision_tienda_nube"":171.05,""total_comisiones"":378.65,""descuento_pago_transferencia_pct"":2.2,""iva_venta_desglosar"":1185.3,""precio_venta_sin_iva"":7408,""ganancia_real"":2162,""_nota"":""Congelado del control de Excel 2023. No se recalcula ni se sincroniza.""}}"
LGLBC1,LICORERA BOLA CHICA (22.5x11) SN.,2814,1715.52,ARTESANIAS,LGLBC1,SERVIN,TARANDACUAU GTO,,,"{""proveedor_contacto"":""VERONICA"",""proveedor_telefono"":""465 107 2674"",""financiero_2023"":{""numero_control"":""0501"",""precio_compra_con_iva"":1990,""iva_compra"":274.48,""porcentaje_a_ganar"":35,""utilidad"":696.5,""openpay_comision"":60.21,""openpay_iva"":9.63,""comision_tienda_nube"":57.73,""total_comisiones"":127.57,""descuento_pago_transferencia_pct"":2.27,""iva_venta_desglosar"":388.15,""precio_venta_sin_iva"":2426,""ganancia_real"":710,""_nota"":""Congelado del control de Excel 2023. No se recalcula ni se sincroniza.""}}"
LGMSM1,MOLCAJETE SANTA MARIA MEDIANO (10.5x16.5) SN.,2532,1543.1,ARTESANIAS,LGMSM1,SERVIN,TARANDACUAU GTO,,,"{""proveedor_contacto"":""VERONICA"",""proveedor_telefono"":""466 107 2674"",""financiero_2023"":{""numero_control"":""0502"",""precio_compra_con_iva"":1790,""iva_compra"":246.9,""porcentaje_a_ganar"":35,""utilidad"":626.5,""openpay_comision"":54.41,""openpay_iva"":8.71,""comision_tienda_nube"":52.19,""total_comisiones"":115.31,""descuento_pago_transferencia_pct"":2.28,""iva_venta_desglosar"":349.21,""precio_venta_sin_iva"":2183,""ganancia_real"":639,""_nota"":""Congelado del control de Excel 2023. No se recalcula ni se sincroniza.""}}"
LGPSO1,PLATO CONSOME (6x12.5) SN.,1741,1060.34,ARTESANIAS,LGPSO1,SERVIN,TARANDACUAU GTO,,,"{""proveedor_contacto"":""VERONICA"",""proveedor_telefono"":""467 107 2674"",""financiero_2023"":{""numero_control"":""0503"",""precio_compra_con_iva"":1230,""iva_compra"":169.66,""porcentaje_a_ganar"":35,""utilidad"":430.5,""openpay_comision"":38.17,""openpay_iva"":6.11,""comision_tienda_nube"":36.7,""total_comisiones"":80.97,""descuento_pago_transferencia_pct"":2.32,""iva_venta_desglosar"":240.2,""precio_venta_sin_iva"":1501,""ganancia_real"":441,""_nota"":""Congelado del control de Excel 2023. No se recalcula ni se sincroniza.""}}"
LGSGR1,SALERO GRANDE (6.5x4.5) SN.,556,336.21,ARTESANIAS,LGSGR1,SERVIN,TARANDACUAU GTO,,,"{""proveedor_contacto"":""VERONICA"",""proveedor_telefono"":""468 107 2674"",""financiero_2023"":{""numero_control"":""0504"",""precio_compra_con_iva"":390,""iva_compra"":53.79,""porcentaje_a_ganar"":35,""utilidad"":136.5,""openpay_comision"":13.81,""openpay_iva"":2.21,""comision_tienda_nube"":13.45,""total_comisiones"":29.47,""descuento_pago_transferencia_pct"":2.65,""iva_venta_desglosar"":76.69,""precio_venta_sin_iva"":479,""ganancia_real"":143,""_nota"":""Congelado del control de Excel 2023. No se recalcula ni se sincroniza.""}}"
LGTAL1,TARRO ALTO (11.5x8.5) SN.,1226,745.69,ARTESANIAS,LGTAL1,SERVIN,TARANDACUAU GTO,,,"{""proveedor_contacto"":""VERONICA"",""proveedor_telefono"":""469 107 2674"",""financiero_2023"":{""numero_control"":""0505"",""precio_compra_con_iva"":865,""iva_compra"":119.31,""porcentaje_a_ganar"":35,""utilidad"":302.75,""openpay_comision"":27.59,""openpay_iva"":4.41,""comision_tienda_nube"":26.59,""total_comisiones"":58.59,""descuento_pago_transferencia_pct"":2.39,""iva_venta_desglosar"":169.15,""precio_venta_sin_iva"":1057,""ganancia_real"":312,""_nota"":""Congelado del control de Excel 2023. No se recalcula ni se sincroniza.""}}"
LGTAS1,TARRO ASA (9.5x8) SN.,1120,681.03,ARTESANIAS,LGTAS1,SERVIN,TARANDACUAU GTO,,,"{""proveedor_contacto"":""VERONICA"",""proveedor_telefono"":""470 107 2674"",""financiero_2023"":{""numero_control"":""0506"",""precio_compra_con_iva"":790,""iva_compra"":108.97,""porcentaje_a_ganar"":35,""utilidad"":276.5,""openpay_comision"":25.41,""openpay_iva"":4.07,""comision_tienda_nube"":24.52,""total_comisiones"":54,""descuento_pago_transferencia_pct"":2.41,""iva_venta_desglosar"":154.55,""precio_venta_sin_iva"":966,""ganancia_real"":285,""_nota"":""Congelado del control de Excel 2023. No se recalcula ni se sincroniza.""}}"
LGTCH1,TARRO CHICO (7.5x7.5) SN.,1092,663.79,ARTESANIAS,LGTCH1,SERVIN,TARANDACUAU GTO,,,"{""proveedor_contacto"":""VERONICA"",""proveedor_telefono"":""471 107 2674"",""financiero_2023"":{""numero_control"":""0507"",""precio_compra_con_iva"":770,""iva_compra"":106.21,""porcentaje_a_ganar"":35,""utilidad"":269.5,""openpay_comision"":24.83,""openpay_iva"":3.97,""comision_tienda_nube"":23.97,""total_comisiones"":52.77,""descuento_pago_transferencia_pct"":2.42,""iva_venta_desglosar"":150.66,""precio_venta_sin_iva"":942,""ganancia_real"":278,""_nota"":""Congelado del control de Excel 2023. No se recalcula ni se sincroniza.""}}"
LGVTM1,VASO DE TE MEDIANO (5x7.5) SN.,910,482.76,ARTESANIAS,LGVTM1,SERVIN,TARANDACUAU GTO,,,"{""proveedor_contacto"":""VERONICA"",""proveedor_telefono"":""472 107 2674"",""financiero_2023"":{""numero_control"":""0508"",""precio_compra_con_iva"":560,""iva_compra"":77.24,""porcentaje_a_ganar"":55,""utilidad"":308,""openpay_comision"":18.74,""openpay_iva"":3,""comision_tienda_nube"":20.39,""total_comisiones"":42.13,""descuento_pago_transferencia_pct"":2.31,""iva_venta_desglosar"":125.54,""precio_venta_sin_iva"":785,""ganancia_real"":302,""_nota"":""Congelado del control de Excel 2023. No se recalcula ni se sincroniza.""}}"
LGVTM2,CANASTA NAV MOD 2001,1116,678,DULCES TIPICOS Y ALIMENTOS,LGVTM2,El Huerto,UCAREO,,,"{""proveedor_contacto"":""Yadira Mendoza Soto"",""proveedor_telefono"":""4434101030"",""financiero_2023"":{""numero_control"":""0509"",""precio_compra_con_iva"":786.48,""iva_compra"":108.48,""porcentaje_a_ganar"":35,""utilidad"":275.27,""openpay_comision"":25.31,""openpay_iva"":4.05,""comision_tienda_nube"":24.42,""total_comisiones"":53.78,""descuento_pago_transferencia_pct"":2.41,""iva_venta_desglosar"":153.87,""precio_venta_sin_iva"":962,""ganancia_real"":284,""_nota"":""Congelado del control de Excel 2023. No se recalcula ni se sincroniza.""}}"
LGVTM3,CANASTA NAV MOD 2002,1173,713,DULCES TIPICOS Y ALIMENTOS,LGVTM3,El Huerto,UCAREO,,,"{""proveedor_contacto"":""Yadira Mendoza Soto"",""proveedor_telefono"":""4434101030"",""financiero_2023"":{""numero_control"":""0510"",""precio_compra_con_iva"":827.08,""iva_compra"":114.08,""porcentaje_a_ganar"":35,""utilidad"":289.48,""openpay_comision"":26.49,""openpay_iva"":4.24,""comision_tienda_nube"":25.55,""total_comisiones"":56.27,""descuento_pago_transferencia_pct"":2.4,""iva_venta_desglosar"":161.77,""precio_venta_sin_iva"":1011,""ganancia_real"":298,""_nota"":""Congelado del control de Excel 2023. No se recalcula ni se sincroniza.""}}"
LGVTM4,CANASTA MOD 2003,1312,798,DULCES TIPICOS Y ALIMENTOS,LGVTM4,El Huerto,UCAREO,,,"{""proveedor_contacto"":""Yadira Mendoza Soto"",""proveedor_telefono"":""4434101030"",""financiero_2023"":{""numero_control"":""0511"",""precio_compra_con_iva"":925.68,""iva_compra"":127.68,""porcentaje_a_ganar"":35,""utilidad"":323.99,""openpay_comision"":29.34,""openpay_iva"":4.7,""comision_tienda_nube"":28.27,""total_comisiones"":62.31,""descuento_pago_transferencia_pct"":2.37,""iva_venta_desglosar"":180.96,""precio_venta_sin_iva"":1131,""ganancia_real"":333,""_nota"":""Congelado del control de Excel 2023. No se recalcula ni se sincroniza.""}}"
LGVTM5,CANASTA NAV MOD 2004,884,518,DULCES TIPICOS Y ALIMENTOS,LGVTM5,El Huerto,UCAREO,,,"{""proveedor_contacto"":""Yadira Mendoza Soto"",""proveedor_telefono"":""4434101030"",""financiero_2023"":{""numero_control"":""0512"",""precio_compra_con_iva"":600.88,""iva_compra"":82.88,""porcentaje_a_ganar"":40,""utilidad"":240.35,""openpay_comision"":19.93,""openpay_iva"":3.19,""comision_tienda_nube"":19.89,""total_comisiones"":43,""descuento_pago_transferencia_pct"":2.43,""iva_venta_desglosar"":121.96,""precio_venta_sin_iva"":762,""ganancia_real"":244,""_nota"":""Congelado del control de Excel 2023. No se recalcula ni se sincroniza.""}}"
LGVTM6,CANASTA NAV MOD 2005,880,498,DULCES TIPICOS Y ALIMENTOS,LGVTM6,El Huerto,UCAREO,,,"{""proveedor_contacto"":""Yadira Mendoza Soto"",""proveedor_telefono"":""4434101030"",""financiero_2023"":{""numero_control"":""0513"",""precio_compra_con_iva"":577.68,""iva_compra"":79.68,""porcentaje_a_ganar"":45,""utilidad"":259.96,""openpay_comision"":19.25,""openpay_iva"":3.08,""comision_tienda_nube"":19.8,""total_comisiones"":42.13,""descuento_pago_transferencia_pct"":2.39,""iva_venta_desglosar"":121.35,""precio_venta_sin_iva"":758,""ganancia_real"":260,""_nota"":""Congelado del control de Excel 2023. No se recalcula ni se sincroniza.""}}"
LGVTM7,BATEA NAV MOD 2006,751,398,DULCES TIPICOS Y ALIMENTOS,LGVTM7,El Huerto,UCAREO,,,"{""proveedor_contacto"":""Yadira Mendoza Soto"",""proveedor_telefono"":""4434101030"",""financiero_2023"":{""numero_control"":""0514"",""precio_compra_con_iva"":461.68,""iva_compra"":63.68,""porcentaje_a_ganar"":55,""utilidad"":253.92,""openpay_comision"":15.89,""openpay_iva"":2.54,""comision_tienda_nube"":17.28,""total_comisiones"":35.71,""descuento_pago_transferencia_pct"":2.38,""iva_venta_desglosar"":103.63,""precio_venta_sin_iva"":648,""ganancia_real"":250,""_nota"":""Congelado del control de Excel 2023. No se recalcula ni se sincroniza.""}}"
LGVTM8,CANASTA NAV MOD 2007,1328,808,DULCES TIPICOS Y ALIMENTOS,LGVTM8,El Huerto,UCAREO,,,"{""proveedor_contacto"":""Yadira Mendoza Soto"",""proveedor_telefono"":""4434101030"",""financiero_2023"":{""numero_control"":""0515"",""precio_compra_con_iva"":937.28,""iva_compra"":129.28,""porcentaje_a_ganar"":35,""utilidad"":328.05,""openpay_comision"":29.68,""openpay_iva"":4.75,""comision_tienda_nube"":28.6,""total_comisiones"":63.03,""descuento_pago_transferencia_pct"":2.37,""iva_venta_desglosar"":183.22,""precio_venta_sin_iva"":1145,""ganancia_real"":337,""_nota"":""Congelado del control de Excel 2023. No se recalcula ni se sincroniza.""}}"
LGVTM9,CANASTA NAV MOD 2008,1230,748,DULCES TIPICOS Y ALIMENTOS,LGVTM9,El Huerto,UCAREO,,,"{""proveedor_contacto"":""Yadira Mendoza Soto"",""proveedor_telefono"":""4434101030"",""financiero_2023"":{""numero_control"":""0516"",""precio_compra_con_iva"":867.68,""iva_compra"":119.68,""porcentaje_a_ganar"":35,""utilidad"":303.69,""openpay_comision"":27.66,""openpay_iva"":4.43,""comision_tienda_nube"":26.67,""total_comisiones"":58.76,""descuento_pago_transferencia_pct"":2.39,""iva_venta_desglosar"":169.67,""precio_venta_sin_iva"":1060,""ganancia_real"":312,""_nota"":""Congelado del control de Excel 2023. No se recalcula ni se sincroniza.""}}"
LGVTM10,BAUTIZO,0,,,LGVTM10,,,,,"{""financiero_2023"":{""numero_control"":""0517"",""openpay_comision"":2.5,""iva_venta_desglosar"":0,""precio_venta_sin_iva"":0,""ganancia_real"":0,""_nota"":""Congelado del control de Excel 2023. No se recalcula ni se sincroniza.""}}"
LGVTM11,CRUZ ANGEL PUENTE ORO VIEJO,336,181.9,ARTESANIAS,LGVTM11,JORVINA ARTICULOS RELEGIOSOS,YURECUARO,26,17.5,"{""medidas_original"":""26 X 17.5 cms"",""proveedor_contacto"":""MARIA ESTHER NAVA"",""proveedor_telefono"":""33 2184 5609"",""financiero_2023"":{""numero_control"":""0518"",""precio_compra_con_iva"":211,""iva_compra"":29.1,""porcentaje_a_ganar"":50,""utilidad"":105.5,""openpay_comision"":8.62,""openpay_iva"":1.38,""comision_tienda_nube"":9.13,""total_comisiones"":19.13,""descuento_pago_transferencia_pct"":2.85,""iva_venta_desglosar"":46.29,""precio_venta_sin_iva"":289,""ganancia_real"":107,""_nota"":""Congelado del control de Excel 2023. No se recalcula ni se sincroniza.""}}"
LGVTM12,CRUZ ANGEL PUENTE PLATA VIEJA,322,174.14,ARTESANIAS,LGVTM12,JORVINA ARTICULOS RELEGIOSOS,YURECUARO,26,17.5,"{""medidas_original"":""26 X 17.5 cms"",""proveedor_contacto"":""MARIA ESTHER NAVA"",""proveedor_telefono"":""33 2184 5609"",""financiero_2023"":{""numero_control"":""0519"",""precio_compra_con_iva"":202,""iva_compra"":27.86,""porcentaje_a_ganar"":50,""utilidad"":101,""openpay_comision"":8.36,""openpay_iva"":1.34,""comision_tienda_nube"":8.85,""total_comisiones"":18.55,""descuento_pago_transferencia_pct"":2.88,""iva_venta_desglosar"":44.35,""precio_venta_sin_iva"":277,""ganancia_real"":103,""_nota"":""Congelado del control de Excel 2023. No se recalcula ni se sincroniza.""}}"
LGVTM13,CRUZ ANGEL GUARDA DORADO C/ CRUZ MADERA,195,104.31,ARTESANIAS,LGVTM13,JORVINA ARTICULOS RELEGIOSOS,YURECUARO,21.5,13,"{""medidas_original"":""21.5 X 13 cms"",""proveedor_contacto"":""MARIA ESTHER NAVA"",""proveedor_telefono"":""33 2184 5609"",""financiero_2023"":{""numero_control"":""0520"",""precio_compra_con_iva"":121,""iva_compra"":16.69,""porcentaje_a_ganar"":50,""utilidad"":60.5,""openpay_comision"":6.01,""openpay_iva"":0.96,""comision_tienda_nube"":6.37,""total_comisiones"":13.34,""descuento_pago_transferencia_pct"":3.42,""iva_venta_desglosar"":26.87,""precio_venta_sin_iva"":168,""ganancia_real"":64,""_nota"":""Congelado del control de Excel 2023. No se recalcula ni se sincroniza.""}}"
LGVTM14,CRUZ MEDALLON BAUTIZO EN MADERA C/PIEDRA,279,150.86,ARTESANIAS,LGVTM14,JORVINA ARTICULOS RELEGIOSOS,YURECUARO,20.5,15.5,"{""medidas_original"":""20.5 X 15.5cm"",""proveedor_contacto"":""MARIA ESTHER NAVA"",""proveedor_telefono"":""33 2184 5609"",""financiero_2023"":{""numero_control"":""0521"",""precio_compra_con_iva"":175,""iva_compra"":24.14,""porcentaje_a_ganar"":50,""utilidad"":87.5,""openpay_comision"":7.58,""openpay_iva"":1.21,""comision_tienda_nube"":8.03,""total_comisiones"":16.81,""descuento_pago_transferencia_pct"":3.01,""iva_venta_desglosar"":38.53,""precio_venta_sin_iva"":241,""ganancia_real"":90,""_nota"":""Congelado del control de Excel 2023. No se recalcula ni se sincroniza.""}}"
LGVTM15,ANGEL CRUZ PALOMA ORO VIEJO,198,106.03,ARTESANIAS,LGVTM15,JORVINA ARTICULOS RELEGIOSOS,YURECUARO,15.5,11,"{""medidas_original"":""15.5 X 11 cms"",""proveedor_contacto"":""MARIA ESTHER NAVA"",""proveedor_telefono"":""33 2184 5609"",""financiero_2023"":{""numero_control"":""0522"",""precio_compra_con_iva"":123,""iva_compra"":16.97,""porcentaje_a_ganar"":50,""utilidad"":61.5,""openpay_comision"":6.07,""openpay_iva"":0.97,""comision_tienda_nube"":6.43,""total_comisiones"":13.47,""descuento_pago_transferencia_pct"":3.4,""iva_venta_desglosar"":27.31,""precio_venta_sin_iva"":171,""ganancia_real"":65,""_nota"":""Congelado del control de Excel 2023. No se recalcula ni se sincroniza.""}}"
LGVTM16,ANGEL CRUZ PALOMA PLATA,190,101.72,ARTESANIAS,LGVTM16,JORVINA ARTICULOS RELEGIOSOS,YURECUARO,15.5,11,"{""medidas_original"":""15.5 X 11 cms"",""proveedor_contacto"":""MARIA ESTHER NAVA"",""proveedor_telefono"":""33 2184 5609"",""financiero_2023"":{""numero_control"":""0523"",""precio_compra_con_iva"":118,""iva_compra"":16.28,""porcentaje_a_ganar"":50,""utilidad"":59,""openpay_comision"":5.92,""openpay_iva"":0.95,""comision_tienda_nube"":6.28,""total_comisiones"":13.15,""descuento_pago_transferencia_pct"":3.46,""iva_venta_desglosar"":26.23,""precio_venta_sin_iva"":164,""ganancia_real"":62,""_nota"":""Congelado del control de Excel 2023. No se recalcula ni se sincroniza.""}}"
LGVTM17,MEDALLON ANGEL GUADA C/BASE,157,83.62,ARTESANIAS,LGVTM17,JORVINA ARTICULOS RELEGIOSOS,YURECUARO,18,7.5,"{""medidas_original"":""18 X 7.5 cms"",""proveedor_contacto"":""MARIA ESTHER NAVA"",""proveedor_telefono"":""33 2184 5609"",""financiero_2023"":{""numero_control"":""0524"",""precio_compra_con_iva"":97,""iva_compra"":13.38,""porcentaje_a_ganar"":50,""utilidad"":48.5,""openpay_comision"":5.31,""openpay_iva"":0.85,""comision_tienda_nube"":5.63,""total_comisiones"":11.8,""descuento_pago_transferencia_pct"":3.75,""iva_venta_desglosar"":21.7,""precio_venta_sin_iva"":136,""ganancia_real"":52,""_nota"":""Congelado del control de Excel 2023. No se recalcula ni se sincroniza.""}}"
LGVTM18,CRUZ BAUTIZO MEDALLON CON BASE,217,116.38,ARTESANIAS,LGVTM18,JORVINA ARTICULOS RELEGIOSOS,YURECUARO,15,7,"{""medidas_original"":""15 X 7 cms"",""proveedor_contacto"":""MARIA ESTHER NAVA"",""proveedor_telefono"":""33 2184 5609"",""financiero_2023"":{""numero_control"":""0525"",""precio_compra_con_iva"":135,""iva_compra"":18.62,""porcentaje_a_ganar"":50,""utilidad"":67.5,""openpay_comision"":6.42,""openpay_iva"":1.03,""comision_tienda_nube"":6.8,""total_comisiones"":14.24,""descuento_pago_transferencia_pct"":3.29,""iva_venta_desglosar"":29.9,""precio_venta_sin_iva"":187,""ganancia_real"":70,""_nota"":""Congelado del control de Excel 2023. No se recalcula ni se sincroniza.""}}"
LGVTM19,CRUCIFIJO DE PILA NUM. 18 EN MADERA,440,239.66,ARTESANIAS,LGVTM19,JORVINA ARTICULOS RELEGIOSOS,YURECUARO,35,19,"{""medidas_original"":""35 X 19 cms"",""proveedor_contacto"":""MARIA ESTHER NAVA"",""proveedor_telefono"":""33 2184 5609"",""financiero_2023"":{""numero_control"":""0526"",""precio_compra_con_iva"":278,""iva_compra"":38.34,""porcentaje_a_ganar"":50,""utilidad"":139,""openpay_comision"":10.56,""openpay_iva"":1.69,""comision_tienda_nube"":11.19,""total_comisiones"":23.44,""descuento_pago_transferencia_pct"":2.66,""iva_venta_desglosar"":60.75,""precio_venta_sin_iva"":380,""ganancia_real"":140,""_nota"":""Congelado del control de Excel 2023. No se recalcula ni se sincroniza.""}}"
LGVTM20,CRUZ ANGEL CADENA,445,242.24,ARTESANIAS,LGVTM20,JORVINA ARTICULOS RELEGIOSOS,YURECUARO,30,22,"{""medidas_original"":""30 X 22 cms"",""proveedor_contacto"":""MARIA ESTHER NAVA"",""proveedor_telefono"":""33 2184 5609"",""financiero_2023"":{""numero_control"":""0527"",""precio_compra_con_iva"":281,""iva_compra"":38.76,""porcentaje_a_ganar"":50,""utilidad"":140.5,""openpay_comision"":10.65,""openpay_iva"":1.7,""comision_tienda_nube"":11.28,""total_comisiones"":23.63,""descuento_pago_transferencia_pct"":2.65,""iva_venta_desglosar"":61.4,""precio_venta_sin_iva"":384,""ganancia_real"":141,""_nota"":""Congelado del control de Excel 2023. No se recalcula ni se sincroniza.""}}"
LGVTM21,CRUZ ANGEL DORADO EN MADERA Y BASE,246,132.76,ARTESANIAS,LGVTM21,JORVINA ARTICULOS RELEGIOSOS,YURECUARO,16,11.5,"{""medidas_original"":""16 X 11.5cms"",""proveedor_contacto"":""MARIA ESTHER NAVA"",""proveedor_telefono"":""33 2184 5609"",""financiero_2023"":{""numero_control"":""0528"",""precio_compra_con_iva"":154,""iva_compra"":21.24,""porcentaje_a_ganar"":50,""utilidad"":77,""openpay_comision"":6.97,""openpay_iva"":1.11,""comision_tienda_nube"":7.38,""total_comisiones"":15.46,""descuento_pago_transferencia_pct"":3.14,""iva_venta_desglosar"":33.99,""precio_venta_sin_iva"":212,""ganancia_real"":80,""_nota"":""Congelado del control de Excel 2023. No se recalcula ni se sincroniza.""}}"
LGVTM22,CRUZ ANGEL PLATA EN MADERA Y BASE,232,125,ARTESANIAS,LGVTM22,JORVINA ARTICULOS RELEGIOSOS,YURECUARO,16,11.5,"{""medidas_original"":""16 X 11.5cms"",""proveedor_contacto"":""MARIA ESTHER NAVA"",""proveedor_telefono"":""33 2184 5609"",""financiero_2023"":{""numero_control"":""0529"",""precio_compra_con_iva"":145,""iva_compra"":20,""porcentaje_a_ganar"":50,""utilidad"":72.5,""openpay_comision"":6.71,""openpay_iva"":1.07,""comision_tienda_nube"":7.11,""total_comisiones"":14.88,""descuento_pago_transferencia_pct"":3.2,""iva_venta_desglosar"":32.05,""precio_venta_sin_iva"":200,""ganancia_real"":75,""_nota"":""Congelado del control de Excel 2023. No se recalcula ni se sincroniza.""}}"
LGVTM23,CRUZ ANGEL C/MADERA EN DORADA,195,104.31,ARTESANIAS,LGVTM23,JORVINA ARTICULOS RELEGIOSOS,YURECUARO,14.5,11.2,"{""medidas_original"":""14.5 X 11.2cms"",""proveedor_contacto"":""MARIA ESTHER NAVA"",""proveedor_telefono"":""33 2184 5609"",""financiero_2023"":{""numero_control"":""0530"",""precio_compra_con_iva"":121,""iva_compra"":16.69,""porcentaje_a_ganar"":50,""utilidad"":60.5,""openpay_comision"":6.01,""openpay_iva"":0.96,""comision_tienda_nube"":6.37,""total_comisiones"":13.34,""descuento_pago_transferencia_pct"":3.42,""iva_venta_desglosar"":26.87,""precio_venta_sin_iva"":168,""ganancia_real"":64,""_nota"":""Congelado del control de Excel 2023. No se recalcula ni se sincroniza.""}}"
LGVTM24,CRUZ ANGEL C/MADERA EN PLATA,195,104.31,ARTESANIAS,LGVTM24,JORVINA ARTICULOS RELEGIOSOS,YURECUARO,14.5,11.2,"{""medidas_original"":""14.5 X 11.2cms"",""proveedor_contacto"":""MARIA ESTHER NAVA"",""proveedor_telefono"":""33 2184 5609"",""financiero_2023"":{""numero_control"":""0531"",""precio_compra_con_iva"":121,""iva_compra"":16.69,""porcentaje_a_ganar"":50,""utilidad"":60.5,""openpay_comision"":6.01,""openpay_iva"":0.96,""comision_tienda_nube"":6.37,""total_comisiones"":13.34,""descuento_pago_transferencia_pct"":3.42,""iva_venta_desglosar"":26.87,""precio_venta_sin_iva"":168,""ganancia_real"":64,""_nota"":""Congelado del control de Excel 2023. No se recalcula ni se sincroniza.""}}"
LGVTM25,CRUZ ANGEL DORADO CON BASE MADERA,198,106.03,ARTESANIAS,LGVTM25,JORVINA ARTICULOS RELEGIOSOS,YURECUARO,14.5,9.7,"{""medidas_original"":""14.5 X 9.7 cms"",""proveedor_contacto"":""MARIA ESTHER NAVA"",""proveedor_telefono"":""33 2184 5609"",""financiero_2023"":{""numero_control"":""0532"",""precio_compra_con_iva"":123,""iva_compra"":16.97,""porcentaje_a_ganar"":50,""utilidad"":61.5,""openpay_comision"":6.07,""openpay_iva"":0.97,""comision_tienda_nube"":6.43,""total_comisiones"":13.47,""descuento_pago_transferencia_pct"":3.4,""iva_venta_desglosar"":27.31,""precio_venta_sin_iva"":171,""ganancia_real"":65,""_nota"":""Congelado del control de Excel 2023. No se recalcula ni se sincroniza.""}}"
LGVTM26,CRUZ ANGEL PLATA CON BASE MADERA,181,96.55,ARTESANIAS,LGVTM26,JORVINA ARTICULOS RELEGIOSOS,YURECUARO,14.5,9.7,"{""medidas_original"":""14.5 X 9.7 cms"",""proveedor_contacto"":""MARIA ESTHER NAVA"",""proveedor_telefono"":""33 2184 5609"",""financiero_2023"":{""numero_control"":""0533"",""precio_compra_con_iva"":112,""iva_compra"":15.45,""porcentaje_a_ganar"":50,""utilidad"":56,""openpay_comision"":5.75,""openpay_iva"":0.92,""comision_tienda_nube"":6.09,""total_comisiones"":12.76,""descuento_pago_transferencia_pct"":3.53,""iva_venta_desglosar"":24.93,""precio_venta_sin_iva"":156,""ganancia_real"":59,""_nota"":""Congelado del control de Excel 2023. No se recalcula ni se sincroniza.""}}"
LGVTM27,CRUZ BAUTIZO NIÑO CON DETALLE DE PIED. SWARO,118,62.07,ARTESANIAS,LGVTM27,JORVINA ARTICULOS RELEGIOSOS,YURECUARO,13.5,7,"{""medidas_original"":""13.5 X 7 cms"",""proveedor_contacto"":""MARIA ESTHER NAVA"",""proveedor_telefono"":""33 2184 5609"",""financiero_2023"":{""numero_control"":""0534"",""precio_compra_con_iva"":72,""iva_compra"":9.93,""porcentaje_a_ganar"":50,""utilidad"":36,""openpay_comision"":4.59,""openpay_iva"":0.73,""comision_tienda_nube"":4.87,""total_comisiones"":10.19,""descuento_pago_transferencia_pct"":4.31,""iva_venta_desglosar"":16.3,""precio_venta_sin_iva"":102,""ganancia_real"":40,""_nota"":""Congelado del control de Excel 2023. No se recalcula ni se sincroniza.""}}"
LGVTM28,CRUZ BAUTIZO NIÑA CON DETALLE DE PIED. SWARO,118,62.07,ARTESANIAS,LGVTM28,JORVINA ARTICULOS RELEGIOSOS,YURECUARO,13.5,7,"{""medidas_original"":""13.5 X 7 cms"",""proveedor_contacto"":""MARIA ESTHER NAVA"",""proveedor_telefono"":""33 2184 5609"",""financiero_2023"":{""numero_control"":""0535"",""precio_compra_con_iva"":72,""iva_compra"":9.93,""porcentaje_a_ganar"":50,""utilidad"":36,""openpay_comision"":4.59,""openpay_iva"":0.73,""comision_tienda_nube"":4.87,""total_comisiones"":10.19,""descuento_pago_transferencia_pct"":4.31,""iva_venta_desglosar"":16.3,""precio_venta_sin_iva"":102,""ganancia_real"":40,""_nota"":""Congelado del control de Excel 2023. No se recalcula ni se sincroniza.""}}"
LGVTM29,CRUZ BAUTIZO NIÑO,67,33.62,ARTESANIAS,LGVTM29,JORVINA ARTICULOS RELEGIOSOS,YURECUARO,10.5,7,"{""medidas_original"":""10.5 X 7 cms"",""proveedor_contacto"":""MARIA ESTHER NAVA"",""proveedor_telefono"":""33 2184 5609"",""financiero_2023"":{""numero_control"":""0536"",""precio_compra_con_iva"":39,""iva_compra"":5.38,""porcentaje_a_ganar"":50,""utilidad"":19.5,""openpay_comision"":3.63,""openpay_iva"":0.58,""comision_tienda_nube"":3.85,""total_comisiones"":8.07,""descuento_pago_transferencia_pct"":6.06,""iva_venta_desglosar"":9.18,""precio_venta_sin_iva"":57,""ganancia_real"":24,""_nota"":""Congelado del control de Excel 2023. No se recalcula ni se sincroniza.""}}"
LGVTM30,CRUZ BAUTIZO NIÑA,67,33.62,ARTESANIAS,LGVTM30,JORVINA ARTICULOS RELEGIOSOS,YURECUARO,10.5,7,"{""medidas_original"":""10.5 X 7 cms"",""proveedor_contacto"":""MARIA ESTHER NAVA"",""proveedor_telefono"":""33 2184 5609"",""financiero_2023"":{""numero_control"":""0537"",""precio_compra_con_iva"":39,""iva_compra"":5.38,""porcentaje_a_ganar"":50,""utilidad"":19.5,""openpay_comision"":3.63,""openpay_iva"":0.58,""comision_tienda_nube"":3.85,""total_comisiones"":8.07,""descuento_pago_transferencia_pct"":6.06,""iva_venta_desglosar"":9.18,""precio_venta_sin_iva"":57,""ganancia_real"":24,""_nota"":""Congelado del control de Excel 2023. No se recalcula ni se sincroniza.""}}"
LGVTM31,CRUZ BAUTIZO NIÑA ESPECIAL,68,34.48,ARTESANIAS,LGVTM31,JORVINA ARTICULOS RELEGIOSOS,YURECUARO,9.4,5.3,"{""medidas_original"":""9.4 X 5.3 cms"",""proveedor_contacto"":""MARIA ESTHER NAVA"",""proveedor_telefono"":""33 2184 5609"",""financiero_2023"":{""numero_control"":""0538"",""precio_compra_con_iva"":40,""iva_compra"":5.52,""porcentaje_a_ganar"":50,""utilidad"":20,""openpay_comision"":3.66,""openpay_iva"":0.59,""comision_tienda_nube"":3.88,""total_comisiones"":8.13,""descuento_pago_transferencia_pct"":5.97,""iva_venta_desglosar"":9.4,""precio_venta_sin_iva"":59,""ganancia_real"":24,""_nota"":""Congelado del control de Excel 2023. No se recalcula ni se sincroniza.""}}"
LGVTM32,CRUZ BAUTIZO NIÑO ESPECIAL,68,34.48,ARTESANIAS,LGVTM32,JORVINA ARTICULOS RELEGIOSOS,YURECUARO,9.4,5.3,"{""medidas_original"":""9.4 X 5.3 cms"",""proveedor_contacto"":""MARIA ESTHER NAVA"",""proveedor_telefono"":""33 2184 5609"",""financiero_2023"":{""numero_control"":""0539"",""precio_compra_con_iva"":40,""iva_compra"":5.52,""porcentaje_a_ganar"":50,""utilidad"":20,""openpay_comision"":3.66,""openpay_iva"":0.59,""comision_tienda_nube"":3.88,""total_comisiones"":8.13,""descuento_pago_transferencia_pct"":5.97,""iva_venta_desglosar"":9.4,""precio_venta_sin_iva"":59,""ganancia_real"":24,""_nota"":""Congelado del control de Excel 2023. No se recalcula ni se sincroniza.""}}"
LGVTM33,CRUZ ESPIRITU SANTO,68,34.48,ARTESANIAS,LGVTM33,JORVINA ARTICULOS RELEGIOSOS,YURECUARO,9,5,"{""medidas_original"":""9 X 5 cms"",""proveedor_contacto"":""MARIA ESTHER NAVA"",""proveedor_telefono"":""33 2184 5609"",""financiero_2023"":{""numero_control"":""0540"",""precio_compra_con_iva"":40,""iva_compra"":5.52,""porcentaje_a_ganar"":50,""utilidad"":20,""openpay_comision"":3.66,""openpay_iva"":0.59,""comision_tienda_nube"":3.88,""total_comisiones"":8.13,""descuento_pago_transferencia_pct"":5.97,""iva_venta_desglosar"":9.4,""precio_venta_sin_iva"":59,""ganancia_real"":24,""_nota"":""Congelado del control de Excel 2023. No se recalcula ni se sincroniza.""}}"
LGVTM34,CRUZ ESPIRITU SANTO,38,18.1,ARTESANIAS,LGVTM34,JORVINA ARTICULOS RELEGIOSOS,YURECUARO,5.7,3.3,"{""medidas_original"":""5.7 X 3.3 cms"",""proveedor_contacto"":""MARIA ESTHER NAVA"",""proveedor_telefono"":""33 2184 5609"",""financiero_2023"":{""numero_control"":""0541"",""precio_compra_con_iva"":21,""iva_compra"":2.9,""porcentaje_a_ganar"":50,""utilidad"":10.5,""openpay_comision"":3.11,""openpay_iva"":0.5,""comision_tienda_nube"":3.3,""total_comisiones"":6.91,""descuento_pago_transferencia_pct"":8.99,""iva_venta_desglosar"":5.3,""precio_venta_sin_iva"":33,""ganancia_real"":15,""_nota"":""Congelado del control de Excel 2023. No se recalcula ni se sincroniza.""}}"
LGVTM35,CRUZ INFANTIL PALOMA DORADA,38,18.1,ARTESANIAS,LGVTM35,JORVINA ARTICULOS RELEGIOSOS,YURECUARO,6,3.3,"{""medidas_original"":""6 X 3.3"",""proveedor_contacto"":""MARIA ESTHER NAVA"",""proveedor_telefono"":""33 2184 5609"",""financiero_2023"":{""numero_control"":""0542"",""precio_compra_con_iva"":21,""iva_compra"":2.9,""porcentaje_a_ganar"":50,""utilidad"":10.5,""openpay_comision"":3.11,""openpay_iva"":0.5,""comision_tienda_nube"":3.3,""total_comisiones"":6.91,""descuento_pago_transferencia_pct"":8.99,""iva_venta_desglosar"":5.3,""precio_venta_sin_iva"":33,""ganancia_real"":15,""_nota"":""Congelado del control de Excel 2023. No se recalcula ni se sincroniza.""}}"
LGVTM36,CRUZ INFANTIL PALOMA PLATA,35,16.38,ARTESANIAS,LGVTM36,JORVINA ARTICULOS RELEGIOSOS,YURECUARO,6,3.3,"{""medidas_original"":""6 X 3.3"",""proveedor_contacto"":""MARIA ESTHER NAVA"",""proveedor_telefono"":""33 2184 5609"",""financiero_2023"":{""numero_control"":""0543"",""precio_compra_con_iva"":19,""iva_compra"":2.62,""porcentaje_a_ganar"":50,""utilidad"":9.5,""openpay_comision"":3.05,""openpay_iva"":0.49,""comision_tienda_nube"":3.24,""total_comisiones"":6.78,""descuento_pago_transferencia_pct"":9.61,""iva_venta_desglosar"":4.87,""precio_venta_sin_iva"":30,""ganancia_real"":14,""_nota"":""Congelado del control de Excel 2023. No se recalcula ni se sincroniza.""}}"
LGVTM37,CRUZ ANGEL GUARDA CON NIÑO,118,62.07,ARTESANIAS,LGVTM37,JORVINA ARTICULOS RELEGIOSOS,YURECUARO,16.5,7,"{""medidas_original"":""16.5 X 7 cms"",""proveedor_contacto"":""MARIA ESTHER NAVA"",""proveedor_telefono"":""33 2184 5609"",""financiero_2023"":{""numero_control"":""0544"",""precio_compra_con_iva"":72,""iva_compra"":9.93,""porcentaje_a_ganar"":50,""utilidad"":36,""openpay_comision"":4.59,""openpay_iva"":0.73,""comision_tienda_nube"":4.87,""total_comisiones"":10.19,""descuento_pago_transferencia_pct"":4.31,""iva_venta_desglosar"":16.3,""precio_venta_sin_iva"":102,""ganancia_real"":40,""_nota"":""Congelado del control de Excel 2023. No se recalcula ni se sincroniza.""}}"
LGVTM38,CRUZ ANGEL GUARDA DORADO,123,64.66,ARTESANIAS,LGVTM38,JORVINA ARTICULOS RELEGIOSOS,YURECUARO,14,7,"{""medidas_original"":""14 X 7 cms"",""proveedor_contacto"":""MARIA ESTHER NAVA"",""proveedor_telefono"":""33 2184 5609"",""financiero_2023"":{""numero_control"":""0545"",""precio_compra_con_iva"":75,""iva_compra"":10.34,""porcentaje_a_ganar"":50,""utilidad"":37.5,""openpay_comision"":4.68,""openpay_iva"":0.75,""comision_tienda_nube"":4.96,""total_comisiones"":10.38,""descuento_pago_transferencia_pct"":4.22,""iva_venta_desglosar"":16.95,""precio_venta_sin_iva"":106,""ganancia_real"":41,""_nota"":""Congelado del control de Excel 2023. No se recalcula ni se sincroniza.""}}"
LGVTM39,MEDALLON ANGEL GUARDA PEDESTAL,81,41.38,ARTESANIAS,LGVTM39,JORVINA ARTICULOS RELEGIOSOS,YURECUARO,5.5,5.5,"{""medidas_original"":""5.5 X 5.5 cms"",""proveedor_contacto"":""MARIA ESTHER NAVA"",""proveedor_telefono"":""33 2184 5609"",""financiero_2023"":{""numero_control"":""0546"",""precio_compra_con_iva"":48,""iva_compra"":6.62,""porcentaje_a_ganar"":50,""utilidad"":24,""openpay_comision"":3.89,""openpay_iva"":0.62,""comision_tienda_nube"":4.13,""total_comisiones"":8.65,""descuento_pago_transferencia_pct"":5.36,""iva_venta_desglosar"":11.12,""precio_venta_sin_iva"":70,""ganancia_real"":28,""_nota"":""Congelado del control de Excel 2023. No se recalcula ni se sincroniza.""}}"
LGVTM40,MEDALLON ANGEL GUARDA PEDESTAL PLATA,76,38.79,ARTESANIAS,LGVTM40,JORVINA ARTICULOS RELEGIOSOS,YURECUARO,5.5,5.5,"{""medidas_original"":""5.5 X 5.5 cms"",""proveedor_contacto"":""MARIA ESTHER NAVA"",""proveedor_telefono"":""33 2184 5609"",""financiero_2023"":{""numero_control"":""0547"",""precio_compra_con_iva"":45,""iva_compra"":6.21,""porcentaje_a_ganar"":50,""utilidad"":22.5,""openpay_comision"":3.81,""openpay_iva"":0.61,""comision_tienda_nube"":4.04,""total_comisiones"":8.45,""descuento_pago_transferencia_pct"":5.56,""iva_venta_desglosar"":10.48,""precio_venta_sin_iva"":65,""ganancia_real"":27,""_nota"":""Congelado del control de Excel 2023. No se recalcula ni se sincroniza.""}}"
LGVTM41,CRUZ MADONA CON NIÑO,67,33.62,ARTESANIAS,LGVTM41,JORVINA ARTICULOS RELEGIOSOS,YURECUARO,9.5,5.2,"{""medidas_original"":""9.5 X 5.2 cms"",""proveedor_contacto"":""MARIA ESTHER NAVA"",""proveedor_telefono"":""33 2184 5609"",""financiero_2023"":{""numero_control"":""0548"",""precio_compra_con_iva"":39,""iva_compra"":5.38,""porcentaje_a_ganar"":50,""utilidad"":19.5,""openpay_comision"":3.63,""openpay_iva"":0.58,""comision_tienda_nube"":3.85,""total_comisiones"":8.07,""descuento_pago_transferencia_pct"":6.06,""iva_venta_desglosar"":9.18,""precio_venta_sin_iva"":57,""ganancia_real"":24,""_nota"":""Congelado del control de Excel 2023. No se recalcula ni se sincroniza.""}}"
LGVTM42,CRUZ MADONA CON NIÑO ESPECIAL,67,33.62,ARTESANIAS,LGVTM42,JORVINA ARTICULOS RELEGIOSOS,YURECUARO,9.5,5.2,"{""medidas_original"":""9.5 X 5.2 cms"",""proveedor_contacto"":""MARIA ESTHER NAVA"",""proveedor_telefono"":""33 2184 5609"",""financiero_2023"":{""numero_control"":""0549"",""precio_compra_con_iva"":39,""iva_compra"":5.38,""porcentaje_a_ganar"":50,""utilidad"":19.5,""openpay_comision"":3.63,""openpay_iva"":0.58,""comision_tienda_nube"":3.85,""total_comisiones"":8.07,""descuento_pago_transferencia_pct"":6.06,""iva_venta_desglosar"":9.18,""precio_venta_sin_iva"":57,""ganancia_real"":24,""_nota"":""Congelado del control de Excel 2023. No se recalcula ni se sincroniza.""}}"
LGVTM43,ANGEL ORANDO MARCO DORADO C/PIED. SWAROV,148,78.45,ARTESANIAS,LGVTM43,JORVINA ARTICULOS RELEGIOSOS,YURECUARO,8.5,6.5,"{""medidas_original"":""8.5 X 6.5 cms"",""proveedor_contacto"":""MARIA ESTHER NAVA"",""proveedor_telefono"":""33 2184 5609"",""financiero_2023"":{""numero_control"":""0550"",""precio_compra_con_iva"":91,""iva_compra"":12.55,""porcentaje_a_ganar"":50,""utilidad"":45.5,""openpay_comision"":5.14,""openpay_iva"":0.82,""comision_tienda_nube"":5.45,""total_comisiones"":11.41,""descuento_pago_transferencia_pct"":3.86,""iva_venta_desglosar"":20.4,""precio_venta_sin_iva"":128,""ganancia_real"":49,""_nota"":""Congelado del control de Excel 2023. No se recalcula ni se sincroniza.""}}"
LGVTM44,ANGEL ORANDO MARCO PLATA C/PIED. SWAROVS,131,68.97,ARTESANIAS,LGVTM44,JORVINA ARTICULOS RELEGIOSOS,YURECUARO,8.5,6.5,"{""medidas_original"":""8.5 X 6.5 cms"",""proveedor_contacto"":""MARIA ESTHER NAVA"",""proveedor_telefono"":""33 2184 5609"",""financiero_2023"":{""numero_control"":""0551"",""precio_compra_con_iva"":80,""iva_compra"":11.03,""porcentaje_a_ganar"":50,""utilidad"":40,""openpay_comision"":4.82,""openpay_iva"":0.77,""comision_tienda_nube"":5.11,""total_comisiones"":10.7,""descuento_pago_transferencia_pct"":4.09,""iva_venta_desglosar"":18.03,""precio_venta_sin_iva"":113,""ganancia_real"":44,""_nota"":""Congelado del control de Excel 2023. No se recalcula ni se sincroniza.""}}"
LGVTM45,MARCO ANGEL COLGANTE DORADO,175,93.1,ARTESANIAS,LGVTM45,JORVINA ARTICULOS RELEGIOSOS,YURECUARO,12,11,"{""medidas_original"":""12 X 11 cms"",""proveedor_contacto"":""MARIA ESTHER NAVA"",""proveedor_telefono"":""33 2184 5609"",""financiero_2023"":{""numero_control"":""0552"",""precio_compra_con_iva"":108,""iva_compra"":14.9,""porcentaje_a_ganar"":50,""utilidad"":54,""openpay_comision"":5.63,""openpay_iva"":0.9,""comision_tienda_nube"":5.97,""total_comisiones"":12.5,""descuento_pago_transferencia_pct"":3.58,""iva_venta_desglosar"":24.07,""precio_venta_sin_iva"":150,""ganancia_real"":57,""_nota"":""Congelado del control de Excel 2023. No se recalcula ni se sincroniza.""}}"
LGVTM46,MARCO ANGEL COLGANTE PLATA,162,86.21,ARTESANIAS,LGVTM46,JORVINA ARTICULOS RELEGIOSOS,YURECUARO,12,11,"{""medidas_original"":""12 X 11 cms"",""proveedor_contacto"":""MARIA ESTHER NAVA"",""proveedor_telefono"":""33 2184 5609"",""financiero_2023"":{""numero_control"":""0553"",""precio_compra_con_iva"":100,""iva_compra"":13.79,""porcentaje_a_ganar"":50,""utilidad"":50,""openpay_comision"":5.4,""openpay_iva"":0.86,""comision_tienda_nube"":5.73,""total_comisiones"":11.99,""descuento_pago_transferencia_pct"":3.7,""iva_venta_desglosar"":22.34,""precio_venta_sin_iva"":140,""ganancia_real"":53,""_nota"":""Congelado del control de Excel 2023. No se recalcula ni se sincroniza.""}}"
LGVTM47,MARCO CRUZ ANGEL COLGANTE DORADO,175,93.1,ARTESANIAS,LGVTM47,JORVINA ARTICULOS RELEGIOSOS,YURECUARO,12,10.5,"{""medidas_original"":""12 X 10.5cms"",""proveedor_contacto"":""MARIA ESTHER NAVA"",""proveedor_telefono"":""33 2184 5609"",""financiero_2023"":{""numero_control"":""0554"",""precio_compra_con_iva"":108,""iva_compra"":14.9,""porcentaje_a_ganar"":50,""utilidad"":54,""openpay_comision"":5.63,""openpay_iva"":0.9,""comision_tienda_nube"":5.97,""total_comisiones"":12.5,""descuento_pago_transferencia_pct"":3.58,""iva_venta_desglosar"":24.07,""precio_venta_sin_iva"":150,""ganancia_real"":57,""_nota"":""Congelado del control de Excel 2023. No se recalcula ni se sincroniza.""}}"
LGVTM48,MARCO CRUZ ANGEL COLGANTE PLATA B/MAD.,162,86.21,ARTESANIAS,LGVTM48,JORVINA ARTICULOS RELEGIOSOS,YURECUARO,12,10.5,"{""medidas_original"":""12 X10.5cms"",""proveedor_contacto"":""MARIA ESTHER NAVA"",""proveedor_telefono"":""33 2184 5609"",""financiero_2023"":{""numero_control"":""0555"",""precio_compra_con_iva"":100,""iva_compra"":13.79,""porcentaje_a_ganar"":50,""utilidad"":50,""openpay_comision"":5.4,""openpay_iva"":0.86,""comision_tienda_nube"":5.73,""total_comisiones"":11.99,""descuento_pago_transferencia_pct"":3.7,""iva_venta_desglosar"":22.34,""precio_venta_sin_iva"":140,""ganancia_real"":53,""_nota"":""Congelado del control de Excel 2023. No se recalcula ni se sincroniza.""}}"
LGVTM49,ANGEL BASE PALOMA ORO VIEJO,118,62.07,ARTESANIAS,LGVTM49,JORVINA ARTICULOS RELEGIOSOS,YURECUARO,9,6,"{""medidas_original"":""9 X 6 cms"",""proveedor_contacto"":""MARIA ESTHER NAVA"",""proveedor_telefono"":""33 2184 5609"",""financiero_2023"":{""numero_control"":""0556"",""precio_compra_con_iva"":72,""iva_compra"":9.93,""porcentaje_a_ganar"":50,""utilidad"":36,""openpay_comision"":4.59,""openpay_iva"":0.73,""comision_tienda_nube"":4.87,""total_comisiones"":10.19,""descuento_pago_transferencia_pct"":4.31,""iva_venta_desglosar"":16.3,""precio_venta_sin_iva"":102,""ganancia_real"":40,""_nota"":""Congelado del control de Excel 2023. No se recalcula ni se sincroniza.""}}"
LGVTM50,ANGEL BASE PALOMA PLATA VIEJA,109,56.9,ARTESANIAS,LGVTM50,JORVINA ARTICULOS RELEGIOSOS,YURECUARO,9,6,"{""medidas_original"":""9 X 6 cms"",""proveedor_contacto"":""MARIA ESTHER NAVA"",""proveedor_telefono"":""33 2184 5609"",""financiero_2023"":{""numero_control"":""0557"",""precio_compra_con_iva"":66,""iva_compra"":9.1,""porcentaje_a_ganar"":50,""utilidad"":33,""openpay_comision"":4.41,""openpay_iva"":0.71,""comision_tienda_nube"":4.68,""total_comisiones"":9.8,""descuento_pago_transferencia_pct"":4.5,""iva_venta_desglosar"":15.01,""precio_venta_sin_iva"":94,""ganancia_real"":37,""_nota"":""Congelado del control de Excel 2023. No se recalcula ni se sincroniza.""}}"
LGVTM51,PILA DE AGUA BENDITA C/ BASE MADERA EN DORADO,240,129.31,ARTESANIAS,LGVTM51,JORVINA ARTICULOS RELEGIOSOS,YURECUARO,,,"{""proveedor_contacto"":""MARIA ESTHER NAVA"",""proveedor_telefono"":""33 2184 5609"",""financiero_2023"":{""numero_control"":""0558"",""precio_compra_con_iva"":150,""iva_compra"":20.69,""porcentaje_a_ganar"":50,""utilidad"":75,""openpay_comision"":6.85,""openpay_iva"":1.1,""comision_tienda_nube"":7.26,""total_comisiones"":15.2,""descuento_pago_transferencia_pct"":3.16,""iva_venta_desglosar"":33.13,""precio_venta_sin_iva"":207,""ganancia_real"":78,""_nota"":""Congelado del control de Excel 2023. No se recalcula ni se sincroniza.""}}"
LGVTM52,PILA DE AGUA BENDITA EN RETABLO PLATA,200,106.9,ARTESANIAS,LGVTM52,JORVINA ARTICULOS RELEGIOSOS,YURECUARO,,,"{""proveedor_contacto"":""MARIA ESTHER NAVA"",""proveedor_telefono"":""33 2184 5609"",""financiero_2023"":{""numero_control"":""0559"",""precio_compra_con_iva"":124,""iva_compra"":17.1,""porcentaje_a_ganar"":50,""utilidad"":62,""openpay_comision"":6.1,""openpay_iva"":0.98,""comision_tienda_nube"":6.46,""total_comisiones"":13.53,""descuento_pago_transferencia_pct"":3.39,""iva_venta_desglosar"":27.52,""precio_venta_sin_iva"":172,""ganancia_real"":65,""_nota"":""Congelado del control de Excel 2023. No se recalcula ni se sincroniza.""}}"
LGVTM53,ANGEL MARCO DORADO C/PEDESTAL B/MADERA,162,86.21,ARTESANIAS,LGVTM53,JORVINA ARTICULOS RELEGIOSOS,YURECUARO,9,9,"{""medidas_original"":""9 X 9 cms"",""proveedor_contacto"":""MARIA ESTHER NAVA"",""proveedor_telefono"":""33 2184 5609"",""financiero_2023"":{""numero_control"":""0560"",""precio_compra_con_iva"":100,""iva_compra"":13.79,""porcentaje_a_ganar"":50,""utilidad"":50,""openpay_comision"":5.4,""openpay_iva"":0.86,""comision_tienda_nube"":5.73,""total_comisiones"":11.99,""descuento_pago_transferencia_pct"":3.7,""iva_venta_desglosar"":22.34,""precio_venta_sin_iva"":140,""ganancia_real"":53,""_nota"":""Congelado del control de Excel 2023. No se recalcula ni se sincroniza.""}}"
LGVTM54,ANGEL MARCO PLATA C/PEDESTAL B/MADERA,162,86.21,ARTESANIAS,LGVTM54,JORVINA ARTICULOS RELEGIOSOS,YURECUARO,9,9,"{""medidas_original"":""9 X 9 cms"",""proveedor_contacto"":""MARIA ESTHER NAVA"",""proveedor_telefono"":""33 2184 5609"",""financiero_2023"":{""numero_control"":""0561"",""precio_compra_con_iva"":100,""iva_compra"":13.79,""porcentaje_a_ganar"":50,""utilidad"":50,""openpay_comision"":5.4,""openpay_iva"":0.86,""comision_tienda_nube"":5.73,""total_comisiones"":11.99,""descuento_pago_transferencia_pct"":3.7,""iva_venta_desglosar"":22.34,""precio_venta_sin_iva"":140,""ganancia_real"":53,""_nota"":""Congelado del control de Excel 2023. No se recalcula ni se sincroniza.""}}"
LGVTM55,MARCO ANGEL PUENTE ORO VIEJO,336,181.9,ARTESANIAS,LGVTM55,JORVINA ARTICULOS RELEGIOSOS,YURECUARO,18.7,14.7,"{""medidas_original"":""18.7 X 14.7cms"",""proveedor_contacto"":""MARIA ESTHER NAVA"",""proveedor_telefono"":""33 2184 5609"",""financiero_2023"":{""numero_control"":""0562"",""precio_compra_con_iva"":211,""iva_compra"":29.1,""porcentaje_a_ganar"":50,""utilidad"":105.5,""openpay_comision"":8.62,""openpay_iva"":1.38,""comision_tienda_nube"":9.13,""total_comisiones"":19.13,""descuento_pago_transferencia_pct"":2.85,""iva_venta_desglosar"":46.29,""precio_venta_sin_iva"":289,""ganancia_real"":107,""_nota"":""Congelado del control de Excel 2023. No se recalcula ni se sincroniza.""}}"
LGVTM56,MARCO ANGEL PUENTE PLATA VIEJA,318,172.41,ARTESANIAS,LGVTM56,JORVINA ARTICULOS RELEGIOSOS,YURECUARO,18.7,14.7,"{""medidas_original"":""18.7 X 14.7cms"",""proveedor_contacto"":""MARIA ESTHER NAVA"",""proveedor_telefono"":""33 2184 5609"",""financiero_2023"":{""numero_control"":""0563"",""precio_compra_con_iva"":200,""iva_compra"":27.59,""porcentaje_a_ganar"":50,""utilidad"":100,""openpay_comision"":8.3,""openpay_iva"":1.33,""comision_tienda_nube"":8.79,""total_comisiones"":18.42,""descuento_pago_transferencia_pct"":2.89,""iva_venta_desglosar"":43.92,""precio_venta_sin_iva"":275,""ganancia_real"":102,""_nota"":""Congelado del control de Excel 2023. No se recalcula ni se sincroniza.""}}"
LGVTM57,RETABLO ANGEL ORANDO DORADO C/PIEDRA SWAR,201,107.76,ARTESANIAS,LGVTM57,JORVINA ARTICULOS RELEGIOSOS,YURECUARO,12,9,"{""medidas_original"":""12 X 9 cms"",""proveedor_contacto"":""MARIA ESTHER NAVA"",""proveedor_telefono"":""33 2184 5609"",""financiero_2023"":{""numero_control"":""0564"",""precio_compra_con_iva"":125,""iva_compra"":17.24,""porcentaje_a_ganar"":50,""utilidad"":62.5,""openpay_comision"":6.13,""openpay_iva"":0.98,""comision_tienda_nube"":6.49,""total_comisiones"":13.6,""descuento_pago_transferencia_pct"":3.38,""iva_venta_desglosar"":27.74,""precio_venta_sin_iva"":173,""ganancia_real"":66,""_nota"":""Congelado del control de Excel 2023. No se recalcula ni se sincroniza.""}}"
LGVTM58,RETABLO ANGEL ORANDO PLATA C/PIEDRA SWARO,181,96.55,ARTESANIAS,LGVTM58,JORVINA ARTICULOS RELEGIOSOS,YURECUARO,12,9,"{""medidas_original"":""12 X 9 cms"",""proveedor_contacto"":""MARIA ESTHER NAVA"",""proveedor_telefono"":""33 2184 5609"",""financiero_2023"":{""numero_control"":""0565"",""precio_compra_con_iva"":112,""iva_compra"":15.45,""porcentaje_a_ganar"":50,""utilidad"":56,""openpay_comision"":5.75,""openpay_iva"":0.92,""comision_tienda_nube"":6.09,""total_comisiones"":12.76,""descuento_pago_transferencia_pct"":3.53,""iva_venta_desglosar"":24.93,""precio_venta_sin_iva"":156,""ganancia_real"":59,""_nota"":""Congelado del control de Excel 2023. No se recalcula ni se sincroniza.""}}"
LGVTM59,MADONA CON NIÑO EN ARAGON,124,65.52,ARTESANIAS,LGVTM59,JORVINA ARTICULOS RELEGIOSOS,YURECUARO,12,10,"{""medidas_original"":""12 X 10 cms"",""proveedor_contacto"":""MARIA ESTHER NAVA"",""proveedor_telefono"":""33 2184 5609"",""financiero_2023"":{""numero_control"":""0566"",""precio_compra_con_iva"":76,""iva_compra"":10.48,""porcentaje_a_ganar"":50,""utilidad"":38,""openpay_comision"":4.7,""openpay_iva"":0.75,""comision_tienda_nube"":4.99,""total_comisiones"":10.45,""descuento_pago_transferencia_pct"":4.2,""iva_venta_desglosar"":17.16,""precio_venta_sin_iva"":107,""ganancia_real"":42,""_nota"":""Congelado del control de Excel 2023. No se recalcula ni se sincroniza.""}}"
LGVTM60,RETABLO MADONA CON NIÑO,110,57.76,ARTESANIAS,LGVTM60,JORVINA ARTICULOS RELEGIOSOS,YURECUARO,11.5,8.5,"{""medidas_original"":""11.5 X 8.5cms"",""proveedor_contacto"":""MARIA ESTHER NAVA"",""proveedor_telefono"":""33 2184 5609"",""financiero_2023"":{""numero_control"":""0567"",""precio_compra_con_iva"":67,""iva_compra"":9.24,""porcentaje_a_ganar"":50,""utilidad"":33.5,""openpay_comision"":4.44,""openpay_iva"":0.71,""comision_tienda_nube"":4.71,""total_comisiones"":9.87,""descuento_pago_transferencia_pct"":4.47,""iva_venta_desglosar"":15.22,""precio_venta_sin_iva"":95,""ganancia_real"":37,""_nota"":""Congelado del control de Excel 2023. No se recalcula ni se sincroniza.""}}"
LGVTM61,RETABLO BAUTIZO NIÑA CON P/SWAROVSKY,106,55.17,ARTESANIAS,LGVTM61,JORVINA ARTICULOS RELEGIOSOS,YURECUARO,11.5,6.4,"{""medidas_original"":""11.5 X 6.4cms"",""proveedor_contacto"":""MARIA ESTHER NAVA"",""proveedor_telefono"":""33 2184 5609"",""financiero_2023"":{""numero_control"":""0568"",""precio_compra_con_iva"":64,""iva_compra"":8.83,""porcentaje_a_ganar"":50,""utilidad"":32,""openpay_comision"":4.36,""openpay_iva"":0.7,""comision_tienda_nube"":4.62,""total_comisiones"":9.67,""descuento_pago_transferencia_pct"":4.58,""iva_venta_desglosar"":14.58,""precio_venta_sin_iva"":91,""ganancia_real"":36,""_nota"":""Congelado del control de Excel 2023. No se recalcula ni se sincroniza.""}}"
LGVTM62,RETABLO BAUTIZO NIÑO CON P/SWAROVSKY,106,55.17,ARTESANIAS,LGVTM62,JORVINA ARTICULOS RELEGIOSOS,YURECUARO,11.5,6.4,"{""medidas_original"":""11.5 X 6.4cms"",""proveedor_contacto"":""MARIA ESTHER NAVA"",""proveedor_telefono"":""33 2184 5609"",""financiero_2023"":{""numero_control"":""0569"",""precio_compra_con_iva"":64,""iva_compra"":8.83,""porcentaje_a_ganar"":50,""utilidad"":32,""openpay_comision"":4.36,""openpay_iva"":0.7,""comision_tienda_nube"":4.62,""total_comisiones"":9.67,""descuento_pago_transferencia_pct"":4.58,""iva_venta_desglosar"":14.58,""precio_venta_sin_iva"":91,""ganancia_real"":36,""_nota"":""Congelado del control de Excel 2023. No se recalcula ni se sincroniza.""}}"
LGVTM63,1ra COMUNION,0,,,LGVTM63,,,,,"{""financiero_2023"":{""numero_control"":""0570"",""openpay_comision"":2.5,""iva_venta_desglosar"":0,""precio_venta_sin_iva"":0,""ganancia_real"":0,""_nota"":""Congelado del control de Excel 2023. No se recalcula ni se sincroniza.""}}"
LGVTM64,RETABLO DE LOS 10 MANDAMIENTOS,384,208.62,ARTESANIAS,LGVTM64,JORVINA ARTICULOS RELEGIOSOS,YURECUARO,23,12,"{""medidas_original"":""23 X 12cms"",""proveedor_contacto"":""MARIA ESTHER NAVA"",""proveedor_telefono"":""33 2184 5609"",""financiero_2023"":{""numero_control"":""0571"",""precio_compra_con_iva"":242,""iva_compra"":33.38,""porcentaje_a_ganar"":50,""utilidad"":121,""openpay_comision"":9.52,""openpay_iva"":1.52,""comision_tienda_nube"":10.08,""total_comisiones"":21.12,""descuento_pago_transferencia_pct"":2.75,""iva_venta_desglosar"":52.98,""precio_venta_sin_iva"":331,""ganancia_real"":276,""_nota"":""Congelado del control de Excel 2023. No se recalcula ni se sincroniza.""}}"
LGVTM65,CRISTO NUM. 15 CRUZ MAD. PRIMERA COMUNION,415,225.86,ARTESANIAS,LGVTM65,JORVINA ARTICULOS RELEGIOSOS,YURECUARO,25,13,"{""medidas_original"":""25 X 13"",""proveedor_contacto"":""MARIA ESTHER NAVA"",""proveedor_telefono"":""33 2184 5609"",""financiero_2023"":{""numero_control"":""0572"",""precio_compra_con_iva"":262,""iva_compra"":36.14,""porcentaje_a_ganar"":50,""utilidad"":131,""openpay_comision"":10.1,""openpay_iva"":1.62,""comision_tienda_nube"":10.69,""total_comisiones"":22.41,""descuento_pago_transferencia_pct"":2.7,""iva_venta_desglosar"":57.3,""precio_venta_sin_iva"":358,""ganancia_real"":303,""_nota"":""Congelado del control de Excel 2023. No se recalcula ni se sincroniza.""}}"
LGVTM66,CRUZ 1era.COMUNION C/MEDALLON Y CRISTAL DOR.,384,208.62,ARTESANIAS,LGVTM66,JORVINA ARTICULOS RELEGIOSOS,YURECUARO,25.5,13.5,"{""medidas_original"":""25.5 X 13.5cms"",""proveedor_contacto"":""MARIA ESTHER NAVA"",""proveedor_telefono"":""33 2184 5609"",""financiero_2023"":{""numero_control"":""0573"",""precio_compra_con_iva"":242,""iva_compra"":33.38,""porcentaje_a_ganar"":50,""utilidad"":121,""openpay_comision"":9.52,""openpay_iva"":1.52,""comision_tienda_nube"":10.08,""total_comisiones"":21.12,""descuento_pago_transferencia_pct"":2.75,""iva_venta_desglosar"":52.98,""precio_venta_sin_iva"":331,""ganancia_real"":276,""_nota"":""Congelado del control de Excel 2023. No se recalcula ni se sincroniza.""}}"
LGVTM67,CRUZ 1era.COMUNION C/MEDALLON Y CRISTAL PLA.,353,191.38,ARTESANIAS,LGVTM67,JORVINA ARTICULOS RELEGIOSOS,YURECUARO,25.5,13.5,"{""medidas_original"":""25.5 X 13.5cms"",""proveedor_contacto"":""MARIA ESTHER NAVA"",""proveedor_telefono"":""33 2184 5609"",""financiero_2023"":{""numero_control"":""0574"",""precio_compra_con_iva"":222,""iva_compra"":30.62,""porcentaje_a_ganar"":50,""utilidad"":111,""openpay_comision"":8.94,""openpay_iva"":1.43,""comision_tienda_nube"":9.47,""total_comisiones"":19.84,""descuento_pago_transferencia_pct"":2.81,""iva_venta_desglosar"":48.67,""precio_venta_sin_iva"":304,""ganancia_real"":249,""_nota"":""Congelado del control de Excel 2023. No se recalcula ni se sincroniza.""}}"
LGVTM68,CRUZ MADERA CON CALIZ DORADO,217,116.38,ARTESANIAS,LGVTM68,JORVINA ARTICULOS RELEGIOSOS,YURECUARO,24,15,"{""medidas_original"":""24 X 15cms"",""proveedor_contacto"":""MARIA ESTHER NAVA"",""proveedor_telefono"":""33 2184 5609"",""financiero_2023"":{""numero_control"":""0575"",""precio_compra_con_iva"":135,""iva_compra"":18.62,""porcentaje_a_ganar"":50,""utilidad"":67.5,""openpay_comision"":6.42,""openpay_iva"":1.03,""comision_tienda_nube"":6.8,""total_comisiones"":14.24,""descuento_pago_transferencia_pct"":3.29,""iva_venta_desglosar"":29.9,""precio_venta_sin_iva"":187,""ganancia_real"":132,""_nota"":""Congelado del control de Excel 2023. No se recalcula ni se sincroniza.""}}"
LGVTM69,CRUZ MADERA CON CALIZ PLATA,198,106.03,ARTESANIAS,LGVTM69,JORVINA ARTICULOS RELEGIOSOS,YURECUARO,24,15,"{""medidas_original"":""24 X 15cms"",""proveedor_contacto"":""MARIA ESTHER NAVA"",""proveedor_telefono"":""33 2184 5609"",""financiero_2023"":{""numero_control"":""0576"",""precio_compra_con_iva"":123,""iva_compra"":16.97,""porcentaje_a_ganar"":50,""utilidad"":61.5,""openpay_comision"":6.07,""openpay_iva"":0.97,""comision_tienda_nube"":6.43,""total_comisiones"":13.47,""descuento_pago_transferencia_pct"":3.4,""iva_venta_desglosar"":27.31,""precio_venta_sin_iva"":171,""ganancia_real"":115,""_nota"":""Congelado del control de Excel 2023. No se recalcula ni se sincroniza.""}}"
LGVTM70,CRUZ CALIZ IMPERIAL CON MADRA,162,86.21,ARTESANIAS,LGVTM70,JORVINA ARTICULOS RELEGIOSOS,YURECUARO,19.5,13,"{""medidas_original"":""19.5 X 13 cms"",""proveedor_contacto"":""MARIA ESTHER NAVA"",""proveedor_telefono"":""33 2184 5609"",""financiero_2023"":{""numero_control"":""0577"",""precio_compra_con_iva"":100,""iva_compra"":13.79,""porcentaje_a_ganar"":50,""utilidad"":50,""openpay_comision"":5.4,""openpay_iva"":0.86,""comision_tienda_nube"":5.73,""total_comisiones"":11.99,""descuento_pago_transferencia_pct"":3.7,""iva_venta_desglosar"":22.34,""precio_venta_sin_iva"":140,""ganancia_real"":84,""_nota"":""Congelado del control de Excel 2023. No se recalcula ni se sincroniza.""}}"
LGVTM71,CRUZ CALIZ RESACADA EN MADERA C/BASE,106,55.17,ARTESANIAS,LGVTM71,JORVINA ARTICULOS RELEGIOSOS,YURECUARO,12.5,7.5,"{""medidas_original"":""12.5 x 7.5 cms"",""proveedor_contacto"":""MARIA ESTHER NAVA"",""proveedor_telefono"":""33 2184 5609"",""financiero_2023"":{""numero_control"":""0578"",""precio_compra_con_iva"":64,""iva_compra"":8.83,""porcentaje_a_ganar"":50,""utilidad"":32,""openpay_comision"":4.36,""openpay_iva"":0.7,""comision_tienda_nube"":4.62,""total_comisiones"":9.67,""descuento_pago_transferencia_pct"":4.58,""iva_venta_desglosar"":14.58,""precio_venta_sin_iva"":91,""ganancia_real"":36,""_nota"":""Congelado del control de Excel 2023. No se recalcula ni se sincroniza.""}}"
LGVTM72,CRUZ CALIZ DORADO C/ BASE MADERA,90,46.55,ARTESANIAS,LGVTM72,JORVINA ARTICULOS RELEGIOSOS,YURECUARO,11,6.5,"{""medidas_original"":""11 X 6.5 cms"",""proveedor_contacto"":""MARIA ESTHER NAVA"",""proveedor_telefono"":""33 2184 5609"",""financiero_2023"":{""numero_control"":""0579"",""precio_compra_con_iva"":54,""iva_compra"":7.45,""porcentaje_a_ganar"":50,""utilidad"":27,""openpay_comision"":4.07,""openpay_iva"":0.65,""comision_tienda_nube"":4.31,""total_comisiones"":9.03,""descuento_pago_transferencia_pct"":5.02,""iva_venta_desglosar"":12.42,""precio_venta_sin_iva"":78,""ganancia_real"":22,""_nota"":""Congelado del control de Excel 2023. No se recalcula ni se sincroniza.""}}"
LGVTM73,CRUZ CALIZ PLATA C/BASE MADERA,85,43.97,ARTESANIAS,LGVTM73,JORVINA ARTICULOS RELEGIOSOS,YURECUARO,11,6.5,"{""medidas_original"":""11 X 6.5 cms"",""proveedor_contacto"":""MARIA ESTHER NAVA"",""proveedor_telefono"":""33 2184 5609"",""financiero_2023"":{""numero_control"":""0580"",""precio_compra_con_iva"":51,""iva_compra"":7.03,""porcentaje_a_ganar"":50,""utilidad"":25.5,""openpay_comision"":3.98,""openpay_iva"":0.64,""comision_tienda_nube"":4.22,""total_comisiones"":8.84,""descuento_pago_transferencia_pct"":5.18,""iva_venta_desglosar"":11.77,""precio_venta_sin_iva"":74,""ganancia_real"":18,""_nota"":""Congelado del control de Excel 2023. No se recalcula ni se sincroniza.""}}"
LGVTM74,RETABLO PALOMA DE NIÑA,95,49.14,ARTESANIAS,LGVTM74,JORVINA ARTICULOS RELEGIOSOS,YURECUARO,11,6,"{""medidas_original"":""11 X 6 cms"",""proveedor_contacto"":""MARIA ESTHER NAVA"",""proveedor_telefono"":""33 2184 5609"",""financiero_2023"":{""numero_control"":""0581"",""precio_compra_con_iva"":57,""iva_compra"":7.86,""porcentaje_a_ganar"":50,""utilidad"":28.5,""openpay_comision"":4.15,""openpay_iva"":0.66,""comision_tienda_nube"":4.41,""total_comisiones"":9.22,""descuento_pago_transferencia_pct"":4.87,""iva_venta_desglosar"":13.07,""precio_venta_sin_iva"":82,""ganancia_real"":26,""_nota"":""Congelado del control de Excel 2023. No se recalcula ni se sincroniza.""}}"
LGVTM75,RETABLO PALOMA DE NIÑO,95,49.14,ARTESANIAS,LGVTM75,JORVINA ARTICULOS RELEGIOSOS,YURECUARO,11,6,"{""medidas_original"":""11 X 6 cms"",""proveedor_contacto"":""MARIA ESTHER NAVA"",""proveedor_telefono"":""33 2184 5609"",""financiero_2023"":{""numero_control"":""0582"",""precio_compra_con_iva"":57,""iva_compra"":7.86,""porcentaje_a_ganar"":50,""utilidad"":28.5,""openpay_comision"":4.15,""openpay_iva"":0.66,""comision_tienda_nube"":4.41,""total_comisiones"":9.22,""descuento_pago_transferencia_pct"":4.87,""iva_venta_desglosar"":13.07,""precio_venta_sin_iva"":82,""ganancia_real"":26,""_nota"":""Congelado del control de Excel 2023. No se recalcula ni se sincroniza.""}}"
LGVTM76,CRUZ PALOMITAS NIÑA DORADA,76,38.79,ARTESANIAS,LGVTM76,JORVINA ARTICULOS RELEGIOSOS,YURECUARO,10.5,5.5,"{""medidas_original"":""10.5 X 5.5 cms"",""proveedor_contacto"":""MARIA ESTHER NAVA"",""proveedor_telefono"":""33 2184 5609"",""financiero_2023"":{""numero_control"":""0583"",""precio_compra_con_iva"":45,""iva_compra"":6.21,""porcentaje_a_ganar"":50,""utilidad"":22.5,""openpay_comision"":3.81,""openpay_iva"":0.61,""comision_tienda_nube"":4.04,""total_comisiones"":8.45,""descuento_pago_transferencia_pct"":5.56,""iva_venta_desglosar"":10.48,""precio_venta_sin_iva"":65,""ganancia_real"":10,""_nota"":""Congelado del control de Excel 2023. No se recalcula ni se sincroniza.""}}"
LGVTM77,CRUZ PALOMITAS NIÑO DORADO,76,38.79,ARTESANIAS,LGVTM77,JORVINA ARTICULOS RELEGIOSOS,YURECUARO,10.5,5.5,"{""medidas_original"":""10.5 X 5.5 cms"",""proveedor_contacto"":""MARIA ESTHER NAVA"",""proveedor_telefono"":""33 2184 5609"",""financiero_2023"":{""numero_control"":""0584"",""precio_compra_con_iva"":45,""iva_compra"":6.21,""porcentaje_a_ganar"":50,""utilidad"":22.5,""openpay_comision"":3.81,""openpay_iva"":0.61,""comision_tienda_nube"":4.04,""total_comisiones"":8.45,""descuento_pago_transferencia_pct"":5.56,""iva_venta_desglosar"":10.48,""precio_venta_sin_iva"":65,""ganancia_real"":10,""_nota"":""Congelado del control de Excel 2023. No se recalcula ni se sincroniza.""}}"
LGVTM78,CRUZ PRIMERA COMUNION NIÑA,67,31.03,ARTESANIAS,LGVTM78,JORVINA ARTICULOS RELEGIOSOS,YURECUARO,10.5,5.5,"{""medidas_original"":""10.5 X 5.5 cms"",""proveedor_contacto"":""MARIA ESTHER NAVA"",""proveedor_telefono"":""33 2184 5609"",""financiero_2023"":{""numero_control"":""0585"",""precio_compra_con_iva"":36,""iva_compra"":4.97,""porcentaje_a_ganar"":65,""utilidad"":23.4,""openpay_comision"":3.54,""openpay_iva"":0.57,""comision_tienda_nube"":3.87,""total_comisiones"":7.98,""descuento_pago_transferencia_pct"":5.92,""iva_venta_desglosar"":9.29,""precio_venta_sin_iva"":58,""ganancia_real"":3,""_nota"":""Congelado del control de Excel 2023. No se recalcula ni se sincroniza.""}}"
LGVTM79,CRUZ PRIMERA COMUNION NIÑO,67,31.03,ARTESANIAS,LGVTM79,JORVINA ARTICULOS RELEGIOSOS,YURECUARO,10.5,5.5,"{""medidas_original"":""10.5 X 5.5 cms"",""proveedor_contacto"":""MARIA ESTHER NAVA"",""proveedor_telefono"":""33 2184 5609"",""financiero_2023"":{""numero_control"":""0586"",""precio_compra_con_iva"":36,""iva_compra"":4.97,""porcentaje_a_ganar"":65,""utilidad"":23.4,""openpay_comision"":3.54,""openpay_iva"":0.57,""comision_tienda_nube"":3.87,""total_comisiones"":7.98,""descuento_pago_transferencia_pct"":5.92,""iva_venta_desglosar"":9.29,""precio_venta_sin_iva"":58,""ganancia_real"":3,""_nota"":""Congelado del control de Excel 2023. No se recalcula ni se sincroniza.""}}"
LGVTM80,CRUZ CALIZ DORADO,67,31.03,ARTESANIAS,LGVTM80,JORVINA ARTICULOS RELEGIOSOS,YURECUARO,10.5,5.5,"{""medidas_original"":""10.5 X 5.5 cms"",""proveedor_contacto"":""MARIA ESTHER NAVA"",""proveedor_telefono"":""33 2184 5609"",""financiero_2023"":{""numero_control"":""0587"",""precio_compra_con_iva"":36,""iva_compra"":4.97,""porcentaje_a_ganar"":65,""utilidad"":23.4,""openpay_comision"":3.54,""openpay_iva"":0.57,""comision_tienda_nube"":3.87,""total_comisiones"":7.98,""descuento_pago_transferencia_pct"":5.92,""iva_venta_desglosar"":9.29,""precio_venta_sin_iva"":58,""ganancia_real"":3,""_nota"":""Congelado del control de Excel 2023. No se recalcula ni se sincroniza.""}}"
LGVTM81,CRUZ PRIMERA COMUNION NIÑA ESPECIAL,68,34.48,ARTESANIAS,LGVTM81,JORVINA ARTICULOS RELEGIOSOS,YURECUARO,9.5,5.2,"{""medidas_original"":""9.5 X 5.2 cms"",""proveedor_contacto"":""MARIA ESTHER NAVA"",""proveedor_telefono"":""33 2184 5609"",""financiero_2023"":{""numero_control"":""0588"",""precio_compra_con_iva"":40,""iva_compra"":5.52,""porcentaje_a_ganar"":50,""utilidad"":20,""openpay_comision"":3.66,""openpay_iva"":0.59,""comision_tienda_nube"":3.88,""total_comisiones"":8.13,""descuento_pago_transferencia_pct"":5.97,""iva_venta_desglosar"":9.4,""precio_venta_sin_iva"":59,""ganancia_real"":4,""_nota"":""Congelado del control de Excel 2023. No se recalcula ni se sincroniza.""}}"
LGVTM82,CRUZ PRIMERA COMUNION NIÑO ESPECIAL,68,34.48,ARTESANIAS,LGVTM82,JORVINA ARTICULOS RELEGIOSOS,YURECUARO,9.5,5.2,"{""medidas_original"":""9.5 X 5.2 cms"",""proveedor_contacto"":""MARIA ESTHER NAVA"",""proveedor_telefono"":""33 2184 5609"",""financiero_2023"":{""numero_control"":""0589"",""precio_compra_con_iva"":40,""iva_compra"":5.52,""porcentaje_a_ganar"":50,""utilidad"":20,""openpay_comision"":3.66,""openpay_iva"":0.59,""comision_tienda_nube"":3.88,""total_comisiones"":8.13,""descuento_pago_transferencia_pct"":5.97,""iva_venta_desglosar"":9.4,""precio_venta_sin_iva"":59,""ganancia_real"":4,""_nota"":""Congelado del control de Excel 2023. No se recalcula ni se sincroniza.""}}"
LGVTM83,CRUZ MANOS ORANDO,67,33.62,ARTESANIAS,LGVTM83,JORVINA ARTICULOS RELEGIOSOS,YURECUARO,10.5,5.5,"{""medidas_original"":""10.5 X 5.5 cms"",""proveedor_contacto"":""MARIA ESTHER NAVA"",""proveedor_telefono"":""33 2184 5609"",""financiero_2023"":{""numero_control"":""0590"",""precio_compra_con_iva"":39,""iva_compra"":5.38,""porcentaje_a_ganar"":50,""utilidad"":19.5,""openpay_comision"":3.63,""openpay_iva"":0.58,""comision_tienda_nube"":3.85,""total_comisiones"":8.07,""descuento_pago_transferencia_pct"":6.06,""iva_venta_desglosar"":9.18,""precio_venta_sin_iva"":57,""ganancia_real"":2,""_nota"":""Congelado del control de Excel 2023. No se recalcula ni se sincroniza.""}}"
LGVTM84,CRUZ ROSTRO DE JESUS,67,33.62,ARTESANIAS,LGVTM84,JORVINA ARTICULOS RELEGIOSOS,YURECUARO,10.5,5.5,"{""medidas_original"":""10.5 X 5.5 cms"",""proveedor_contacto"":""MARIA ESTHER NAVA"",""proveedor_telefono"":""33 2184 5609"",""financiero_2023"":{""numero_control"":""0591"",""precio_compra_con_iva"":39,""iva_compra"":5.38,""porcentaje_a_ganar"":50,""utilidad"":19.5,""openpay_comision"":3.63,""openpay_iva"":0.58,""comision_tienda_nube"":3.85,""total_comisiones"":8.07,""descuento_pago_transferencia_pct"":6.06,""iva_venta_desglosar"":9.18,""precio_venta_sin_iva"":57,""ganancia_real"":2,""_nota"":""Congelado del control de Excel 2023. No se recalcula ni se sincroniza.""}}"
LGVTM85,MEDALLON CALIZ DORADO,76,38.79,ARTESANIAS,LGVTM85,JORVINA ARTICULOS RELEGIOSOS,YURECUARO,5.3,5.5,"{""medidas_original"":""5.3 X 5.5 cms"",""proveedor_contacto"":""MARIA ESTHER NAVA"",""proveedor_telefono"":""33 2184 5609"",""financiero_2023"":{""numero_control"":""0592"",""precio_compra_con_iva"":45,""iva_compra"":6.21,""porcentaje_a_ganar"":50,""utilidad"":22.5,""openpay_comision"":3.81,""openpay_iva"":0.61,""comision_tienda_nube"":4.04,""total_comisiones"":8.45,""descuento_pago_transferencia_pct"":5.56,""iva_venta_desglosar"":10.48,""precio_venta_sin_iva"":65,""ganancia_real"":10,""_nota"":""Congelado del control de Excel 2023. No se recalcula ni se sincroniza.""}}"
LGVTM86,MEDALLON CALIZ PLATA,70,35.34,ARTESANIAS,LGVTM86,JORVINA ARTICULOS RELEGIOSOS,YURECUARO,5.3,5.5,"{""medidas_original"":""5.3 X 5.5 cms"",""proveedor_contacto"":""MARIA ESTHER NAVA"",""proveedor_telefono"":""33 2184 5609"",""financiero_2023"":{""numero_control"":""0593"",""precio_compra_con_iva"":41,""iva_compra"":5.66,""porcentaje_a_ganar"":50,""utilidad"":20.5,""openpay_comision"":3.69,""openpay_iva"":0.59,""comision_tienda_nube"":3.92,""total_comisiones"":8.19,""descuento_pago_transferencia_pct"":5.88,""iva_venta_desglosar"":9.61,""precio_venta_sin_iva"":60,""ganancia_real"":5,""_nota"":""Congelado del control de Excel 2023. No se recalcula ni se sincroniza.""}}"
LGVTM87,MATRIMONIO,0,0,,LGVTM87,0,0,,,"{""proveedor_contacto"":""0"",""proveedor_telefono"":""0"",""financiero_2023"":{""numero_control"":""0594"",""precio_compra_con_iva"":0,""iva_compra"":0,""utilidad"":0,""es_compra_interna"":""$ -"",""openpay_comision"":2.5,""precio_venta_sin_iva"":0,""ganancia_real"":0,""_nota"":""Congelado del control de Excel 2023. No se recalcula ni se sincroniza.""}}"
LGVTM88,CRUZ SOLERA CORAZONES DORADO,789,431.9,ARTESANIAS,LGVTM88,JORVINA ARTICULOS RELEGIOSOS,YURECUARO,51,27.5,"{""medidas_original"":""51 X 27.5 cms"",""proveedor_contacto"":""MARIA ESTHER NAVA"",""proveedor_telefono"":""33 2184 5609"",""financiero_2023"":{""numero_control"":""0595"",""precio_compra_con_iva"":501,""iva_compra"":69.1,""porcentaje_a_ganar"":50,""utilidad"":250.5,""openpay_comision"":17.03,""openpay_iva"":2.72,""comision_tienda_nube"":18.03,""total_comisiones"":37.78,""descuento_pago_transferencia_pct"":2.39,""iva_venta_desglosar"":108.87,""precio_venta_sin_iva"":680,""ganancia_real"":625,""_nota"":""Congelado del control de Excel 2023. No se recalcula ni se sincroniza.""}}"
LGVTM89,CRUZ SOLERA CORAZONES PLATA,763,417.24,ARTESANIAS,LGVTM89,JORVINA ARTICULOS RELEGIOSOS,YURECUARO,51,27.5,"{""medidas_original"":""51 X 27.5 cms"",""proveedor_contacto"":""MARIA ESTHER NAVA"",""proveedor_telefono"":""33 2184 5609"",""financiero_2023"":{""numero_control"":""0596"",""precio_compra_con_iva"":484,""iva_compra"":66.76,""porcentaje_a_ganar"":50,""utilidad"":242,""openpay_comision"":16.54,""openpay_iva"":2.65,""comision_tienda_nube"":17.5,""total_comisiones"":36.69,""descuento_pago_transferencia_pct"":2.41,""iva_venta_desglosar"":105.2,""precio_venta_sin_iva"":657,""ganancia_real"":602,""_nota"":""Congelado del control de Excel 2023. No se recalcula ni se sincroniza.""}}"
LGVTM90,CRUZ MADERA CORAZON DORADO,789,431.9,ARTESANIAS,LGVTM90,JORVINA ARTICULOS RELEGIOSOS,YURECUARO,50.4,26.4,"{""medidas_original"":""50.4 X 26.4cms"",""proveedor_contacto"":""MARIA ESTHER NAVA"",""proveedor_telefono"":""33 2184 5609"",""financiero_2023"":{""numero_control"":""0597"",""precio_compra_con_iva"":501,""iva_compra"":69.1,""porcentaje_a_ganar"":50,""utilidad"":250.5,""openpay_comision"":17.03,""openpay_iva"":2.72,""comision_tienda_nube"":18.03,""total_comisiones"":37.78,""descuento_pago_transferencia_pct"":2.39,""iva_venta_desglosar"":108.87,""precio_venta_sin_iva"":680,""ganancia_real"":625,""_nota"":""Congelado del control de Excel 2023. No se recalcula ni se sincroniza.""}}"
LGVTM91,CRUZ MADERA CORAZON PLATA,750,410.34,ARTESANIAS,LGVTM91,JORVINA ARTICULOS RELEGIOSOS,YURECUARO,50.4,26.4,"{""medidas_original"":""50.4 X 26.4cms"",""proveedor_contacto"":""MARIA ESTHER NAVA"",""proveedor_telefono"":""33 2184 5609"",""financiero_2023"":{""numero_control"":""0598"",""precio_compra_con_iva"":476,""iva_compra"":65.66,""porcentaje_a_ganar"":50,""utilidad"":238,""openpay_comision"":16.3,""openpay_iva"":2.61,""comision_tienda_nube"":17.26,""total_comisiones"":36.17,""descuento_pago_transferencia_pct"":2.41,""iva_venta_desglosar"":103.47,""precio_venta_sin_iva"":647,""ganancia_real"":592,""_nota"":""Congelado del control de Excel 2023. No se recalcula ni se sincroniza.""}}"
LGVTM92,CRUZ SOLERA CORAZONES DORADA S/CUERPO,630,343.97,ARTESANIAS,LGVTM92,JORVINA ARTICULOS RELEGIOSOS,YURECUARO,40,27.5,"{""medidas_original"":""40 X 27.5 cms"",""proveedor_contacto"":""MARIA ESTHER NAVA"",""proveedor_telefono"":""33 2184 5609"",""financiero_2023"":{""numero_control"":""0599"",""precio_compra_con_iva"":399,""iva_compra"":55.03,""porcentaje_a_ganar"":50,""utilidad"":199.5,""openpay_comision"":14.07,""openpay_iva"":2.25,""comision_tienda_nube"":14.9,""total_comisiones"":31.22,""descuento_pago_transferencia_pct"":2.48,""iva_venta_desglosar"":86.86,""precio_venta_sin_iva"":543,""ganancia_real"":488,""_nota"":""Congelado del control de Excel 2023. No se recalcula ni se sincroniza.""}}"
LGVTM93,CRUZ SOLERA CORAZONES PLATA S/CUERPO,606,331.03,ARTESANIAS,LGVTM93,JORVINA ARTICULOS RELEGIOSOS,YURECUARO,40,27.5,"{""medidas_original"":""40 X 27.5 cms"",""proveedor_contacto"":""MARIA ESTHER NAVA"",""proveedor_telefono"":""33 2184 5609"",""financiero_2023"":{""numero_control"":""0600"",""precio_compra_con_iva"":384,""iva_compra"":52.97,""porcentaje_a_ganar"":50,""utilidad"":192,""openpay_comision"":13.64,""openpay_iva"":2.18,""comision_tienda_nube"":14.44,""total_comisiones"":30.25,""descuento_pago_transferencia_pct"":2.5,""iva_venta_desglosar"":83.62,""precio_venta_sin_iva"":523,""ganancia_real"":467,""_nota"":""Congelado del control de Excel 2023. No se recalcula ni se sincroniza.""}}"
LGVTM94,CRUZ MATRIMONIO MINI COMBINADA C/PIEDRA SW,110,57.76,ARTESANIAS,LGVTM94,JORVINA ARTICULOS RELEGIOSOS,YURECUARO,12.5,6,"{""medidas_original"":""12.5 X 6 cms"",""proveedor_contacto"":""MARIA ESTHER NAVA"",""proveedor_telefono"":""33 2184 5609"",""financiero_2023"":{""numero_control"":""0601"",""precio_compra_con_iva"":67,""iva_compra"":9.24,""porcentaje_a_ganar"":50,""utilidad"":33.5,""openpay_comision"":4.44,""openpay_iva"":0.71,""comision_tienda_nube"":4.71,""total_comisiones"":9.87,""descuento_pago_transferencia_pct"":4.47,""iva_venta_desglosar"":15.22,""precio_venta_sin_iva"":95,""ganancia_real"":40,""_nota"":""Congelado del control de Excel 2023. No se recalcula ni se sincroniza.""}}"
LGVTM95,CRUZ MATRIMONIO SOLERA GRABADA DORADA,700,382.76,ARTESANIAS,LGVTM95,JORVINA ARTICULOS RELEGIOSOS,YURECUARO,40,23,"{""medidas_original"":""40 X 23 cms"",""proveedor_contacto"":""MARIA ESTHER NAVA"",""proveedor_telefono"":""33 2184 5609"",""financiero_2023"":{""numero_control"":""0602"",""precio_compra_con_iva"":444,""iva_compra"":61.24,""porcentaje_a_ganar"":50,""utilidad"":222,""openpay_comision"":15.38,""openpay_iva"":2.46,""comision_tienda_nube"":16.28,""total_comisiones"":34.11,""descuento_pago_transferencia_pct"":2.44,""iva_venta_desglosar"":96.57,""precio_venta_sin_iva"":604,""ganancia_real"":548,""_nota"":""Congelado del control de Excel 2023. No se recalcula ni se sincroniza.""}}"
LGVTM96,CRUZ MATRIMONIO SOLERA GRABADA PLATA,700,382.76,ARTESANIAS,LGVTM96,JORVINA ARTICULOS RELEGIOSOS,YURECUARO,40,23,"{""medidas_original"":""40 X 23 cms"",""proveedor_contacto"":""MARIA ESTHER NAVA"",""proveedor_telefono"":""33 2184 5609"",""financiero_2023"":{""numero_control"":""0603"",""precio_compra_con_iva"":444,""iva_compra"":61.24,""porcentaje_a_ganar"":50,""utilidad"":222,""openpay_comision"":15.38,""openpay_iva"":2.46,""comision_tienda_nube"":16.28,""total_comisiones"":34.11,""descuento_pago_transferencia_pct"":2.44,""iva_venta_desglosar"":96.57,""precio_venta_sin_iva"":604,""ganancia_real"":548,""_nota"":""Congelado del control de Excel 2023. No se recalcula ni se sincroniza.""}}"
LGVTM97,CRUZ MATRIMONIO DORADA C/PIEDRA SWAROVSK,936,512.93,ARTESANIAS,LGVTM97,JORVINA ARTICULOS RELEGIOSOS,YURECUARO,40,22.5,"{""medidas_original"":""40 X 22.5cms"",""proveedor_contacto"":""MARIA ESTHER NAVA"",""proveedor_telefono"":""33 2184 5609"",""financiero_2023"":{""numero_control"":""0604"",""precio_compra_con_iva"":595,""iva_compra"":82.07,""porcentaje_a_ganar"":50,""utilidad"":297.5,""openpay_comision"":19.76,""openpay_iva"":3.16,""comision_tienda_nube"":20.91,""total_comisiones"":43.82,""descuento_pago_transferencia_pct"":2.34,""iva_venta_desglosar"":129.15,""precio_venta_sin_iva"":807,""ganancia_real"":752,""_nota"":""Congelado del control de Excel 2023. No se recalcula ni se sincroniza.""}}"
LGVTM98,CRUZ MATRIMONIO DORADA,883,483.62,ARTESANIAS,LGVTM98,JORVINA ARTICULOS RELEGIOSOS,YURECUARO,40,22.5,"{""medidas_original"":""40 X 22.5cms"",""proveedor_contacto"":""MARIA ESTHER NAVA"",""proveedor_telefono"":""33 2184 5609"",""financiero_2023"":{""numero_control"":""0605"",""precio_compra_con_iva"":561,""iva_compra"":77.38,""porcentaje_a_ganar"":50,""utilidad"":280.5,""openpay_comision"":18.77,""openpay_iva"":3,""comision_tienda_nube"":19.87,""total_comisiones"":41.64,""descuento_pago_transferencia_pct"":2.36,""iva_venta_desglosar"":121.81,""precio_venta_sin_iva"":761,""ganancia_real"":706,""_nota"":""Congelado del control de Excel 2023. No se recalcula ni se sincroniza.""}}"
LGVTM99,CRUZ MATRIMONIO PLATA C/PIEDRA SWAROVSKI,933,511.21,ARTESANIAS,LGVTM99,JORVINA ARTICULOS RELEGIOSOS,YURECUARO,40,22.5,"{""medidas_original"":""40 X 22.5cms"",""proveedor_contacto"":""MARIA ESTHER NAVA"",""proveedor_telefono"":""33 2184 5609"",""financiero_2023"":{""numero_control"":""0606"",""precio_compra_con_iva"":593,""iva_compra"":81.79,""porcentaje_a_ganar"":50,""utilidad"":296.5,""openpay_comision"":19.7,""openpay_iva"":3.15,""comision_tienda_nube"":20.85,""total_comisiones"":43.7,""descuento_pago_transferencia_pct"":2.34,""iva_venta_desglosar"":128.72,""precio_venta_sin_iva"":804,""ganancia_real"":749,""_nota"":""Congelado del control de Excel 2023. No se recalcula ni se sincroniza.""}}"
LGVTM100,CRUZ MATRIMONIO PLATA,883,483.62,ARTESANIAS,LGVTM100,JORVINA ARTICULOS RELEGIOSOS,YURECUARO,40,22.5,"{""medidas_original"":""40 X 22.5cms"",""proveedor_contacto"":""MARIA ESTHER NAVA"",""proveedor_telefono"":""33 2184 5609"",""financiero_2023"":{""numero_control"":""0607"",""precio_compra_con_iva"":561,""iva_compra"":77.38,""porcentaje_a_ganar"":50,""utilidad"":280.5,""openpay_comision"":18.77,""openpay_iva"":3,""comision_tienda_nube"":19.87,""total_comisiones"":41.64,""descuento_pago_transferencia_pct"":2.36,""iva_venta_desglosar"":121.81,""precio_venta_sin_iva"":761,""ganancia_real"":706,""_nota"":""Congelado del control de Excel 2023. No se recalcula ni se sincroniza.""}}"
LGVTM101,CRUZ MATRIMONIO DORADO C/PIED.SWAROSV CHO,936,512.93,ARTESANIAS,LGVTM101,JORVINA ARTICULOS RELEGIOSOS,YURECUARO,40,22.5,"{""medidas_original"":""40 X 22.5cms"",""proveedor_contacto"":""MARIA ESTHER NAVA"",""proveedor_telefono"":""33 2184 5609"",""financiero_2023"":{""numero_control"":""0608"",""precio_compra_con_iva"":595,""iva_compra"":82.07,""porcentaje_a_ganar"":50,""utilidad"":297.5,""openpay_comision"":19.76,""openpay_iva"":3.16,""comision_tienda_nube"":20.91,""total_comisiones"":43.82,""descuento_pago_transferencia_pct"":2.34,""iva_venta_desglosar"":129.15,""precio_venta_sin_iva"":807,""ganancia_real"":752,""_nota"":""Congelado del control de Excel 2023. No se recalcula ni se sincroniza.""}}"
LGVTM102,CRUZ MATRIMONIO DORADA EN CHOCOLATE,883,483.62,ARTESANIAS,LGVTM102,JORVINA ARTICULOS RELEGIOSOS,YURECUARO,40,22.5,"{""medidas_original"":""40 X 22.5cms"",""proveedor_contacto"":""MARIA ESTHER NAVA"",""proveedor_telefono"":""33 2184 5609"",""financiero_2023"":{""numero_control"":""0609"",""precio_compra_con_iva"":561,""iva_compra"":77.38,""porcentaje_a_ganar"":50,""utilidad"":280.5,""openpay_comision"":18.77,""openpay_iva"":3,""comision_tienda_nube"":19.87,""total_comisiones"":41.64,""descuento_pago_transferencia_pct"":2.36,""iva_venta_desglosar"":121.81,""precio_venta_sin_iva"":761,""ganancia_real"":706,""_nota"":""Congelado del control de Excel 2023. No se recalcula ni se sincroniza.""}}"
LGVTM103,CRUZ MATRIMONIO PLATA C/PIED. SWAROS.CHOCO,936,512.93,ARTESANIAS,LGVTM103,JORVINA ARTICULOS RELEGIOSOS,YURECUARO,40,22.5,"{""medidas_original"":""40 X 22.5cms"",""proveedor_contacto"":""MARIA ESTHER NAVA"",""proveedor_telefono"":""33 2184 5609"",""financiero_2023"":{""numero_control"":""0610"",""precio_compra_con_iva"":595,""iva_compra"":82.07,""porcentaje_a_ganar"":50,""utilidad"":297.5,""openpay_comision"":19.76,""openpay_iva"":3.16,""comision_tienda_nube"":20.91,""total_comisiones"":43.82,""descuento_pago_transferencia_pct"":2.34,""iva_venta_desglosar"":129.15,""precio_venta_sin_iva"":807,""ganancia_real"":752,""_nota"":""Congelado del control de Excel 2023. No se recalcula ni se sincroniza.""}}"
LGVTM104,CRUZ MATRIMONIO PLATA CHOCOLATE,883,483.62,ARTESANIAS,LGVTM104,JORVINA ARTICULOS RELEGIOSOS,YURECUARO,40,22.5,"{""medidas_original"":""40 X 22.5cms"",""proveedor_contacto"":""MARIA ESTHER NAVA"",""proveedor_telefono"":""33 2184 5609"",""financiero_2023"":{""numero_control"":""0611"",""precio_compra_con_iva"":561,""iva_compra"":77.38,""porcentaje_a_ganar"":50,""utilidad"":280.5,""openpay_comision"":18.77,""openpay_iva"":3,""comision_tienda_nube"":19.87,""total_comisiones"":41.64,""descuento_pago_transferencia_pct"":2.36,""iva_venta_desglosar"":121.81,""precio_venta_sin_iva"":761,""ganancia_real"":706,""_nota"":""Congelado del control de Excel 2023. No se recalcula ni se sincroniza.""}}"
LGVTM105,CRUZ TEXTO AMOR P/MATR. DORADA C/MADERA,638,348.28,ARTESANIAS,LGVTM105,JORVINA ARTICULOS RELEGIOSOS,YURECUARO,29.5,20.5,"{""medidas_original"":""29.5 X 20.5cms"",""proveedor_contacto"":""MARIA ESTHER NAVA"",""proveedor_telefono"":""33 2184 5609"",""financiero_2023"":{""numero_control"":""0612"",""precio_compra_con_iva"":404,""iva_compra"":55.72,""porcentaje_a_ganar"":50,""utilidad"":202,""openpay_comision"":14.22,""openpay_iva"":2.27,""comision_tienda_nube"":15.05,""total_comisiones"":31.54,""descuento_pago_transferencia_pct"":2.47,""iva_venta_desglosar"":87.94,""precio_venta_sin_iva"":550,""ganancia_real"":494,""_nota"":""Congelado del control de Excel 2023. No se recalcula ni se sincroniza.""}}"
LGVTM106,CRUZ TEXTO AMOR P/MATR. PLATA C/MADERA,606,331.03,ARTESANIAS,LGVTM106,JORVINA ARTICULOS RELEGIOSOS,YURECUARO,29.5,20.5,"{""medidas_original"":""29.5 X 20.5cms"",""proveedor_contacto"":""MARIA ESTHER NAVA"",""proveedor_telefono"":""33 2184 5609"",""financiero_2023"":{""numero_control"":""0613"",""precio_compra_con_iva"":384,""iva_compra"":52.97,""porcentaje_a_ganar"":50,""utilidad"":192,""openpay_comision"":13.64,""openpay_iva"":2.18,""comision_tienda_nube"":14.44,""total_comisiones"":30.25,""descuento_pago_transferencia_pct"":2.5,""iva_venta_desglosar"":83.62,""precio_venta_sin_iva"":523,""ganancia_real"":467,""_nota"":""Congelado del control de Excel 2023. No se recalcula ni se sincroniza.""}}"
LGVTM107,CRUZ MATRIMONIO CORAZON C/PIEDRA SWA B/M,301,162.93,ARTESANIAS,LGVTM107,JORVINA ARTICULOS RELEGIOSOS,YURECUARO,22.3,15,"{""medidas_original"":""22.3 X 15 cms"",""proveedor_contacto"":""MARIA ESTHER NAVA"",""proveedor_telefono"":""33 2184 5609"",""financiero_2023"":{""numero_control"":""0614"",""precio_compra_con_iva"":189,""iva_compra"":26.07,""porcentaje_a_ganar"":50,""utilidad"":94.5,""openpay_comision"":7.98,""openpay_iva"":1.28,""comision_tienda_nube"":8.46,""total_comisiones"":17.71,""descuento_pago_transferencia_pct"":2.94,""iva_venta_desglosar"":41.55,""precio_venta_sin_iva"":260,""ganancia_real"":204,""_nota"":""Congelado del control de Excel 2023. No se recalcula ni se sincroniza.""}}"
LGVTM108,CRUZ MATRIMONIO CORAZON C/PIEDRA SWAR MAD,217,116.38,ARTESANIAS,LGVTM108,JORVINA ARTICULOS RELEGIOSOS,YURECUARO,20.5,15,"{""medidas_original"":""20.5 X 15 cms"",""proveedor_contacto"":""MARIA ESTHER NAVA"",""proveedor_telefono"":""33 2184 5609"",""financiero_2023"":{""numero_control"":""0615"",""precio_compra_con_iva"":135,""iva_compra"":18.62,""porcentaje_a_ganar"":50,""utilidad"":67.5,""openpay_comision"":6.42,""openpay_iva"":1.03,""comision_tienda_nube"":6.8,""total_comisiones"":14.24,""descuento_pago_transferencia_pct"":3.29,""iva_venta_desglosar"":29.9,""precio_venta_sin_iva"":187,""ganancia_real"":132,""_nota"":""Congelado del control de Excel 2023. No se recalcula ni se sincroniza.""}}"
LGVTM109,CRUZ BODA DORADA C/BASE MADERA,190,101.72,ARTESANIAS,LGVTM109,JORVINA ARTICULOS RELEGIOSOS,YURECUARO,13.5,7.5,"{""medidas_original"":""13.5 X 7.5cms"",""proveedor_contacto"":""MARIA ESTHER NAVA"",""proveedor_telefono"":""33 2184 5609"",""financiero_2023"":{""numero_control"":""0616"",""precio_compra_con_iva"":118,""iva_compra"":16.28,""porcentaje_a_ganar"":50,""utilidad"":59,""openpay_comision"":5.92,""openpay_iva"":0.95,""comision_tienda_nube"":6.28,""total_comisiones"":13.15,""descuento_pago_transferencia_pct"":3.46,""iva_venta_desglosar"":26.23,""precio_venta_sin_iva"":164,""ganancia_real"":109,""_nota"":""Congelado del control de Excel 2023. No se recalcula ni se sincroniza.""}}"
LGVTM110,CRUZ BODA PLATA C/BASE MADERA,181,96.55,ARTESANIAS,LGVTM110,JORVINA ARTICULOS RELEGIOSOS,YURECUARO,13.5,7.5,"{""medidas_original"":""13.5 X 7.5cms"",""proveedor_contacto"":""MARIA ESTHER NAVA"",""proveedor_telefono"":""33 2184 5609"",""financiero_2023"":{""numero_control"":""0617"",""precio_compra_con_iva"":112,""iva_compra"":15.45,""porcentaje_a_ganar"":50,""utilidad"":56,""openpay_comision"":5.75,""openpay_iva"":0.92,""comision_tienda_nube"":6.09,""total_comisiones"":12.76,""descuento_pago_transferencia_pct"":3.53,""iva_venta_desglosar"":24.93,""precio_venta_sin_iva"":156,""ganancia_real"":101,""_nota"":""Congelado del control de Excel 2023. No se recalcula ni se sincroniza.""}}"
LGVTM111,CRUZ BODA DORADA C/BASE,164,87.07,ARTESANIAS,LGVTM111,JORVINA ARTICULOS RELEGIOSOS,YURECUARO,12,7.5,"{""medidas_original"":""12 X 7.5 cms"",""proveedor_contacto"":""MARIA ESTHER NAVA"",""proveedor_telefono"":""33 2184 5609"",""financiero_2023"":{""numero_control"":""0618"",""precio_compra_con_iva"":101,""iva_compra"":13.93,""porcentaje_a_ganar"":50,""utilidad"":50.5,""openpay_comision"":5.43,""openpay_iva"":0.87,""comision_tienda_nube"":5.76,""total_comisiones"":12.05,""descuento_pago_transferencia_pct"":3.68,""iva_venta_desglosar"":22.56,""precio_venta_sin_iva"":141,""ganancia_real"":86,""_nota"":""Congelado del control de Excel 2023. No se recalcula ni se sincroniza.""}}"
LGVTM112,CRUZ BODA PLATA C/BASE,157,83.62,ARTESANIAS,LGVTM112,JORVINA ARTICULOS RELEGIOSOS,YURECUARO,12,7.5,"{""medidas_original"":""12 X 7.5 cms"",""proveedor_contacto"":""MARIA ESTHER NAVA"",""proveedor_telefono"":""33 2184 5609"",""financiero_2023"":{""numero_control"":""0619"",""precio_compra_con_iva"":97,""iva_compra"":13.38,""porcentaje_a_ganar"":50,""utilidad"":48.5,""openpay_comision"":5.31,""openpay_iva"":0.85,""comision_tienda_nube"":5.63,""total_comisiones"":11.8,""descuento_pago_transferencia_pct"":3.75,""iva_venta_desglosar"":21.7,""precio_venta_sin_iva"":136,""ganancia_real"":80,""_nota"":""Congelado del control de Excel 2023. No se recalcula ni se sincroniza.""}}"
LGVTM113,CRUZ MATRI. CON AROS DORADA EN MADERA,667,364.66,ARTESANIAS,LGVTM113,JORVINA ARTICULOS RELEGIOSOS,YURECUARO,,,"{""proveedor_contacto"":""MARIA ESTHER NAVA"",""proveedor_telefono"":""33 2184 5609"",""financiero_2023"":{""numero_control"":""0620"",""precio_compra_con_iva"":423,""iva_compra"":58.34,""porcentaje_a_ganar"":50,""utilidad"":211.5,""openpay_comision"":14.77,""openpay_iva"":2.36,""comision_tienda_nube"":15.63,""total_comisiones"":32.76,""descuento_pago_transferencia_pct"":2.45,""iva_venta_desglosar"":92.04,""precio_venta_sin_iva"":575,""ganancia_real"":520,""_nota"":""Congelado del control de Excel 2023. No se recalcula ni se sincroniza.""}}"
LGVTM114,CRUZ MATRIMONIO ALUMINO CON BASE,501,273.28,ARTESANIAS,LGVTM114,JORVINA ARTICULOS RELEGIOSOS,YURECUARO,,,"{""proveedor_contacto"":""MARIA ESTHER NAVA"",""proveedor_telefono"":""33 2184 5609"",""financiero_2023"":{""numero_control"":""0621"",""precio_compra_con_iva"":317,""iva_compra"":43.72,""porcentaje_a_ganar"":50,""utilidad"":158.5,""openpay_comision"":11.69,""openpay_iva"":1.87,""comision_tienda_nube"":12.38,""total_comisiones"":25.95,""descuento_pago_transferencia_pct"":2.59,""iva_venta_desglosar"":69.16,""precio_venta_sin_iva"":432,""ganancia_real"":377,""_nota"":""Congelado del control de Excel 2023. No se recalcula ni se sincroniza.""}}"
LGVTM115,CRUZ MATRI. AROS DE ROSAS GRANDE DORADA,667,364.66,ARTESANIAS,LGVTM115,JORVINA ARTICULOS RELEGIOSOS,YURECUARO,,,"{""proveedor_contacto"":""MARIA ESTHER NAVA"",""proveedor_telefono"":""33 2184 5609"",""financiero_2023"":{""numero_control"":""0622"",""precio_compra_con_iva"":423,""iva_compra"":58.34,""porcentaje_a_ganar"":50,""utilidad"":211.5,""openpay_comision"":14.77,""openpay_iva"":2.36,""comision_tienda_nube"":15.63,""total_comisiones"":32.76,""descuento_pago_transferencia_pct"":2.45,""iva_venta_desglosar"":92.04,""precio_venta_sin_iva"":575,""ganancia_real"":520,""_nota"":""Congelado del control de Excel 2023. No se recalcula ni se sincroniza.""}}"
LGVTM116,CRUZ MATRI. ROSAS CHICAS DORADA,667,364.66,ARTESANIAS,LGVTM116,JORVINA ARTICULOS RELEGIOSOS,YURECUARO,,,"{""proveedor_contacto"":""MARIA ESTHER NAVA"",""proveedor_telefono"":""33 2184 5609"",""financiero_2023"":{""numero_control"":""0623"",""precio_compra_con_iva"":423,""iva_compra"":58.34,""porcentaje_a_ganar"":50,""utilidad"":211.5,""openpay_comision"":14.77,""openpay_iva"":2.36,""comision_tienda_nube"":15.63,""total_comisiones"":32.76,""descuento_pago_transferencia_pct"":2.45,""iva_venta_desglosar"":92.04,""precio_venta_sin_iva"":575,""ganancia_real"":520,""_nota"":""Congelado del control de Excel 2023. No se recalcula ni se sincroniza.""}}"
LGVTM117,CRUZ MATRI. CADENA DORADO,597,325.86,ARTESANIAS,LGVTM117,JORVINA ARTICULOS RELEGIOSOS,YURECUARO,,,"{""proveedor_contacto"":""MARIA ESTHER NAVA"",""proveedor_telefono"":""33 2184 5609"",""financiero_2023"":{""numero_control"":""0624"",""precio_compra_con_iva"":378,""iva_compra"":52.14,""porcentaje_a_ganar"":50,""utilidad"":189,""openpay_comision"":13.46,""openpay_iva"":2.15,""comision_tienda_nube"":14.25,""total_comisiones"":29.87,""descuento_pago_transferencia_pct"":2.5,""iva_venta_desglosar"":82.33,""precio_venta_sin_iva"":515,""ganancia_real"":459,""_nota"":""Congelado del control de Excel 2023. No se recalcula ni se sincroniza.""}}"
LGVTM118,CRUZ MATRIMONIO CADENA PLTARA,559,305.17,ARTESANIAS,LGVTM118,JORVINA ARTICULOS RELEGIOSOS,YURECUARO,,,"{""proveedor_contacto"":""MARIA ESTHER NAVA"",""proveedor_telefono"":""33 2184 5609"",""financiero_2023"":{""numero_control"":""0625"",""precio_compra_con_iva"":354,""iva_compra"":48.83,""porcentaje_a_ganar"":50,""utilidad"":177,""openpay_comision"":12.77,""openpay_iva"":2.04,""comision_tienda_nube"":13.52,""total_comisiones"":28.32,""descuento_pago_transferencia_pct"":2.53,""iva_venta_desglosar"":77.15,""precio_venta_sin_iva"":482,""ganancia_real"":427,""_nota"":""Congelado del control de Excel 2023. No se recalcula ni se sincroniza.""}}"
LGVTM119,CRUZ BODA TORTOLAS PLATA,666,363.79,ARTESANIAS,LGVTM119,JORVINA ARTICULOS RELEGIOSOS,YURECUARO,,,"{""proveedor_contacto"":""MARIA ESTHER NAVA"",""proveedor_telefono"":""33 2184 5609"",""financiero_2023"":{""numero_control"":""0626"",""precio_compra_con_iva"":422,""iva_compra"":58.21,""porcentaje_a_ganar"":50,""utilidad"":211,""openpay_comision"":14.74,""openpay_iva"":2.36,""comision_tienda_nube"":15.6,""total_comisiones"":32.7,""descuento_pago_transferencia_pct"":2.46,""iva_venta_desglosar"":91.82,""precio_venta_sin_iva"":574,""ganancia_real"":519,""_nota"":""Congelado del control de Excel 2023. No se recalcula ni se sincroniza.""}}"
LGVTM120,CRUZ BODA TORTOLAS DORADA,692,378.45,ARTESANIAS,LGVTM120,JORVINA ARTICULOS RELEGIOSOS,YURECUARO,,,"{""proveedor_contacto"":""MARIA ESTHER NAVA"",""proveedor_telefono"":""33 2184 5609"",""financiero_2023"":{""numero_control"":""0627"",""precio_compra_con_iva"":439,""iva_compra"":60.55,""porcentaje_a_ganar"":50,""utilidad"":219.5,""openpay_comision"":15.23,""openpay_iva"":2.44,""comision_tienda_nube"":16.12,""total_comisiones"":33.79,""descuento_pago_transferencia_pct"":2.44,""iva_venta_desglosar"":95.49,""precio_venta_sin_iva"":597,""ganancia_real"":542,""_nota"":""Congelado del control de Excel 2023. No se recalcula ni se sincroniza.""}}"
LGVTM121,ESTUCHES,0,0,0,LGVTM121,0,0,,,"{""proveedor_contacto"":""0"",""proveedor_telefono"":""0"",""financiero_2023"":{""numero_control"":""0628"",""iva_compra"":0,""porcentaje_a_ganar"":0,""openpay_comision"":2.5,""descuento_pago_transferencia_pct"":0,""iva_venta_desglosar"":0,""precio_venta_sin_iva"":0,""ganancia_real"":0,""_nota"":""Congelado del control de Excel 2023. No se recalcula ni se sincroniza.""}}"
LGVTM122,ESTUCHE CORAZON DORADO,195,104.31,ARTESANIAS,LGVTM122,JORVINA ARTICULOS RELEGIOSOS,YURECUARO,7.5,8,"{""medidas_original"":""7.5 X 8 cms"",""proveedor_contacto"":""MARIA ESTHER NAVA"",""proveedor_telefono"":""33 2184 5609"",""financiero_2023"":{""numero_control"":""0629"",""precio_compra_con_iva"":121,""iva_compra"":16.69,""porcentaje_a_ganar"":50,""utilidad"":60.5,""openpay_comision"":6.01,""openpay_iva"":0.96,""comision_tienda_nube"":6.37,""total_comisiones"":13.34,""descuento_pago_transferencia_pct"":3.42,""iva_venta_desglosar"":26.87,""precio_venta_sin_iva"":168,""ganancia_real"":113,""_nota"":""Congelado del control de Excel 2023. No se recalcula ni se sincroniza.""}}"
LGVTM123,ESTUCHE CORAZON PLATA,182,97.41,ARTESANIAS,LGVTM123,JORVINA ARTICULOS RELEGIOSOS,YURECUARO,7.5,8,"{""medidas_original"":""7.5 X 8 cms"",""proveedor_contacto"":""MARIA ESTHER NAVA"",""proveedor_telefono"":""33 2184 5609"",""financiero_2023"":{""numero_control"":""0630"",""precio_compra_con_iva"":113,""iva_compra"":15.59,""porcentaje_a_ganar"":50,""utilidad"":56.5,""openpay_comision"":5.78,""openpay_iva"":0.92,""comision_tienda_nube"":6.12,""total_comisiones"":12.83,""descuento_pago_transferencia_pct"":3.52,""iva_venta_desglosar"":25.15,""precio_venta_sin_iva"":157,""ganancia_real"":102,""_nota"":""Congelado del control de Excel 2023. No se recalcula ni se sincroniza.""}}"
LGVTM124,ESTUCHE CRUZ PARA BODA DORADA,195,104.31,ARTESANIAS,LGVTM124,JORVINA ARTICULOS RELEGIOSOS,YURECUARO,10,8,"{""medidas_original"":""10 X 8 cms"",""proveedor_contacto"":""MARIA ESTHER NAVA"",""proveedor_telefono"":""33 2184 5609"",""financiero_2023"":{""numero_control"":""0631"",""precio_compra_con_iva"":121,""iva_compra"":16.69,""porcentaje_a_ganar"":50,""utilidad"":60.5,""openpay_comision"":6.01,""openpay_iva"":0.96,""comision_tienda_nube"":6.37,""total_comisiones"":13.34,""descuento_pago_transferencia_pct"":3.42,""iva_venta_desglosar"":26.87,""precio_venta_sin_iva"":168,""ganancia_real"":113,""_nota"":""Congelado del control de Excel 2023. No se recalcula ni se sincroniza.""}}"
LGVTM125,ESTUCHE CRUZ PARA BODA PLATA,182,97.41,ARTESANIAS,LGVTM125,JORVINA ARTICULOS RELEGIOSOS,YURECUARO,10,8,"{""medidas_original"":""10 X 8 cms"",""proveedor_contacto"":""MARIA ESTHER NAVA"",""proveedor_telefono"":""33 2184 5609"",""financiero_2023"":{""numero_control"":""0632"",""precio_compra_con_iva"":113,""iva_compra"":15.59,""porcentaje_a_ganar"":50,""utilidad"":56.5,""openpay_comision"":5.78,""openpay_iva"":0.92,""comision_tienda_nube"":6.12,""total_comisiones"":12.83,""descuento_pago_transferencia_pct"":3.52,""iva_venta_desglosar"":25.15,""precio_venta_sin_iva"":157,""ganancia_real"":102,""_nota"":""Congelado del control de Excel 2023. No se recalcula ni se sincroniza.""}}"
LGVTM126,ESTUCHE FLOR DE LIZ DORADO,195,104.31,ARTESANIAS,LGVTM126,JORVINA ARTICULOS RELEGIOSOS,YURECUARO,9.5,8,"{""medidas_original"":""9.5 X 8 cms"",""proveedor_contacto"":""MARIA ESTHER NAVA"",""proveedor_telefono"":""33 2184 5609"",""financiero_2023"":{""numero_control"":""0633"",""precio_compra_con_iva"":121,""iva_compra"":16.69,""porcentaje_a_ganar"":50,""utilidad"":60.5,""openpay_comision"":6.01,""openpay_iva"":0.96,""comision_tienda_nube"":6.37,""total_comisiones"":13.34,""descuento_pago_transferencia_pct"":3.42,""iva_venta_desglosar"":26.87,""precio_venta_sin_iva"":168,""ganancia_real"":113,""_nota"":""Congelado del control de Excel 2023. No se recalcula ni se sincroniza.""}}"
LGVTM127,ESTUCHE FLOR DE LIZ PLATA,182,97.41,ARTESANIAS,LGVTM127,JORVINA ARTICULOS RELEGIOSOS,YURECUARO,9.5,8,"{""medidas_original"":""9.5 X 8 cms"",""proveedor_contacto"":""MARIA ESTHER NAVA"",""proveedor_telefono"":""33 2184 5609"",""financiero_2023"":{""numero_control"":""0634"",""precio_compra_con_iva"":113,""iva_compra"":15.59,""porcentaje_a_ganar"":50,""utilidad"":56.5,""openpay_comision"":5.78,""openpay_iva"":0.92,""comision_tienda_nube"":6.12,""total_comisiones"":12.83,""descuento_pago_transferencia_pct"":3.52,""iva_venta_desglosar"":25.15,""precio_venta_sin_iva"":157,""ganancia_real"":102,""_nota"":""Congelado del control de Excel 2023. No se recalcula ni se sincroniza.""}}"
LGVTM128,ESTUCHE ANGEL DORADO,148,78.45,ARTESANIAS,LGVTM128,JORVINA ARTICULOS RELEGIOSOS,YURECUARO,8,6,"{""medidas_original"":""8 X 6 cms"",""proveedor_contacto"":""MARIA ESTHER NAVA"",""proveedor_telefono"":""33 2184 5609"",""financiero_2023"":{""numero_control"":""0635"",""precio_compra_con_iva"":91,""iva_compra"":12.55,""porcentaje_a_ganar"":50,""utilidad"":45.5,""openpay_comision"":5.14,""openpay_iva"":0.82,""comision_tienda_nube"":5.45,""total_comisiones"":11.41,""descuento_pago_transferencia_pct"":3.86,""iva_venta_desglosar"":20.4,""precio_venta_sin_iva"":128,""ganancia_real"":72,""_nota"":""Congelado del control de Excel 2023. No se recalcula ni se sincroniza.""}}"
LGVTM129,ESTUCHE ANGEL PLATA,139,73.28,ARTESANIAS,LGVTM129,JORVINA ARTICULOS RELEGIOSOS,YURECUARO,8,6,"{""medidas_original"":""8 X 6 cms"",""proveedor_contacto"":""MARIA ESTHER NAVA"",""proveedor_telefono"":""33 2184 5609"",""financiero_2023"":{""numero_control"":""0636"",""precio_compra_con_iva"":85,""iva_compra"":11.72,""porcentaje_a_ganar"":50,""utilidad"":42.5,""openpay_comision"":4.97,""openpay_iva"":0.79,""comision_tienda_nube"":5.27,""total_comisiones"":11.02,""descuento_pago_transferencia_pct"":3.98,""iva_venta_desglosar"":19.11,""precio_venta_sin_iva"":119,""ganancia_real"":64,""_nota"":""Congelado del control de Excel 2023. No se recalcula ni se sincroniza.""}}"
LGVTM130,ESTUCHE CORAZONES DORADOS,148,78.45,ARTESANIAS,LGVTM130,JORVINA ARTICULOS RELEGIOSOS,YURECUARO,6,6,"{""medidas_original"":""6 X 6 cms"",""proveedor_contacto"":""MARIA ESTHER NAVA"",""proveedor_telefono"":""33 2184 5609"",""financiero_2023"":{""numero_control"":""0637"",""precio_compra_con_iva"":91,""iva_compra"":12.55,""porcentaje_a_ganar"":50,""utilidad"":45.5,""openpay_comision"":5.14,""openpay_iva"":0.82,""comision_tienda_nube"":5.45,""total_comisiones"":11.41,""descuento_pago_transferencia_pct"":3.86,""iva_venta_desglosar"":20.4,""precio_venta_sin_iva"":128,""ganancia_real"":72,""_nota"":""Congelado del control de Excel 2023. No se recalcula ni se sincroniza.""}}"
LGVTM131,ESTUCHE CORAZONES PLATA,139,73.28,ARTESANIAS,LGVTM131,JORVINA ARTICULOS RELEGIOSOS,YURECUARO,6,6,"{""medidas_original"":""6 X 6 cms"",""proveedor_contacto"":""MARIA ESTHER NAVA"",""proveedor_telefono"":""33 2184 5609"",""financiero_2023"":{""numero_control"":""0638"",""precio_compra_con_iva"":85,""iva_compra"":11.72,""porcentaje_a_ganar"":50,""utilidad"":42.5,""openpay_comision"":4.97,""openpay_iva"":0.79,""comision_tienda_nube"":5.27,""total_comisiones"":11.02,""descuento_pago_transferencia_pct"":3.98,""iva_venta_desglosar"":19.11,""precio_venta_sin_iva"":119,""ganancia_real"":64,""_nota"":""Congelado del control de Excel 2023. No se recalcula ni se sincroniza.""}}"
LGVTM132,ESTUCHE QUERUBIN PLATA,123,64.66,ARTESANIAS,LGVTM132,JORVINA ARTICULOS RELEGIOSOS,YURECUARO,,,"{""proveedor_contacto"":""MARIA ESTHER NAVA"",""proveedor_telefono"":""33 2184 5609"",""financiero_2023"":{""numero_control"":""0639"",""precio_compra_con_iva"":75,""iva_compra"":10.34,""porcentaje_a_ganar"":50,""utilidad"":37.5,""openpay_comision"":4.68,""openpay_iva"":0.75,""comision_tienda_nube"":4.96,""total_comisiones"":10.38,""descuento_pago_transferencia_pct"":4.22,""iva_venta_desglosar"":16.95,""precio_venta_sin_iva"":106,""ganancia_real"":51,""_nota"":""Congelado del control de Excel 2023. No se recalcula ni se sincroniza.""}}"
LGVTM133,ESTUCHE QUERUBIN DORADO,131,68.97,ARTESANIAS,LGVTM133,JORVINA ARTICULOS RELEGIOSOS,YURECUARO,,,"{""proveedor_contacto"":""MARIA ESTHER NAVA"",""proveedor_telefono"":""33 2184 5609"",""financiero_2023"":{""numero_control"":""0640"",""precio_compra_con_iva"":80,""iva_compra"":11.03,""porcentaje_a_ganar"":50,""utilidad"":40,""openpay_comision"":4.82,""openpay_iva"":0.77,""comision_tienda_nube"":5.11,""total_comisiones"":10.7,""descuento_pago_transferencia_pct"":4.09,""iva_venta_desglosar"":18.03,""precio_venta_sin_iva"":113,""ganancia_real"":58,""_nota"":""Congelado del control de Excel 2023. No se recalcula ni se sincroniza.""}}"
LGVTM134,ESTUCHE BEBE DURMIENDO PLATA,123,64.66,ARTESANIAS,LGVTM134,JORVINA ARTICULOS RELEGIOSOS,YURECUARO,,,"{""proveedor_contacto"":""MARIA ESTHER NAVA"",""proveedor_telefono"":""33 2184 5609"",""financiero_2023"":{""numero_control"":""0641"",""precio_compra_con_iva"":75,""iva_compra"":10.34,""porcentaje_a_ganar"":50,""utilidad"":37.5,""openpay_comision"":4.68,""openpay_iva"":0.75,""comision_tienda_nube"":4.96,""total_comisiones"":10.38,""descuento_pago_transferencia_pct"":4.22,""iva_venta_desglosar"":16.95,""precio_venta_sin_iva"":106,""ganancia_real"":51,""_nota"":""Congelado del control de Excel 2023. No se recalcula ni se sincroniza.""}}"
LGVTM135,ESTUCHE BEBE DURMIENDO DORADO,131,68.97,ARTESANIAS,LGVTM135,JORVINA ARTICULOS RELEGIOSOS,YURECUARO,,,"{""proveedor_contacto"":""MARIA ESTHER NAVA"",""proveedor_telefono"":""33 2184 5609"",""financiero_2023"":{""numero_control"":""0642"",""precio_compra_con_iva"":80,""iva_compra"":11.03,""porcentaje_a_ganar"":50,""utilidad"":40,""openpay_comision"":4.82,""openpay_iva"":0.77,""comision_tienda_nube"":5.11,""total_comisiones"":10.7,""descuento_pago_transferencia_pct"":4.09,""iva_venta_desglosar"":18.03,""precio_venta_sin_iva"":113,""ganancia_real"":58,""_nota"":""Congelado del control de Excel 2023. No se recalcula ni se sincroniza.""}}"
LGVTM136,ESTUCHE ANGEL GUARDA PLATA,123,64.66,ARTESANIAS,LGVTM136,JORVINA ARTICULOS RELEGIOSOS,YURECUARO,,,"{""proveedor_contacto"":""MARIA ESTHER NAVA"",""proveedor_telefono"":""33 2184 5609"",""financiero_2023"":{""numero_control"":""0643"",""precio_compra_con_iva"":75,""iva_compra"":10.34,""porcentaje_a_ganar"":50,""utilidad"":37.5,""openpay_comision"":4.68,""openpay_iva"":0.75,""comision_tienda_nube"":4.96,""total_comisiones"":10.38,""descuento_pago_transferencia_pct"":4.22,""iva_venta_desglosar"":16.95,""precio_venta_sin_iva"":106,""ganancia_real"":51,""_nota"":""Congelado del control de Excel 2023. No se recalcula ni se sincroniza.""}}"
LGVTM137,ESTUCHE ANGEL GUARDA DORADO,131,68.97,ARTESANIAS,LGVTM137,JORVINA ARTICULOS RELEGIOSOS,YURECUARO,,,"{""proveedor_contacto"":""MARIA ESTHER NAVA"",""proveedor_telefono"":""33 2184 5609"",""financiero_2023"":{""numero_control"":""0644"",""precio_compra_con_iva"":80,""iva_compra"":11.03,""porcentaje_a_ganar"":50,""utilidad"":40,""openpay_comision"":4.82,""openpay_iva"":0.77,""comision_tienda_nube"":5.11,""total_comisiones"":10.7,""descuento_pago_transferencia_pct"":4.09,""iva_venta_desglosar"":18.03,""precio_venta_sin_iva"":113,""ganancia_real"":58,""_nota"":""Congelado del control de Excel 2023. No se recalcula ni se sincroniza.""}}"
LGVTM138,ESTUCHE MARIPOSA PLATA,182,97.41,ARTESANIAS,LGVTM138,JORVINA ARTICULOS RELEGIOSOS,YURECUARO,,,"{""proveedor_contacto"":""MARIA ESTHER NAVA"",""proveedor_telefono"":""33 2184 5609"",""financiero_2023"":{""numero_control"":""0645"",""precio_compra_con_iva"":113,""iva_compra"":15.59,""porcentaje_a_ganar"":50,""utilidad"":56.5,""openpay_comision"":5.78,""openpay_iva"":0.92,""comision_tienda_nube"":6.12,""total_comisiones"":12.83,""descuento_pago_transferencia_pct"":3.52,""iva_venta_desglosar"":25.15,""precio_venta_sin_iva"":157,""ganancia_real"":102,""_nota"":""Congelado del control de Excel 2023. No se recalcula ni se sincroniza.""}}"
LGVTM139,ESTUCHE MARIPOSA DORADA,195,104.31,,LGVTM139,,,,,"{""financiero_2023"":{""numero_control"":""0646"",""precio_compra_con_iva"":121,""iva_compra"":16.69,""porcentaje_a_ganar"":50,""utilidad"":60.5,""openpay_comision"":6.01,""openpay_iva"":0.96,""comision_tienda_nube"":6.37,""total_comisiones"":13.34,""descuento_pago_transferencia_pct"":3.42,""iva_venta_desglosar"":26.87,""precio_venta_sin_iva"":168,""ganancia_real"":113,""_nota"":""Congelado del control de Excel 2023. No se recalcula ni se sincroniza.""}}"
LGVTM140,PORTA NOTAS,0,0,,LGVTM140,,,,,"{""financiero_2023"":{""numero_control"":""0647"",""iva_compra"":0,""openpay_comision"":2.5,""descuento_pago_transferencia_pct"":0,""iva_venta_desglosar"":0,""precio_venta_sin_iva"":0,""ganancia_real"":0,""_nota"":""Congelado del control de Excel 2023. No se recalcula ni se sincroniza.""}}"
LGVTM141,PORTANOTAS CORAZON 1 DORADO B/MADERA,156,82.76,ARTESANIAS,LGVTM141,JORVINA ARTICULOS RELEGIOSOS,YURECUARO,22,8,"{""medidas_original"":""22 X 8 cms"",""proveedor_contacto"":""MARIA ESTHER NAVA"",""proveedor_telefono"":""33 2184 5609"",""financiero_2023"":{""numero_control"":""0648"",""precio_compra_con_iva"":96,""iva_compra"":13.24,""porcentaje_a_ganar"":50,""utilidad"":48,""openpay_comision"":5.28,""openpay_iva"":0.85,""comision_tienda_nube"":5.6,""total_comisiones"":11.73,""descuento_pago_transferencia_pct"":3.77,""iva_venta_desglosar"":21.48,""precio_venta_sin_iva"":134,""ganancia_real"":79,""_nota"":""Congelado del control de Excel 2023. No se recalcula ni se sincroniza.""}}"
LGVTM142,PORTANOTAS CORAZON 1 PLATA  B/MADERA,142,75,ARTESANIAS,LGVTM142,JORVINA ARTICULOS RELEGIOSOS,YURECUARO,22,8,"{""medidas_original"":""22 X 8 cms"",""proveedor_contacto"":""MARIA ESTHER NAVA"",""proveedor_telefono"":""33 2184 5609"",""financiero_2023"":{""numero_control"":""0649"",""precio_compra_con_iva"":87,""iva_compra"":12,""porcentaje_a_ganar"":50,""utilidad"":43.5,""openpay_comision"":5.02,""openpay_iva"":0.8,""comision_tienda_nube"":5.33,""total_comisiones"":11.15,""descuento_pago_transferencia_pct"":3.94,""iva_venta_desglosar"":19.54,""precio_venta_sin_iva"":122,""ganancia_real"":67,""_nota"":""Congelado del control de Excel 2023. No se recalcula ni se sincroniza.""}}"
LGVTM143,PORTA NOTAS CORAZON 2 DORADO B/MADERA,156,82.76,ARTESANIAS,LGVTM143,JORVINA ARTICULOS RELEGIOSOS,YURECUARO,20,8,"{""medidas_original"":""20 X 8 cms"",""proveedor_contacto"":""MARIA ESTHER NAVA"",""proveedor_telefono"":""33 2184 5609"",""financiero_2023"":{""numero_control"":""0650"",""precio_compra_con_iva"":96,""iva_compra"":13.24,""porcentaje_a_ganar"":50,""utilidad"":48,""openpay_comision"":5.28,""openpay_iva"":0.85,""comision_tienda_nube"":5.6,""total_comisiones"":11.73,""descuento_pago_transferencia_pct"":3.77,""iva_venta_desglosar"":21.48,""precio_venta_sin_iva"":134,""ganancia_real"":79,""_nota"":""Congelado del control de Excel 2023. No se recalcula ni se sincroniza.""}}"
LGVTM144,PORTA NOTAS CORAZON 2 PLATA B/MADERA,142,75,ARTESANIAS,LGVTM144,JORVINA ARTICULOS RELEGIOSOS,YURECUARO,20,8,"{""medidas_original"":""20 X 8 cms"",""proveedor_contacto"":""MARIA ESTHER NAVA"",""proveedor_telefono"":""33 2184 5609"",""financiero_2023"":{""numero_control"":""0651"",""precio_compra_con_iva"":87,""iva_compra"":12,""porcentaje_a_ganar"":50,""utilidad"":43.5,""openpay_comision"":5.02,""openpay_iva"":0.8,""comision_tienda_nube"":5.33,""total_comisiones"":11.15,""descuento_pago_transferencia_pct"":3.94,""iva_venta_desglosar"":19.54,""precio_venta_sin_iva"":122,""ganancia_real"":67,""_nota"":""Congelado del control de Excel 2023. No se recalcula ni se sincroniza.""}}"
LGVTM145,PORTA NOTAS ADA DORADA B/MADERA,156,82.76,ARTESANIAS,LGVTM145,JORVINA ARTICULOS RELEGIOSOS,YURECUARO,17.5,8,"{""medidas_original"":""17.5 X 8 cms"",""proveedor_contacto"":""MARIA ESTHER NAVA"",""proveedor_telefono"":""33 2184 5609"",""financiero_2023"":{""numero_control"":""0652"",""precio_compra_con_iva"":96,""iva_compra"":13.24,""porcentaje_a_ganar"":50,""utilidad"":48,""openpay_comision"":5.28,""openpay_iva"":0.85,""comision_tienda_nube"":5.6,""total_comisiones"":11.73,""descuento_pago_transferencia_pct"":3.77,""iva_venta_desglosar"":21.48,""precio_venta_sin_iva"":134,""ganancia_real"":79,""_nota"":""Congelado del control de Excel 2023. No se recalcula ni se sincroniza.""}}"
LGVTM146,PORTA NOTAS ADA PLATA B/MADERA,142,75,ARTESANIAS,LGVTM146,JORVINA ARTICULOS RELEGIOSOS,YURECUARO,17.5,8,"{""medidas_original"":""17.5 X 8 cms"",""proveedor_contacto"":""MARIA ESTHER NAVA"",""proveedor_telefono"":""33 2184 5609"",""financiero_2023"":{""numero_control"":""0653"",""precio_compra_con_iva"":87,""iva_compra"":12,""porcentaje_a_ganar"":50,""utilidad"":43.5,""openpay_comision"":5.02,""openpay_iva"":0.8,""comision_tienda_nube"":5.33,""total_comisiones"":11.15,""descuento_pago_transferencia_pct"":3.94,""iva_venta_desglosar"":19.54,""precio_venta_sin_iva"":122,""ganancia_real"":67,""_nota"":""Congelado del control de Excel 2023. No se recalcula ni se sincroniza.""}}"
LGVTM147,PORTA NOTAS VIRGEN DE GPE. DORADA B/MADERA,142,75,ARTESANIAS,LGVTM147,JORVINA ARTICULOS RELEGIOSOS,YURECUARO,17.5,8,"{""medidas_original"":""17.5 X 8 cms"",""proveedor_contacto"":""MARIA ESTHER NAVA"",""proveedor_telefono"":""33 2184 5609"",""financiero_2023"":{""numero_control"":""0654"",""precio_compra_con_iva"":87,""iva_compra"":12,""porcentaje_a_ganar"":50,""utilidad"":43.5,""openpay_comision"":5.02,""openpay_iva"":0.8,""comision_tienda_nube"":5.33,""total_comisiones"":11.15,""descuento_pago_transferencia_pct"":3.94,""iva_venta_desglosar"":19.54,""precio_venta_sin_iva"":122,""ganancia_real"":67,""_nota"":""Congelado del control de Excel 2023. No se recalcula ni se sincroniza.""}}"
LGVTM148,PORTA NOTAS VIRGEN DE GPE. PLATA B/MADERA,128,67.24,ARTESANIAS,LGVTM148,JORVINA ARTICULOS RELEGIOSOS,YURECUARO,17.5,8,"{""medidas_original"":""17.5 X 8 cms"",""proveedor_contacto"":""MARIA ESTHER NAVA"",""proveedor_telefono"":""33 2184 5609"",""financiero_2023"":{""numero_control"":""0655"",""precio_compra_con_iva"":78,""iva_compra"":10.76,""porcentaje_a_ganar"":50,""utilidad"":39,""openpay_comision"":4.76,""openpay_iva"":0.76,""comision_tienda_nube"":5.05,""total_comisiones"":10.57,""descuento_pago_transferencia_pct"":4.14,""iva_venta_desglosar"":17.6,""precio_venta_sin_iva"":110,""ganancia_real"":55,""_nota"":""Congelado del control de Excel 2023. No se recalcula ni se sincroniza.""}}"
LGVTM149,PORTA NOTA MEDALLA S/BENITO DORADA B/MAD.,124,65.52,ARTESANIAS,LGVTM149,JORVINA ARTICULOS RELEGIOSOS,YURECUARO,17.5,8,"{""medidas_original"":""17.5 X 8 cms"",""proveedor_contacto"":""MARIA ESTHER NAVA"",""proveedor_telefono"":""33 2184 5609"",""financiero_2023"":{""numero_control"":""0656"",""precio_compra_con_iva"":76,""iva_compra"":10.48,""porcentaje_a_ganar"":50,""utilidad"":38,""openpay_comision"":4.7,""openpay_iva"":0.75,""comision_tienda_nube"":4.99,""total_comisiones"":10.45,""descuento_pago_transferencia_pct"":4.2,""iva_venta_desglosar"":17.16,""precio_venta_sin_iva"":107,""ganancia_real"":52,""_nota"":""Congelado del control de Excel 2023. No se recalcula ni se sincroniza.""}}"
LGVTM150,PORTA NOTA MEDALLA S/BENITO PLATA B/MADER,110,57.76,ARTESANIAS,LGVTM150,JORVINA ARTICULOS RELEGIOSOS,YURECUARO,17.5,8,"{""medidas_original"":""17.5 X 8 cms"",""proveedor_contacto"":""MARIA ESTHER NAVA"",""proveedor_telefono"":""33 2184 5609"",""financiero_2023"":{""numero_control"":""0657"",""precio_compra_con_iva"":67,""iva_compra"":9.24,""porcentaje_a_ganar"":50,""utilidad"":33.5,""openpay_comision"":4.44,""openpay_iva"":0.71,""comision_tienda_nube"":4.71,""total_comisiones"":9.87,""descuento_pago_transferencia_pct"":4.47,""iva_venta_desglosar"":15.22,""precio_venta_sin_iva"":95,""ganancia_real"":40,""_nota"":""Congelado del control de Excel 2023. No se recalcula ni se sincroniza.""}}"
LGVTM151,PORTA NOTA PIE BEBE DORADO C/BASE MADERA,113,59.48,ARTESANIAS,LGVTM151,JORVINA ARTICULOS RELEGIOSOS,YURECUARO,17.5,8,"{""medidas_original"":""17.5 X 8 cms"",""proveedor_contacto"":""MARIA ESTHER NAVA"",""proveedor_telefono"":""33 2184 5609"",""financiero_2023"":{""numero_control"":""0658"",""precio_compra_con_iva"":69,""iva_compra"":9.52,""porcentaje_a_ganar"":50,""utilidad"":34.5,""openpay_comision"":4.5,""openpay_iva"":0.72,""comision_tienda_nube"":4.77,""total_comisiones"":10,""descuento_pago_transferencia_pct"":4.4,""iva_venta_desglosar"":15.65,""precio_venta_sin_iva"":98,""ganancia_real"":43,""_nota"":""Congelado del control de Excel 2023. No se recalcula ni se sincroniza.""}}"
LGVTM152,PORTA NOTA PIE BEBE PLATA C/BASE MADERA,101,52.59,ARTESANIAS,LGVTM152,JORVINA ARTICULOS RELEGIOSOS,YURECUARO,17.5,8,"{""medidas_original"":""17.5 X 8 cms"",""proveedor_contacto"":""MARIA ESTHER NAVA"",""proveedor_telefono"":""33 2184 5609"",""financiero_2023"":{""numero_control"":""0659"",""precio_compra_con_iva"":61,""iva_compra"":8.41,""porcentaje_a_ganar"":50,""utilidad"":30.5,""openpay_comision"":4.27,""openpay_iva"":0.68,""comision_tienda_nube"":4.53,""total_comisiones"":9.48,""descuento_pago_transferencia_pct"":4.69,""iva_venta_desglosar"":13.93,""precio_venta_sin_iva"":87,""ganancia_real"":32,""_nota"":""Congelado del control de Excel 2023. No se recalcula ni se sincroniza.""}}"
LGVTM153,PORTA VELAS,0,0,0,LGVTM153,0,0,,,"{""proveedor_contacto"":""0"",""proveedor_telefono"":""0"",""financiero_2023"":{""numero_control"":""0660"",""iva_compra"":0,""porcentaje_a_ganar"":0,""openpay_comision"":2.5,""descuento_pago_transferencia_pct"":0,""iva_venta_desglosar"":0,""precio_venta_sin_iva"":0,""ganancia_real"":0,""_nota"":""Congelado del control de Excel 2023. No se recalcula ni se sincroniza.""}}"
LGVTM154,PORTA VELA ARCANGEL DORADO B/MADERA,236,126.72,ARTESANIAS,LGVTM154,JORVINA ARTICULOS RELEGIOSOS,YURECUARO,15,8.5,"{""medidas_original"":""15 X 8.5 cms"",""proveedor_contacto"":""MARIA ESTHER NAVA"",""proveedor_telefono"":""33 2184 5609"",""financiero_2023"":{""numero_control"":""0661"",""precio_compra_con_iva"":147,""iva_compra"":20.28,""porcentaje_a_ganar"":50,""utilidad"":73.5,""openpay_comision"":6.76,""openpay_iva"":1.08,""comision_tienda_nube"":7.17,""total_comisiones"":15.01,""descuento_pago_transferencia_pct"":3.19,""iva_venta_desglosar"":32.48,""precio_venta_sin_iva"":203,""ganancia_real"":148,""_nota"":""Congelado del control de Excel 2023. No se recalcula ni se sincroniza.""}}"
LGVTM155,PORTA VELA ARCANGEL PLATA B/MADER,221,118.97,ARTESANIAS,LGVTM155,JORVINA ARTICULOS RELEGIOSOS,YURECUARO,15,8.5,"{""medidas_original"":""15 X 8.5 cms"",""proveedor_contacto"":""MARIA ESTHER NAVA"",""proveedor_telefono"":""33 2184 5609"",""financiero_2023"":{""numero_control"":""0662"",""precio_compra_con_iva"":138,""iva_compra"":19.03,""porcentaje_a_ganar"":50,""utilidad"":69,""openpay_comision"":6.5,""openpay_iva"":1.04,""comision_tienda_nube"":6.89,""total_comisiones"":14.43,""descuento_pago_transferencia_pct"":3.26,""iva_venta_desglosar"":30.54,""precio_venta_sin_iva"":191,""ganancia_real"":136,""_nota"":""Congelado del control de Excel 2023. No se recalcula ni se sincroniza.""}}"
LGVTM156,PORTA VELA MADONA CON NIÑO DORADO B/MAD.,236,126.72,ARTESANIAS,LGVTM156,JORVINA ARTICULOS RELEGIOSOS,YURECUARO,14,8.5,"{""medidas_original"":""14 X 8.5 cms"",""proveedor_contacto"":""MARIA ESTHER NAVA"",""proveedor_telefono"":""33 2184 5609"",""financiero_2023"":{""numero_control"":""0663"",""precio_compra_con_iva"":147,""iva_compra"":20.28,""porcentaje_a_ganar"":50,""utilidad"":73.5,""openpay_comision"":6.76,""openpay_iva"":1.08,""comision_tienda_nube"":7.17,""total_comisiones"":15.01,""descuento_pago_transferencia_pct"":3.19,""iva_venta_desglosar"":32.48,""precio_venta_sin_iva"":203,""ganancia_real"":148,""_nota"":""Congelado del control de Excel 2023. No se recalcula ni se sincroniza.""}}"
LGVTM157,PORTA VELA MADONA CON NIÑO PLATA B/MADER,221,118.97,ARTESANIAS,LGVTM157,JORVINA ARTICULOS RELEGIOSOS,YURECUARO,14,8.5,"{""medidas_original"":""14 X 8.5 cms"",""proveedor_contacto"":""MARIA ESTHER NAVA"",""proveedor_telefono"":""33 2184 5609"",""financiero_2023"":{""numero_control"":""0664"",""precio_compra_con_iva"":138,""iva_compra"":19.03,""porcentaje_a_ganar"":50,""utilidad"":69,""openpay_comision"":6.5,""openpay_iva"":1.04,""comision_tienda_nube"":6.89,""total_comisiones"":14.43,""descuento_pago_transferencia_pct"":3.26,""iva_venta_desglosar"":30.54,""precio_venta_sin_iva"":191,""ganancia_real"":136,""_nota"":""Congelado del control de Excel 2023. No se recalcula ni se sincroniza.""}}"
LGVTM158,PORTA VELA ANGEL NIÑA DORADA B/MADERA,236,126.72,ARTESANIAS,LGVTM158,JORVINA ARTICULOS RELEGIOSOS,YURECUARO,13,8.5,"{""medidas_original"":""13 X 8.5 cms"",""proveedor_contacto"":""MARIA ESTHER NAVA"",""proveedor_telefono"":""33 2184 5609"",""financiero_2023"":{""numero_control"":""0665"",""precio_compra_con_iva"":147,""iva_compra"":20.28,""porcentaje_a_ganar"":50,""utilidad"":73.5,""openpay_comision"":6.76,""openpay_iva"":1.08,""comision_tienda_nube"":7.17,""total_comisiones"":15.01,""descuento_pago_transferencia_pct"":3.39,""iva_venta_desglosar"":32.48,""precio_venta_sin_iva"":203,""ganancia_real"":148,""_nota"":""Congelado del control de Excel 2023. No se recalcula ni se sincroniza.""}}"
LGVTM159,PORTA VELA ANGEL NIÑA PLATA B/MADERA,221,118.97,ARTESANIAS,LGVTM159,JORVINA ARTICULOS RELEGIOSOS,YURECUARO,13,8.5,"{""medidas_original"":""13 X 8.5 cms"",""proveedor_contacto"":""MARIA ESTHER NAVA"",""proveedor_telefono"":""33 2184 5609"",""financiero_2023"":{""numero_control"":""0666"",""precio_compra_con_iva"":138,""iva_compra"":19.03,""porcentaje_a_ganar"":50,""utilidad"":69,""openpay_comision"":6.5,""openpay_iva"":1.04,""comision_tienda_nube"":6.89,""total_comisiones"":14.43,""descuento_pago_transferencia_pct"":3.26,""iva_venta_desglosar"":30.54,""precio_venta_sin_iva"":191,""ganancia_real"":136,""_nota"":""Congelado del control de Excel 2023. No se recalcula ni se sincroniza.""}}"
LGVTM160,PORTA VELA VIRG. GUADALUPE DORADA B/MAD.,206,110.34,ARTESANIAS,LGVTM160,JORVINA ARTICULOS RELEGIOSOS,YURECUARO,9,8.5,"{""medidas_original"":""9 X 8.5 cms"",""proveedor_contacto"":""MARIA ESTHER NAVA"",""proveedor_telefono"":""33 2184 5609"",""financiero_2023"":{""numero_control"":""0667"",""precio_compra_con_iva"":128,""iva_compra"":17.66,""porcentaje_a_ganar"":50,""utilidad"":64,""openpay_comision"":6.21,""openpay_iva"":0.99,""comision_tienda_nube"":6.58,""total_comisiones"":13.79,""descuento_pago_transferencia_pct"":3.11,""iva_venta_desglosar"":28.38,""precio_venta_sin_iva"":177,""ganancia_real"":122,""_nota"":""Congelado del control de Excel 2023. No se recalcula ni se sincroniza.""}}"
LGVTM161,PORTA VELA VIRG. GUADALUPE PLATA B/MADERA,190,101.72,ARTESANIAS,LGVTM161,JORVINA ARTICULOS RELEGIOSOS,YURECUARO,9,8.5,"{""medidas_original"":""9 X 8.5 cms"",""proveedor_contacto"":""MARIA ESTHER NAVA"",""proveedor_telefono"":""33 2184 5609"",""financiero_2023"":{""numero_control"":""0668"",""precio_compra_con_iva"":118,""iva_compra"":16.28,""porcentaje_a_ganar"":50,""utilidad"":59,""openpay_comision"":5.92,""openpay_iva"":0.95,""comision_tienda_nube"":6.28,""total_comisiones"":13.15,""descuento_pago_transferencia_pct"":2.97,""iva_venta_desglosar"":26.23,""precio_venta_sin_iva"":164,""ganancia_real"":109,""_nota"":""Congelado del control de Excel 2023. No se recalcula ni se sincroniza.""}}"
LGVTM162,PORTA VELA VIRG. DE GPE. GDE.DORADA B/MAD.,175,93.1,ARTESANIAS,LGVTM162,JORVINA ARTICULOS RELEGIOSOS,YURECUARO,12,8.5,"{""medidas_original"":""12 X 8.5 cms"",""proveedor_contacto"":""MARIA ESTHER NAVA"",""proveedor_telefono"":""33 2184 5609"",""financiero_2023"":{""numero_control"":""0669"",""precio_compra_con_iva"":108,""iva_compra"":14.9,""porcentaje_a_ganar"":50,""utilidad"":54,""openpay_comision"":5.63,""openpay_iva"":0.9,""comision_tienda_nube"":5.97,""total_comisiones"":12.5,""descuento_pago_transferencia_pct"":2.82,""iva_venta_desglosar"":24.07,""precio_venta_sin_iva"":150,""ganancia_real"":95,""_nota"":""Congelado del control de Excel 2023. No se recalcula ni se sincroniza.""}}"
LGVTM163,PORTA VELA VIRG. DE GPE. GDE.PLATA B/MAD.,157,83.62,ARTESANIAS,LGVTM163,JORVINA ARTICULOS RELEGIOSOS,YURECUARO,12,8.5,"{""medidas_original"":""12 X 8.5 cms"",""proveedor_contacto"":""MARIA ESTHER NAVA"",""proveedor_telefono"":""33 2184 5609"",""financiero_2023"":{""numero_control"":""0670"",""precio_compra_con_iva"":97,""iva_compra"":13.38,""porcentaje_a_ganar"":50,""utilidad"":48.5,""openpay_comision"":5.31,""openpay_iva"":0.85,""comision_tienda_nube"":5.63,""total_comisiones"":11.8,""descuento_pago_transferencia_pct"":2.66,""iva_venta_desglosar"":21.7,""precio_venta_sin_iva"":136,""ganancia_real"":80,""_nota"":""Congelado del control de Excel 2023. No se recalcula ni se sincroniza.""}}"
LGVTM164,PORTA VELA SAGRADA FAMILIA DORADA,175,93.1,ARTESANIAS,LGVTM164,JORVINA ARTICULOS RELEGIOSOS,YURECUARO,12,8.5,"{""medidas_original"":""12 X 8.5 cms"",""proveedor_contacto"":""MARIA ESTHER NAVA"",""proveedor_telefono"":""33 2184 5609"",""financiero_2023"":{""numero_control"":""0671"",""precio_compra_con_iva"":108,""iva_compra"":14.9,""porcentaje_a_ganar"":50,""utilidad"":54,""openpay_comision"":5.63,""openpay_iva"":0.9,""comision_tienda_nube"":5.97,""total_comisiones"":12.5,""descuento_pago_transferencia_pct"":2.82,""iva_venta_desglosar"":24.07,""precio_venta_sin_iva"":150,""ganancia_real"":95,""_nota"":""Congelado del control de Excel 2023. No se recalcula ni se sincroniza.""}}"
LGVTM165,PORTA VELA SAGRADA FAMILIA PLATA,157,83.62,ARTESANIAS,LGVTM165,JORVINA ARTICULOS RELEGIOSOS,YURECUARO,12,8.5,"{""medidas_original"":""12 X 8.5 cms"",""proveedor_contacto"":""MARIA ESTHER NAVA"",""proveedor_telefono"":""33 2184 5609"",""financiero_2023"":{""numero_control"":""0672"",""precio_compra_con_iva"":97,""iva_compra"":13.38,""porcentaje_a_ganar"":50,""utilidad"":48.5,""openpay_comision"":5.31,""openpay_iva"":0.85,""comision_tienda_nube"":5.63,""total_comisiones"":11.8,""descuento_pago_transferencia_pct"":2.66,""iva_venta_desglosar"":21.7,""precio_venta_sin_iva"":136,""ganancia_real"":80,""_nota"":""Congelado del control de Excel 2023. No se recalcula ni se sincroniza.""}}"
LGVTM166,PORTA VELA SAGRADA FAMILIA MEDALLON DOR,142,75,ARTESANIAS,LGVTM166,JORVINA ARTICULOS RELEGIOSOS,YURECUARO,10,5.5,"{""medidas_original"":""10 X 5.5 cms"",""proveedor_contacto"":""MARIA ESTHER NAVA"",""proveedor_telefono"":""33 2184 5609"",""financiero_2023"":{""numero_control"":""0673"",""precio_compra_con_iva"":87,""iva_compra"":12,""porcentaje_a_ganar"":50,""utilidad"":43.5,""openpay_comision"":5.02,""openpay_iva"":0.8,""comision_tienda_nube"":5.33,""total_comisiones"":11.15,""descuento_pago_transferencia_pct"":2.52,""iva_venta_desglosar"":19.54,""precio_venta_sin_iva"":122,""ganancia_real"":67,""_nota"":""Congelado del control de Excel 2023. No se recalcula ni se sincroniza.""}}"
LGVTM167,PORTA VELA SAGRADA FAMILIA MEDALLON PLAT,128,67.24,ARTESANIAS,LGVTM167,JORVINA ARTICULOS RELEGIOSOS,YURECUARO,10,5.5,"{""medidas_original"":""10 X 5.5 cms"",""proveedor_contacto"":""MARIA ESTHER NAVA"",""proveedor_telefono"":""33 2184 5609"",""financiero_2023"":{""numero_control"":""0674"",""precio_compra_con_iva"":78,""iva_compra"":10.76,""porcentaje_a_ganar"":50,""utilidad"":39,""openpay_comision"":4.76,""openpay_iva"":0.76,""comision_tienda_nube"":5.05,""total_comisiones"":10.57,""descuento_pago_transferencia_pct"":2.39,""iva_venta_desglosar"":17.6,""precio_venta_sin_iva"":110,""ganancia_real"":55,""_nota"":""Congelado del control de Excel 2023. No se recalcula ni se sincroniza.""}}"
LGVTM168,PORTA VELA MEDALLON ANGEL GUARDA DOR.,142,75,ARTESANIAS,LGVTM168,JORVINA ARTICULOS RELEGIOSOS,YURECUARO,10,5.5,"{""medidas_original"":""10 X 5.5 cms"",""proveedor_contacto"":""MARIA ESTHER NAVA"",""proveedor_telefono"":""33 2184 5609"",""financiero_2023"":{""numero_control"":""0675"",""precio_compra_con_iva"":87,""iva_compra"":12,""porcentaje_a_ganar"":50,""utilidad"":43.5,""openpay_comision"":5.02,""openpay_iva"":0.8,""comision_tienda_nube"":5.33,""total_comisiones"":11.15,""descuento_pago_transferencia_pct"":2.52,""iva_venta_desglosar"":19.54,""precio_venta_sin_iva"":122,""ganancia_real"":67,""_nota"":""Congelado del control de Excel 2023. No se recalcula ni se sincroniza.""}}"
LGVTM169,PORTA VELA MEDALLON ANGEL GUARDA PLATA,128,67.24,ARTESANIAS,LGVTM169,JORVINA ARTICULOS RELEGIOSOS,YURECUARO,10,5.5,"{""medidas_original"":""10 X 5.5 cms"",""proveedor_contacto"":""MARIA ESTHER NAVA"",""proveedor_telefono"":""33 2184 5609"",""financiero_2023"":{""numero_control"":""0676"",""precio_compra_con_iva"":78,""iva_compra"":10.76,""porcentaje_a_ganar"":50,""utilidad"":39,""openpay_comision"":4.76,""openpay_iva"":0.76,""comision_tienda_nube"":5.05,""total_comisiones"":10.57,""descuento_pago_transferencia_pct"":2.39,""iva_venta_desglosar"":17.6,""precio_venta_sin_iva"":110,""ganancia_real"":55,""_nota"":""Congelado del control de Excel 2023. No se recalcula ni se sincroniza.""}}"
LGVTM170,PORTA VELA MADONA C/NIÑO CHICO DORADA,142,75,ARTESANIAS,LGVTM170,JORVINA ARTICULOS RELEGIOSOS,YURECUARO,10,6.5,"{""medidas_original"":""10 X 6.5 cms"",""proveedor_contacto"":""MARIA ESTHER NAVA"",""proveedor_telefono"":""33 2184 5609"",""financiero_2023"":{""numero_control"":""0677"",""precio_compra_con_iva"":87,""iva_compra"":12,""porcentaje_a_ganar"":50,""utilidad"":43.5,""openpay_comision"":5.02,""openpay_iva"":0.8,""comision_tienda_nube"":5.33,""total_comisiones"":11.15,""descuento_pago_transferencia_pct"":2.52,""iva_venta_desglosar"":19.54,""precio_venta_sin_iva"":122,""ganancia_real"":67,""_nota"":""Congelado del control de Excel 2023. No se recalcula ni se sincroniza.""}}"
LGVTM171,PORTA VELA MADONA C/NIÑO CHICO PLATA,128,67.24,ARTESANIAS,LGVTM171,JORVINA ARTICULOS RELEGIOSOS,YURECUARO,10,6.5,"{""medidas_original"":""10 X 6.5 cms"",""proveedor_contacto"":""MARIA ESTHER NAVA"",""proveedor_telefono"":""33 2184 5609"",""financiero_2023"":{""numero_control"":""0678"",""precio_compra_con_iva"":78,""iva_compra"":10.76,""porcentaje_a_ganar"":50,""utilidad"":39,""openpay_comision"":4.76,""openpay_iva"":0.76,""comision_tienda_nube"":5.05,""total_comisiones"":10.57,""descuento_pago_transferencia_pct"":2.39,""iva_venta_desglosar"":17.6,""precio_venta_sin_iva"":110,""ganancia_real"":55,""_nota"":""Congelado del control de Excel 2023. No se recalcula ni se sincroniza.""}}"
LGVTM172,PORTA VELA MEDALLA SAN BENITO EN DORADO,142,75,ARTESANIAS,LGVTM172,JORVINA ARTICULOS RELEGIOSOS,YURECUARO,11,8.5,"{""medidas_original"":""11 X 8.5 cms"",""proveedor_contacto"":""MARIA ESTHER NAVA"",""proveedor_telefono"":""33 2184 5609"",""financiero_2023"":{""numero_control"":""0679"",""precio_compra_con_iva"":87,""iva_compra"":12,""porcentaje_a_ganar"":50,""utilidad"":43.5,""openpay_comision"":5.02,""openpay_iva"":0.8,""comision_tienda_nube"":5.33,""total_comisiones"":11.15,""descuento_pago_transferencia_pct"":2.52,""iva_venta_desglosar"":19.54,""precio_venta_sin_iva"":122,""ganancia_real"":67,""_nota"":""Congelado del control de Excel 2023. No se recalcula ni se sincroniza.""}}"
LGVTM173,PORTA VELA MEDALLA SAN BENITO EN PLATA,128,67.24,ARTESANIAS,LGVTM173,JORVINA ARTICULOS RELEGIOSOS,YURECUARO,11,8.5,"{""medidas_original"":""11 X 8.5 cms"",""proveedor_contacto"":""MARIA ESTHER NAVA"",""proveedor_telefono"":""33 2184 5609"",""financiero_2023"":{""numero_control"":""0680"",""precio_compra_con_iva"":78,""iva_compra"":10.76,""porcentaje_a_ganar"":50,""utilidad"":39,""openpay_comision"":4.76,""openpay_iva"":0.76,""comision_tienda_nube"":5.05,""total_comisiones"":10.57,""descuento_pago_transferencia_pct"":2.39,""iva_venta_desglosar"":17.6,""precio_venta_sin_iva"":110,""ganancia_real"":55,""_nota"":""Congelado del control de Excel 2023. No se recalcula ni se sincroniza.""}}"
LGVTM174,PORTA VELA NOVIOS DORADO,142,75,ARTESANIAS,LGVTM174,JORVINA ARTICULOS RELEGIOSOS,YURECUARO,10.5,6.5,"{""medidas_original"":""10.5 X 6.5cm"",""proveedor_contacto"":""MARIA ESTHER NAVA"",""proveedor_telefono"":""33 2184 5609"",""financiero_2023"":{""numero_control"":""0681"",""precio_compra_con_iva"":87,""iva_compra"":12,""porcentaje_a_ganar"":50,""utilidad"":43.5,""openpay_comision"":5.02,""openpay_iva"":0.8,""comision_tienda_nube"":5.33,""total_comisiones"":11.15,""descuento_pago_transferencia_pct"":2.52,""iva_venta_desglosar"":19.54,""precio_venta_sin_iva"":122,""ganancia_real"":67,""_nota"":""Congelado del control de Excel 2023. No se recalcula ni se sincroniza.""}}"
LGVTM175,PORTA VELA NOVIOS PLATA,128,67.24,ARTESANIAS,LGVTM175,JORVINA ARTICULOS RELEGIOSOS,YURECUARO,10.5,6.5,"{""medidas_original"":""10.5 X 6.5cm"",""proveedor_contacto"":""MARIA ESTHER NAVA"",""proveedor_telefono"":""33 2184 5609"",""financiero_2023"":{""numero_control"":""0682"",""precio_compra_con_iva"":78,""iva_compra"":10.76,""porcentaje_a_ganar"":50,""utilidad"":39,""openpay_comision"":4.76,""openpay_iva"":0.76,""comision_tienda_nube"":5.05,""total_comisiones"":10.57,""descuento_pago_transferencia_pct"":2.39,""iva_venta_desglosar"":17.6,""precio_venta_sin_iva"":110,""ganancia_real"":55,""_nota"":""Congelado del control de Excel 2023. No se recalcula ni se sincroniza.""}}"
LGVTM176,PORTA VELA BAUTIZO NIÑO DORADO,142,75,ARTESANIAS,LGVTM176,JORVINA ARTICULOS RELEGIOSOS,YURECUARO,12,6.5,"{""medidas_original"":""12 X 6.5 cms"",""proveedor_contacto"":""MARIA ESTHER NAVA"",""proveedor_telefono"":""33 2184 5609"",""financiero_2023"":{""numero_control"":""0683"",""precio_compra_con_iva"":87,""iva_compra"":12,""porcentaje_a_ganar"":50,""utilidad"":43.5,""openpay_comision"":5.02,""openpay_iva"":0.8,""comision_tienda_nube"":5.33,""total_comisiones"":11.15,""descuento_pago_transferencia_pct"":2.52,""iva_venta_desglosar"":19.54,""precio_venta_sin_iva"":122,""ganancia_real"":67,""_nota"":""Congelado del control de Excel 2023. No se recalcula ni se sincroniza.""}}"
LGVTM177,PORTA VELA BAUTIZO NIÑO PLATA,128,67.24,ARTESANIAS,LGVTM177,JORVINA ARTICULOS RELEGIOSOS,YURECUARO,12,6.5,"{""medidas_original"":""12 X 6.5 cms"",""proveedor_contacto"":""MARIA ESTHER NAVA"",""proveedor_telefono"":""33 2184 5609"",""financiero_2023"":{""numero_control"":""0684"",""precio_compra_con_iva"":78,""iva_compra"":10.76,""porcentaje_a_ganar"":50,""utilidad"":39,""openpay_comision"":4.76,""openpay_iva"":0.76,""comision_tienda_nube"":5.05,""total_comisiones"":10.57,""descuento_pago_transferencia_pct"":2.39,""iva_venta_desglosar"":17.6,""precio_venta_sin_iva"":110,""ganancia_real"":55,""_nota"":""Congelado del control de Excel 2023. No se recalcula ni se sincroniza.""}}"
LGVTM178,PORTA VELA BAUTIZO NIÑA DORADA,142,75,ARTESANIAS,LGVTM178,JORVINA ARTICULOS RELEGIOSOS,YURECUARO,12,6.5,"{""medidas_original"":""12 X 6.5 cms"",""proveedor_contacto"":""MARIA ESTHER NAVA"",""proveedor_telefono"":""33 2184 5609"",""financiero_2023"":{""numero_control"":""0685"",""precio_compra_con_iva"":87,""iva_compra"":12,""porcentaje_a_ganar"":50,""utilidad"":43.5,""openpay_comision"":5.02,""openpay_iva"":0.8,""comision_tienda_nube"":5.33,""total_comisiones"":11.15,""descuento_pago_transferencia_pct"":2.52,""iva_venta_desglosar"":19.54,""precio_venta_sin_iva"":122,""ganancia_real"":67,""_nota"":""Congelado del control de Excel 2023. No se recalcula ni se sincroniza.""}}"
LGVTM179,PORTA VELA BAUTIZO NIÑA PLATA,128,67.24,ARTESANIAS,LGVTM179,JORVINA ARTICULOS RELEGIOSOS,YURECUARO,12,6.5,"{""medidas_original"":""12 X 6.5 cms"",""proveedor_contacto"":""MARIA ESTHER NAVA"",""proveedor_telefono"":""33 2184 5609"",""financiero_2023"":{""numero_control"":""0686"",""precio_compra_con_iva"":78,""iva_compra"":10.76,""porcentaje_a_ganar"":50,""utilidad"":39,""openpay_comision"":4.76,""openpay_iva"":0.76,""comision_tienda_nube"":5.05,""total_comisiones"":10.57,""descuento_pago_transferencia_pct"":2.39,""iva_venta_desglosar"":17.6,""precio_venta_sin_iva"":110,""ganancia_real"":55,""_nota"":""Congelado del control de Excel 2023. No se recalcula ni se sincroniza.""}}"
LGVTM180,PORTA VELA PALOMITAS NIÑO DORADO B/MADE.,110,57.76,ARTESANIAS,LGVTM180,JORVINA ARTICULOS RELEGIOSOS,YURECUARO,10.5,5.5,"{""medidas_original"":""10.5 X 5.5cm"",""proveedor_contacto"":""MARIA ESTHER NAVA"",""proveedor_telefono"":""33 2184 5609"",""financiero_2023"":{""numero_control"":""0687"",""precio_compra_con_iva"":67,""iva_compra"":9.24,""porcentaje_a_ganar"":50,""utilidad"":33.5,""openpay_comision"":4.44,""openpay_iva"":0.71,""comision_tienda_nube"":4.71,""total_comisiones"":9.87,""descuento_pago_transferencia_pct"":2.23,""iva_venta_desglosar"":15.22,""precio_venta_sin_iva"":95,""ganancia_real"":40,""_nota"":""Congelado del control de Excel 2023. No se recalcula ni se sincroniza.""}}"
LGVTM181,PORTA VELA PALOMITAS NIÑO PLATA B/MADERA,101,52.59,ARTESANIAS,LGVTM181,JORVINA ARTICULOS RELEGIOSOS,YURECUARO,10.5,5.5,"{""medidas_original"":""10.5 X 5.5cm"",""proveedor_contacto"":""MARIA ESTHER NAVA"",""proveedor_telefono"":""33 2184 5609"",""financiero_2023"":{""numero_control"":""0688"",""precio_compra_con_iva"":61,""iva_compra"":8.41,""porcentaje_a_ganar"":50,""utilidad"":30.5,""openpay_comision"":4.27,""openpay_iva"":0.68,""comision_tienda_nube"":4.53,""total_comisiones"":9.48,""descuento_pago_transferencia_pct"":2.14,""iva_venta_desglosar"":13.93,""precio_venta_sin_iva"":87,""ganancia_real"":32,""_nota"":""Congelado del control de Excel 2023. No se recalcula ni se sincroniza.""}}"
LGVTM182,PORTA VELA PALOMITAS NIÑA DORADA B/MADER,110,57.76,ARTESANIAS,LGVTM182,JORVINA ARTICULOS RELEGIOSOS,YURECUARO,10.5,5.5,"{""medidas_original"":""10.5 X 5.5cm"",""proveedor_contacto"":""MARIA ESTHER NAVA"",""proveedor_telefono"":""33 2184 5609"",""financiero_2023"":{""numero_control"":""0689"",""precio_compra_con_iva"":67,""iva_compra"":9.24,""porcentaje_a_ganar"":50,""utilidad"":33.5,""openpay_comision"":4.44,""openpay_iva"":0.71,""comision_tienda_nube"":4.71,""total_comisiones"":9.87,""descuento_pago_transferencia_pct"":2.23,""iva_venta_desglosar"":15.22,""precio_venta_sin_iva"":95,""ganancia_real"":40,""_nota"":""Congelado del control de Excel 2023. No se recalcula ni se sincroniza.""}}"
LGVTM183,PORTA VELA PALOMITAS NIÑA PLATA B/MADERA,101,52.59,ARTESANIAS,LGVTM183,JORVINA ARTICULOS RELEGIOSOS,YURECUARO,10.5,5.5,"{""medidas_original"":""10.5 X 5.5cm"",""proveedor_contacto"":""MARIA ESTHER NAVA"",""proveedor_telefono"":""33 2184 5609"",""financiero_2023"":{""numero_control"":""0690"",""precio_compra_con_iva"":61,""iva_compra"":8.41,""porcentaje_a_ganar"":50,""utilidad"":30.5,""openpay_comision"":4.27,""openpay_iva"":0.68,""comision_tienda_nube"":4.53,""total_comisiones"":9.48,""descuento_pago_transferencia_pct"":2.14,""iva_venta_desglosar"":13.93,""precio_venta_sin_iva"":87,""ganancia_real"":32,""_nota"":""Congelado del control de Excel 2023. No se recalcula ni se sincroniza.""}}"
LGVTM184,PORTA VELA ANGEL ORANDO DORADO,142,75,ARTESANIAS,LGVTM184,JORVINA ARTICULOS RELEGIOSOS,YURECUARO,12,6.5,"{""medidas_original"":""12 X 6.5 cms"",""proveedor_contacto"":""MARIA ESTHER NAVA"",""proveedor_telefono"":""33 2184 5609"",""financiero_2023"":{""numero_control"":""0691"",""precio_compra_con_iva"":87,""iva_compra"":12,""porcentaje_a_ganar"":50,""utilidad"":43.5,""openpay_comision"":5.02,""openpay_iva"":0.8,""comision_tienda_nube"":5.33,""total_comisiones"":11.15,""descuento_pago_transferencia_pct"":2.52,""iva_venta_desglosar"":19.54,""precio_venta_sin_iva"":122,""ganancia_real"":67,""_nota"":""Congelado del control de Excel 2023. No se recalcula ni se sincroniza.""}}"
LGVTM185,PORTA VELA ANGEL ORANDO PLATA,128,67.24,ARTESANIAS,LGVTM185,JORVINA ARTICULOS RELEGIOSOS,YURECUARO,12,6.5,"{""medidas_original"":""12 X 6.5 cms"",""proveedor_contacto"":""MARIA ESTHER NAVA"",""proveedor_telefono"":""33 2184 5609"",""financiero_2023"":{""numero_control"":""0692"",""precio_compra_con_iva"":78,""iva_compra"":10.76,""porcentaje_a_ganar"":50,""utilidad"":39,""openpay_comision"":4.76,""openpay_iva"":0.76,""comision_tienda_nube"":5.05,""total_comisiones"":10.57,""descuento_pago_transferencia_pct"":2.39,""iva_venta_desglosar"":17.6,""precio_venta_sin_iva"":110,""ganancia_real"":55,""_nota"":""Congelado del control de Excel 2023. No se recalcula ni se sincroniza.""}}"
LGVTM186,PORTA VELA PRIMERA COMUNION NIÑO DORADA,110,57.76,ARTESANIAS,LGVTM186,JORVINA ARTICULOS RELEGIOSOS,YURECUARO,9.5,7,"{""medidas_original"":""9.5 X 7 cms"",""proveedor_contacto"":""MARIA ESTHER NAVA"",""proveedor_telefono"":""33 2184 5609"",""financiero_2023"":{""numero_control"":""0693"",""precio_compra_con_iva"":67,""iva_compra"":9.24,""porcentaje_a_ganar"":50,""utilidad"":33.5,""openpay_comision"":4.44,""openpay_iva"":0.71,""comision_tienda_nube"":4.71,""total_comisiones"":9.87,""descuento_pago_transferencia_pct"":2.23,""iva_venta_desglosar"":15.22,""precio_venta_sin_iva"":95,""ganancia_real"":40,""_nota"":""Congelado del control de Excel 2023. No se recalcula ni se sincroniza.""}}"
LGVTM187,PORTA VELA PRIMERA COMUNION NIÑO PLATA,101,52.59,ARTESANIAS,LGVTM187,JORVINA ARTICULOS RELEGIOSOS,YURECUARO,9.5,7,"{""medidas_original"":""9.5 X 7 cms"",""proveedor_contacto"":""MARIA ESTHER NAVA"",""proveedor_telefono"":""33 2184 5609"",""financiero_2023"":{""numero_control"":""0694"",""precio_compra_con_iva"":61,""iva_compra"":8.41,""porcentaje_a_ganar"":50,""utilidad"":30.5,""openpay_comision"":4.27,""openpay_iva"":0.68,""comision_tienda_nube"":4.53,""total_comisiones"":9.48,""descuento_pago_transferencia_pct"":2.14,""iva_venta_desglosar"":13.93,""precio_venta_sin_iva"":87,""ganancia_real"":32,""_nota"":""Congelado del control de Excel 2023. No se recalcula ni se sincroniza.""}}"
LGVTM188,PORTA VELA PRIMERA COMUNION NIÑA DORADA,110,57.76,ARTESANIAS,LGVTM188,JORVINA ARTICULOS RELEGIOSOS,YURECUARO,9,7,"{""medidas_original"":""9 X 7 cms"",""proveedor_contacto"":""MARIA ESTHER NAVA"",""proveedor_telefono"":""33 2184 5609"",""financiero_2023"":{""numero_control"":""0695"",""precio_compra_con_iva"":67,""iva_compra"":9.24,""porcentaje_a_ganar"":50,""utilidad"":33.5,""openpay_comision"":4.44,""openpay_iva"":0.71,""comision_tienda_nube"":4.71,""total_comisiones"":9.87,""descuento_pago_transferencia_pct"":2.23,""iva_venta_desglosar"":15.22,""precio_venta_sin_iva"":95,""ganancia_real"":40,""_nota"":""Congelado del control de Excel 2023. No se recalcula ni se sincroniza.""}}"
LGVTM189,PORTA VELA PRIMERA COMUNION NIÑA PLATA,98,50.86,ARTESANIAS,LGVTM189,JORVINA ARTICULOS RELEGIOSOS,YURECUARO,9,7,"{""medidas_original"":""9 X 7 cms"",""proveedor_contacto"":""MARIA ESTHER NAVA"",""proveedor_telefono"":""33 2184 5609"",""financiero_2023"":{""numero_control"":""0696"",""precio_compra_con_iva"":59,""iva_compra"":8.14,""porcentaje_a_ganar"":50,""utilidad"":29.5,""openpay_comision"":4.21,""openpay_iva"":0.67,""comision_tienda_nube"":4.47,""total_comisiones"":9.35,""descuento_pago_transferencia_pct"":2.11,""iva_venta_desglosar"":13.5,""precio_venta_sin_iva"":84,""ganancia_real"":29,""_nota"":""Congelado del control de Excel 2023. No se recalcula ni se sincroniza.""}}"
LGVTM190,PORTA VELA ANGEL SILUETA DORADA,142,75,ARTESANIAS,LGVTM190,JORVINA ARTICULOS RELEGIOSOS,YURECUARO,9,7,"{""medidas_original"":""9 X 7 cms"",""proveedor_contacto"":""MARIA ESTHER NAVA"",""proveedor_telefono"":""33 2184 5609"",""financiero_2023"":{""numero_control"":""0697"",""precio_compra_con_iva"":87,""iva_compra"":12,""porcentaje_a_ganar"":50,""utilidad"":43.5,""openpay_comision"":5.02,""openpay_iva"":0.8,""comision_tienda_nube"":5.33,""total_comisiones"":11.15,""descuento_pago_transferencia_pct"":2.52,""iva_venta_desglosar"":19.54,""precio_venta_sin_iva"":122,""ganancia_real"":67,""_nota"":""Congelado del control de Excel 2023. No se recalcula ni se sincroniza.""}}"
LGVTM191,PORTA VELA ANGEL SILUETA PLATA,128,67.24,ARTESANIAS,LGVTM191,JORVINA ARTICULOS RELEGIOSOS,YURECUARO,9,7,"{""medidas_original"":""9 X 7 cms"",""proveedor_contacto"":""MARIA ESTHER NAVA"",""proveedor_telefono"":""33 2184 5609"",""financiero_2023"":{""numero_control"":""0698"",""precio_compra_con_iva"":78,""iva_compra"":10.76,""porcentaje_a_ganar"":50,""utilidad"":39,""openpay_comision"":4.76,""openpay_iva"":0.76,""comision_tienda_nube"":5.05,""total_comisiones"":10.57,""descuento_pago_transferencia_pct"":2.39,""iva_venta_desglosar"":17.6,""precio_venta_sin_iva"":110,""ganancia_real"":55,""_nota"":""Congelado del control de Excel 2023. No se recalcula ni se sincroniza.""}}"
LGVTM192,CAMPANAS,0,0,0,LGVTM192,0,0,,,"{""proveedor_contacto"":""0"",""proveedor_telefono"":""0"",""financiero_2023"":{""numero_control"":""0699"",""iva_compra"":0,""porcentaje_a_ganar"":0,""openpay_comision"":2.5,""descuento_pago_transferencia_pct"":0,""iva_venta_desglosar"":0,""precio_venta_sin_iva"":0,""ganancia_real"":0,""_nota"":""Congelado del control de Excel 2023. No se recalcula ni se sincroniza.""}}"
LGVTM193,CAMPANA SERAFIN DORADO,90,46.55,ARTESANIAS,LGVTM193,JORVINA ARTICULOS RELEGIOSOS,YURECUARO,8,4.7,"{""medidas_original"":""8 X 4.7 cms"",""proveedor_contacto"":""MARIA ESTHER NAVA"",""proveedor_telefono"":""33 2184 5609"",""financiero_2023"":{""numero_control"":""0700"",""precio_compra_con_iva"":54,""iva_compra"":7.45,""porcentaje_a_ganar"":50,""utilidad"":27,""openpay_comision"":4.07,""openpay_iva"":0.65,""comision_tienda_nube"":4.31,""total_comisiones"":9.03,""descuento_pago_transferencia_pct"":2.04,""iva_venta_desglosar"":12.42,""precio_venta_sin_iva"":78,""ganancia_real"":22,""_nota"":""Congelado del control de Excel 2023. No se recalcula ni se sincroniza.""}}"
LGVTM194,CAMPANA SERAFIN PLATA,81,41.38,ARTESANIAS,LGVTM194,JORVINA ARTICULOS RELEGIOSOS,YURECUARO,8,4.7,"{""medidas_original"":""8 X 4.7 cms"",""proveedor_contacto"":""MARIA ESTHER NAVA"",""proveedor_telefono"":""33 2184 5609"",""financiero_2023"":{""numero_control"":""0701"",""precio_compra_con_iva"":48,""iva_compra"":6.62,""porcentaje_a_ganar"":50,""utilidad"":24,""openpay_comision"":3.89,""openpay_iva"":0.62,""comision_tienda_nube"":4.13,""total_comisiones"":8.65,""descuento_pago_transferencia_pct"":1.95,""iva_venta_desglosar"":11.12,""precio_venta_sin_iva"":70,""ganancia_real"":14,""_nota"":""Congelado del control de Excel 2023. No se recalcula ni se sincroniza.""}}"
LGVTM195,CAMPANA  ANGEL DORADO,81,41.38,ARTESANIAS,LGVTM195,JORVINA ARTICULOS RELEGIOSOS,YURECUARO,7.5,4.7,"{""medidas_original"":""7.5 X 4.7cms"",""proveedor_contacto"":""MARIA ESTHER NAVA"",""proveedor_telefono"":""33 2184 5609"",""financiero_2023"":{""numero_control"":""0702"",""precio_compra_con_iva"":48,""iva_compra"":6.62,""porcentaje_a_ganar"":50,""utilidad"":24,""openpay_comision"":3.89,""openpay_iva"":0.62,""comision_tienda_nube"":4.13,""total_comisiones"":8.65,""descuento_pago_transferencia_pct"":1.95,""iva_venta_desglosar"":11.12,""precio_venta_sin_iva"":70,""ganancia_real"":14,""_nota"":""Congelado del control de Excel 2023. No se recalcula ni se sincroniza.""}}"
LGVTM196,CAMPANA ANGEL PLATA,76,38.79,ARTESANIAS,LGVTM196,JORVINA ARTICULOS RELEGIOSOS,YURECUARO,7.5,4.7,"{""medidas_original"":""7.5 X 4.7cms"",""proveedor_contacto"":""MARIA ESTHER NAVA"",""proveedor_telefono"":""33 2184 5609"",""financiero_2023"":{""numero_control"":""0703"",""precio_compra_con_iva"":45,""iva_compra"":6.21,""porcentaje_a_ganar"":50,""utilidad"":22.5,""openpay_comision"":3.81,""openpay_iva"":0.61,""comision_tienda_nube"":4.04,""total_comisiones"":8.45,""descuento_pago_transferencia_pct"":1.91,""iva_venta_desglosar"":10.48,""precio_venta_sin_iva"":65,""ganancia_real"":10,""_nota"":""Congelado del control de Excel 2023. No se recalcula ni se sincroniza.""}}"
LGVTM197,CAMPANA ALAS DE ANGEL DORADO,81,41.38,ARTESANIAS,LGVTM197,JORVINA ARTICULOS RELEGIOSOS,YURECUARO,6.5,3.5,"{""medidas_original"":""6.5 X 3.5cms"",""proveedor_contacto"":""MARIA ESTHER NAVA"",""proveedor_telefono"":""33 2184 5609"",""financiero_2023"":{""numero_control"":""0704"",""precio_compra_con_iva"":48,""iva_compra"":6.62,""porcentaje_a_ganar"":50,""utilidad"":24,""openpay_comision"":3.89,""openpay_iva"":0.62,""comision_tienda_nube"":4.13,""total_comisiones"":8.65,""descuento_pago_transferencia_pct"":1.95,""iva_venta_desglosar"":11.12,""precio_venta_sin_iva"":70,""ganancia_real"":14,""_nota"":""Congelado del control de Excel 2023. No se recalcula ni se sincroniza.""}}"
LGVTM198,CAMPANA ALAS DE ANGEL PLATA,76,38.79,ARTESANIAS,LGVTM198,JORVINA ARTICULOS RELEGIOSOS,YURECUARO,6.5,3.5,"{""medidas_original"":""6.5 X 3.5cms"",""proveedor_contacto"":""MARIA ESTHER NAVA"",""proveedor_telefono"":""33 2184 5609"",""financiero_2023"":{""numero_control"":""0705"",""precio_compra_con_iva"":45,""iva_compra"":6.21,""porcentaje_a_ganar"":50,""utilidad"":22.5,""openpay_comision"":3.81,""openpay_iva"":0.61,""comision_tienda_nube"":4.04,""total_comisiones"":8.45,""descuento_pago_transferencia_pct"":1.91,""iva_venta_desglosar"":10.48,""precio_venta_sin_iva"":65,""ganancia_real"":10,""_nota"":""Congelado del control de Excel 2023. No se recalcula ni se sincroniza.""}}"
LGVTM199,CAMPANA QUINCEAÑERA DORADA,90,46.55,ARTESANIAS,LGVTM199,JORVINA ARTICULOS RELEGIOSOS,YURECUARO,7.5,4.7,"{""medidas_original"":""7.5 X 4.7cms"",""proveedor_contacto"":""MARIA ESTHER NAVA"",""proveedor_telefono"":""33 2184 5609"",""financiero_2023"":{""numero_control"":""0706"",""precio_compra_con_iva"":54,""iva_compra"":7.45,""porcentaje_a_ganar"":50,""utilidad"":27,""openpay_comision"":4.07,""openpay_iva"":0.65,""comision_tienda_nube"":4.31,""total_comisiones"":9.03,""descuento_pago_transferencia_pct"":2.04,""iva_venta_desglosar"":12.42,""precio_venta_sin_iva"":78,""ganancia_real"":22,""_nota"":""Congelado del control de Excel 2023. No se recalcula ni se sincroniza.""}}"
LGVTM200,CAMPANA QUINCEAÑERA PLATA,81,41.38,ARTESANIAS,LGVTM200,JORVINA ARTICULOS RELEGIOSOS,YURECUARO,7.5,4.7,"{""medidas_original"":""7.5 X 4.7cms"",""proveedor_contacto"":""MARIA ESTHER NAVA"",""proveedor_telefono"":""33 2184 5609"",""financiero_2023"":{""numero_control"":""0707"",""precio_compra_con_iva"":48,""iva_compra"":6.62,""porcentaje_a_ganar"":50,""utilidad"":24,""openpay_comision"":3.89,""openpay_iva"":0.62,""comision_tienda_nube"":4.13,""total_comisiones"":8.65,""descuento_pago_transferencia_pct"":1.95,""iva_venta_desglosar"":11.12,""precio_venta_sin_iva"":70,""ganancia_real"":14,""_nota"":""Congelado del control de Excel 2023. No se recalcula ni se sincroniza.""}}"
LGVTM201,CAMPANA NIÑO BEBE EN CABALLITO DORADO,90,46.55,ARTESANIAS,LGVTM201,JORVINA ARTICULOS RELEGIOSOS,YURECUARO,7,4.7,"{""medidas_original"":""7 X 4.7 cms"",""proveedor_contacto"":""MARIA ESTHER NAVA"",""proveedor_telefono"":""33 2184 5609"",""financiero_2023"":{""numero_control"":""0708"",""precio_compra_con_iva"":54,""iva_compra"":7.45,""porcentaje_a_ganar"":50,""utilidad"":27,""openpay_comision"":4.07,""openpay_iva"":0.65,""comision_tienda_nube"":4.31,""total_comisiones"":9.03,""descuento_pago_transferencia_pct"":2.04,""iva_venta_desglosar"":12.42,""precio_venta_sin_iva"":78,""ganancia_real"":22,""_nota"":""Congelado del control de Excel 2023. No se recalcula ni se sincroniza.""}}"
LGVTM202,CAMPANA NIÑO BEBE EN CABALLITO PLATA,81,41.38,ARTESANIAS,LGVTM202,JORVINA ARTICULOS RELEGIOSOS,YURECUARO,7,4.7,"{""medidas_original"":""7 X 4.7 cms"",""proveedor_contacto"":""MARIA ESTHER NAVA"",""proveedor_telefono"":""33 2184 5609"",""financiero_2023"":{""numero_control"":""0709"",""precio_compra_con_iva"":48,""iva_compra"":6.62,""porcentaje_a_ganar"":50,""utilidad"":24,""openpay_comision"":3.89,""openpay_iva"":0.62,""comision_tienda_nube"":4.13,""total_comisiones"":8.65,""descuento_pago_transferencia_pct"":1.95,""iva_venta_desglosar"":11.12,""precio_venta_sin_iva"":70,""ganancia_real"":14,""_nota"":""Congelado del control de Excel 2023. No se recalcula ni se sincroniza.""}}"
LGVTM203,CAMPANA NIÑA BEBE EN CABALLITO DORADO,90,46.55,ARTESANIAS,LGVTM203,JORVINA ARTICULOS RELEGIOSOS,YURECUARO,7.5,4.7,"{""medidas_original"":""7.5 X 4.7cms"",""proveedor_contacto"":""MARIA ESTHER NAVA"",""proveedor_telefono"":""33 2184 5609"",""financiero_2023"":{""numero_control"":""0710"",""precio_compra_con_iva"":54,""iva_compra"":7.45,""porcentaje_a_ganar"":50,""utilidad"":27,""openpay_comision"":4.07,""openpay_iva"":0.65,""comision_tienda_nube"":4.31,""total_comisiones"":9.03,""descuento_pago_transferencia_pct"":2.04,""iva_venta_desglosar"":12.42,""precio_venta_sin_iva"":78,""ganancia_real"":22,""_nota"":""Congelado del control de Excel 2023. No se recalcula ni se sincroniza.""}}"
LGVTM204,CAMPANA NIÑA BEBE EN CABALLITO PLATA,81,41.38,ARTESANIAS,LGVTM204,JORVINA ARTICULOS RELEGIOSOS,YURECUARO,7.5,4.7,"{""medidas_original"":""7.5 X 4.7cms"",""proveedor_contacto"":""MARIA ESTHER NAVA"",""proveedor_telefono"":""33 2184 5609"",""financiero_2023"":{""numero_control"":""0711"",""precio_compra_con_iva"":48,""iva_compra"":6.62,""porcentaje_a_ganar"":50,""utilidad"":24,""openpay_comision"":3.89,""openpay_iva"":0.62,""comision_tienda_nube"":4.13,""total_comisiones"":8.65,""descuento_pago_transferencia_pct"":1.95,""iva_venta_desglosar"":11.12,""precio_venta_sin_iva"":70,""ganancia_real"":14,""_nota"":""Congelado del control de Excel 2023. No se recalcula ni se sincroniza.""}}"
LGVTM205,CAMPANA DOS CORAZONES DORADOS,81,41.38,ARTESANIAS,LGVTM205,JORVINA ARTICULOS RELEGIOSOS,YURECUARO,8,4.7,"{""medidas_original"":""8 X 4.7 cms"",""proveedor_contacto"":""MARIA ESTHER NAVA"",""proveedor_telefono"":""33 2184 5609"",""financiero_2023"":{""numero_control"":""0712"",""precio_compra_con_iva"":48,""iva_compra"":6.62,""porcentaje_a_ganar"":50,""utilidad"":24,""openpay_comision"":3.89,""openpay_iva"":0.62,""comision_tienda_nube"":4.13,""total_comisiones"":8.65,""descuento_pago_transferencia_pct"":1.95,""iva_venta_desglosar"":11.12,""precio_venta_sin_iva"":70,""ganancia_real"":14,""_nota"":""Congelado del control de Excel 2023. No se recalcula ni se sincroniza.""}}"
LGVTM206,CAMPANA DOS CORAZONES PLATA,76,38.79,ARTESANIAS,LGVTM206,JORVINA ARTICULOS RELEGIOSOS,YURECUARO,8,4.7,"{""medidas_original"":""8 X 4.7 cms"",""proveedor_contacto"":""MARIA ESTHER NAVA"",""proveedor_telefono"":""33 2184 5609"",""financiero_2023"":{""numero_control"":""0713"",""precio_compra_con_iva"":45,""iva_compra"":6.21,""porcentaje_a_ganar"":50,""utilidad"":22.5,""openpay_comision"":3.81,""openpay_iva"":0.61,""comision_tienda_nube"":4.04,""total_comisiones"":8.45,""descuento_pago_transferencia_pct"":1.91,""iva_venta_desglosar"":10.48,""precio_venta_sin_iva"":65,""ganancia_real"":10,""_nota"":""Congelado del control de Excel 2023. No se recalcula ni se sincroniza.""}}"
LGVTM207,CAMPANA NOVIOS DORADA,81,41.38,ARTESANIAS,LGVTM207,JORVINA ARTICULOS RELEGIOSOS,YURECUARO,9,4.7,"{""medidas_original"":""9 X 4.7 cms"",""proveedor_contacto"":""MARIA ESTHER NAVA"",""proveedor_telefono"":""33 2184 5609"",""financiero_2023"":{""numero_control"":""0714"",""precio_compra_con_iva"":48,""iva_compra"":6.62,""porcentaje_a_ganar"":50,""utilidad"":24,""openpay_comision"":3.89,""openpay_iva"":0.62,""comision_tienda_nube"":4.13,""total_comisiones"":8.65,""descuento_pago_transferencia_pct"":1.95,""iva_venta_desglosar"":11.12,""precio_venta_sin_iva"":70,""ganancia_real"":14,""_nota"":""Congelado del control de Excel 2023. No se recalcula ni se sincroniza.""}}"
LGVTM208,CAMPANA NOVIOS PLATA,76,38.79,ARTESANIAS,LGVTM208,JORVINA ARTICULOS RELEGIOSOS,YURECUARO,9,4.7,"{""medidas_original"":""9 X 4.7 cms"",""proveedor_contacto"":""MARIA ESTHER NAVA"",""proveedor_telefono"":""33 2184 5609"",""financiero_2023"":{""numero_control"":""0715"",""precio_compra_con_iva"":45,""iva_compra"":6.21,""porcentaje_a_ganar"":50,""utilidad"":22.5,""openpay_comision"":3.81,""openpay_iva"":0.61,""comision_tienda_nube"":4.04,""total_comisiones"":8.45,""descuento_pago_transferencia_pct"":1.91,""iva_venta_desglosar"":10.48,""precio_venta_sin_iva"":65,""ganancia_real"":10,""_nota"":""Congelado del control de Excel 2023. No se recalcula ni se sincroniza.""}}"
LGVTM209,CAMPANA CHICA PALOMA DORADA,67,30.17,ARTESANIAS,LGVTM209,JORVINA ARTICULOS RELEGIOSOS,YURECUARO,5,3.5,"{""medidas_original"":""5 X 3.5 cms"",""proveedor_contacto"":""MARIA ESTHER NAVA"",""proveedor_telefono"":""33 2184 5609"",""financiero_2023"":{""numero_control"":""0716"",""precio_compra_con_iva"":35,""iva_compra"":4.83,""porcentaje_a_ganar"":70,""utilidad"":24.5,""openpay_comision"":3.52,""openpay_iva"":0.56,""comision_tienda_nube"":3.87,""total_comisiones"":7.95,""descuento_pago_transferencia_pct"":1.79,""iva_venta_desglosar"":9.3,""precio_venta_sin_iva"":58,""ganancia_real"":3,""_nota"":""Congelado del control de Excel 2023. No se recalcula ni se sincroniza.""}}"
LGVTM210,CAMPANA CHICA PALOMA PLATA,64,26.72,ARTESANIAS,LGVTM210,JORVINA ARTICULOS RELEGIOSOS,YURECUARO,5,3.5,"{""medidas_original"":""5 X 3.5 cms"",""proveedor_contacto"":""MARIA ESTHER NAVA"",""proveedor_telefono"":""33 2184 5609"",""financiero_2023"":{""numero_control"":""0717"",""precio_compra_con_iva"":31,""iva_compra"":4.28,""porcentaje_a_ganar"":80,""utilidad"":24.8,""openpay_comision"":3.4,""openpay_iva"":0.54,""comision_tienda_nube"":3.79,""total_comisiones"":7.74,""descuento_pago_transferencia_pct"":1.75,""iva_venta_desglosar"":8.76,""precio_venta_sin_iva"":55,""ganancia_real"":0,""_nota"":""Congelado del control de Excel 2023. No se recalcula ni se sincroniza.""}}"
LGVTM211,CAMPANA CHICA ANGEL BEBE DORADA,67,30.17,ARTESANIAS,LGVTM211,JORVINA ARTICULOS RELEGIOSOS,YURECUARO,5,3.5,"{""medidas_original"":""5 X 3.5 cms"",""proveedor_contacto"":""MARIA ESTHER NAVA"",""proveedor_telefono"":""33 2184 5609"",""financiero_2023"":{""numero_control"":""0718"",""precio_compra_con_iva"":35,""iva_compra"":4.83,""porcentaje_a_ganar"":70,""utilidad"":24.5,""openpay_comision"":3.52,""openpay_iva"":0.56,""comision_tienda_nube"":3.87,""total_comisiones"":7.95,""descuento_pago_transferencia_pct"":1.79,""iva_venta_desglosar"":9.3,""precio_venta_sin_iva"":58,""ganancia_real"":3,""_nota"":""Congelado del control de Excel 2023. No se recalcula ni se sincroniza.""}}"
LGVTM212,CAMPANA CHICA ANGEL BEBE PLATA,64,26.72,ARTESANIAS,LGVTM212,JORVINA ARTICULOS RELEGIOSOS,YURECUARO,5,3.5,"{""medidas_original"":""5 X 3.5 cms"",""proveedor_contacto"":""MARIA ESTHER NAVA"",""proveedor_telefono"":""33 2184 5609"",""financiero_2023"":{""numero_control"":""0719"",""precio_compra_con_iva"":31,""iva_compra"":4.28,""porcentaje_a_ganar"":80,""utilidad"":24.8,""openpay_comision"":3.4,""openpay_iva"":0.54,""comision_tienda_nube"":3.79,""total_comisiones"":7.74,""descuento_pago_transferencia_pct"":1.75,""iva_venta_desglosar"":8.76,""precio_venta_sin_iva"":55,""ganancia_real"":0,""_nota"":""Congelado del control de Excel 2023. No se recalcula ni se sincroniza.""}}"
LGVTM213,CAMPANA CHICA NIÑO BEBE DORADA,67,30.17,ARTESANIAS,LGVTM213,JORVINA ARTICULOS RELEGIOSOS,YURECUARO,5,3.5,"{""medidas_original"":""5 X 3.5 cms"",""proveedor_contacto"":""MARIA ESTHER NAVA"",""proveedor_telefono"":""33 2184 5609"",""financiero_2023"":{""numero_control"":""0720"",""precio_compra_con_iva"":35,""iva_compra"":4.83,""porcentaje_a_ganar"":70,""utilidad"":24.5,""openpay_comision"":3.52,""openpay_iva"":0.56,""comision_tienda_nube"":3.87,""total_comisiones"":7.95,""descuento_pago_transferencia_pct"":1.79,""iva_venta_desglosar"":9.3,""precio_venta_sin_iva"":58,""ganancia_real"":3,""_nota"":""Congelado del control de Excel 2023. No se recalcula ni se sincroniza.""}}"
LGVTM214,CAMPANA CHICA NIÑO BEBE PLATA,64,26.72,ARTESANIAS,LGVTM214,JORVINA ARTICULOS RELEGIOSOS,YURECUARO,5,3.5,"{""medidas_original"":""5 X 3.5 cms"",""proveedor_contacto"":""MARIA ESTHER NAVA"",""proveedor_telefono"":""33 2184 5609"",""financiero_2023"":{""numero_control"":""0721"",""precio_compra_con_iva"":31,""iva_compra"":4.28,""porcentaje_a_ganar"":80,""utilidad"":24.8,""openpay_comision"":3.4,""openpay_iva"":0.54,""comision_tienda_nube"":3.79,""total_comisiones"":7.74,""descuento_pago_transferencia_pct"":1.75,""iva_venta_desglosar"":8.76,""precio_venta_sin_iva"":55,""ganancia_real"":0,""_nota"":""Congelado del control de Excel 2023. No se recalcula ni se sincroniza.""}}"
LGVTM215,CAMPANA CHICA NIÑA BEBE DORADA,67,30.17,ARTESANIAS,LGVTM215,JORVINA ARTICULOS RELEGIOSOS,YURECUARO,5,3.5,"{""medidas_original"":""5 X 3.5 cms"",""proveedor_contacto"":""MARIA ESTHER NAVA"",""proveedor_telefono"":""33 2184 5609"",""financiero_2023"":{""numero_control"":""0722"",""precio_compra_con_iva"":35,""iva_compra"":4.83,""porcentaje_a_ganar"":70,""utilidad"":24.5,""openpay_comision"":3.52,""openpay_iva"":0.56,""comision_tienda_nube"":3.87,""total_comisiones"":7.95,""descuento_pago_transferencia_pct"":1.79,""iva_venta_desglosar"":9.3,""precio_venta_sin_iva"":58,""ganancia_real"":3,""_nota"":""Congelado del control de Excel 2023. No se recalcula ni se sincroniza.""}}"
LGVTM216,CAMPANA CHICA NIÑA BEBE PLATA,64,26.72,ARTESANIAS,LGVTM216,JORVINA ARTICULOS RELEGIOSOS,YURECUARO,5,3.5,"{""medidas_original"":""5 X 3.5 cms"",""proveedor_contacto"":""MARIA ESTHER NAVA"",""proveedor_telefono"":""33 2184 5609"",""financiero_2023"":{""numero_control"":""0723"",""precio_compra_con_iva"":31,""iva_compra"":4.28,""porcentaje_a_ganar"":80,""utilidad"":24.8,""openpay_comision"":3.4,""openpay_iva"":0.54,""comision_tienda_nube"":3.79,""total_comisiones"":7.74,""descuento_pago_transferencia_pct"":1.75,""iva_venta_desglosar"":8.76,""precio_venta_sin_iva"":55,""ganancia_real"":0,""_nota"":""Congelado del control de Excel 2023. No se recalcula ni se sincroniza.""}}"
LGVTM217,SAN BENITO,0,0,0,LGVTM217,0,0,,,"{""proveedor_contacto"":""0"",""proveedor_telefono"":""0"",""financiero_2023"":{""numero_control"":""0724"",""iva_compra"":0,""porcentaje_a_ganar"":0,""openpay_comision"":2.5,""descuento_pago_transferencia_pct"":0,""iva_venta_desglosar"":0,""precio_venta_sin_iva"":0,""ganancia_real"":0,""_nota"":""Congelado del control de Excel 2023. No se recalcula ni se sincroniza.""}}"
LGVTM218,CRUZ CELTICA MEDALLON DORADO,597,325.86,ARTESANIAS,LGVTM218,JORVINA ARTICULOS RELEGIOSOS,YURECUARO,26,26,"{""medidas_original"":""26 X 26"",""proveedor_contacto"":""MARIA ESTHER NAVA"",""proveedor_telefono"":""33 2184 5609"",""financiero_2023"":{""numero_control"":""0725"",""precio_compra_con_iva"":378,""iva_compra"":52.14,""porcentaje_a_ganar"":50,""utilidad"":189,""openpay_comision"":13.46,""openpay_iva"":2.15,""comision_tienda_nube"":14.25,""total_comisiones"":29.87,""descuento_pago_transferencia_pct"":6.74,""iva_venta_desglosar"":82.33,""precio_venta_sin_iva"":515,""ganancia_real"":459,""_nota"":""Congelado del control de Excel 2023. No se recalcula ni se sincroniza.""}}"
LGVTM219,CRUZ CELTICA MEDALLON PLATA,597,325.86,ARTESANIAS,LGVTM219,JORVINA ARTICULOS RELEGIOSOS,YURECUARO,26,26,"{""medidas_original"":""26 X 26"",""proveedor_contacto"":""MARIA ESTHER NAVA"",""proveedor_telefono"":""33 2184 5609"",""financiero_2023"":{""numero_control"":""0726"",""precio_compra_con_iva"":378,""iva_compra"":52.14,""porcentaje_a_ganar"":50,""utilidad"":189,""openpay_comision"":13.46,""openpay_iva"":2.15,""comision_tienda_nube"":14.25,""total_comisiones"":29.87,""descuento_pago_transferencia_pct"":6.74,""iva_venta_desglosar"":82.33,""precio_venta_sin_iva"":515,""ganancia_real"":459,""_nota"":""Congelado del control de Excel 2023. No se recalcula ni se sincroniza.""}}"
LGVTM220,PORTA LLAVES SAN BENITO DORADO,480,261.21,ARTESANIAS,LGVTM220,JORVINA ARTICULOS RELEGIOSOS,YURECUARO,18.5,23.5,"{""medidas_original"":""18.5 X 23.5"",""proveedor_contacto"":""MARIA ESTHER NAVA"",""proveedor_telefono"":""33 2184 5609"",""financiero_2023"":{""numero_control"":""0727"",""precio_compra_con_iva"":303,""iva_compra"":41.79,""porcentaje_a_ganar"":50,""utilidad"":151.5,""openpay_comision"":11.29,""openpay_iva"":1.81,""comision_tienda_nube"":11.95,""total_comisiones"":25.04,""descuento_pago_transferencia_pct"":5.66,""iva_venta_desglosar"":66.14,""precio_venta_sin_iva"":413,""ganancia_real"":358,""_nota"":""Congelado del control de Excel 2023. No se recalcula ni se sincroniza.""}}"
LGVTM221,PORTA LLAVES SAN BENITO PLATA,458,249.14,ARTESANIAS,LGVTM221,JORVINA ARTICULOS RELEGIOSOS,YURECUARO,18.5,23.5,"{""medidas_original"":""18.5 X 23.5"",""proveedor_contacto"":""MARIA ESTHER NAVA"",""proveedor_telefono"":""33 2184 5609"",""financiero_2023"":{""numero_control"":""0728"",""precio_compra_con_iva"":289,""iva_compra"":39.86,""porcentaje_a_ganar"":50,""utilidad"":144.5,""openpay_comision"":10.88,""openpay_iva"":1.74,""comision_tienda_nube"":11.52,""total_comisiones"":24.14,""descuento_pago_transferencia_pct"":5.45,""iva_venta_desglosar"":63.12,""precio_venta_sin_iva"":395,""ganancia_real"":339,""_nota"":""Congelado del control de Excel 2023. No se recalcula ni se sincroniza.""}}"
LGVTM222,PORTA MEDALLA SAN BENITO PLATA C/PIEDRA,336,181.9,ARTESANIAS,LGVTM222,JORVINA ARTICULOS RELEGIOSOS,YURECUARO,13,23.3,"{""medidas_original"":""13 X 23.3 cm"",""proveedor_contacto"":""MARIA ESTHER NAVA"",""proveedor_telefono"":""33 2184 5609"",""financiero_2023"":{""numero_control"":""0729"",""precio_compra_con_iva"":211,""iva_compra"":29.1,""porcentaje_a_ganar"":50,""utilidad"":105.5,""openpay_comision"":8.62,""openpay_iva"":1.38,""comision_tienda_nube"":9.13,""total_comisiones"":19.13,""descuento_pago_transferencia_pct"":4.32,""iva_venta_desglosar"":46.29,""precio_venta_sin_iva"":289,""ganancia_real"":234,""_nota"":""Congelado del control de Excel 2023. No se recalcula ni se sincroniza.""}}"
LGVTM223,PORTA MEDALLA SAN BENITO DORADA C/PIEDRA,353,191.38,ARTESANIAS,LGVTM223,JORVINA ARTICULOS RELEGIOSOS,YURECUARO,13,23.3,"{""medidas_original"":""13 X 23.3 cm"",""proveedor_contacto"":""MARIA ESTHER NAVA"",""proveedor_telefono"":""33 2184 5609"",""financiero_2023"":{""numero_control"":""0730"",""precio_compra_con_iva"":222,""iva_compra"":30.62,""porcentaje_a_ganar"":50,""utilidad"":111,""openpay_comision"":8.94,""openpay_iva"":1.43,""comision_tienda_nube"":9.47,""total_comisiones"":19.84,""descuento_pago_transferencia_pct"":4.48,""iva_venta_desglosar"":48.67,""precio_venta_sin_iva"":304,""ganancia_real"":249,""_nota"":""Congelado del control de Excel 2023. No se recalcula ni se sincroniza.""}}"
LGVTM224,CRUZ RESPLANDOR GDE. DORADA,516,281.03,ARTESANIAS,LGVTM224,JORVINA ARTICULOS RELEGIOSOS,YURECUARO,33.5,21.5,"{""medidas_original"":""33.5 X 21.5 c"",""proveedor_contacto"":""MARIA ESTHER NAVA"",""proveedor_telefono"":""33 2184 5609"",""financiero_2023"":{""numero_control"":""0731"",""precio_compra_con_iva"":326,""iva_compra"":44.97,""porcentaje_a_ganar"":50,""utilidad"":163,""openpay_comision"":11.95,""openpay_iva"":1.91,""comision_tienda_nube"":12.66,""total_comisiones"":26.52,""descuento_pago_transferencia_pct"":5.99,""iva_venta_desglosar"":71.11,""precio_venta_sin_iva"":444,""ganancia_real"":389,""_nota"":""Congelado del control de Excel 2023. No se recalcula ni se sincroniza.""}}"
LGVTM225,CRUZ RESPLANDOR GDE. PLATA,516,281.03,ARTESANIAS,LGVTM225,JORVINA ARTICULOS RELEGIOSOS,YURECUARO,33.5,21.5,"{""medidas_original"":""33.5 X 21.5 c"",""proveedor_contacto"":""MARIA ESTHER NAVA"",""proveedor_telefono"":""33 2184 5609"",""financiero_2023"":{""numero_control"":""0732"",""precio_compra_con_iva"":326,""iva_compra"":44.97,""porcentaje_a_ganar"":50,""utilidad"":163,""openpay_comision"":11.95,""openpay_iva"":1.91,""comision_tienda_nube"":12.66,""total_comisiones"":26.52,""descuento_pago_transferencia_pct"":5.99,""iva_venta_desglosar"":71.11,""precio_venta_sin_iva"":444,""ganancia_real"":389,""_nota"":""Congelado del control de Excel 2023. No se recalcula ni se sincroniza.""}}"
LGVTM226,CRUZ SAN BENITO METALICA DORADA,389,211.21,ARTESANIAS,LGVTM226,JORVINA ARTICULOS RELEGIOSOS,YURECUARO,22,16.5,"{""medidas_original"":""22 X 16.5 cm"",""proveedor_contacto"":""MARIA ESTHER NAVA"",""proveedor_telefono"":""33 2184 5609"",""financiero_2023"":{""numero_control"":""0733"",""precio_compra_con_iva"":245,""iva_compra"":33.79,""porcentaje_a_ganar"":50,""utilidad"":122.5,""openpay_comision"":9.61,""openpay_iva"":1.54,""comision_tienda_nube"":10.17,""total_comisiones"":21.31,""descuento_pago_transferencia_pct"":4.81,""iva_venta_desglosar"":53.63,""precio_venta_sin_iva"":335,""ganancia_real"":280,""_nota"":""Congelado del control de Excel 2023. No se recalcula ni se sincroniza.""}}"
LGVTM227,CRUZ SAN BENITO METALICA PLATA,318,172.41,ARTESANIAS,LGVTM227,JORVINA ARTICULOS RELEGIOSOS,YURECUARO,22,16.5,"{""medidas_original"":""22 X 16.5 cm"",""proveedor_contacto"":""MARIA ESTHER NAVA"",""proveedor_telefono"":""33 2184 5609"",""financiero_2023"":{""numero_control"":""0734"",""precio_compra_con_iva"":200,""iva_compra"":27.59,""porcentaje_a_ganar"":50,""utilidad"":100,""openpay_comision"":8.3,""openpay_iva"":1.33,""comision_tienda_nube"":8.79,""total_comisiones"":18.42,""descuento_pago_transferencia_pct"":4.16,""iva_venta_desglosar"":43.92,""precio_venta_sin_iva"":275,""ganancia_real"":219,""_nota"":""Congelado del control de Excel 2023. No se recalcula ni se sincroniza.""}}"
LGVTM228,CRUZ SAN BENITO METALICA DORADA EN MADER,614,335.34,ARTESANIAS,LGVTM228,JORVINA ARTICULOS RELEGIOSOS,YURECUARO,25,19,"{""medidas_original"":""25 X 19 cms"",""proveedor_contacto"":""MARIA ESTHER NAVA"",""proveedor_telefono"":""33 2184 5609"",""financiero_2023"":{""numero_control"":""0735"",""precio_compra_con_iva"":389,""iva_compra"":53.66,""porcentaje_a_ganar"":50,""utilidad"":194.5,""openpay_comision"":13.78,""openpay_iva"":2.2,""comision_tienda_nube"":14.59,""total_comisiones"":30.58,""descuento_pago_transferencia_pct"":6.9,""iva_venta_desglosar"":84.7,""precio_venta_sin_iva"":529,""ganancia_real"":474,""_nota"":""Congelado del control de Excel 2023. No se recalcula ni se sincroniza.""}}"
LGVTM229,CRUZ SAN BENITO METALICA PLATA EN MADERA,578,315.52,ARTESANIAS,LGVTM229,JORVINA ARTICULOS RELEGIOSOS,YURECUARO,25,19,"{""medidas_original"":""25 X 19 cms"",""proveedor_contacto"":""MARIA ESTHER NAVA"",""proveedor_telefono"":""33 2184 5609"",""financiero_2023"":{""numero_control"":""0736"",""precio_compra_con_iva"":366,""iva_compra"":50.48,""porcentaje_a_ganar"":50,""utilidad"":183,""openpay_comision"":13.11,""openpay_iva"":2.1,""comision_tienda_nube"":13.88,""total_comisiones"":29.1,""descuento_pago_transferencia_pct"":6.57,""iva_venta_desglosar"":79.74,""precio_venta_sin_iva"":498,""ganancia_real"":443,""_nota"":""Congelado del control de Excel 2023. No se recalcula ni se sincroniza.""}}"
LGVTM230,CRUZ SAN BENITO C/BASE GRANDE DORADO,767,419.83,ARTESANIAS,LGVTM230,JORVINA ARTICULOS RELEGIOSOS,YURECUARO,38,18,"{""medidas_original"":""38 X 18 cms"",""proveedor_contacto"":""MARIA ESTHER NAVA"",""proveedor_telefono"":""33 2184 5609"",""financiero_2023"":{""numero_control"":""0737"",""precio_compra_con_iva"":487,""iva_compra"":67.17,""porcentaje_a_ganar"":50,""utilidad"":243.5,""openpay_comision"":16.62,""openpay_iva"":2.66,""comision_tienda_nube"":17.6,""total_comisiones"":36.88,""descuento_pago_transferencia_pct"":8.33,""iva_venta_desglosar"":105.85,""precio_venta_sin_iva"":662,""ganancia_real"":606,""_nota"":""Congelado del control de Excel 2023. No se recalcula ni se sincroniza.""}}"
LGVTM231,CRUZ SAN BENITO C/BASE GRANDE PLATA,735,401.72,ARTESANIAS,LGVTM231,JORVINA ARTICULOS RELEGIOSOS,YURECUARO,38,18,"{""medidas_original"":""38 X 18 cms"",""proveedor_contacto"":""MARIA ESTHER NAVA"",""proveedor_telefono"":""33 2184 5609"",""financiero_2023"":{""numero_control"":""0738"",""precio_compra_con_iva"":466,""iva_compra"":64.28,""porcentaje_a_ganar"":50,""utilidad"":233,""openpay_comision"":16.01,""openpay_iva"":2.56,""comision_tienda_nube"":16.95,""total_comisiones"":35.53,""descuento_pago_transferencia_pct"":8.02,""iva_venta_desglosar"":101.31,""precio_venta_sin_iva"":633,""ganancia_real"":578,""_nota"":""Congelado del control de Excel 2023. No se recalcula ni se sincroniza.""}}"
LGVTM232,CRUZ SAN BENITO C/BASE GRANDE COMBINADA,767,419.83,ARTESANIAS,LGVTM232,JORVINA ARTICULOS RELEGIOSOS,YURECUARO,38,18,"{""medidas_original"":""38 X 18 cms"",""proveedor_contacto"":""MARIA ESTHER NAVA"",""proveedor_telefono"":""33 2184 5609"",""financiero_2023"":{""numero_control"":""0739"",""precio_compra_con_iva"":487,""iva_compra"":67.17,""porcentaje_a_ganar"":50,""utilidad"":243.5,""openpay_comision"":16.62,""openpay_iva"":2.66,""comision_tienda_nube"":17.6,""total_comisiones"":36.88,""descuento_pago_transferencia_pct"":8.33,""iva_venta_desglosar"":105.85,""precio_venta_sin_iva"":662,""ganancia_real"":606,""_nota"":""Congelado del control de Excel 2023. No se recalcula ni se sincroniza.""}}"
LGVTM233,CRUZ SAN BENITO C/BASE MEDIANA DORADA,314,169.83,ARTESANIAS,LGVTM233,JORVINA ARTICULOS RELEGIOSOS,YURECUARO,23,11,"{""medidas_original"":""23 X 11 cms"",""proveedor_contacto"":""MARIA ESTHER NAVA"",""proveedor_telefono"":""33 2184 5609"",""financiero_2023"":{""numero_control"":""0740"",""precio_compra_con_iva"":197,""iva_compra"":27.17,""porcentaje_a_ganar"":50,""utilidad"":98.5,""openpay_comision"":8.21,""openpay_iva"":1.31,""comision_tienda_nube"":8.7,""total_comisiones"":18.23,""descuento_pago_transferencia_pct"":4.12,""iva_venta_desglosar"":43.27,""precio_venta_sin_iva"":270,""ganancia_real"":215,""_nota"":""Congelado del control de Excel 2023. No se recalcula ni se sincroniza.""}}"
LGVTM234,CRUZ SAN BENITO C/BASE MEDIANA PLATA,314,169.83,ARTESANIAS,LGVTM234,JORVINA ARTICULOS RELEGIOSOS,YURECUARO,23,11,"{""medidas_original"":""23 X 11 cms"",""proveedor_contacto"":""MARIA ESTHER NAVA"",""proveedor_telefono"":""33 2184 5609"",""financiero_2023"":{""numero_control"":""0741"",""precio_compra_con_iva"":197,""iva_compra"":27.17,""porcentaje_a_ganar"":50,""utilidad"":98.5,""openpay_comision"":8.21,""openpay_iva"":1.31,""comision_tienda_nube"":8.7,""total_comisiones"":18.23,""descuento_pago_transferencia_pct"":4.12,""iva_venta_desglosar"":43.27,""precio_venta_sin_iva"":270,""ganancia_real"":215,""_nota"":""Congelado del control de Excel 2023. No se recalcula ni se sincroniza.""}}"
LGVTM235,CRUZ SAN BENITO MINI,145,76.72,ARTESANIAS,LGVTM235,JORVINA ARTICULOS RELEGIOSOS,YURECUARO,11.5,7.5,"{""medidas_original"":""11.5 X 7.5cm"",""proveedor_contacto"":""MARIA ESTHER NAVA"",""proveedor_telefono"":""33 2184 5609"",""financiero_2023"":{""numero_control"":""0742"",""precio_compra_con_iva"":89,""iva_compra"":12.28,""porcentaje_a_ganar"":50,""utilidad"":44.5,""openpay_comision"":5.08,""openpay_iva"":0.81,""comision_tienda_nube"":5.39,""total_comisiones"":11.28,""descuento_pago_transferencia_pct"":2.55,""iva_venta_desglosar"":19.97,""precio_venta_sin_iva"":125,""ganancia_real"":70,""_nota"":""Congelado del control de Excel 2023. No se recalcula ni se sincroniza.""}}"
LGVTM236,CRUZ SAN BENITO MINI DORADO,160,85.34,ARTESANIAS,LGVTM236,JORVINA ARTICULOS RELEGIOSOS,YURECUARO,11.5,7.5,"{""medidas_original"":""11.5 X 7.5cm"",""proveedor_contacto"":""MARIA ESTHER NAVA"",""proveedor_telefono"":""33 2184 5609"",""financiero_2023"":{""numero_control"":""0743"",""precio_compra_con_iva"":99,""iva_compra"":13.66,""porcentaje_a_ganar"":50,""utilidad"":49.5,""openpay_comision"":5.37,""openpay_iva"":0.86,""comision_tienda_nube"":5.69,""total_comisiones"":11.92,""descuento_pago_transferencia_pct"":2.69,""iva_venta_desglosar"":22.13,""precio_venta_sin_iva"":138,""ganancia_real"":83,""_nota"":""Congelado del control de Excel 2023. No se recalcula ni se sincroniza.""}}"
LGVTM237,CRUZ SAN BENITO NUM. 25,735,401.72,ARTESANIAS,LGVTM237,JORVINA ARTICULOS RELEGIOSOS,YURECUARO,44.5,23.5,"{""medidas_original"":""44.5 X 23.5 c"",""proveedor_contacto"":""MARIA ESTHER NAVA"",""proveedor_telefono"":""33 2184 5609"",""financiero_2023"":{""numero_control"":""0744"",""precio_compra_con_iva"":466,""iva_compra"":64.28,""porcentaje_a_ganar"":50,""utilidad"":233,""openpay_comision"":16.01,""openpay_iva"":2.56,""comision_tienda_nube"":16.95,""total_comisiones"":35.53,""descuento_pago_transferencia_pct"":8.02,""iva_venta_desglosar"":101.31,""precio_venta_sin_iva"":633,""ganancia_real"":578,""_nota"":""Congelado del control de Excel 2023. No se recalcula ni se sincroniza.""}}"
LGVTM238,CRUZ RESINA SAN BENITO PARA COLGAR,1423,781.03,ARTESANIAS,LGVTM238,JORVINA ARTICULOS RELEGIOSOS,YURECUARO,66,40,"{""medidas_original"":""66 X 40 cms"",""proveedor_contacto"":""MARIA ESTHER NAVA"",""proveedor_telefono"":""33 2184 5609"",""financiero_2023"":{""numero_control"":""0745"",""precio_compra_con_iva"":906,""iva_compra"":124.97,""porcentaje_a_ganar"":50,""utilidad"":453,""openpay_comision"":28.77,""openpay_iva"":4.6,""comision_tienda_nube"":30.45,""total_comisiones"":63.83,""descuento_pago_transferencia_pct"":14.41,""iva_venta_desglosar"":196.25,""precio_venta_sin_iva"":1227,""ganancia_real"":1171,""_nota"":""Congelado del control de Excel 2023. No se recalcula ni se sincroniza.""}}"
LGVTM239,CRUZ RESINA SAN BENITO CON BASE,1567,860.34,ARTESANIAS,LGVTM239,JORVINA ARTICULOS RELEGIOSOS,YURECUARO,78,41,"{""medidas_original"":""78 X 41 cms"",""proveedor_contacto"":""MARIA ESTHER NAVA"",""proveedor_telefono"":""33 2184 5609"",""financiero_2023"":{""numero_control"":""0746"",""precio_compra_con_iva"":998,""iva_compra"":137.66,""porcentaje_a_ganar"":50,""utilidad"":499,""openpay_comision"":31.44,""openpay_iva"":5.03,""comision_tienda_nube"":33.27,""total_comisiones"":69.74,""descuento_pago_transferencia_pct"":15.75,""iva_venta_desglosar"":216.1,""precio_venta_sin_iva"":1351,""ganancia_real"":1295,""_nota"":""Congelado del control de Excel 2023. No se recalcula ni se sincroniza.""}}"
LGVTM240,CRUZ DE RESINA PARA COLGAR MEDIANO,686,375,ARTESANIAS,LGVTM240,JORVINA ARTICULOS RELEGIOSOS,YURECUARO,,,"{""proveedor_contacto"":""MARIA ESTHER NAVA"",""proveedor_telefono"":""33 2184 5609"",""financiero_2023"":{""numero_control"":""0747"",""precio_compra_con_iva"":435,""iva_compra"":60,""porcentaje_a_ganar"":50,""utilidad"":217.5,""openpay_comision"":15.12,""openpay_iva"":2.42,""comision_tienda_nube"":16,""total_comisiones"":33.53,""descuento_pago_transferencia_pct"":7.57,""iva_venta_desglosar"":94.63,""precio_venta_sin_iva"":591,""ganancia_real"":536,""_nota"":""Congelado del control de Excel 2023. No se recalcula ni se sincroniza.""}}"
LGVTM241,CRUZ DE RESINA PARA COLGAR CHICO,501,273.28,ARTESANIAS,LGVTM241,JORVINA ARTICULOS RELEGIOSOS,YURECUARO,,,"{""proveedor_contacto"":""MARIA ESTHER NAVA"",""proveedor_telefono"":""33 2184 5609"",""financiero_2023"":{""numero_control"":""0748"",""precio_compra_con_iva"":317,""iva_compra"":43.72,""porcentaje_a_ganar"":50,""utilidad"":158.5,""openpay_comision"":11.69,""openpay_iva"":1.87,""comision_tienda_nube"":12.38,""total_comisiones"":25.95,""descuento_pago_transferencia_pct"":5.86,""iva_venta_desglosar"":69.16,""precio_venta_sin_iva"":432,""ganancia_real"":377,""_nota"":""Congelado del control de Excel 2023. No se recalcula ni se sincroniza.""}}"
LGVTM242,CRUZ DE RESINA CON BASE MEDIANO,761,416.38,ARTESANIAS,LGVTM242,JORVINA ARTICULOS RELEGIOSOS,YURECUARO,,,"{""proveedor_contacto"":""MARIA ESTHER NAVA"",""proveedor_telefono"":""33 2184 5609"",""financiero_2023"":{""numero_control"":""0749"",""precio_compra_con_iva"":483,""iva_compra"":66.62,""porcentaje_a_ganar"":50,""utilidad"":241.5,""openpay_comision"":16.51,""openpay_iva"":2.64,""comision_tienda_nube"":17.47,""total_comisiones"":36.62,""descuento_pago_transferencia_pct"":8.27,""iva_venta_desglosar"":104.98,""precio_venta_sin_iva"":656,""ganancia_real"":601,""_nota"":""Congelado del control de Excel 2023. No se recalcula ni se sincroniza.""}}"
LGVTM243,CRUZ DE RESINA CON BASE CHICO,606,331.03,ARTESANIAS,LGVTM243,JORVINA ARTICULOS RELEGIOSOS,YURECUARO,,,"{""proveedor_contacto"":""MARIA ESTHER NAVA"",""proveedor_telefono"":""33 2184 5609"",""financiero_2023"":{""numero_control"":""0750"",""precio_compra_con_iva"":384,""iva_compra"":52.97,""porcentaje_a_ganar"":50,""utilidad"":192,""openpay_comision"":13.64,""openpay_iva"":2.18,""comision_tienda_nube"":14.44,""total_comisiones"":30.25,""descuento_pago_transferencia_pct"":6.83,""iva_venta_desglosar"":83.62,""precio_venta_sin_iva"":523,""ganancia_real"":467,""_nota"":""Congelado del control de Excel 2023. No se recalcula ni se sincroniza.""}}"
LGVTM244,CRUZ SAN BENITO PARA COLGAR DORADA MED.,681,372.41,ARTESANIAS,LGVTM244,JORVINA ARTICULOS RELEGIOSOS,YURECUARO,33.5,18,"{""medidas_original"":""33.5 X 18 cm"",""proveedor_contacto"":""MARIA ESTHER NAVA"",""proveedor_telefono"":""33 2184 5609"",""financiero_2023"":{""numero_control"":""0751"",""precio_compra_con_iva"":432,""iva_compra"":59.59,""porcentaje_a_ganar"":50,""utilidad"":216,""openpay_comision"":15.03,""openpay_iva"":2.4,""comision_tienda_nube"":15.91,""total_comisiones"":33.34,""descuento_pago_transferencia_pct"":7.53,""iva_venta_desglosar"":93.98,""precio_venta_sin_iva"":587,""ganancia_real"":532,""_nota"":""Congelado del control de Excel 2023. No se recalcula ni se sincroniza.""}}"
LGVTM245,CRUZ SAN BENITO PARA COLGAR PLATA MED.,666,363.79,ARTESANIAS,LGVTM245,JORVINA ARTICULOS RELEGIOSOS,YURECUARO,33.5,18,"{""medidas_original"":""33.5 X 18 cm"",""proveedor_contacto"":""MARIA ESTHER NAVA"",""proveedor_telefono"":""33 2184 5609"",""financiero_2023"":{""numero_control"":""0752"",""precio_compra_con_iva"":422,""iva_compra"":58.21,""porcentaje_a_ganar"":50,""utilidad"":211,""openpay_comision"":14.74,""openpay_iva"":2.36,""comision_tienda_nube"":15.6,""total_comisiones"":32.7,""descuento_pago_transferencia_pct"":7.38,""iva_venta_desglosar"":91.82,""precio_venta_sin_iva"":574,""ganancia_real"":519,""_nota"":""Congelado del control de Excel 2023. No se recalcula ni se sincroniza.""}}"
LGVTM246,CRUZ SAN BENITO PARA COLGAR COMBINADA ME,681,372.41,ARTESANIAS,LGVTM246,JORVINA ARTICULOS RELEGIOSOS,YURECUARO,33.5,18,"{""medidas_original"":""33.5 X 18 cm"",""proveedor_contacto"":""MARIA ESTHER NAVA"",""proveedor_telefono"":""33 2184 5609"",""financiero_2023"":{""numero_control"":""0753"",""precio_compra_con_iva"":432,""iva_compra"":59.59,""porcentaje_a_ganar"":50,""utilidad"":216,""openpay_comision"":15.03,""openpay_iva"":2.4,""comision_tienda_nube"":15.91,""total_comisiones"":33.34,""descuento_pago_transferencia_pct"":7.53,""iva_venta_desglosar"":93.98,""precio_venta_sin_iva"":587,""ganancia_real"":532,""_nota"":""Congelado del control de Excel 2023. No se recalcula ni se sincroniza.""}}"
LGVTM247,CRUZ SAN BENITO PARA COLGAR DORADA CHICA,259,139.66,ARTESANIAS,LGVTM247,JORVINA ARTICULOS RELEGIOSOS,YURECUARO,20.5,10.5,"{""medidas_original"":""20.5 X 10.5c"",""proveedor_contacto"":""MARIA ESTHER NAVA"",""proveedor_telefono"":""33 2184 5609"",""financiero_2023"":{""numero_control"":""0754"",""precio_compra_con_iva"":162,""iva_compra"":22.34,""porcentaje_a_ganar"":50,""utilidad"":81,""openpay_comision"":7.2,""openpay_iva"":1.15,""comision_tienda_nube"":7.63,""total_comisiones"":15.98,""descuento_pago_transferencia_pct"":3.61,""iva_venta_desglosar"":35.72,""precio_venta_sin_iva"":223,""ganancia_real"":168,""_nota"":""Congelado del control de Excel 2023. No se recalcula ni se sincroniza.""}}"
LGVTM248,CRUZ SAN BENITO PARA COLGAR PLATA MED.,250,134.48,ARTESANIAS,LGVTM248,JORVINA ARTICULOS RELEGIOSOS,YURECUARO,20.5,10.5,"{""medidas_original"":""20.5 X 10.5c"",""proveedor_contacto"":""MARIA ESTHER NAVA"",""proveedor_telefono"":""33 2184 5609"",""financiero_2023"":{""numero_control"":""0755"",""precio_compra_con_iva"":156,""iva_compra"":21.52,""porcentaje_a_ganar"":50,""utilidad"":78,""openpay_comision"":7.02,""openpay_iva"":1.12,""comision_tienda_nube"":7.44,""total_comisiones"":15.59,""descuento_pago_transferencia_pct"":3.52,""iva_venta_desglosar"":34.43,""precio_venta_sin_iva"":215,""ganancia_real"":160,""_nota"":""Congelado del control de Excel 2023. No se recalcula ni se sincroniza.""}}"
LGVTM249,CRUZ RESACADA SAN BENITO PLATA,680,371.55,ARTESANIAS,LGVTM249,JORVINA ARTICULOS RELEGIOSOS,YURECUARO,,,"{""proveedor_contacto"":""MARIA ESTHER NAVA"",""proveedor_telefono"":""33 2184 5609"",""financiero_2023"":{""numero_control"":""0756"",""precio_compra_con_iva"":431,""iva_compra"":59.45,""porcentaje_a_ganar"":50,""utilidad"":215.5,""openpay_comision"":15,""openpay_iva"":2.4,""comision_tienda_nube"":15.88,""total_comisiones"":33.28,""descuento_pago_transferencia_pct"":7.51,""iva_venta_desglosar"":93.76,""precio_venta_sin_iva"":586,""ganancia_real"":531,""_nota"":""Congelado del control de Excel 2023. No se recalcula ni se sincroniza.""}}"
LGVTM250,CRUZ RESACADA SAN BENITO DORADO,680,371.55,ARTESANIAS,LGVTM250,JORVINA ARTICULOS RELEGIOSOS,YURECUARO,,,"{""proveedor_contacto"":""MARIA ESTHER NAVA"",""proveedor_telefono"":""33 2184 5609"",""financiero_2023"":{""numero_control"":""0757"",""precio_compra_con_iva"":431,""iva_compra"":59.45,""porcentaje_a_ganar"":50,""utilidad"":215.5,""openpay_comision"":15,""openpay_iva"":2.4,""comision_tienda_nube"":15.88,""total_comisiones"":33.28,""descuento_pago_transferencia_pct"":7.51,""iva_venta_desglosar"":93.76,""precio_venta_sin_iva"":586,""ganancia_real"":531,""_nota"":""Congelado del control de Excel 2023. No se recalcula ni se sincroniza.""}}"
LGVTM251,CRUZ RESACADA SAN BENITO PLATA C/BASE,769,420.69,ARTESANIAS,LGVTM251,JORVINA ARTICULOS RELEGIOSOS,YURECUARO,,,"{""proveedor_contacto"":""MARIA ESTHER NAVA"",""proveedor_telefono"":""33 2184 5609"",""financiero_2023"":{""numero_control"":""0758"",""precio_compra_con_iva"":488,""iva_compra"":67.31,""porcentaje_a_ganar"":50,""utilidad"":244,""openpay_comision"":16.65,""openpay_iva"":2.66,""comision_tienda_nube"":17.63,""total_comisiones"":36.94,""descuento_pago_transferencia_pct"":8.34,""iva_venta_desglosar"":106.06,""precio_venta_sin_iva"":663,""ganancia_real"":608,""_nota"":""Congelado del control de Excel 2023. No se recalcula ni se sincroniza.""}}"
LGVTM252,CRUZ RESACADA SAN BENITO DORADO C/BASE,769,420.69,ARTESANIAS,LGVTM252,JORVINA ARTICULOS RELEGIOSOS,YURECUARO,,,"{""proveedor_contacto"":""MARIA ESTHER NAVA"",""proveedor_telefono"":""33 2184 5609"",""financiero_2023"":{""numero_control"":""0759"",""precio_compra_con_iva"":488,""iva_compra"":67.31,""porcentaje_a_ganar"":50,""utilidad"":244,""openpay_comision"":16.65,""openpay_iva"":2.66,""comision_tienda_nube"":17.63,""total_comisiones"":36.94,""descuento_pago_transferencia_pct"":8.34,""iva_venta_desglosar"":106.06,""precio_venta_sin_iva"":663,""ganancia_real"":608,""_nota"":""Congelado del control de Excel 2023. No se recalcula ni se sincroniza.""}}"
LGVTM253,CRUZ SAN BENITO NUM. 16 C/MAD.  EN DORADA,480,261.21,ARTESANIAS,LGVTM253,JORVINA ARTICULOS RELEGIOSOS,YURECUARO,26.5,17.5,"{""medidas_original"":""26.5X17.5cm"",""proveedor_contacto"":""MARIA ESTHER NAVA"",""proveedor_telefono"":""33 2184 5609"",""financiero_2023"":{""numero_control"":""0760"",""precio_compra_con_iva"":303,""iva_compra"":41.79,""porcentaje_a_ganar"":50,""utilidad"":151.5,""openpay_comision"":11.29,""openpay_iva"":1.81,""comision_tienda_nube"":11.95,""total_comisiones"":25.04,""descuento_pago_transferencia_pct"":5.66,""iva_venta_desglosar"":66.14,""precio_venta_sin_iva"":413,""ganancia_real"":358,""_nota"":""Congelado del control de Excel 2023. No se recalcula ni se sincroniza.""}}"
LGVTM254,CRUZ SAN BENITO NUM. 16 C/MAD. EN PLATA,431,234.48,ARTESANIAS,LGVTM254,JORVINA ARTICULOS RELEGIOSOS,YURECUARO,26.5,17.5,"{""medidas_original"":""26.5X17.5cm"",""proveedor_contacto"":""MARIA ESTHER NAVA"",""proveedor_telefono"":""33 2184 5609"",""financiero_2023"":{""numero_control"":""0761"",""precio_compra_con_iva"":272,""iva_compra"":37.52,""porcentaje_a_ganar"":50,""utilidad"":136,""openpay_comision"":10.39,""openpay_iva"":1.66,""comision_tienda_nube"":11,""total_comisiones"":23.05,""descuento_pago_transferencia_pct"":5.2,""iva_venta_desglosar"":59.46,""precio_venta_sin_iva"":372,""ganancia_real"":316,""_nota"":""Congelado del control de Excel 2023. No se recalcula ni se sincroniza.""}}"
LGVTM255,CRUZ SAN BENITO EN MADERA DORADA MEDIANA,304,164.66,ARTESANIAS,LGVTM255,JORVINA ARTICULOS RELEGIOSOS,YURECUARO,24,14.5,"{""medidas_original"":""24 X 14.5 cm"",""proveedor_contacto"":""MARIA ESTHER NAVA"",""proveedor_telefono"":""33 2184 5609"",""financiero_2023"":{""numero_control"":""0762"",""precio_compra_con_iva"":191,""iva_compra"":26.34,""porcentaje_a_ganar"":50,""utilidad"":95.5,""openpay_comision"":8.04,""openpay_iva"":1.29,""comision_tienda_nube"":8.52,""total_comisiones"":17.84,""descuento_pago_transferencia_pct"":4.03,""iva_venta_desglosar"":41.98,""precio_venta_sin_iva"":262,""ganancia_real"":207,""_nota"":""Congelado del control de Excel 2023. No se recalcula ni se sincroniza.""}}"
LGVTM256,CRUZ SAN BENITO EN MADERA PLATA MEDIANA,279,150.86,ARTESANIAS,LGVTM256,JORVINA ARTICULOS RELEGIOSOS,YURECUARO,24,14.5,"{""medidas_original"":""24 X 14.5 cm"",""proveedor_contacto"":""MARIA ESTHER NAVA"",""proveedor_telefono"":""33 2184 5609"",""financiero_2023"":{""numero_control"":""0763"",""precio_compra_con_iva"":175,""iva_compra"":24.14,""porcentaje_a_ganar"":50,""utilidad"":87.5,""openpay_comision"":7.58,""openpay_iva"":1.21,""comision_tienda_nube"":8.03,""total_comisiones"":16.81,""descuento_pago_transferencia_pct"":3.8,""iva_venta_desglosar"":38.53,""precio_venta_sin_iva"":241,""ganancia_real"":186,""_nota"":""Congelado del control de Excel 2023. No se recalcula ni se sincroniza.""}}"
LGVTM257,CRUZ SAN BENITO DORADA C/MADERA CHICA,259,139.66,ARTESANIAS,LGVTM257,JORVINA ARTICULOS RELEGIOSOS,YURECUARO,19,13,"{""medidas_original"":""19 X 13 cms"",""proveedor_contacto"":""MARIA ESTHER NAVA"",""proveedor_telefono"":""33 2184 5609"",""financiero_2023"":{""numero_control"":""0764"",""precio_compra_con_iva"":162,""iva_compra"":22.34,""porcentaje_a_ganar"":50,""utilidad"":81,""openpay_comision"":7.2,""openpay_iva"":1.15,""comision_tienda_nube"":7.63,""total_comisiones"":15.98,""descuento_pago_transferencia_pct"":3.61,""iva_venta_desglosar"":35.72,""precio_venta_sin_iva"":223,""ganancia_real"":168,""_nota"":""Congelado del control de Excel 2023. No se recalcula ni se sincroniza.""}}"
LGVTM258,CRUZ SAN BENITO PLATA C/MADERA CHICA,250,134.48,ARTESANIAS,LGVTM258,JORVINA ARTICULOS RELEGIOSOS,YURECUARO,19,13,"{""medidas_original"":""19 X 13 cms"",""proveedor_contacto"":""MARIA ESTHER NAVA"",""proveedor_telefono"":""33 2184 5609"",""financiero_2023"":{""numero_control"":""0765"",""precio_compra_con_iva"":156,""iva_compra"":21.52,""porcentaje_a_ganar"":50,""utilidad"":78,""openpay_comision"":7.02,""openpay_iva"":1.12,""comision_tienda_nube"":7.44,""total_comisiones"":15.59,""descuento_pago_transferencia_pct"":3.52,""iva_venta_desglosar"":34.43,""precio_venta_sin_iva"":215,""ganancia_real"":160,""_nota"":""Congelado del control de Excel 2023. No se recalcula ni se sincroniza.""}}"
LGVTM259,CRUZ SAN BENITO RESPLANDOR DORADA,314,169.83,ARTESANIAS,LGVTM259,JORVINA ARTICULOS RELEGIOSOS,YURECUARO,20,13,"{""medidas_original"":""20 X 13 cms"",""proveedor_contacto"":""MARIA ESTHER NAVA"",""proveedor_telefono"":""33 2184 5609"",""financiero_2023"":{""numero_control"":""0766"",""precio_compra_con_iva"":197,""iva_compra"":27.17,""porcentaje_a_ganar"":50,""utilidad"":98.5,""openpay_comision"":8.21,""openpay_iva"":1.31,""comision_tienda_nube"":8.7,""total_comisiones"":18.23,""descuento_pago_transferencia_pct"":4.12,""iva_venta_desglosar"":43.27,""precio_venta_sin_iva"":270,""ganancia_real"":215,""_nota"":""Congelado del control de Excel 2023. No se recalcula ni se sincroniza.""}}"
LGVTM260,CRUZ SAN BENITO RESPLANDOR PLATA,284,153.45,ARTESANIAS,LGVTM260,JORVINA ARTICULOS RELEGIOSOS,YURECUARO,20,13,"{""medidas_original"":""20 X 13 cms"",""proveedor_contacto"":""MARIA ESTHER NAVA"",""proveedor_telefono"":""33 2184 5609"",""financiero_2023"":{""numero_control"":""0767"",""precio_compra_con_iva"":178,""iva_compra"":24.55,""porcentaje_a_ganar"":50,""utilidad"":89,""openpay_comision"":7.66,""openpay_iva"":1.23,""comision_tienda_nube"":8.12,""total_comisiones"":17.01,""descuento_pago_transferencia_pct"":3.84,""iva_venta_desglosar"":39.17,""precio_venta_sin_iva"":245,""ganancia_real"":190,""_nota"":""Congelado del control de Excel 2023. No se recalcula ni se sincroniza.""}}"
LGVTM261,CRUZ DE SAN BENITO NUM. 2,85,43.97,ARTESANIAS,LGVTM261,JORVINA ARTICULOS RELEGIOSOS,YURECUARO,15,8.5,"{""medidas_original"":""15 X 8.5 cms"",""proveedor_contacto"":""MARIA ESTHER NAVA"",""proveedor_telefono"":""33 2184 5609"",""financiero_2023"":{""numero_control"":""0768"",""precio_compra_con_iva"":51,""iva_compra"":7.03,""porcentaje_a_ganar"":50,""utilidad"":25.5,""openpay_comision"":3.98,""openpay_iva"":0.64,""comision_tienda_nube"":4.22,""total_comisiones"":8.84,""descuento_pago_transferencia_pct"":2,""iva_venta_desglosar"":11.77,""precio_venta_sin_iva"":74,""ganancia_real"":18,""_nota"":""Congelado del control de Excel 2023. No se recalcula ni se sincroniza.""}}"
LGVTM262,CRUZ DE SAN BENITO NUM. 1,128,67.24,ARTESANIAS,LGVTM262,JORVINA ARTICULOS RELEGIOSOS,YURECUARO,15,8.5,"{""medidas_original"":""15 X 8.5 cms"",""proveedor_contacto"":""MARIA ESTHER NAVA"",""proveedor_telefono"":""33 2184 5609"",""financiero_2023"":{""numero_control"":""0769"",""precio_compra_con_iva"":78,""iva_compra"":10.76,""porcentaje_a_ganar"":50,""utilidad"":39,""openpay_comision"":4.76,""openpay_iva"":0.76,""comision_tienda_nube"":5.05,""total_comisiones"":10.57,""descuento_pago_transferencia_pct"":2.39,""iva_venta_desglosar"":17.6,""precio_venta_sin_iva"":110,""ganancia_real"":55,""_nota"":""Congelado del control de Excel 2023. No se recalcula ni se sincroniza.""}}"
LGVTM263,MEDALLA JUMBO SAN BENITO DORADA,148,78.45,ARTESANIAS,LGVTM263,JORVINA ARTICULOS RELEGIOSOS,YURECUARO,7.6,7.6,"{""medidas_original"":""7.6 X 7.6cms"",""proveedor_contacto"":""MARIA ESTHER NAVA"",""proveedor_telefono"":""33 2184 5609"",""financiero_2023"":{""numero_control"":""0770"",""precio_compra_con_iva"":91,""iva_compra"":12.55,""porcentaje_a_ganar"":50,""utilidad"":45.5,""openpay_comision"":5.14,""openpay_iva"":0.82,""comision_tienda_nube"":5.45,""total_comisiones"":11.41,""descuento_pago_transferencia_pct"":2.58,""iva_venta_desglosar"":20.4,""precio_venta_sin_iva"":128,""ganancia_real"":72,""_nota"":""Congelado del control de Excel 2023. No se recalcula ni se sincroniza.""}}"
LGVTM264,MEDALLA JUMBO SAN BENITO PLATA,140,74.14,ARTESANIAS,LGVTM264,JORVINA ARTICULOS RELEGIOSOS,YURECUARO,7.6,7.6,"{""medidas_original"":""7.6 X 7.6cms"",""proveedor_contacto"":""MARIA ESTHER NAVA"",""proveedor_telefono"":""33 2184 5609"",""financiero_2023"":{""numero_control"":""0771"",""precio_compra_con_iva"":86,""iva_compra"":11.86,""porcentaje_a_ganar"":50,""utilidad"":43,""openpay_comision"":4.99,""openpay_iva"":0.8,""comision_tienda_nube"":5.3,""total_comisiones"":11.09,""descuento_pago_transferencia_pct"":2.5,""iva_venta_desglosar"":19.32,""precio_venta_sin_iva"":121,""ganancia_real"":66,""_nota"":""Congelado del control de Excel 2023. No se recalcula ni se sincroniza.""}}"
LGVTM265,MEDALLA MEDIANA SAN BENITO DORADA,67,29.31,ARTESANIAS,LGVTM265,JORVINA ARTICULOS RELEGIOSOS,YURECUARO,4.6,4.6,"{""medidas_original"":""4.6 X 4.6cms"",""proveedor_contacto"":""MARIA ESTHER NAVA"",""proveedor_telefono"":""33 2184 5609"",""financiero_2023"":{""numero_control"":""0772"",""precio_compra_con_iva"":34,""iva_compra"":4.69,""porcentaje_a_ganar"":75,""utilidad"":25.5,""openpay_comision"":3.49,""openpay_iva"":0.56,""comision_tienda_nube"":3.87,""total_comisiones"":7.91,""descuento_pago_transferencia_pct"":1.79,""iva_venta_desglosar"":9.3,""precio_venta_sin_iva"":58,""ganancia_real"":3,""_nota"":""Congelado del control de Excel 2023. No se recalcula ni se sincroniza.""}}"
LGVTM266,MEDALLA MEDIANA SAN BENITO PLATA,68,26.72,ARTESANIAS,LGVTM266,JORVINA ARTICULOS RELEGIOSOS,YURECUARO,4.6,4.6,"{""medidas_original"":""4.6 X 4.6cms"",""proveedor_contacto"":""MARIA ESTHER NAVA"",""proveedor_telefono"":""33 2184 5609"",""financiero_2023"":{""numero_control"":""0773"",""precio_compra_con_iva"":31,""iva_compra"":4.28,""porcentaje_a_ganar"":95,""utilidad"":29.45,""openpay_comision"":3.4,""openpay_iva"":0.54,""comision_tienda_nube"":3.89,""total_comisiones"":7.83,""descuento_pago_transferencia_pct"":1.77,""iva_venta_desglosar"":9.42,""precio_venta_sin_iva"":59,""ganancia_real"":4,""_nota"":""Congelado del control de Excel 2023. No se recalcula ni se sincroniza.""}}"
LGVTM267,MEDALLA CHICA SAN BENITO DORADA,52,12.93,ARTESANIAS,LGVTM267,JORVINA ARTICULOS RELEGIOSOS,YURECUARO,3,3,"{""medidas_original"":""3 X 3 cms"",""proveedor_contacto"":""MARIA ESTHER NAVA"",""proveedor_telefono"":""33 2184 5609"",""financiero_2023"":{""numero_control"":""0774"",""precio_compra_con_iva"":15,""iva_compra"":2.07,""porcentaje_a_ganar"":200,""utilidad"":30,""openpay_comision"":2.94,""openpay_iva"":0.47,""comision_tienda_nube"":3.57,""total_comisiones"":6.97,""descuento_pago_transferencia_pct"":1.57,""iva_venta_desglosar"":7.17,""precio_venta_sin_iva"":45,""ganancia_real"":-10,""_nota"":""Congelado del control de Excel 2023. No se recalcula ni se sincroniza.""}}"
LGVTM268,MEDALLA CHICA SAN BENITO PLATA,49,12.07,ARTESANIAS,LGVTM268,JORVINA ARTICULOS RELEGIOSOS,YURECUARO,3,3,"{""medidas_original"":""3 X 3 cms"",""proveedor_contacto"":""MARIA ESTHER NAVA"",""proveedor_telefono"":""33 2184 5609"",""financiero_2023"":{""numero_control"":""0775"",""precio_compra_con_iva"":14,""iva_compra"":1.93,""porcentaje_a_ganar"":200,""utilidad"":28,""openpay_comision"":2.91,""openpay_iva"":0.46,""comision_tienda_nube"":3.51,""total_comisiones"":6.88,""descuento_pago_transferencia_pct"":1.55,""iva_venta_desglosar"":6.74,""precio_venta_sin_iva"":42,""ganancia_real"":-13,""_nota"":""Congelado del control de Excel 2023. No se recalcula ni se sincroniza.""}}"
LGVTM269,MEDALLA JUMBO SAN BENITO ARO MAD. DORA.,217,116.38,ARTESANIAS,LGVTM269,JORVINA ARTICULOS RELEGIOSOS,YURECUARO,11.5,10.5,"{""medidas_original"":""11.5 X10.5cm"",""proveedor_contacto"":""MARIA ESTHER NAVA"",""proveedor_telefono"":""33 2184 5609"",""financiero_2023"":{""numero_control"":""0776"",""precio_compra_con_iva"":135,""iva_compra"":18.62,""porcentaje_a_ganar"":50,""utilidad"":67.5,""openpay_comision"":6.42,""openpay_iva"":1.03,""comision_tienda_nube"":6.8,""total_comisiones"":14.24,""descuento_pago_transferencia_pct"":3.22,""iva_venta_desglosar"":29.9,""precio_venta_sin_iva"":187,""ganancia_real"":132,""_nota"":""Congelado del control de Excel 2023. No se recalcula ni se sincroniza.""}}"
LGVTM270,MEDALLA JUMBO SAN BENITO ARO MAD. PLATA,198,106.03,ARTESANIAS,LGVTM270,JORVINA ARTICULOS RELEGIOSOS,YURECUARO,11.5,10.5,"{""medidas_original"":""11.5 X10.5cm"",""proveedor_contacto"":""MARIA ESTHER NAVA"",""proveedor_telefono"":""33 2184 5609"",""financiero_2023"":{""numero_control"":""0777"",""precio_compra_con_iva"":123,""iva_compra"":16.97,""porcentaje_a_ganar"":50,""utilidad"":61.5,""openpay_comision"":6.07,""openpay_iva"":0.97,""comision_tienda_nube"":6.43,""total_comisiones"":13.47,""descuento_pago_transferencia_pct"":3.04,""iva_venta_desglosar"":27.31,""precio_venta_sin_iva"":171,""ganancia_real"":115,""_nota"":""Congelado del control de Excel 2023. No se recalcula ni se sincroniza.""}}"
LGVTM271,MEDALLA SAN BENITO OVALO MADERA DORADA,145,76.72,ARTESANIAS,LGVTM271,JORVINA ARTICULOS RELEGIOSOS,YURECUARO,8.5,9.5,"{""medidas_original"":""8.5 X 9.5 cm"",""proveedor_contacto"":""MARIA ESTHER NAVA"",""proveedor_telefono"":""33 2184 5609"",""financiero_2023"":{""numero_control"":""0778"",""precio_compra_con_iva"":89,""iva_compra"":12.28,""porcentaje_a_ganar"":50,""utilidad"":44.5,""openpay_comision"":5.08,""openpay_iva"":0.81,""comision_tienda_nube"":5.39,""total_comisiones"":11.28,""descuento_pago_transferencia_pct"":2.55,""iva_venta_desglosar"":19.97,""precio_venta_sin_iva"":125,""ganancia_real"":70,""_nota"":""Congelado del control de Excel 2023. No se recalcula ni se sincroniza.""}}"
LGVTM272,MEDALLA SAN BENITO OVALO MADERA PLATA,137,72.41,ARTESANIAS,LGVTM272,JORVINA ARTICULOS RELEGIOSOS,YURECUARO,8.5,9.5,"{""medidas_original"":""8.5 X 9.5 cm"",""proveedor_contacto"":""MARIA ESTHER NAVA"",""proveedor_telefono"":""33 2184 5609"",""financiero_2023"":{""numero_control"":""0779"",""precio_compra_con_iva"":84,""iva_compra"":11.59,""porcentaje_a_ganar"":50,""utilidad"":42,""openpay_comision"":4.94,""openpay_iva"":0.79,""comision_tienda_nube"":5.23,""total_comisiones"":10.96,""descuento_pago_transferencia_pct"":2.47,""iva_venta_desglosar"":18.89,""precio_venta_sin_iva"":118,""ganancia_real"":63,""_nota"":""Congelado del control de Excel 2023. No se recalcula ni se sincroniza.""}}"
LGVTM273,VIRGEN GPE. 1/2 CUERPO ARO DORADO C/PIED.,160,85.34,ARTESANIAS,LGVTM273,JORVINA ARTICULOS RELEGIOSOS,YURECUARO,9,9,"{""medidas_original"":""9 X 9 cms"",""proveedor_contacto"":""MARIA ESTHER NAVA"",""proveedor_telefono"":""33 2184 5609"",""financiero_2023"":{""numero_control"":""0780"",""precio_compra_con_iva"":99,""iva_compra"":13.66,""porcentaje_a_ganar"":50,""utilidad"":49.5,""openpay_comision"":5.37,""openpay_iva"":0.86,""comision_tienda_nube"":5.69,""total_comisiones"":11.92,""descuento_pago_transferencia_pct"":2.69,""iva_venta_desglosar"":22.13,""precio_venta_sin_iva"":138,""ganancia_real"":83,""_nota"":""Congelado del control de Excel 2023. No se recalcula ni se sincroniza.""}}"
LGVTM274,VIRGEN GPE. 1/2 CUERPO ARO PLATA C/PIEDRA,145,76.72,ARTESANIAS,LGVTM274,JORVINA ARTICULOS RELEGIOSOS,YURECUARO,9,9,"{""medidas_original"":""9 X 9 cms"",""proveedor_contacto"":""MARIA ESTHER NAVA"",""proveedor_telefono"":""33 2184 5609"",""financiero_2023"":{""numero_control"":""0781"",""precio_compra_con_iva"":89,""iva_compra"":12.28,""porcentaje_a_ganar"":50,""utilidad"":44.5,""openpay_comision"":5.08,""openpay_iva"":0.81,""comision_tienda_nube"":5.39,""total_comisiones"":11.28,""descuento_pago_transferencia_pct"":2.55,""iva_venta_desglosar"":19.97,""precio_venta_sin_iva"":125,""ganancia_real"":70,""_nota"":""Congelado del control de Excel 2023. No se recalcula ni se sincroniza.""}}"
LGVTM275,VIRGEN GUADALUPE EN ARO DORADA C/PIEDRA,160,85.34,ARTESANIAS,LGVTM275,JORVINA ARTICULOS RELEGIOSOS,YURECUARO,9,9,"{""medidas_original"":""9 X 9 cms"",""proveedor_contacto"":""MARIA ESTHER NAVA"",""proveedor_telefono"":""33 2184 5609"",""financiero_2023"":{""numero_control"":""0782"",""precio_compra_con_iva"":99,""iva_compra"":13.66,""porcentaje_a_ganar"":50,""utilidad"":49.5,""openpay_comision"":5.37,""openpay_iva"":0.86,""comision_tienda_nube"":5.69,""total_comisiones"":11.92,""descuento_pago_transferencia_pct"":2.69,""iva_venta_desglosar"":22.13,""precio_venta_sin_iva"":138,""ganancia_real"":83,""_nota"":""Congelado del control de Excel 2023. No se recalcula ni se sincroniza.""}}"
LGVTM276,VIRGEN GUADALUPE EN ARO PLATA C/PIEDRA,145,76.72,ARTESANIAS,LGVTM276,JORVINA ARTICULOS RELEGIOSOS,YURECUARO,9,9,"{""medidas_original"":""9 X 9 cms"",""proveedor_contacto"":""MARIA ESTHER NAVA"",""proveedor_telefono"":""33 2184 5609"",""financiero_2023"":{""numero_control"":""0783"",""precio_compra_con_iva"":89,""iva_compra"":12.28,""porcentaje_a_ganar"":50,""utilidad"":44.5,""openpay_comision"":5.08,""openpay_iva"":0.81,""comision_tienda_nube"":5.39,""total_comisiones"":11.28,""descuento_pago_transferencia_pct"":2.55,""iva_venta_desglosar"":19.97,""precio_venta_sin_iva"":125,""ganancia_real"":70,""_nota"":""Congelado del control de Excel 2023. No se recalcula ni se sincroniza.""}}"
LGVTM277,VIRGEN GUADALUPE EN ARO DORADA,128,67.24,ARTESANIAS,LGVTM277,JORVINA ARTICULOS RELEGIOSOS,YURECUARO,23,15,"{""medidas_original"":""23 X 15 cms"",""proveedor_contacto"":""MARIA ESTHER NAVA"",""proveedor_telefono"":""33 2184 5609"",""financiero_2023"":{""numero_control"":""0784"",""precio_compra_con_iva"":78,""iva_compra"":10.76,""porcentaje_a_ganar"":50,""utilidad"":39,""openpay_comision"":4.76,""openpay_iva"":0.76,""comision_tienda_nube"":5.05,""total_comisiones"":10.57,""descuento_pago_transferencia_pct"":2.39,""iva_venta_desglosar"":17.6,""precio_venta_sin_iva"":110,""ganancia_real"":55,""_nota"":""Congelado del control de Excel 2023. No se recalcula ni se sincroniza.""}}"
LGVTM278,VIRGEN GUADALUPE EN ARO PLATA,118,62.07,ARTESANIAS,LGVTM278,JORVINA ARTICULOS RELEGIOSOS,YURECUARO,23,15,"{""medidas_original"":""23 X 15 cms"",""proveedor_contacto"":""MARIA ESTHER NAVA"",""proveedor_telefono"":""33 2184 5609"",""financiero_2023"":{""numero_control"":""0785"",""precio_compra_con_iva"":72,""iva_compra"":9.93,""porcentaje_a_ganar"":50,""utilidad"":36,""openpay_comision"":4.59,""openpay_iva"":0.73,""comision_tienda_nube"":4.87,""total_comisiones"":10.19,""descuento_pago_transferencia_pct"":2.3,""iva_venta_desglosar"":16.3,""precio_venta_sin_iva"":102,""ganancia_real"":47,""_nota"":""Congelado del control de Excel 2023. No se recalcula ni se sincroniza.""}}"
LGVTM279,VIRGEN GUADALUPE NUEVA RETABLO DORADA,458,249.14,ARTESANIAS,LGVTM279,JORVINA ARTICULOS RELEGIOSOS,YURECUARO,17,13,"{""medidas_original"":""17 X 13 cms"",""proveedor_contacto"":""MARIA ESTHER NAVA"",""proveedor_telefono"":""33 2184 5609"",""financiero_2023"":{""numero_control"":""0786"",""precio_compra_con_iva"":289,""iva_compra"":39.86,""porcentaje_a_ganar"":50,""utilidad"":144.5,""openpay_comision"":10.88,""openpay_iva"":1.74,""comision_tienda_nube"":11.52,""total_comisiones"":24.14,""descuento_pago_transferencia_pct"":5.45,""iva_venta_desglosar"":63.12,""precio_venta_sin_iva"":395,""ganancia_real"":339,""_nota"":""Congelado del control de Excel 2023. No se recalcula ni se sincroniza.""}}"
LGVTM280,VIRGEN GUADALUPE NUEVA RETABLO PLATA,422,229.31,ARTESANIAS,LGVTM280,JORVINA ARTICULOS RELEGIOSOS,YURECUARO,10,7,"{""medidas_original"":""10 X 7 cms"",""proveedor_contacto"":""MARIA ESTHER NAVA"",""proveedor_telefono"":""33 2184 5609"",""financiero_2023"":{""numero_control"":""0787"",""precio_compra_con_iva"":266,""iva_compra"":36.69,""porcentaje_a_ganar"":50,""utilidad"":133,""openpay_comision"":10.21,""openpay_iva"":1.63,""comision_tienda_nube"":10.82,""total_comisiones"":22.67,""descuento_pago_transferencia_pct"":5.12,""iva_venta_desglosar"":58.16,""precio_venta_sin_iva"":364,""ganancia_real"":308,""_nota"":""Congelado del control de Excel 2023. No se recalcula ni se sincroniza.""}}"
LGVTM281,RETABLO GRANDE MADONA CON NIÑO,243,131.03,ARTESANIAS,LGVTM281,JORVINA ARTICULOS RELEGIOSOS,YURECUARO,23.5,13.5,"{""medidas_original"":""23.5 X 13.5 c"",""proveedor_contacto"":""MARIA ESTHER NAVA"",""proveedor_telefono"":""33 2184 5609"",""financiero_2023"":{""numero_control"":""0788"",""precio_compra_con_iva"":152,""iva_compra"":20.97,""porcentaje_a_ganar"":50,""utilidad"":76,""openpay_comision"":6.91,""openpay_iva"":1.11,""comision_tienda_nube"":7.32,""total_comisiones"":15.33,""descuento_pago_transferencia_pct"":3.46,""iva_venta_desglosar"":33.56,""precio_venta_sin_iva"":210,""ganancia_real"":155,""_nota"":""Congelado del control de Excel 2023. No se recalcula ni se sincroniza.""}}"
LGVTM282,CAMAFEO MADONA CON NIÑO EN BASE,175,93.1,ARTESANIAS,LGVTM282,JORVINA ARTICULOS RELEGIOSOS,YURECUARO,23.5,13.5,"{""medidas_original"":""23.5 X 13.5 c"",""proveedor_contacto"":""MARIA ESTHER NAVA"",""proveedor_telefono"":""33 2184 5609"",""financiero_2023"":{""numero_control"":""0789"",""precio_compra_con_iva"":108,""iva_compra"":14.9,""porcentaje_a_ganar"":50,""utilidad"":54,""openpay_comision"":5.63,""openpay_iva"":0.9,""comision_tienda_nube"":5.97,""total_comisiones"":12.5,""descuento_pago_transferencia_pct"":2.82,""iva_venta_desglosar"":24.07,""precio_venta_sin_iva"":150,""ganancia_real"":95,""_nota"":""Congelado del control de Excel 2023. No se recalcula ni se sincroniza.""}}"
LGVTM283,RETABLO VIRGEN GUADALUPE DORADA,267,143.97,ARTESANIAS,LGVTM283,JORVINA ARTICULOS RELEGIOSOS,YURECUARO,10,6.3,"{""medidas_original"":""10 X 6.3 cms"",""proveedor_contacto"":""MARIA ESTHER NAVA"",""proveedor_telefono"":""33 2184 5609"",""financiero_2023"":{""numero_control"":""0790"",""precio_compra_con_iva"":167,""iva_compra"":23.03,""porcentaje_a_ganar"":50,""utilidad"":83.5,""openpay_comision"":7.34,""openpay_iva"":1.17,""comision_tienda_nube"":7.78,""total_comisiones"":16.3,""descuento_pago_transferencia_pct"":3.68,""iva_venta_desglosar"":36.8,""precio_venta_sin_iva"":230,""ganancia_real"":175,""_nota"":""Congelado del control de Excel 2023. No se recalcula ni se sincroniza.""}}"
LGVTM284,RETABLO VIRGEN GUADALUPE PLATA,246,132.76,ARTESANIAS,LGVTM284,JORVINA ARTICULOS RELEGIOSOS,YURECUARO,10,7.5,"{""medidas_original"":""10 X 7.5 cms"",""proveedor_contacto"":""MARIA ESTHER NAVA"",""proveedor_telefono"":""33 2184 5609"",""financiero_2023"":{""numero_control"":""0791"",""precio_compra_con_iva"":154,""iva_compra"":21.24,""porcentaje_a_ganar"":50,""utilidad"":77,""openpay_comision"":6.97,""openpay_iva"":1.11,""comision_tienda_nube"":7.38,""total_comisiones"":15.46,""descuento_pago_transferencia_pct"":3.49,""iva_venta_desglosar"":33.99,""precio_venta_sin_iva"":212,""ganancia_real"":157,""_nota"":""Congelado del control de Excel 2023. No se recalcula ni se sincroniza.""}}"
LGVTM285,MEDALLON VIRGEN MILAGROSA,175,93.1,ARTESANIAS,LGVTM285,JORVINA ARTICULOS RELEGIOSOS,YURECUARO,10,7.5,"{""medidas_original"":""10 X 7.5 cms"",""proveedor_contacto"":""MARIA ESTHER NAVA"",""proveedor_telefono"":""33 2184 5609"",""financiero_2023"":{""numero_control"":""0792"",""precio_compra_con_iva"":108,""iva_compra"":14.9,""porcentaje_a_ganar"":50,""utilidad"":54,""openpay_comision"":5.63,""openpay_iva"":0.9,""comision_tienda_nube"":5.97,""total_comisiones"":12.5,""descuento_pago_transferencia_pct"":2.82,""iva_venta_desglosar"":24.07,""precio_venta_sin_iva"":150,""ganancia_real"":95,""_nota"":""Congelado del control de Excel 2023. No se recalcula ni se sincroniza.""}}"
LGVTM286,MADONA CON NIÑO EN ARO DORADO C/PIEDRA,243,131.03,ARTESANIAS,LGVTM286,JORVINA ARTICULOS RELEGIOSOS,YURECUARO,22,10.5,"{""medidas_original"":""22 X 10.5 cm"",""proveedor_contacto"":""MARIA ESTHER NAVA"",""proveedor_telefono"":""33 2184 5609"",""financiero_2023"":{""numero_control"":""0793"",""precio_compra_con_iva"":152,""iva_compra"":20.97,""porcentaje_a_ganar"":50,""utilidad"":76,""openpay_comision"":6.91,""openpay_iva"":1.11,""comision_tienda_nube"":7.32,""total_comisiones"":15.33,""descuento_pago_transferencia_pct"":3.46,""iva_venta_desglosar"":33.56,""precio_venta_sin_iva"":210,""ganancia_real"":155,""_nota"":""Congelado del control de Excel 2023. No se recalcula ni se sincroniza.""}}"
LGVTM287,MADONA CON NIÑO EN ARO PLATA C/PIEDRA,225,120.69,ARTESANIAS,LGVTM287,JORVINA ARTICULOS RELEGIOSOS,YURECUARO,22,10.5,"{""medidas_original"":""22 X 10.5 cm"",""proveedor_contacto"":""MARIA ESTHER NAVA"",""proveedor_telefono"":""33 2184 5609"",""financiero_2023"":{""numero_control"":""0794"",""precio_compra_con_iva"":140,""iva_compra"":19.31,""porcentaje_a_ganar"":50,""utilidad"":70,""openpay_comision"":6.56,""openpay_iva"":1.05,""comision_tienda_nube"":6.95,""total_comisiones"":14.56,""descuento_pago_transferencia_pct"":3.29,""iva_venta_desglosar"":30.97,""precio_venta_sin_iva"":194,""ganancia_real"":138,""_nota"":""Congelado del control de Excel 2023. No se recalcula ni se sincroniza.""}}"
LGVTM288,VIRGEN GUADALUPE NUEVA BASE DORADA,422,229.31,ARTESANIAS,LGVTM288,JORVINA ARTICULOS RELEGIOSOS,YURECUARO,10.5,11.5,"{""medidas_original"":""10.5 x 11.5 c"",""proveedor_contacto"":""MARIA ESTHER NAVA"",""proveedor_telefono"":""33 2184 5609"",""financiero_2023"":{""numero_control"":""0795"",""precio_compra_con_iva"":266,""iva_compra"":36.69,""porcentaje_a_ganar"":50,""utilidad"":133,""openpay_comision"":10.21,""openpay_iva"":1.63,""comision_tienda_nube"":10.82,""total_comisiones"":22.67,""descuento_pago_transferencia_pct"":5.12,""iva_venta_desglosar"":58.16,""precio_venta_sin_iva"":364,""ganancia_real"":308,""_nota"":""Congelado del control de Excel 2023. No se recalcula ni se sincroniza.""}}"
LGVTM289,VIRGEN GUADALUPE NUEVA BASE PLATA,389,211.21,ARTESANIAS,LGVTM289,JORVINA ARTICULOS RELEGIOSOS,YURECUARO,5.5,5.5,"{""medidas_original"":""5.5 X 5.5 cm"",""proveedor_contacto"":""MARIA ESTHER NAVA"",""proveedor_telefono"":""33 2184 5609"",""financiero_2023"":{""numero_control"":""0796"",""precio_compra_con_iva"":245,""iva_compra"":33.79,""porcentaje_a_ganar"":50,""utilidad"":122.5,""openpay_comision"":9.61,""openpay_iva"":1.54,""comision_tienda_nube"":10.17,""total_comisiones"":21.31,""descuento_pago_transferencia_pct"":4.81,""iva_venta_desglosar"":53.63,""precio_venta_sin_iva"":335,""ganancia_real"":280,""_nota"":""Congelado del control de Excel 2023. No se recalcula ni se sincroniza.""}}"
LGVTM290,VIRGEN GPE. EN ARO DORADA C/PIEDRA B/MAD.,246,132.76,ARTESANIAS,LGVTM290,JORVINA ARTICULOS RELEGIOSOS,YURECUARO,5.5,5.5,"{""medidas_original"":""5.5 X 5.5 cm"",""proveedor_contacto"":""MARIA ESTHER NAVA"",""proveedor_telefono"":""33 2184 5609"",""financiero_2023"":{""numero_control"":""0797"",""precio_compra_con_iva"":154,""iva_compra"":21.24,""porcentaje_a_ganar"":50,""utilidad"":77,""openpay_comision"":6.97,""openpay_iva"":1.11,""comision_tienda_nube"":7.38,""total_comisiones"":15.46,""descuento_pago_transferencia_pct"":3.49,""iva_venta_desglosar"":33.99,""precio_venta_sin_iva"":212,""ganancia_real"":157,""_nota"":""Congelado del control de Excel 2023. No se recalcula ni se sincroniza.""}}"
LGVTM291,MADONA EN ARO DORADA,76,38.79,ARTESANIAS,LGVTM291,JORVINA ARTICULOS RELEGIOSOS,YURECUARO,10.5,5.5,"{""medidas_original"":""10.5 X 5.5cm"",""proveedor_contacto"":""MARIA ESTHER NAVA"",""proveedor_telefono"":""33 2184 5609"",""financiero_2023"":{""numero_control"":""0798"",""precio_compra_con_iva"":45,""iva_compra"":6.21,""porcentaje_a_ganar"":50,""utilidad"":22.5,""openpay_comision"":3.81,""openpay_iva"":0.61,""comision_tienda_nube"":4.04,""total_comisiones"":8.45,""descuento_pago_transferencia_pct"":1.91,""iva_venta_desglosar"":10.48,""precio_venta_sin_iva"":65,""ganancia_real"":10,""_nota"":""Congelado del control de Excel 2023. No se recalcula ni se sincroniza.""}}"
LGVTM292,MADONA EN ARO PLATA,70,35.34,ARTESANIAS,LGVTM292,JORVINA ARTICULOS RELEGIOSOS,YURECUARO,9.5,5.2,"{""medidas_original"":""9.5 X 5.2 cm"",""proveedor_contacto"":""MARIA ESTHER NAVA"",""proveedor_telefono"":""33 2184 5609"",""financiero_2023"":{""numero_control"":""0799"",""precio_compra_con_iva"":41,""iva_compra"":5.66,""porcentaje_a_ganar"":50,""utilidad"":20.5,""openpay_comision"":3.69,""openpay_iva"":0.59,""comision_tienda_nube"":3.92,""total_comisiones"":8.19,""descuento_pago_transferencia_pct"":1.85,""iva_venta_desglosar"":9.61,""precio_venta_sin_iva"":60,""ganancia_real"":5,""_nota"":""Congelado del control de Excel 2023. No se recalcula ni se sincroniza.""}}"
LGVTM293,CRUZ MADONA ORANDO,67,33.62,ARTESANIAS,LGVTM293,JORVINA ARTICULOS RELEGIOSOS,YURECUARO,16.5,7,"{""medidas_original"":""16.5 X 7 cms"",""proveedor_contacto"":""MARIA ESTHER NAVA"",""proveedor_telefono"":""33 2184 5609"",""financiero_2023"":{""numero_control"":""0800"",""precio_compra_con_iva"":39,""iva_compra"":5.38,""porcentaje_a_ganar"":50,""utilidad"":19.5,""openpay_comision"":3.63,""openpay_iva"":0.58,""comision_tienda_nube"":3.85,""total_comisiones"":8.07,""descuento_pago_transferencia_pct"":1.82,""iva_venta_desglosar"":9.18,""precio_venta_sin_iva"":57,""ganancia_real"":2,""_nota"":""Congelado del control de Excel 2023. No se recalcula ni se sincroniza.""}}"
LGVTM294,CRUZ MADONA ORANDO ESPECIAL,67,33.62,ARTESANIAS,LGVTM294,JORVINA ARTICULOS RELEGIOSOS,YURECUARO,8.5,4,"{""medidas_original"":""8.5 X 4 cms"",""proveedor_contacto"":""MARIA ESTHER NAVA"",""proveedor_telefono"":""33 2184 5609"",""financiero_2023"":{""numero_control"":""0801"",""precio_compra_con_iva"":39,""iva_compra"":5.38,""porcentaje_a_ganar"":50,""utilidad"":19.5,""openpay_comision"":3.63,""openpay_iva"":0.58,""comision_tienda_nube"":3.85,""total_comisiones"":8.07,""descuento_pago_transferencia_pct"":1.82,""iva_venta_desglosar"":9.18,""precio_venta_sin_iva"":57,""ganancia_real"":2,""_nota"":""Congelado del control de Excel 2023. No se recalcula ni se sincroniza.""}}"
LGVTM295,CRUZ MADONA CON TRENZA,112,58.62,ARTESANIAS,LGVTM295,JORVINA ARTICULOS RELEGIOSOS,YURECUARO,9,5.2,"{""medidas_original"":""9 X 5.2 cms"",""proveedor_contacto"":""MARIA ESTHER NAVA"",""proveedor_telefono"":""33 2184 5609"",""financiero_2023"":{""numero_control"":""0802"",""precio_compra_con_iva"":68,""iva_compra"":9.38,""porcentaje_a_ganar"":50,""utilidad"":34,""openpay_comision"":4.47,""openpay_iva"":0.72,""comision_tienda_nube"":4.74,""total_comisiones"":9.93,""descuento_pago_transferencia_pct"":2.24,""iva_venta_desglosar"":15.44,""precio_venta_sin_iva"":96,""ganancia_real"":41,""_nota"":""Congelado del control de Excel 2023. No se recalcula ni se sincroniza.""}}"
LGVTM296,VIRGEN MILAGROSA EN BULTO,95,49.14,ARTESANIAS,LGVTM296,JORVINA ARTICULOS RELEGIOSOS,YURECUARO,7.5,2.5,"{""medidas_original"":""7.5 X 2.5 cm"",""proveedor_contacto"":""MARIA ESTHER NAVA"",""proveedor_telefono"":""33 2184 5609"",""financiero_2023"":{""numero_control"":""0803"",""precio_compra_con_iva"":57,""iva_compra"":7.86,""porcentaje_a_ganar"":50,""utilidad"":28.5,""openpay_comision"":4.15,""openpay_iva"":0.66,""comision_tienda_nube"":4.41,""total_comisiones"":9.22,""descuento_pago_transferencia_pct"":2.08,""iva_venta_desglosar"":13.07,""precio_venta_sin_iva"":82,""ganancia_real"":26,""_nota"":""Congelado del control de Excel 2023. No se recalcula ni se sincroniza.""}}"
LGVTM297,VIRGEN MARIA  AUXILIADORA EN BULTO,90,46.55,ARTESANIAS,LGVTM297,JORVINA ARTICULOS RELEGIOSOS,YURECUARO,4.5,2,"{""medidas_original"":""4.5 X 2 cms"",""proveedor_contacto"":""MARIA ESTHER NAVA"",""proveedor_telefono"":""33 2184 5609"",""financiero_2023"":{""numero_control"":""0804"",""precio_compra_con_iva"":54,""iva_compra"":7.45,""porcentaje_a_ganar"":50,""utilidad"":27,""openpay_comision"":4.07,""openpay_iva"":0.65,""comision_tienda_nube"":4.31,""total_comisiones"":9.03,""descuento_pago_transferencia_pct"":2.04,""iva_venta_desglosar"":12.42,""precio_venta_sin_iva"":78,""ganancia_real"":22,""_nota"":""Congelado del control de Excel 2023. No se recalcula ni se sincroniza.""}}"
LGVTM298,VIRGEN MARIA CON NIÑO EN BULTO,60,30.17,ARTESANIAS,LGVTM298,JORVINA ARTICULOS RELEGIOSOS,YURECUARO,6.5,2.5,"{""medidas_original"":""6.5 X 2.5 cm"",""proveedor_contacto"":""MARIA ESTHER NAVA"",""proveedor_telefono"":""33 2184 5609"",""financiero_2023"":{""numero_control"":""0805"",""precio_compra_con_iva"":35,""iva_compra"":4.83,""porcentaje_a_ganar"":50,""utilidad"":17.5,""openpay_comision"":3.52,""openpay_iva"":0.56,""comision_tienda_nube"":3.73,""total_comisiones"":7.81,""descuento_pago_transferencia_pct"":1.76,""iva_venta_desglosar"":8.32,""precio_venta_sin_iva"":52,""ganancia_real"":-3,""_nota"":""Congelado del control de Excel 2023. No se recalcula ni se sincroniza.""}}"
LGVTM299,VIRGEN GUADALUPE COMBINADA CHICA,43,20.69,ARTESANIAS,LGVTM299,JORVINA ARTICULOS RELEGIOSOS,YURECUARO,8,6.5,"{""medidas_original"":""8 X 6.5 cms"",""proveedor_contacto"":""MARIA ESTHER NAVA"",""proveedor_telefono"":""33 2184 5609"",""financiero_2023"":{""numero_control"":""0806"",""precio_compra_con_iva"":24,""iva_compra"":3.31,""porcentaje_a_ganar"":50,""utilidad"":12,""openpay_comision"":3.2,""openpay_iva"":0.51,""comision_tienda_nube"":3.39,""total_comisiones"":7.1,""descuento_pago_transferencia_pct"":1.6,""iva_venta_desglosar"":5.95,""precio_venta_sin_iva"":37,""ganancia_real"":-18,""_nota"":""Congelado del control de Excel 2023. No se recalcula ni se sincroniza.""}}"
LGVTM300,VIRGEN GUADALUPE COMBINADA MEDIANA,85,43.97,ARTESANIAS,LGVTM300,JORVINA ARTICULOS RELEGIOSOS,YURECUARO,8.5,2.5,"{""medidas_original"":""8.5 X 2.5 cm"",""proveedor_contacto"":""MARIA ESTHER NAVA"",""proveedor_telefono"":""33 2184 5609"",""financiero_2023"":{""numero_control"":""0807"",""precio_compra_con_iva"":51,""iva_compra"":7.03,""porcentaje_a_ganar"":50,""utilidad"":25.5,""openpay_comision"":3.98,""openpay_iva"":0.64,""comision_tienda_nube"":4.22,""total_comisiones"":8.84,""descuento_pago_transferencia_pct"":2,""iva_venta_desglosar"":11.77,""precio_venta_sin_iva"":74,""ganancia_real"":18,""_nota"":""Congelado del control de Excel 2023. No se recalcula ni se sincroniza.""}}"
LGVTM301,VIRGEN GPE. MEDIANA COMBINADA C/BASE MAD,112,58.62,ARTESANIAS,LGVTM301,JORVINA ARTICULOS RELEGIOSOS,YURECUARO,9.5,4.5,"{""medidas_original"":""9.5 X 4.5 cm"",""proveedor_contacto"":""MARIA ESTHER NAVA"",""proveedor_telefono"":""33 2184 5609"",""financiero_2023"":{""numero_control"":""0808"",""precio_compra_con_iva"":68,""iva_compra"":9.38,""porcentaje_a_ganar"":50,""utilidad"":34,""openpay_comision"":4.47,""openpay_iva"":0.72,""comision_tienda_nube"":4.74,""total_comisiones"":9.93,""descuento_pago_transferencia_pct"":2.24,""iva_venta_desglosar"":15.44,""precio_venta_sin_iva"":96,""ganancia_real"":41,""_nota"":""Congelado del control de Excel 2023. No se recalcula ni se sincroniza.""}}"
LGVTM302,VIRGEN GUADALUPE MEDIANA EN BULTO,79,40.52,ARTESANIAS,LGVTM302,JORVINA ARTICULOS RELEGIOSOS,YURECUARO,10.5,11.5,"{""medidas_original"":""10.5 x 11.5 c"",""proveedor_contacto"":""MARIA ESTHER NAVA"",""proveedor_telefono"":""33 2184 5609"",""financiero_2023"":{""numero_control"":""0809"",""precio_compra_con_iva"":47,""iva_compra"":6.48,""porcentaje_a_ganar"":50,""utilidad"":23.5,""openpay_comision"":3.86,""openpay_iva"":0.62,""comision_tienda_nube"":4.1,""total_comisiones"":8.58,""descuento_pago_transferencia_pct"":1.94,""iva_venta_desglosar"":10.91,""precio_venta_sin_iva"":68,""ganancia_real"":13,""_nota"":""Congelado del control de Excel 2023. No se recalcula ni se sincroniza.""}}"
LGVTM303,VIRGEN GUADALUPE BULTO BASE MADERA,101,52.59,ARTESANIAS,LGVTM303,JORVINA ARTICULOS RELEGIOSOS,YURECUARO,10.5,11.5,"{""medidas_original"":""10.5 x 11.5 c"",""proveedor_contacto"":""MARIA ESTHER NAVA"",""proveedor_telefono"":""33 2184 5609"",""financiero_2023"":{""numero_control"":""0810"",""precio_compra_con_iva"":61,""iva_compra"":8.41,""porcentaje_a_ganar"":50,""utilidad"":30.5,""openpay_comision"":4.27,""openpay_iva"":0.68,""comision_tienda_nube"":4.53,""total_comisiones"":9.48,""descuento_pago_transferencia_pct"":2.14,""iva_venta_desglosar"":13.93,""precio_venta_sin_iva"":87,""ganancia_real"":32,""_nota"":""Congelado del control de Excel 2023. No se recalcula ni se sincroniza.""}}"
LGVTM304,VIRGEN GPE. MED.CUERPO DOR. C/BASE MAD.,246,132.76,ARTESANIAS,LGVTM304,JORVINA ARTICULOS RELEGIOSOS,YURECUARO,10.5,11.5,"{""medidas_original"":""10.5 x 11.5 c"",""proveedor_contacto"":""MARIA ESTHER NAVA"",""proveedor_telefono"":""33 2184 5609"",""financiero_2023"":{""numero_control"":""0811"",""precio_compra_con_iva"":154,""iva_compra"":21.24,""porcentaje_a_ganar"":50,""utilidad"":77,""openpay_comision"":6.97,""openpay_iva"":1.11,""comision_tienda_nube"":7.38,""total_comisiones"":15.46,""descuento_pago_transferencia_pct"":3.49,""iva_venta_desglosar"":33.99,""precio_venta_sin_iva"":212,""ganancia_real"":157,""_nota"":""Congelado del control de Excel 2023. No se recalcula ni se sincroniza.""}}"
LGVTM305,VIRGEN GPE. MED.CUERPO PLA. C/BASE MAD.,246,132.76,ARTESANIAS,LGVTM305,JORVINA ARTICULOS RELEGIOSOS,YURECUARO,,,"{""proveedor_contacto"":""MARIA ESTHER NAVA"",""proveedor_telefono"":""33 2184 5609"",""financiero_2023"":{""numero_control"":""0812"",""precio_compra_con_iva"":154,""iva_compra"":21.24,""porcentaje_a_ganar"":50,""utilidad"":77,""openpay_comision"":6.97,""openpay_iva"":1.11,""comision_tienda_nube"":7.38,""total_comisiones"":15.46,""descuento_pago_transferencia_pct"":3.49,""iva_venta_desglosar"":33.99,""precio_venta_sin_iva"":212,""ganancia_real"":157,""_nota"":""Congelado del control de Excel 2023. No se recalcula ni se sincroniza.""}}"
LGVTM306,VIRGEN GPE. ARO PLATA C/PIEDRA SWAROVSK,246,132.76,ARTESANIAS,LGVTM306,JORVINA ARTICULOS RELEGIOSOS,YURECUARO,,,"{""proveedor_contacto"":""MARIA ESTHER NAVA"",""proveedor_telefono"":""33 2184 5609"",""financiero_2023"":{""numero_control"":""0813"",""precio_compra_con_iva"":154,""iva_compra"":21.24,""porcentaje_a_ganar"":50,""utilidad"":77,""openpay_comision"":6.97,""openpay_iva"":1.11,""comision_tienda_nube"":7.38,""total_comisiones"":15.46,""descuento_pago_transferencia_pct"":3.49,""iva_venta_desglosar"":33.99,""precio_venta_sin_iva"":212,""ganancia_real"":157,""_nota"":""Congelado del control de Excel 2023. No se recalcula ni se sincroniza.""}}"
LGVTM307,RETABLO VIRGEN DE GUADALUPE ACRILICO DORADO,591,322.41,ARTESANIAS,LGVTM307,JORVINA ARTICULOS RELEGIOSOS,YURECUARO,15.5,13,"{""medidas_original"":""15.5 X 13 cm"",""proveedor_contacto"":""MARIA ESTHER NAVA"",""proveedor_telefono"":""33 2184 5609"",""financiero_2023"":{""numero_control"":""0814"",""precio_compra_con_iva"":374,""iva_compra"":51.59,""porcentaje_a_ganar"":50,""utilidad"":187,""openpay_comision"":13.35,""openpay_iva"":2.14,""comision_tienda_nube"":14.13,""total_comisiones"":29.61,""descuento_pago_transferencia_pct"":6.69,""iva_venta_desglosar"":81.46,""precio_venta_sin_iva"":509,""ganancia_real"":454,""_nota"":""Congelado del control de Excel 2023. No se recalcula ni se sincroniza.""}}"
LGVTM308,RETABLO VIRGEN DE GUADALUPE ACRIliCO PLATA,544,296.55,ARTESANIAS,LGVTM308,JORVINA ARTICULOS RELEGIOSOS,YURECUARO,15.5,13,"{""medidas_original"":""15.5 X 13 cm"",""proveedor_contacto"":""MARIA ESTHER NAVA"",""proveedor_telefono"":""33 2184 5609"",""financiero_2023"":{""numero_control"":""0815"",""precio_compra_con_iva"":344,""iva_compra"":47.45,""porcentaje_a_ganar"":50,""utilidad"":172,""openpay_comision"":12.48,""openpay_iva"":2,""comision_tienda_nube"":13.21,""total_comisiones"":27.68,""descuento_pago_transferencia_pct"":6.25,""iva_venta_desglosar"":74.99,""precio_venta_sin_iva"":469,""ganancia_real"":414,""_nota"":""Congelado del control de Excel 2023. No se recalcula ni se sincroniza.""}}"
LGVTM309,MARCO MADONA ORANDO DORADO,270,145.69,ARTESANIAS,LGVTM309,JORVINA ARTICULOS RELEGIOSOS,YURECUARO,8.5,7.3,"{""medidas_original"":""8.5 X 7.3 cm"",""proveedor_contacto"":""MARIA ESTHER NAVA"",""proveedor_telefono"":""33 2184 5609"",""financiero_2023"":{""numero_control"":""0816"",""precio_compra_con_iva"":169,""iva_compra"":23.31,""porcentaje_a_ganar"":50,""utilidad"":84.5,""openpay_comision"":7.4,""openpay_iva"":1.18,""comision_tienda_nube"":7.84,""total_comisiones"":16.43,""descuento_pago_transferencia_pct"":3.71,""iva_venta_desglosar"":37.23,""precio_venta_sin_iva"":233,""ganancia_real"":178,""_nota"":""Congelado del control de Excel 2023. No se recalcula ni se sincroniza.""}}"
LGVTM310,MARCO MADONA ORANDO PLATA,257,138.79,ARTESANIAS,LGVTM310,JORVINA ARTICULOS RELEGIOSOS,YURECUARO,8.5,7.3,"{""medidas_original"":""8.5 X 7.3 cm"",""proveedor_contacto"":""MARIA ESTHER NAVA"",""proveedor_telefono"":""33 2184 5609"",""financiero_2023"":{""numero_control"":""0817"",""precio_compra_con_iva"":161,""iva_compra"":22.21,""porcentaje_a_ganar"":50,""utilidad"":80.5,""openpay_comision"":7.17,""openpay_iva"":1.15,""comision_tienda_nube"":7.6,""total_comisiones"":15.91,""descuento_pago_transferencia_pct"":3.59,""iva_venta_desglosar"":35.51,""precio_venta_sin_iva"":222,""ganancia_real"":167,""_nota"":""Congelado del control de Excel 2023. No se recalcula ni se sincroniza.""}}"
LGVTM311,RETABLO MADONA ITALIANA DORADA,193,103.45,ARTESANIAS,LGVTM311,JORVINA ARTICULOS RELEGIOSOS,YURECUARO,,,"{""proveedor_contacto"":""MARIA ESTHER NAVA"",""proveedor_telefono"":""33 2184 5609"",""financiero_2023"":{""numero_control"":""0818"",""precio_compra_con_iva"":120,""iva_compra"":16.55,""porcentaje_a_ganar"":50,""utilidad"":60,""openpay_comision"":5.98,""openpay_iva"":0.96,""comision_tienda_nube"":6.34,""total_comisiones"":13.28,""descuento_pago_transferencia_pct"":3,""iva_venta_desglosar"":26.66,""precio_venta_sin_iva"":167,""ganancia_real"":111,""_nota"":""Congelado del control de Excel 2023. No se recalcula ni se sincroniza.""}}"
LGVTM312,RETABLO MADONA ITALIANA PLATA,181,96.55,ARTESANIAS,LGVTM312,JORVINA ARTICULOS RELEGIOSOS,YURECUARO,,,"{""proveedor_contacto"":""MARIA ESTHER NAVA"",""proveedor_telefono"":""33 2184 5609"",""financiero_2023"":{""numero_control"":""0819"",""precio_compra_con_iva"":112,""iva_compra"":15.45,""porcentaje_a_ganar"":50,""utilidad"":56,""openpay_comision"":5.75,""openpay_iva"":0.92,""comision_tienda_nube"":6.09,""total_comisiones"":12.76,""descuento_pago_transferencia_pct"":2.88,""iva_venta_desglosar"":24.93,""precio_venta_sin_iva"":156,""ganancia_real"":101,""_nota"":""Congelado del control de Excel 2023. No se recalcula ni se sincroniza.""}}"
LGVTM313,SAGRADA FAMILIA,0,0,0,LGVTM313,0,0,,,"{""proveedor_contacto"":""0"",""proveedor_telefono"":""0"",""financiero_2023"":{""numero_control"":""0820"",""iva_compra"":0,""porcentaje_a_ganar"":0,""openpay_comision"":2.5,""descuento_pago_transferencia_pct"":0,""iva_venta_desglosar"":0,""precio_venta_sin_iva"":0,""ganancia_real"":0,""_nota"":""Congelado del control de Excel 2023. No se recalcula ni se sincroniza.""}}"
LGVTM314,SAGRADA FAMILIA ARAGON DE PIE,126,66.38,ARTESANIAS,LGVTM314,JORVINA ARTICULOS RELEGIOSOS,YURECUARO,12,10,"{""medidas_original"":""12 X 10 cms"",""proveedor_contacto"":""MARIA ESTHER NAVA"",""proveedor_telefono"":""33 2184 5609"",""financiero_2023"":{""numero_control"":""0821"",""precio_compra_con_iva"":77,""iva_compra"":10.62,""porcentaje_a_ganar"":50,""utilidad"":38.5,""openpay_comision"":4.73,""openpay_iva"":0.76,""comision_tienda_nube"":5.02,""total_comisiones"":10.51,""descuento_pago_transferencia_pct"":2.37,""iva_venta_desglosar"":17.38,""precio_venta_sin_iva"":109,""ganancia_real"":53,""_nota"":""Congelado del control de Excel 2023. No se recalcula ni se sincroniza.""}}"
LGVTM315,SAGRADA FAMILIA ARAGON EN MADERA,126,66.38,ARTESANIAS,LGVTM315,JORVINA ARTICULOS RELEGIOSOS,YURECUARO,12,10,"{""medidas_original"":""12 X 10 cms"",""proveedor_contacto"":""MARIA ESTHER NAVA"",""proveedor_telefono"":""33 2184 5609"",""financiero_2023"":{""numero_control"":""0822"",""precio_compra_con_iva"":77,""iva_compra"":10.62,""porcentaje_a_ganar"":50,""utilidad"":38.5,""openpay_comision"":4.73,""openpay_iva"":0.76,""comision_tienda_nube"":5.02,""total_comisiones"":10.51,""descuento_pago_transferencia_pct"":2.37,""iva_venta_desglosar"":17.38,""precio_venta_sin_iva"":109,""ganancia_real"":53,""_nota"":""Congelado del control de Excel 2023. No se recalcula ni se sincroniza.""}}"
LGVTM316,SAGRADA FAMILIA RETABLO,112,58.62,ARTESANIAS,LGVTM316,JORVINA ARTICULOS RELEGIOSOS,YURECUARO,11.5,8.5,"{""medidas_original"":""11.5 X 8.5cm"",""proveedor_contacto"":""MARIA ESTHER NAVA"",""proveedor_telefono"":""33 2184 5609"",""financiero_2023"":{""numero_control"":""0823"",""precio_compra_con_iva"":68,""iva_compra"":9.38,""porcentaje_a_ganar"":50,""utilidad"":34,""openpay_comision"":4.47,""openpay_iva"":0.72,""comision_tienda_nube"":4.74,""total_comisiones"":9.93,""descuento_pago_transferencia_pct"":2.24,""iva_venta_desglosar"":15.44,""precio_venta_sin_iva"":96,""ganancia_real"":41,""_nota"":""Congelado del control de Excel 2023. No se recalcula ni se sincroniza.""}}"
LGVTM317,SAGRADA FAMILIA RETABLO C/BASE EN DORADO,243,131.03,ARTESANIAS,LGVTM317,JORVINA ARTICULOS RELEGIOSOS,YURECUARO,6.6,10.5,"{""medidas_original"":""6.6 X 10.5cm"",""proveedor_contacto"":""MARIA ESTHER NAVA"",""proveedor_telefono"":""33 2184 5609"",""financiero_2023"":{""numero_control"":""0824"",""precio_compra_con_iva"":152,""iva_compra"":20.97,""porcentaje_a_ganar"":50,""utilidad"":76,""openpay_comision"":6.91,""openpay_iva"":1.11,""comision_tienda_nube"":7.32,""total_comisiones"":15.33,""descuento_pago_transferencia_pct"":3.46,""iva_venta_desglosar"":33.56,""precio_venta_sin_iva"":210,""ganancia_real"":155,""_nota"":""Congelado del control de Excel 2023. No se recalcula ni se sincroniza.""}}"
LGVTM318,SAGRADA FAMILIA RETABLO C/BASE EN PLATA,232,125,ARTESANIAS,LGVTM318,JORVINA ARTICULOS RELEGIOSOS,YURECUARO,6.6,10.5,"{""medidas_original"":""6.6 X 10.5cm"",""proveedor_contacto"":""MARIA ESTHER NAVA"",""proveedor_telefono"":""33 2184 5609"",""financiero_2023"":{""numero_control"":""0825"",""precio_compra_con_iva"":145,""iva_compra"":20,""porcentaje_a_ganar"":50,""utilidad"":72.5,""openpay_comision"":6.71,""openpay_iva"":1.07,""comision_tienda_nube"":7.11,""total_comisiones"":14.88,""descuento_pago_transferencia_pct"":3.36,""iva_venta_desglosar"":32.05,""precio_venta_sin_iva"":200,""ganancia_real"":145,""_nota"":""Congelado del control de Excel 2023. No se recalcula ni se sincroniza.""}}"
LGVTM319,MEDALLON SAGRADA FAMILIA DORADO C/B MAD.,112,58.62,ARTESANIAS,LGVTM319,JORVINA ARTICULOS RELEGIOSOS,YURECUARO,6.6,10.5,"{""medidas_original"":""6.6 X 10.5cm"",""proveedor_contacto"":""MARIA ESTHER NAVA"",""proveedor_telefono"":""33 2184 5609"",""financiero_2023"":{""numero_control"":""0826"",""precio_compra_con_iva"":68,""iva_compra"":9.38,""porcentaje_a_ganar"":50,""utilidad"":34,""openpay_comision"":4.47,""openpay_iva"":0.72,""comision_tienda_nube"":4.74,""total_comisiones"":9.93,""descuento_pago_transferencia_pct"":2.24,""iva_venta_desglosar"":15.44,""precio_venta_sin_iva"":96,""ganancia_real"":41,""_nota"":""Congelado del control de Excel 2023. No se recalcula ni se sincroniza.""}}"
LGVTM320,MED. ARO SAGRADA FAMILIA DORADA C/PIED.SW,170,90.52,ARTESANIAS,LGVTM320,JORVINA ARTICULOS RELEGIOSOS,YURECUARO,9,10,"{""medidas_original"":""9 X 10 cms"",""proveedor_contacto"":""MARIA ESTHER NAVA"",""proveedor_telefono"":""33 2184 5609"",""financiero_2023"":{""numero_control"":""0827"",""precio_compra_con_iva"":105,""iva_compra"":14.48,""porcentaje_a_ganar"":50,""utilidad"":52.5,""openpay_comision"":5.55,""openpay_iva"":0.89,""comision_tienda_nube"":5.88,""total_comisiones"":12.31,""descuento_pago_transferencia_pct"":2.78,""iva_venta_desglosar"":23.42,""precio_venta_sin_iva"":146,""ganancia_real"":91,""_nota"":""Congelado del control de Excel 2023. No se recalcula ni se sincroniza.""}}"
LGVTM321,MED. ARO SAGRADA FAMILIA PLATA C/PIED. SW,160,85.34,ARTESANIAS,LGVTM321,JORVINA ARTICULOS RELEGIOSOS,YURECUARO,9,10,"{""medidas_original"":""9 X 10 cms"",""proveedor_contacto"":""MARIA ESTHER NAVA"",""proveedor_telefono"":""33 2184 5609"",""financiero_2023"":{""numero_control"":""0828"",""precio_compra_con_iva"":99,""iva_compra"":13.66,""porcentaje_a_ganar"":50,""utilidad"":49.5,""openpay_comision"":5.37,""openpay_iva"":0.86,""comision_tienda_nube"":5.69,""total_comisiones"":11.92,""descuento_pago_transferencia_pct"":2.69,""iva_venta_desglosar"":22.13,""precio_venta_sin_iva"":138,""ganancia_real"":83,""_nota"":""Congelado del control de Excel 2023. No se recalcula ni se sincroniza.""}}"
LGVTM322,MEDALLON SAGRADA FAM. DORADA C/P BM,246,132.76,ARTESANIAS,LGVTM322,JORVINA ARTICULOS RELEGIOSOS,YURECUARO,10.5,11.5,"{""medidas_original"":""10.5 X 11.5 c"",""proveedor_contacto"":""MARIA ESTHER NAVA"",""proveedor_telefono"":""33 2184 5609"",""financiero_2023"":{""numero_control"":""0829"",""precio_compra_con_iva"":154,""iva_compra"":21.24,""porcentaje_a_ganar"":50,""utilidad"":77,""openpay_comision"":6.97,""openpay_iva"":1.11,""comision_tienda_nube"":7.38,""total_comisiones"":15.46,""descuento_pago_transferencia_pct"":3.49,""iva_venta_desglosar"":33.99,""precio_venta_sin_iva"":212,""ganancia_real"":157,""_nota"":""Congelado del control de Excel 2023. No se recalcula ni se sincroniza.""}}"
LGVTM323,MEDALLON SAGRADA FAM. PLATA C/P BM,246,132.76,ARTESANIAS,LGVTM323,JORVINA ARTICULOS RELEGIOSOS,YURECUARO,10.5,11.5,"{""medidas_original"":""10.5 X 11.5 c"",""proveedor_contacto"":""MARIA ESTHER NAVA"",""proveedor_telefono"":""33 2184 5609"",""financiero_2023"":{""numero_control"":""0830"",""precio_compra_con_iva"":154,""iva_compra"":21.24,""porcentaje_a_ganar"":50,""utilidad"":77,""openpay_comision"":6.97,""openpay_iva"":1.11,""comision_tienda_nube"":7.38,""total_comisiones"":15.46,""descuento_pago_transferencia_pct"":3.49,""iva_venta_desglosar"":33.99,""precio_venta_sin_iva"":212,""ganancia_real"":157,""_nota"":""Congelado del control de Excel 2023. No se recalcula ni se sincroniza.""}}"
LGVTM324,MEDALLON SAGRADA FAMILIA DORADO PEDESTA,81,41.38,ARTESANIAS,LGVTM324,JORVINA ARTICULOS RELEGIOSOS,YURECUARO,5.5,5.5,"{""medidas_original"":""5.5 X 5.5 cm"",""proveedor_contacto"":""MARIA ESTHER NAVA"",""proveedor_telefono"":""33 2184 5609"",""financiero_2023"":{""numero_control"":""0831"",""precio_compra_con_iva"":48,""iva_compra"":6.62,""porcentaje_a_ganar"":50,""utilidad"":24,""openpay_comision"":3.89,""openpay_iva"":0.62,""comision_tienda_nube"":4.13,""total_comisiones"":8.65,""descuento_pago_transferencia_pct"":1.95,""iva_venta_desglosar"":11.12,""precio_venta_sin_iva"":70,""ganancia_real"":14,""_nota"":""Congelado del control de Excel 2023. No se recalcula ni se sincroniza.""}}"
LGVTM325,MEDALLON SAGRADA FAMILIA PLATA PEDESTAL,76,38.79,ARTESANIAS,LGVTM325,JORVINA ARTICULOS RELEGIOSOS,YURECUARO,5.5,5.5,"{""medidas_original"":""5.5 X 5.5 cm"",""proveedor_contacto"":""MARIA ESTHER NAVA"",""proveedor_telefono"":""33 2184 5609"",""financiero_2023"":{""numero_control"":""0832"",""precio_compra_con_iva"":45,""iva_compra"":6.21,""porcentaje_a_ganar"":50,""utilidad"":22.5,""openpay_comision"":3.81,""openpay_iva"":0.61,""comision_tienda_nube"":4.04,""total_comisiones"":8.45,""descuento_pago_transferencia_pct"":1.91,""iva_venta_desglosar"":10.48,""precio_venta_sin_iva"":65,""ganancia_real"":10,""_nota"":""Congelado del control de Excel 2023. No se recalcula ni se sincroniza.""}}"
LGVTM326,CRUZ SAGRADA FAMILIA,67,33.62,ARTESANIAS,LGVTM326,JORVINA ARTICULOS RELEGIOSOS,YURECUARO,10.5,5.5,"{""medidas_original"":""10.5 X 5.5cm"",""proveedor_contacto"":""MARIA ESTHER NAVA"",""proveedor_telefono"":""33 2184 5609"",""financiero_2023"":{""numero_control"":""0833"",""precio_compra_con_iva"":39,""iva_compra"":5.38,""porcentaje_a_ganar"":50,""utilidad"":19.5,""openpay_comision"":3.63,""openpay_iva"":0.58,""comision_tienda_nube"":3.85,""total_comisiones"":8.07,""descuento_pago_transferencia_pct"":1.82,""iva_venta_desglosar"":9.18,""precio_venta_sin_iva"":57,""ganancia_real"":2,""_nota"":""Congelado del control de Excel 2023. No se recalcula ni se sincroniza.""}}"
LGVTM327,CRUZ SAGRADA FAMILIA GRANDE,123,64.66,ARTESANIAS,LGVTM327,JORVINA ARTICULOS RELEGIOSOS,YURECUARO,14,7,"{""medidas_original"":""14 X 7 cms"",""proveedor_contacto"":""MARIA ESTHER NAVA"",""proveedor_telefono"":""33 2184 5609"",""financiero_2023"":{""numero_control"":""0834"",""precio_compra_con_iva"":75,""iva_compra"":10.34,""porcentaje_a_ganar"":50,""utilidad"":37.5,""openpay_comision"":4.68,""openpay_iva"":0.75,""comision_tienda_nube"":4.96,""total_comisiones"":10.38,""descuento_pago_transferencia_pct"":2.34,""iva_venta_desglosar"":16.95,""precio_venta_sin_iva"":106,""ganancia_real"":51,""_nota"":""Congelado del control de Excel 2023. No se recalcula ni se sincroniza.""}}"
LGVTM328,SAGRADA FAMILIA CRUZ GRANDE C/MADERA,195,104.31,ARTESANIAS,LGVTM328,JORVINA ARTICULOS RELEGIOSOS,YURECUARO,20.8,13,"{""medidas_original"":""20.8 X 13 cm"",""proveedor_contacto"":""MARIA ESTHER NAVA"",""proveedor_telefono"":""33 2184 5609"",""financiero_2023"":{""numero_control"":""0835"",""precio_compra_con_iva"":121,""iva_compra"":16.69,""porcentaje_a_ganar"":50,""utilidad"":60.5,""openpay_comision"":6.01,""openpay_iva"":0.96,""comision_tienda_nube"":6.37,""total_comisiones"":13.34,""descuento_pago_transferencia_pct"":3.01,""iva_venta_desglosar"":26.87,""precio_venta_sin_iva"":168,""ganancia_real"":113,""_nota"":""Congelado del control de Excel 2023. No se recalcula ni se sincroniza.""}}"
LGVTM329,SAGRADA FAMILIA CRUZ DE PIE C/MADERA,195,104.31,ARTESANIAS,LGVTM329,JORVINA ARTICULOS RELEGIOSOS,YURECUARO,20.8,13,"{""medidas_original"":""20.8 X 13 cm"",""proveedor_contacto"":""MARIA ESTHER NAVA"",""proveedor_telefono"":""33 2184 5609"",""financiero_2023"":{""numero_control"":""0836"",""precio_compra_con_iva"":121,""iva_compra"":16.69,""porcentaje_a_ganar"":50,""utilidad"":60.5,""openpay_comision"":6.01,""openpay_iva"":0.96,""comision_tienda_nube"":6.37,""total_comisiones"":13.34,""descuento_pago_transferencia_pct"":3.01,""iva_venta_desglosar"":26.87,""precio_venta_sin_iva"":168,""ganancia_real"":113,""_nota"":""Congelado del control de Excel 2023. No se recalcula ni se sincroniza.""}}"
LGVTM330,SAGRADA FAMILIA CRUZ PIE,123,64.66,ARTESANIAS,LGVTM330,JORVINA ARTICULOS RELEGIOSOS,YURECUARO,,,"{""proveedor_contacto"":""MARIA ESTHER NAVA"",""proveedor_telefono"":""33 2184 5609"",""financiero_2023"":{""numero_control"":""0837"",""precio_compra_con_iva"":75,""iva_compra"":10.34,""porcentaje_a_ganar"":50,""utilidad"":37.5,""openpay_comision"":4.68,""openpay_iva"":0.75,""comision_tienda_nube"":4.96,""total_comisiones"":10.38,""descuento_pago_transferencia_pct"":2.34,""iva_venta_desglosar"":16.95,""precio_venta_sin_iva"":106,""ganancia_real"":51,""_nota"":""Congelado del control de Excel 2023. No se recalcula ni se sincroniza.""}}"
LGVTM331,CRUCES CON BASE,0,0,0,LGVTM331,0,0,,,"{""proveedor_contacto"":""0"",""proveedor_telefono"":""0"",""financiero_2023"":{""numero_control"":""0838"",""iva_compra"":0,""porcentaje_a_ganar"":0,""openpay_comision"":2.5,""descuento_pago_transferencia_pct"":0,""iva_venta_desglosar"":0,""precio_venta_sin_iva"":0,""ganancia_real"":0,""_nota"":""Congelado del control de Excel 2023. No se recalcula ni se sincroniza.""}}"
LGVTM332,CRUZ PASTORAL ALUMINIO C/BASE MADERA,2000,1099.14,ARTESANIAS,LGVTM332,JORVINA ARTICULOS RELEGIOSOS,YURECUARO,78,33,"{""medidas_original"":""78 X 33 cms"",""proveedor_contacto"":""MARIA ESTHER NAVA"",""proveedor_telefono"":""33 2184 5609"",""financiero_2023"":{""numero_control"":""0839"",""precio_compra_con_iva"":1275,""iva_compra"":175.86,""porcentaje_a_ganar"":50,""utilidad"":637.5,""openpay_comision"":39.48,""openpay_iva"":6.32,""comision_tienda_nube"":41.77,""total_comisiones"":87.56,""descuento_pago_transferencia_pct"":19.77,""iva_venta_desglosar"":275.87,""precio_venta_sin_iva"":1724,""ganancia_real"":1669,""_nota"":""Congelado del control de Excel 2023. No se recalcula ni se sincroniza.""}}"
LGVTM333,CRISTO # 25 BASE IMPERIAL DORADO,700,382.76,ARTESANIAS,LGVTM333,JORVINA ARTICULOS RELEGIOSOS,YURECUARO,40.5,18.5,"{""medidas_original"":""40.5 X 18.5c"",""proveedor_contacto"":""MARIA ESTHER NAVA"",""proveedor_telefono"":""33 2184 5609"",""financiero_2023"":{""numero_control"":""0840"",""precio_compra_con_iva"":444,""iva_compra"":61.24,""porcentaje_a_ganar"":50,""utilidad"":222,""openpay_comision"":15.38,""openpay_iva"":2.46,""comision_tienda_nube"":16.28,""total_comisiones"":34.11,""descuento_pago_transferencia_pct"":7.7,""iva_venta_desglosar"":96.57,""precio_venta_sin_iva"":604,""ganancia_real"":548,""_nota"":""Congelado del control de Excel 2023. No se recalcula ni se sincroniza.""}}"
LGVTM334,CRUZ # 25 BASE MADERA,666,363.79,ARTESANIAS,LGVTM334,JORVINA ARTICULOS RELEGIOSOS,YURECUARO,42,19,"{""medidas_original"":""42 X 19 cms"",""proveedor_contacto"":""MARIA ESTHER NAVA"",""proveedor_telefono"":""33 2184 5609"",""financiero_2023"":{""numero_control"":""0841"",""precio_compra_con_iva"":422,""iva_compra"":58.21,""porcentaje_a_ganar"":50,""utilidad"":211,""openpay_comision"":14.74,""openpay_iva"":2.36,""comision_tienda_nube"":15.6,""total_comisiones"":32.7,""descuento_pago_transferencia_pct"":7.38,""iva_venta_desglosar"":91.82,""precio_venta_sin_iva"":574,""ganancia_real"":519,""_nota"":""Congelado del control de Excel 2023. No se recalcula ni se sincroniza.""}}"
LGVTM335,CRUZ PANTOCRATA,730,399.14,ARTESANIAS,LGVTM335,JORVINA ARTICULOS RELEGIOSOS,YURECUARO,23,19.5,"{""medidas_original"":""23 X 19.5cm"",""proveedor_contacto"":""MARIA ESTHER NAVA"",""proveedor_telefono"":""33 2184 5609"",""financiero_2023"":{""numero_control"":""0842"",""precio_compra_con_iva"":463,""iva_compra"":63.86,""porcentaje_a_ganar"":50,""utilidad"":231.5,""openpay_comision"":15.93,""openpay_iva"":2.55,""comision_tienda_nube"":16.86,""total_comisiones"":35.33,""descuento_pago_transferencia_pct"":7.98,""iva_venta_desglosar"":100.67,""precio_venta_sin_iva"":629,""ganancia_real"":574,""_nota"":""Congelado del control de Excel 2023. No se recalcula ni se sincroniza.""}}"
LGVTM336,CRUZ DE JESUS MADERA RESACADA C/BASE,142,75,ARTESANIAS,LGVTM336,JORVINA ARTICULOS RELEGIOSOS,YURECUARO,18,12.5,"{""medidas_original"":""18 X 12.5cm"",""proveedor_contacto"":""MARIA ESTHER NAVA"",""proveedor_telefono"":""33 2184 5609"",""financiero_2023"":{""numero_control"":""0843"",""precio_compra_con_iva"":87,""iva_compra"":12,""porcentaje_a_ganar"":50,""utilidad"":43.5,""openpay_comision"":5.02,""openpay_iva"":0.8,""comision_tienda_nube"":5.33,""total_comisiones"":11.15,""descuento_pago_transferencia_pct"":2.52,""iva_venta_desglosar"":19.54,""precio_venta_sin_iva"":122,""ganancia_real"":67,""_nota"":""Congelado del control de Excel 2023. No se recalcula ni se sincroniza.""}}"
LGVTM337,RETABO VIACRUCIS,318,172.41,ARTESANIAS,LGVTM337,JORVINA ARTICULOS RELEGIOSOS,YURECUARO,17.5,13.5,"{""medidas_original"":""17.5 X 13.5"",""proveedor_contacto"":""MARIA ESTHER NAVA"",""proveedor_telefono"":""33 2184 5609"",""financiero_2023"":{""numero_control"":""0844"",""precio_compra_con_iva"":200,""iva_compra"":27.59,""porcentaje_a_ganar"":50,""utilidad"":100,""openpay_comision"":8.3,""openpay_iva"":1.33,""comision_tienda_nube"":8.79,""total_comisiones"":18.42,""descuento_pago_transferencia_pct"":4.16,""iva_venta_desglosar"":43.92,""precio_venta_sin_iva"":275,""ganancia_real"":219,""_nota"":""Congelado del control de Excel 2023. No se recalcula ni se sincroniza.""}}"
LGVTM338,CRUCIFIJO # 25 DE BASE MADERA C/METAL,814,445.69,ARTESANIAS,LGVTM338,JORVINA ARTICULOS RELEGIOSOS,YURECUARO,33,19.5,"{""medidas_original"":""33 X 19.5cm"",""proveedor_contacto"":""MARIA ESTHER NAVA"",""proveedor_telefono"":""33 2184 5609"",""financiero_2023"":{""numero_control"":""0845"",""precio_compra_con_iva"":517,""iva_compra"":71.31,""porcentaje_a_ganar"":50,""utilidad"":258.5,""openpay_comision"":17.49,""openpay_iva"":2.8,""comision_tienda_nube"":18.52,""total_comisiones"":38.81,""descuento_pago_transferencia_pct"":8.76,""iva_venta_desglosar"":112.32,""precio_venta_sin_iva"":702,""ganancia_real"":647,""_nota"":""Congelado del control de Excel 2023. No se recalcula ni se sincroniza.""}}"
LGVTM339,CRISTO # 16 PAPAL DORADO C/BASE,370,200.86,ARTESANIAS,LGVTM339,JORVINA ARTICULOS RELEGIOSOS,YURECUARO,29.5,13.5,"{""medidas_original"":""29.5 X 13.5c"",""proveedor_contacto"":""MARIA ESTHER NAVA"",""proveedor_telefono"":""33 2184 5609"",""financiero_2023"":{""numero_control"":""0846"",""precio_compra_con_iva"":233,""iva_compra"":32.14,""porcentaje_a_ganar"":50,""utilidad"":116.5,""openpay_comision"":9.26,""openpay_iva"":1.48,""comision_tienda_nube"":9.8,""total_comisiones"":20.54,""descuento_pago_transferencia_pct"":4.64,""iva_venta_desglosar"":51.04,""precio_venta_sin_iva"":319,""ganancia_real"":264,""_nota"":""Congelado del control de Excel 2023. No se recalcula ni se sincroniza.""}}"
LGVTM340,CRISTO # 16 PAPAL PLATA C/BASE,347,187.93,ARTESANIAS,LGVTM340,JORVINA ARTICULOS RELEGIOSOS,YURECUARO,29.5,13.5,"{""medidas_original"":""29.5 X 13.5c"",""proveedor_contacto"":""MARIA ESTHER NAVA"",""proveedor_telefono"":""33 2184 5609"",""financiero_2023"":{""numero_control"":""0847"",""precio_compra_con_iva"":218,""iva_compra"":30.07,""porcentaje_a_ganar"":50,""utilidad"":109,""openpay_comision"":8.82,""openpay_iva"":1.41,""comision_tienda_nube"":9.34,""total_comisiones"":19.58,""descuento_pago_transferencia_pct"":4.42,""iva_venta_desglosar"":47.8,""precio_venta_sin_iva"":299,""ganancia_real"":244,""_nota"":""Congelado del control de Excel 2023. No se recalcula ni se sincroniza.""}}"
LGVTM341,CRISTO #  2 DORADO CON BASE,85,43.97,ARTESANIAS,LGVTM341,JORVINA ARTICULOS RELEGIOSOS,YURECUARO,12.5,5.5,"{""medidas_original"":""12.5 X 5.5cm"",""proveedor_contacto"":""MARIA ESTHER NAVA"",""proveedor_telefono"":""33 2184 5609"",""financiero_2023"":{""numero_control"":""0848"",""precio_compra_con_iva"":51,""iva_compra"":7.03,""porcentaje_a_ganar"":50,""utilidad"":25.5,""openpay_comision"":3.98,""openpay_iva"":0.64,""comision_tienda_nube"":4.22,""total_comisiones"":8.84,""descuento_pago_transferencia_pct"":2,""iva_venta_desglosar"":11.77,""precio_venta_sin_iva"":74,""ganancia_real"":18,""_nota"":""Congelado del control de Excel 2023. No se recalcula ni se sincroniza.""}}"
LGVTM342,CRISTO INFANTIL CON BASE,56,27.59,ARTESANIAS,LGVTM342,JORVINA ARTICULOS RELEGIOSOS,YURECUARO,8.5,4.7,"{""medidas_original"":""8.5 X 4.7 cm"",""proveedor_contacto"":""MARIA ESTHER NAVA"",""proveedor_telefono"":""33 2184 5609"",""financiero_2023"":{""numero_control"":""0849"",""precio_compra_con_iva"":32,""iva_compra"":4.41,""porcentaje_a_ganar"":50,""utilidad"":16,""openpay_comision"":3.43,""openpay_iva"":0.55,""comision_tienda_nube"":3.64,""total_comisiones"":7.62,""descuento_pago_transferencia_pct"":1.72,""iva_venta_desglosar"":7.67,""precio_venta_sin_iva"":48,""ganancia_real"":-7,""_nota"":""Congelado del control de Excel 2023. No se recalcula ni se sincroniza.""}}"
LGVTM343,CRUZ PADRE HIJO Y ESPIRITU SANTO C/BASE,59,29.31,ARTESANIAS,LGVTM343,JORVINA ARTICULOS RELEGIOSOS,YURECUARO,8.5,4.7,"{""medidas_original"":""8.5 X 4.7 cm"",""proveedor_contacto"":""MARIA ESTHER NAVA"",""proveedor_telefono"":""33 2184 5609"",""financiero_2023"":{""numero_control"":""0850"",""precio_compra_con_iva"":34,""iva_compra"":4.69,""porcentaje_a_ganar"":50,""utilidad"":17,""openpay_comision"":3.49,""openpay_iva"":0.56,""comision_tienda_nube"":3.7,""total_comisiones"":7.74,""descuento_pago_transferencia_pct"":1.75,""iva_venta_desglosar"":8.1,""precio_venta_sin_iva"":51,""ganancia_real"":-5,""_nota"":""Congelado del control de Excel 2023. No se recalcula ni se sincroniza.""}}"
LGVTM344,CRISTO # 10 DORADO C/45 CON BASE MADERA,142,75,ARTESANIAS,LGVTM344,JORVINA ARTICULOS RELEGIOSOS,YURECUARO,19,7.5,"{""medidas_original"":""19 X 7.5 cms"",""proveedor_contacto"":""MARIA ESTHER NAVA"",""proveedor_telefono"":""33 2184 5609"",""financiero_2023"":{""numero_control"":""0851"",""precio_compra_con_iva"":87,""iva_compra"":12,""porcentaje_a_ganar"":50,""utilidad"":43.5,""openpay_comision"":5.02,""openpay_iva"":0.8,""comision_tienda_nube"":5.33,""total_comisiones"":11.15,""descuento_pago_transferencia_pct"":2.52,""iva_venta_desglosar"":19.54,""precio_venta_sin_iva"":122,""ganancia_real"":67,""_nota"":""Congelado del control de Excel 2023. No se recalcula ni se sincroniza.""}}"
LGVTM345,CRISTO MINI # 2 LISO DORADO EN B/ MADERA,98,50.86,ARTESANIAS,LGVTM345,JORVINA ARTICULOS RELEGIOSOS,YURECUARO,14,6,"{""medidas_original"":""14 X 6 cms"",""proveedor_contacto"":""MARIA ESTHER NAVA"",""proveedor_telefono"":""33 2184 5609"",""financiero_2023"":{""numero_control"":""0852"",""precio_compra_con_iva"":59,""iva_compra"":8.14,""porcentaje_a_ganar"":50,""utilidad"":29.5,""openpay_comision"":4.21,""openpay_iva"":0.67,""comision_tienda_nube"":4.47,""total_comisiones"":9.35,""descuento_pago_transferencia_pct"":2.11,""iva_venta_desglosar"":13.5,""precio_venta_sin_iva"":84,""ganancia_real"":29,""_nota"":""Congelado del control de Excel 2023. No se recalcula ni se sincroniza.""}}"
LGVTM346,CRISTO # 3 PAPAL CON BASE MADERA,123,64.66,ARTESANIAS,LGVTM346,JORVINA ARTICULOS RELEGIOSOS,YURECUARO,13,6,"{""medidas_original"":""13 X 6 cms"",""proveedor_contacto"":""MARIA ESTHER NAVA"",""proveedor_telefono"":""33 2184 5609"",""financiero_2023"":{""numero_control"":""0853"",""precio_compra_con_iva"":75,""iva_compra"":10.34,""porcentaje_a_ganar"":50,""utilidad"":37.5,""openpay_comision"":4.68,""openpay_iva"":0.75,""comision_tienda_nube"":4.96,""total_comisiones"":10.38,""descuento_pago_transferencia_pct"":2.34,""iva_venta_desglosar"":16.95,""precio_venta_sin_iva"":106,""ganancia_real"":51,""_nota"":""Congelado del control de Excel 2023. No se recalcula ni se sincroniza.""}}"
LGVTM347,CRISTO # 3 PATINADO CON BASE MADERA,123,64.66,ARTESANIAS,LGVTM347,JORVINA ARTICULOS RELEGIOSOS,YURECUARO,12.5,6,"{""medidas_original"":""12.5 x 6 cms"",""proveedor_contacto"":""MARIA ESTHER NAVA"",""proveedor_telefono"":""33 2184 5609"",""financiero_2023"":{""numero_control"":""0854"",""precio_compra_con_iva"":75,""iva_compra"":10.34,""porcentaje_a_ganar"":50,""utilidad"":37.5,""openpay_comision"":4.68,""openpay_iva"":0.75,""comision_tienda_nube"":4.96,""total_comisiones"":10.38,""descuento_pago_transferencia_pct"":2.34,""iva_venta_desglosar"":16.95,""precio_venta_sin_iva"":106,""ganancia_real"":51,""_nota"":""Congelado del control de Excel 2023. No se recalcula ni se sincroniza.""}}"
LGVTM348,CRISTO INFANTIL CON BASE MADERA,68,34.48,ARTESANIAS,LGVTM348,JORVINA ARTICULOS RELEGIOSOS,YURECUARO,9.5,4.5,"{""medidas_original"":""9.5 X 4.5cms"",""proveedor_contacto"":""MARIA ESTHER NAVA"",""proveedor_telefono"":""33 2184 5609"",""financiero_2023"":{""numero_control"":""0855"",""precio_compra_con_iva"":40,""iva_compra"":5.52,""porcentaje_a_ganar"":50,""utilidad"":20,""openpay_comision"":3.66,""openpay_iva"":0.59,""comision_tienda_nube"":3.88,""total_comisiones"":8.13,""descuento_pago_transferencia_pct"":1.84,""iva_venta_desglosar"":9.4,""precio_venta_sin_iva"":59,""ganancia_real"":4,""_nota"":""Congelado del control de Excel 2023. No se recalcula ni se sincroniza.""}}"
LGVTM349,CRISTO # 10 DOR SOLERA EN MAD. CHOCOL CON BASE,534,291.38,ARTESANIAS,LGVTM349,JORVINA ARTICULOS RELEGIOSOS,YURECUARO,,,"{""proveedor_contacto"":""MARIA ESTHER NAVA"",""proveedor_telefono"":""33 2184 5609"",""financiero_2023"":{""numero_control"":""0856"",""precio_compra_con_iva"":338,""iva_compra"":46.62,""porcentaje_a_ganar"":50,""utilidad"":169,""openpay_comision"":12.3,""openpay_iva"":1.97,""comision_tienda_nube"":13.03,""total_comisiones"":27.3,""descuento_pago_transferencia_pct"":6.16,""iva_venta_desglosar"":73.7,""precio_venta_sin_iva"":461,""ganancia_real"":405,""_nota"":""Congelado del control de Excel 2023. No se recalcula ni se sincroniza.""}}"
LGVTM350,CRUCES DE MADERA,0,0,0,LGVTM350,0,0,,,"{""proveedor_contacto"":""0"",""proveedor_telefono"":""0"",""financiero_2023"":{""numero_control"":""0857"",""iva_compra"":0,""porcentaje_a_ganar"":0,""openpay_comision"":2.5,""descuento_pago_transferencia_pct"":0,""iva_venta_desglosar"":0,""precio_venta_sin_iva"":0,""ganancia_real"":0,""_nota"":""Congelado del control de Excel 2023. No se recalcula ni se sincroniza.""}}"
LGVTM351,CRUZ PANTOCRATA PARA COLGAR,666,363.79,ARTESANIAS,LGVTM351,JORVINA ARTICULOS RELEGIOSOS,YURECUARO,30,19.5,"{""medidas_original"":""30 X 19.5 cm"",""proveedor_contacto"":""MARIA ESTHER NAVA"",""proveedor_telefono"":""33 2184 5609"",""financiero_2023"":{""numero_control"":""0858"",""precio_compra_con_iva"":422,""iva_compra"":58.21,""porcentaje_a_ganar"":50,""utilidad"":211,""openpay_comision"":14.74,""openpay_iva"":2.36,""comision_tienda_nube"":15.6,""total_comisiones"":32.7,""descuento_pago_transferencia_pct"":7.38,""iva_venta_desglosar"":91.82,""precio_venta_sin_iva"":574,""ganancia_real"":519,""_nota"":""Congelado del control de Excel 2023. No se recalcula ni se sincroniza.""}}"
LGVTM352,CRISTO # 25 MADERA PATINADO MOD. C,376,204.31,ARTESANIAS,LGVTM352,JORVINA ARTICULOS RELEGIOSOS,YURECUARO,32,21,"{""medidas_original"":""32 X 21 cms"",""proveedor_contacto"":""MARIA ESTHER NAVA"",""proveedor_telefono"":""33 2184 5609"",""financiero_2023"":{""numero_control"":""0859"",""precio_compra_con_iva"":237,""iva_compra"":32.69,""porcentaje_a_ganar"":50,""utilidad"":118.5,""openpay_comision"":9.37,""openpay_iva"":1.5,""comision_tienda_nube"":9.93,""total_comisiones"":20.8,""descuento_pago_transferencia_pct"":4.7,""iva_venta_desglosar"":51.9,""precio_venta_sin_iva"":324,""ganancia_real"":269,""_nota"":""Congelado del control de Excel 2023. No se recalcula ni se sincroniza.""}}"
LGVTM353,CRISTO # 25 MADERA PATINADO MOD. B,376,204.31,ARTESANIAS,LGVTM353,JORVINA ARTICULOS RELEGIOSOS,YURECUARO,35,21,"{""medidas_original"":""35 X 21 cms"",""proveedor_contacto"":""MARIA ESTHER NAVA"",""proveedor_telefono"":""33 2184 5609"",""financiero_2023"":{""numero_control"":""0860"",""precio_compra_con_iva"":237,""iva_compra"":32.69,""porcentaje_a_ganar"":50,""utilidad"":118.5,""openpay_comision"":9.37,""openpay_iva"":1.5,""comision_tienda_nube"":9.93,""total_comisiones"":20.8,""descuento_pago_transferencia_pct"":4.7,""iva_venta_desglosar"":51.9,""precio_venta_sin_iva"":324,""ganancia_real"":269,""_nota"":""Congelado del control de Excel 2023. No se recalcula ni se sincroniza.""}}"
LGVTM354,CRISTO # 25 MADERA PATINADO MOD. A,332,180.17,ARTESANIAS,LGVTM354,JORVINA ARTICULOS RELEGIOSOS,YURECUARO,34,20,"{""medidas_original"":""34 X 20 cms"",""proveedor_contacto"":""MARIA ESTHER NAVA"",""proveedor_telefono"":""33 2184 5609"",""financiero_2023"":{""numero_control"":""0861"",""precio_compra_con_iva"":209,""iva_compra"":28.83,""porcentaje_a_ganar"":50,""utilidad"":104.5,""openpay_comision"":8.56,""openpay_iva"":1.37,""comision_tienda_nube"":9.07,""total_comisiones"":19,""descuento_pago_transferencia_pct"":4.29,""iva_venta_desglosar"":45.86,""precio_venta_sin_iva"":287,""ganancia_real"":231,""_nota"":""Congelado del control de Excel 2023. No se recalcula ni se sincroniza.""}}"
LGVTM355,CRISTO # 25 CRUZ DEL SEMBRADOR EN MADERA,492,268.1,ARTESANIAS,LGVTM355,JORVINA ARTICULOS RELEGIOSOS,YURECUARO,40,20,"{""medidas_original"":""40 X 20 cms"",""proveedor_contacto"":""MARIA ESTHER NAVA"",""proveedor_telefono"":""33 2184 5609"",""financiero_2023"":{""numero_control"":""0862"",""precio_compra_con_iva"":311,""iva_compra"":42.9,""porcentaje_a_ganar"":50,""utilidad"":155.5,""openpay_comision"":11.52,""openpay_iva"":1.84,""comision_tienda_nube"":12.2,""total_comisiones"":25.56,""descuento_pago_transferencia_pct"":5.77,""iva_venta_desglosar"":67.87,""precio_venta_sin_iva"":424,""ganancia_real"":369,""_nota"":""Congelado del control de Excel 2023. No se recalcula ni se sincroniza.""}}"
LGVTM356,CRISTO EL SEMBRADOR VERDE,509,277.59,ARTESANIAS,LGVTM356,JORVINA ARTICULOS RELEGIOSOS,YURECUARO,40.5,22.5,"{""medidas_original"":""40.5 X 22.5c"",""proveedor_contacto"":""MARIA ESTHER NAVA"",""proveedor_telefono"":""33 2184 5609"",""financiero_2023"":{""numero_control"":""0863"",""precio_compra_con_iva"":322,""iva_compra"":44.41,""porcentaje_a_ganar"":50,""utilidad"":161,""openpay_comision"":11.84,""openpay_iva"":1.89,""comision_tienda_nube"":12.53,""total_comisiones"":26.27,""descuento_pago_transferencia_pct"":5.93,""iva_venta_desglosar"":70.24,""precio_venta_sin_iva"":439,""ganancia_real"":384,""_nota"":""Congelado del control de Excel 2023. No se recalcula ni se sincroniza.""}}"
LGVTM357,CRISTO EL SEMBRADOR,509,277.59,ARTESANIAS,LGVTM357,JORVINA ARTICULOS RELEGIOSOS,YURECUARO,40.5,22.5,"{""medidas_original"":""40.5 X 22.5c"",""proveedor_contacto"":""MARIA ESTHER NAVA"",""proveedor_telefono"":""33 2184 5609"",""financiero_2023"":{""numero_control"":""0864"",""precio_compra_con_iva"":322,""iva_compra"":44.41,""porcentaje_a_ganar"":50,""utilidad"":161,""openpay_comision"":11.84,""openpay_iva"":1.89,""comision_tienda_nube"":12.53,""total_comisiones"":26.27,""descuento_pago_transferencia_pct"":5.93,""iva_venta_desglosar"":70.24,""precio_venta_sin_iva"":439,""ganancia_real"":384,""_nota"":""Congelado del control de Excel 2023. No se recalcula ni se sincroniza.""}}"
LGVTM358,CRUZ ELEGANZA ESPECIAL DORADA,464,252.59,ARTESANIAS,LGVTM358,JORVINA ARTICULOS RELEGIOSOS,YURECUARO,20.5,13.5,"{""medidas_original"":""20.5 X 13.5c"",""proveedor_contacto"":""MARIA ESTHER NAVA"",""proveedor_telefono"":""33 2184 5609"",""financiero_2023"":{""numero_control"":""0865"",""precio_compra_con_iva"":293,""iva_compra"":40.41,""porcentaje_a_ganar"":50,""utilidad"":146.5,""openpay_comision"":11,""openpay_iva"":1.76,""comision_tienda_nube"":11.65,""total_comisiones"":24.4,""descuento_pago_transferencia_pct"":5.51,""iva_venta_desglosar"":63.99,""precio_venta_sin_iva"":400,""ganancia_real"":345,""_nota"":""Congelado del control de Excel 2023. No se recalcula ni se sincroniza.""}}"
LGVTM359,CRUZ ELEGANZA ESPECIAL PLATA,431,234.48,ARTESANIAS,LGVTM359,JORVINA ARTICULOS RELEGIOSOS,YURECUARO,20.5,13.5,"{""medidas_original"":""20.5 X 13.5c"",""proveedor_contacto"":""MARIA ESTHER NAVA"",""proveedor_telefono"":""33 2184 5609"",""financiero_2023"":{""numero_control"":""0866"",""precio_compra_con_iva"":272,""iva_compra"":37.52,""porcentaje_a_ganar"":50,""utilidad"":136,""openpay_comision"":10.39,""openpay_iva"":1.66,""comision_tienda_nube"":11,""total_comisiones"":23.05,""descuento_pago_transferencia_pct"":5.2,""iva_venta_desglosar"":59.46,""precio_venta_sin_iva"":372,""ganancia_real"":316,""_nota"":""Congelado del control de Excel 2023. No se recalcula ni se sincroniza.""}}"
LGVTM360,CRUZ JESUS MADERA RESACADA,408,221.55,ARTESANIAS,LGVTM360,JORVINA ARTICULOS RELEGIOSOS,YURECUARO,37.7,29,"{""medidas_original"":""37.7 X 29 cm"",""proveedor_contacto"":""MARIA ESTHER NAVA"",""proveedor_telefono"":""33 2184 5609"",""financiero_2023"":{""numero_control"":""0867"",""precio_compra_con_iva"":257,""iva_compra"":35.45,""porcentaje_a_ganar"":50,""utilidad"":128.5,""openpay_comision"":9.95,""openpay_iva"":1.59,""comision_tienda_nube"":10.54,""total_comisiones"":22.09,""descuento_pago_transferencia_pct"":4.99,""iva_venta_desglosar"":56.22,""precio_venta_sin_iva"":351,""ganancia_real"":296,""_nota"":""Congelado del control de Excel 2023. No se recalcula ni se sincroniza.""}}"
LGVTM361,CRUZ DE JESUS RESACADA EN CHOCOLATE,411,223.28,ARTESANIAS,LGVTM361,JORVINA ARTICULOS RELEGIOSOS,YURECUARO,37.7,29,"{""medidas_original"":""37.7 X 29 cm"",""proveedor_contacto"":""MARIA ESTHER NAVA"",""proveedor_telefono"":""33 2184 5609"",""financiero_2023"":{""numero_control"":""0868"",""precio_compra_con_iva"":259,""iva_compra"":35.72,""porcentaje_a_ganar"":50,""utilidad"":129.5,""openpay_comision"":10.01,""openpay_iva"":1.6,""comision_tienda_nube"":10.6,""total_comisiones"":22.22,""descuento_pago_transferencia_pct"":5.02,""iva_venta_desglosar"":56.65,""precio_venta_sin_iva"":354,""ganancia_real"":299,""_nota"":""Congelado del control de Excel 2023. No se recalcula ni se sincroniza.""}}"
LGVTM362,CRISTO REY INCRUSTACION EN MAD. CHOCOLAT,353,191.38,ARTESANIAS,LGVTM362,JORVINA ARTICULOS RELEGIOSOS,YURECUARO,35,19,"{""medidas_original"":""35 X 19 cms"",""proveedor_contacto"":""MARIA ESTHER NAVA"",""proveedor_telefono"":""33 2184 5609"",""financiero_2023"":{""numero_control"":""0869"",""precio_compra_con_iva"":222,""iva_compra"":30.62,""porcentaje_a_ganar"":50,""utilidad"":111,""openpay_comision"":8.94,""openpay_iva"":1.43,""comision_tienda_nube"":9.47,""total_comisiones"":19.84,""descuento_pago_transferencia_pct"":4.48,""iva_venta_desglosar"":48.67,""precio_venta_sin_iva"":304,""ganancia_real"":249,""_nota"":""Congelado del control de Excel 2023. No se recalcula ni se sincroniza.""}}"
LGVTM363,CRISTO REY INCRUSTACION EN MADERA,326,176.72,ARTESANIAS,LGVTM363,JORVINA ARTICULOS RELEGIOSOS,YURECUARO,35,19,"{""medidas_original"":""35 X 19 cms"",""proveedor_contacto"":""MARIA ESTHER NAVA"",""proveedor_telefono"":""33 2184 5609"",""financiero_2023"":{""numero_control"":""0870"",""precio_compra_con_iva"":205,""iva_compra"":28.28,""porcentaje_a_ganar"":50,""utilidad"":102.5,""openpay_comision"":8.45,""openpay_iva"":1.35,""comision_tienda_nube"":8.95,""total_comisiones"":18.74,""descuento_pago_transferencia_pct"":4.23,""iva_venta_desglosar"":45,""precio_venta_sin_iva"":281,""ganancia_real"":226,""_nota"":""Congelado del control de Excel 2023. No se recalcula ni se sincroniza.""}}"
LGVTM364,CRUZ SANTICIMA TRINIDAD  CON MADERA,198,106.03,ARTESANIAS,LGVTM364,JORVINA ARTICULOS RELEGIOSOS,YURECUARO,18.3,14,"{""medidas_original"":""18.3 X 14cm"",""proveedor_contacto"":""MARIA ESTHER NAVA"",""proveedor_telefono"":""33 2184 5609"",""financiero_2023"":{""numero_control"":""0871"",""precio_compra_con_iva"":123,""iva_compra"":16.97,""porcentaje_a_ganar"":50,""utilidad"":61.5,""openpay_comision"":6.07,""openpay_iva"":0.97,""comision_tienda_nube"":6.43,""total_comisiones"":13.47,""descuento_pago_transferencia_pct"":3.04,""iva_venta_desglosar"":27.31,""precio_venta_sin_iva"":171,""ganancia_real"":115,""_nota"":""Congelado del control de Excel 2023. No se recalcula ni se sincroniza.""}}"
LGVTM365,CRUZ GRABADA ORNAMENTAL MOD. 1,630,343.97,ARTESANIAS,LGVTM365,JORVINA ARTICULOS RELEGIOSOS,YURECUARO,40,24,"{""medidas_original"":""40 X 24 cms"",""proveedor_contacto"":""MARIA ESTHER NAVA"",""proveedor_telefono"":""33 2184 5609"",""financiero_2023"":{""numero_control"":""0872"",""precio_compra_con_iva"":399,""iva_compra"":55.03,""porcentaje_a_ganar"":50,""utilidad"":199.5,""openpay_comision"":14.07,""openpay_iva"":2.25,""comision_tienda_nube"":14.9,""total_comisiones"":31.22,""descuento_pago_transferencia_pct"":7.05,""iva_venta_desglosar"":86.86,""precio_venta_sin_iva"":543,""ganancia_real"":488,""_nota"":""Congelado del control de Excel 2023. No se recalcula ni se sincroniza.""}}"
LGVTM366,CRUZ GRABADA ORNAMENTAL,630,343.97,ARTESANIAS,LGVTM366,JORVINA ARTICULOS RELEGIOSOS,YURECUARO,45,23,"{""medidas_original"":""45 X 23 cms"",""proveedor_contacto"":""MARIA ESTHER NAVA"",""proveedor_telefono"":""33 2184 5609"",""financiero_2023"":{""numero_control"":""0873"",""precio_compra_con_iva"":399,""iva_compra"":55.03,""porcentaje_a_ganar"":50,""utilidad"":199.5,""openpay_comision"":14.07,""openpay_iva"":2.25,""comision_tienda_nube"":14.9,""total_comisiones"":31.22,""descuento_pago_transferencia_pct"":7.05,""iva_venta_desglosar"":86.86,""precio_venta_sin_iva"":543,""ganancia_real"":488,""_nota"":""Congelado del control de Excel 2023. No se recalcula ni se sincroniza.""}}"
LGVTM367,CRUZ # 25 MADERA C/METAL PARA COLGAR,769,420.69,ARTESANIAS,LGVTM367,JORVINA ARTICULOS RELEGIOSOS,YURECUARO,30,19.5,"{""medidas_original"":""30 X 19.5 cm"",""proveedor_contacto"":""MARIA ESTHER NAVA"",""proveedor_telefono"":""33 2184 5609"",""financiero_2023"":{""numero_control"":""0874"",""precio_compra_con_iva"":488,""iva_compra"":67.31,""porcentaje_a_ganar"":50,""utilidad"":244,""openpay_comision"":16.65,""openpay_iva"":2.66,""comision_tienda_nube"":17.63,""total_comisiones"":36.94,""descuento_pago_transferencia_pct"":8.34,""iva_venta_desglosar"":106.06,""precio_venta_sin_iva"":663,""ganancia_real"":608,""_nota"":""Congelado del control de Excel 2023. No se recalcula ni se sincroniza.""}}"
LGVTM368,CRUZ MOD.101 SOLERA GRABADA DOR.MAD/CHO,339,183.62,ARTESANIAS,LGVTM368,JORVINA ARTICULOS RELEGIOSOS,YURECUARO,33.5,17.5,"{""medidas_original"":""33.5 X 17.5c"",""proveedor_contacto"":""MARIA ESTHER NAVA"",""proveedor_telefono"":""33 2184 5609"",""financiero_2023"":{""numero_control"":""0875"",""precio_compra_con_iva"":213,""iva_compra"":29.38,""porcentaje_a_ganar"":50,""utilidad"":106.5,""openpay_comision"":8.68,""openpay_iva"":1.39,""comision_tienda_nube"":9.19,""total_comisiones"":19.26,""descuento_pago_transferencia_pct"":4.35,""iva_venta_desglosar"":46.73,""precio_venta_sin_iva"":292,""ganancia_real"":237,""_nota"":""Congelado del control de Excel 2023. No se recalcula ni se sincroniza.""}}"
LGVTM369,CRUZ MOD.101 SOLERA GRABADA PLA.MAD/CHO,339,183.62,ARTESANIAS,LGVTM369,JORVINA ARTICULOS RELEGIOSOS,YURECUARO,33.5,17.5,"{""medidas_original"":""33.5 X 17.5c"",""proveedor_contacto"":""MARIA ESTHER NAVA"",""proveedor_telefono"":""33 2184 5609"",""financiero_2023"":{""numero_control"":""0876"",""precio_compra_con_iva"":213,""iva_compra"":29.38,""porcentaje_a_ganar"":50,""utilidad"":106.5,""openpay_comision"":8.68,""openpay_iva"":1.39,""comision_tienda_nube"":9.19,""total_comisiones"":19.26,""descuento_pago_transferencia_pct"":4.35,""iva_venta_desglosar"":46.73,""precio_venta_sin_iva"":292,""ganancia_real"":237,""_nota"":""Congelado del control de Excel 2023. No se recalcula ni se sincroniza.""}}"
LGVTM370,CRUZ MOD.101 SOLERA GRABADA DOR.MAD. NAT,339,183.62,ARTESANIAS,LGVTM370,JORVINA ARTICULOS RELEGIOSOS,YURECUARO,33.5,17.5,"{""medidas_original"":""33.5 X 17.5c"",""proveedor_contacto"":""MARIA ESTHER NAVA"",""proveedor_telefono"":""33 2184 5609"",""financiero_2023"":{""numero_control"":""0877"",""precio_compra_con_iva"":213,""iva_compra"":29.38,""porcentaje_a_ganar"":50,""utilidad"":106.5,""openpay_comision"":8.68,""openpay_iva"":1.39,""comision_tienda_nube"":9.19,""total_comisiones"":19.26,""descuento_pago_transferencia_pct"":4.35,""iva_venta_desglosar"":46.73,""precio_venta_sin_iva"":292,""ganancia_real"":237,""_nota"":""Congelado del control de Excel 2023. No se recalcula ni se sincroniza.""}}"
LGVTM371,CRUZ MOD.101 SOLERA GRABADA PLA.MAD. NAT,339,183.62,ARTESANIAS,LGVTM371,JORVINA ARTICULOS RELEGIOSOS,YURECUARO,33.5,17.5,"{""medidas_original"":""33.5 X 17.5c"",""proveedor_contacto"":""MARIA ESTHER NAVA"",""proveedor_telefono"":""33 2184 5609"",""financiero_2023"":{""numero_control"":""0878"",""precio_compra_con_iva"":213,""iva_compra"":29.38,""porcentaje_a_ganar"":50,""utilidad"":106.5,""openpay_comision"":8.68,""openpay_iva"":1.39,""comision_tienda_nube"":9.19,""total_comisiones"":19.26,""descuento_pago_transferencia_pct"":4.35,""iva_venta_desglosar"":46.73,""precio_venta_sin_iva"":292,""ganancia_real"":237,""_nota"":""Congelado del control de Excel 2023. No se recalcula ni se sincroniza.""}}"
LGVTM372,CRISTO # 10 DORADO SOLERA EN MAD. CHOCOL,359,194.83,ARTESANIAS,LGVTM372,JORVINA ARTICULOS RELEGIOSOS,YURECUARO,33,17.5,"{""medidas_original"":""33 X 17.5cm"",""proveedor_contacto"":""MARIA ESTHER NAVA"",""proveedor_telefono"":""33 2184 5609"",""financiero_2023"":{""numero_control"":""0879"",""precio_compra_con_iva"":226,""iva_compra"":31.17,""porcentaje_a_ganar"":50,""utilidad"":113,""openpay_comision"":9.05,""openpay_iva"":1.45,""comision_tienda_nube"":9.59,""total_comisiones"":20.09,""descuento_pago_transferencia_pct"":4.54,""iva_venta_desglosar"":49.53,""precio_venta_sin_iva"":310,""ganancia_real"":254,""_nota"":""Congelado del control de Excel 2023. No se recalcula ni se sincroniza.""}}"
LGVTM373,CRISTO # 10 DORADO SOLERA EN MAD. NATURAL,359,194.83,ARTESANIAS,LGVTM373,JORVINA ARTICULOS RELEGIOSOS,YURECUARO,33,17.5,"{""medidas_original"":""33 X 17.5cm"",""proveedor_contacto"":""MARIA ESTHER NAVA"",""proveedor_telefono"":""33 2184 5609"",""financiero_2023"":{""numero_control"":""0880"",""precio_compra_con_iva"":226,""iva_compra"":31.17,""porcentaje_a_ganar"":50,""utilidad"":113,""openpay_comision"":9.05,""openpay_iva"":1.45,""comision_tienda_nube"":9.59,""total_comisiones"":20.09,""descuento_pago_transferencia_pct"":4.54,""iva_venta_desglosar"":49.53,""precio_venta_sin_iva"":310,""ganancia_real"":254,""_nota"":""Congelado del control de Excel 2023. No se recalcula ni se sincroniza.""}}"
LGVTM374,CRISTO # 10 DORADO SOLERA EN MAD. CHOCOL,359,194.83,ARTESANIAS,LGVTM374,JORVINA ARTICULOS RELEGIOSOS,YURECUARO,33,17.5,"{""medidas_original"":""33 X 17.5cm"",""proveedor_contacto"":""MARIA ESTHER NAVA"",""proveedor_telefono"":""33 2184 5609"",""financiero_2023"":{""numero_control"":""0881"",""precio_compra_con_iva"":226,""iva_compra"":31.17,""porcentaje_a_ganar"":50,""utilidad"":113,""openpay_comision"":9.05,""openpay_iva"":1.45,""comision_tienda_nube"":9.59,""total_comisiones"":20.09,""descuento_pago_transferencia_pct"":4.54,""iva_venta_desglosar"":49.53,""precio_venta_sin_iva"":310,""ganancia_real"":254,""_nota"":""Congelado del control de Excel 2023. No se recalcula ni se sincroniza.""}}"
LGVTM375,CRISTO # 10 DORADO SOLERA EN MAD. NATURAL,359,194.83,ARTESANIAS,LGVTM375,JORVINA ARTICULOS RELEGIOSOS,YURECUARO,33,17.5,"{""medidas_original"":""33 X 17.5cm"",""proveedor_contacto"":""MARIA ESTHER NAVA"",""proveedor_telefono"":""33 2184 5609"",""financiero_2023"":{""numero_control"":""0882"",""precio_compra_con_iva"":226,""iva_compra"":31.17,""porcentaje_a_ganar"":50,""utilidad"":113,""openpay_comision"":9.05,""openpay_iva"":1.45,""comision_tienda_nube"":9.59,""total_comisiones"":20.09,""descuento_pago_transferencia_pct"":4.54,""iva_venta_desglosar"":49.53,""precio_venta_sin_iva"":310,""ganancia_real"":254,""_nota"":""Congelado del control de Excel 2023. No se recalcula ni se sincroniza.""}}"
LGVTM376,CRISTO # 25 HEXAGONAL ESPEJO  C/MADERA,866,474.14,ARTESANIAS,LGVTM376,JORVINA ARTICULOS RELEGIOSOS,YURECUARO,49.5,25,"{""medidas_original"":""49.5 X 25 cm"",""proveedor_contacto"":""MARIA ESTHER NAVA"",""proveedor_telefono"":""33 2184 5609"",""financiero_2023"":{""numero_control"":""0883"",""precio_compra_con_iva"":550,""iva_compra"":75.86,""porcentaje_a_ganar"":50,""utilidad"":275,""openpay_comision"":18.45,""openpay_iva"":2.95,""comision_tienda_nube"":19.53,""total_comisiones"":40.93,""descuento_pago_transferencia_pct"":9.24,""iva_venta_desglosar"":119.44,""precio_venta_sin_iva"":746,""ganancia_real"":691,""_nota"":""Congelado del control de Excel 2023. No se recalcula ni se sincroniza.""}}"
LGVTM377,CRISTO # 25 HEXAGONAL RAYADO MAD. NATURAL,799,437.07,ARTESANIAS,LGVTM377,JORVINA ARTICULOS RELEGIOSOS,YURECUARO,49.5,25,"{""medidas_original"":""49.5 X 25 cm"",""proveedor_contacto"":""MARIA ESTHER NAVA"",""proveedor_telefono"":""33 2184 5609"",""financiero_2023"":{""numero_control"":""0884"",""precio_compra_con_iva"":507,""iva_compra"":69.93,""porcentaje_a_ganar"":50,""utilidad"":253.5,""openpay_comision"":17.2,""openpay_iva"":2.75,""comision_tienda_nube"":18.21,""total_comisiones"":38.16,""descuento_pago_transferencia_pct"":8.62,""iva_venta_desglosar"":110.16,""precio_venta_sin_iva"":689,""ganancia_real"":633,""_nota"":""Congelado del control de Excel 2023. No se recalcula ni se sincroniza.""}}"
LGVTM378,CRISTO # 25 HEXAGONAL LISO MADERA NATURAL,824,450.86,ARTESANIAS,LGVTM378,JORVINA ARTICULOS RELEGIOSOS,YURECUARO,49.5,25,"{""medidas_original"":""49.5 X 25 cm"",""proveedor_contacto"":""MARIA ESTHER NAVA"",""proveedor_telefono"":""33 2184 5609"",""financiero_2023"":{""numero_control"":""0885"",""precio_compra_con_iva"":523,""iva_compra"":72.14,""porcentaje_a_ganar"":50,""utilidad"":261.5,""openpay_comision"":17.67,""openpay_iva"":2.83,""comision_tienda_nube"":18.7,""total_comisiones"":39.19,""descuento_pago_transferencia_pct"":8.85,""iva_venta_desglosar"":113.61,""precio_venta_sin_iva"":710,""ganancia_real"":655,""_nota"":""Congelado del control de Excel 2023. No se recalcula ni se sincroniza.""}}"
LGVTM379,CRISTO # 22 HEXAGONAL PLATA CON MADERA,769,420.69,ARTESANIAS,LGVTM379,JORVINA ARTICULOS RELEGIOSOS,YURECUARO,45,22,"{""medidas_original"":""45 X 22 cms"",""proveedor_contacto"":""MARIA ESTHER NAVA"",""proveedor_telefono"":""33 2184 5609"",""financiero_2023"":{""numero_control"":""0886"",""precio_compra_con_iva"":488,""iva_compra"":67.31,""porcentaje_a_ganar"":50,""utilidad"":244,""openpay_comision"":16.65,""openpay_iva"":2.66,""comision_tienda_nube"":17.63,""total_comisiones"":36.94,""descuento_pago_transferencia_pct"":8.34,""iva_venta_desglosar"":106.06,""precio_venta_sin_iva"":663,""ganancia_real"":608,""_nota"":""Congelado del control de Excel 2023. No se recalcula ni se sincroniza.""}}"
LGVTM380,CRISTO # 25 ESPECIAL MADERA,824,450.86,ARTESANIAS,LGVTM380,JORVINA ARTICULOS RELEGIOSOS,YURECUARO,49.5,25,"{""medidas_original"":""49.5 X 25 cm"",""proveedor_contacto"":""MARIA ESTHER NAVA"",""proveedor_telefono"":""33 2184 5609"",""financiero_2023"":{""numero_control"":""0887"",""precio_compra_con_iva"":523,""iva_compra"":72.14,""porcentaje_a_ganar"":50,""utilidad"":261.5,""openpay_comision"":17.67,""openpay_iva"":2.83,""comision_tienda_nube"":18.7,""total_comisiones"":39.19,""descuento_pago_transferencia_pct"":8.85,""iva_venta_desglosar"":113.61,""precio_venta_sin_iva"":710,""ganancia_real"":655,""_nota"":""Congelado del control de Excel 2023. No se recalcula ni se sincroniza.""}}"
LGVTM381,CRISTO # 18 HEXAGONAL LISO MADERA CHOCO.,480,261.21,ARTESANIAS,LGVTM381,JORVINA ARTICULOS RELEGIOSOS,YURECUARO,40,20,"{""medidas_original"":""40 X 20 cms"",""proveedor_contacto"":""MARIA ESTHER NAVA"",""proveedor_telefono"":""33 2184 5609"",""financiero_2023"":{""numero_control"":""0888"",""precio_compra_con_iva"":303,""iva_compra"":41.79,""porcentaje_a_ganar"":50,""utilidad"":151.5,""openpay_comision"":11.29,""openpay_iva"":1.81,""comision_tienda_nube"":11.95,""total_comisiones"":25.04,""descuento_pago_transferencia_pct"":5.66,""iva_venta_desglosar"":66.14,""precio_venta_sin_iva"":413,""ganancia_real"":358,""_nota"":""Congelado del control de Excel 2023. No se recalcula ni se sincroniza.""}}"
LGVTM382,CRISTO # 18 HEXAGONAL LISO MADERA NATURAL,470,256.03,ARTESANIAS,LGVTM382,JORVINA ARTICULOS RELEGIOSOS,YURECUARO,40,20,"{""medidas_original"":""40 X 20 cms"",""proveedor_contacto"":""MARIA ESTHER NAVA"",""proveedor_telefono"":""33 2184 5609"",""financiero_2023"":{""numero_control"":""0889"",""precio_compra_con_iva"":297,""iva_compra"":40.97,""porcentaje_a_ganar"":50,""utilidad"":148.5,""openpay_comision"":11.11,""openpay_iva"":1.78,""comision_tienda_nube"":11.77,""total_comisiones"":24.66,""descuento_pago_transferencia_pct"":5.57,""iva_venta_desglosar"":64.85,""precio_venta_sin_iva"":405,""ganancia_real"":350,""_nota"":""Congelado del control de Excel 2023. No se recalcula ni se sincroniza.""}}"
LGVTM383,CRISTO # 16 DORADO ELEGANZA,389,211.21,ARTESANIAS,LGVTM383,JORVINA ARTICULOS RELEGIOSOS,YURECUARO,29,14,"{""medidas_original"":""29 X 14 cms"",""proveedor_contacto"":""MARIA ESTHER NAVA"",""proveedor_telefono"":""33 2184 5609"",""financiero_2023"":{""numero_control"":""0890"",""precio_compra_con_iva"":245,""iva_compra"":33.79,""porcentaje_a_ganar"":50,""utilidad"":122.5,""openpay_comision"":9.61,""openpay_iva"":1.54,""comision_tienda_nube"":10.17,""total_comisiones"":21.31,""descuento_pago_transferencia_pct"":4.81,""iva_venta_desglosar"":53.63,""precio_venta_sin_iva"":335,""ganancia_real"":280,""_nota"":""Congelado del control de Excel 2023. No se recalcula ni se sincroniza.""}}"
LGVTM384,CRISTO # 16 PLATA  ELEGANZA,389,211.21,ARTESANIAS,LGVTM384,JORVINA ARTICULOS RELEGIOSOS,YURECUARO,29,14,"{""medidas_original"":""29 X 14 cms"",""proveedor_contacto"":""MARIA ESTHER NAVA"",""proveedor_telefono"":""33 2184 5609"",""financiero_2023"":{""numero_control"":""0891"",""precio_compra_con_iva"":245,""iva_compra"":33.79,""porcentaje_a_ganar"":50,""utilidad"":122.5,""openpay_comision"":9.61,""openpay_iva"":1.54,""comision_tienda_nube"":10.17,""total_comisiones"":21.31,""descuento_pago_transferencia_pct"":4.81,""iva_venta_desglosar"":53.63,""precio_venta_sin_iva"":335,""ganancia_real"":280,""_nota"":""Congelado del control de Excel 2023. No se recalcula ni se sincroniza.""}}"
LGVTM385,CRISTO NUM 45 CRUZ MADERA,1244,682.76,ARTESANIAS,LGVTM385,JORVINA ARTICULOS RELEGIOSOS,YURECUARO,56,23,"{""medidas_original"":""56 X 23 cms"",""proveedor_contacto"":""MARIA ESTHER NAVA"",""proveedor_telefono"":""33 2184 5609"",""financiero_2023"":{""numero_control"":""0892"",""precio_compra_con_iva"":792,""iva_compra"":109.24,""porcentaje_a_ganar"":50,""utilidad"":396,""openpay_comision"":25.47,""openpay_iva"":4.07,""comision_tienda_nube"":26.95,""total_comisiones"":56.49,""descuento_pago_transferencia_pct"":12.76,""iva_venta_desglosar"":171.65,""precio_venta_sin_iva"":1073,""ganancia_real"":1018,""_nota"":""Congelado del control de Excel 2023. No se recalcula ni se sincroniza.""}}"
LGVTM386,CRUZ JESUS RESUCITADO GRANDE PLATA,1429,784.48,ARTESANIAS,LGVTM386,JORVINA ARTICULOS RELEGIOSOS,YURECUARO,60,32,"{""medidas_original"":""60 X 32 cms"",""proveedor_contacto"":""MARIA ESTHER NAVA"",""proveedor_telefono"":""33 2184 5609"",""financiero_2023"":{""numero_control"":""0893"",""precio_compra_con_iva"":910,""iva_compra"":125.52,""porcentaje_a_ganar"":50,""utilidad"":455,""openpay_comision"":28.89,""openpay_iva"":4.62,""comision_tienda_nube"":30.57,""total_comisiones"":64.08,""descuento_pago_transferencia_pct"":14.47,""iva_venta_desglosar"":197.11,""precio_venta_sin_iva"":1232,""ganancia_real"":1177,""_nota"":""Congelado del control de Excel 2023. No se recalcula ni se sincroniza.""}}"
LGVTM387,CRUZ JESUS RESUCITADO GRANDE DORADO,1429,784.48,ARTESANIAS,LGVTM387,JORVINA ARTICULOS RELEGIOSOS,YURECUARO,60,32,"{""medidas_original"":""60 X 32 cms"",""proveedor_contacto"":""MARIA ESTHER NAVA"",""proveedor_telefono"":""33 2184 5609"",""financiero_2023"":{""numero_control"":""0894"",""precio_compra_con_iva"":910,""iva_compra"":125.52,""porcentaje_a_ganar"":50,""utilidad"":455,""openpay_comision"":28.89,""openpay_iva"":4.62,""comision_tienda_nube"":30.57,""total_comisiones"":64.08,""descuento_pago_transferencia_pct"":14.47,""iva_venta_desglosar"":197.11,""precio_venta_sin_iva"":1232,""ganancia_real"":1177,""_nota"":""Congelado del control de Excel 2023. No se recalcula ni se sincroniza.""}}"
LGVTM388,CRISTO PASTORAL # 45 EN MADERA,1429,784.48,ARTESANIAS,LGVTM388,JORVINA ARTICULOS RELEGIOSOS,YURECUARO,67,24,"{""medidas_original"":""67 X 24 cms"",""proveedor_contacto"":""MARIA ESTHER NAVA"",""proveedor_telefono"":""33 2184 5609"",""financiero_2023"":{""numero_control"":""0895"",""precio_compra_con_iva"":910,""iva_compra"":125.52,""porcentaje_a_ganar"":50,""utilidad"":455,""openpay_comision"":28.89,""openpay_iva"":4.62,""comision_tienda_nube"":30.57,""total_comisiones"":64.08,""descuento_pago_transferencia_pct"":14.47,""iva_venta_desglosar"":197.11,""precio_venta_sin_iva"":1232,""ganancia_real"":1177,""_nota"":""Congelado del control de Excel 2023. No se recalcula ni se sincroniza.""}}"
LGVTM389,CRUZ RESACADA CON CUERPO 3/8  DORADA,561,306.03,ARTESANIAS,LGVTM389,JORVINA ARTICULOS RELEGIOSOS,YURECUARO,38,22,"{""medidas_original"":""38 X 22 cms"",""proveedor_contacto"":""MARIA ESTHER NAVA"",""proveedor_telefono"":""33 2184 5609"",""financiero_2023"":{""numero_control"":""0896"",""precio_compra_con_iva"":355,""iva_compra"":48.97,""porcentaje_a_ganar"":50,""utilidad"":177.5,""openpay_comision"":12.8,""openpay_iva"":2.05,""comision_tienda_nube"":13.55,""total_comisiones"":28.39,""descuento_pago_transferencia_pct"":6.41,""iva_venta_desglosar"":77.36,""precio_venta_sin_iva"":484,""ganancia_real"":428,""_nota"":""Congelado del control de Excel 2023. No se recalcula ni se sincroniza.""}}"
LGVTM390,CRUZ RESACADA CON CUERPO 3/8 PLATA,534,291.38,ARTESANIAS,LGVTM390,JORVINA ARTICULOS RELEGIOSOS,YURECUARO,38,22,"{""medidas_original"":""38 X 22 cms"",""proveedor_contacto"":""MARIA ESTHER NAVA"",""proveedor_telefono"":""33 2184 5609"",""financiero_2023"":{""numero_control"":""0897"",""precio_compra_con_iva"":338,""iva_compra"":46.62,""porcentaje_a_ganar"":50,""utilidad"":169,""openpay_comision"":12.3,""openpay_iva"":1.97,""comision_tienda_nube"":13.03,""total_comisiones"":27.3,""descuento_pago_transferencia_pct"":6.16,""iva_venta_desglosar"":73.7,""precio_venta_sin_iva"":461,""ganancia_real"":405,""_nota"":""Congelado del control de Excel 2023. No se recalcula ni se sincroniza.""}}"
LGVTM391,CRUZ RESACADA FLORES DORADA,558,304.31,ARTESANIAS,LGVTM391,JORVINA ARTICULOS RELEGIOSOS,YURECUARO,38,22,"{""medidas_original"":""38 X 22 cms"",""proveedor_contacto"":""MARIA ESTHER NAVA"",""proveedor_telefono"":""33 2184 5609"",""financiero_2023"":{""numero_control"":""0898"",""precio_compra_con_iva"":353,""iva_compra"":48.69,""porcentaje_a_ganar"":50,""utilidad"":176.5,""openpay_comision"":12.74,""openpay_iva"":2.04,""comision_tienda_nube"":13.49,""total_comisiones"":28.26,""descuento_pago_transferencia_pct"":6.38,""iva_venta_desglosar"":76.93,""precio_venta_sin_iva"":481,""ganancia_real"":426,""_nota"":""Congelado del control de Excel 2023. No se recalcula ni se sincroniza.""}}"
LGVTM392,CRUZ RESACADA FLORES PLATA,525,286.21,ARTESANIAS,LGVTM392,JORVINA ARTICULOS RELEGIOSOS,YURECUARO,38,22,"{""medidas_original"":""38 X 22 cms"",""proveedor_contacto"":""MARIA ESTHER NAVA"",""proveedor_telefono"":""33 2184 5609"",""financiero_2023"":{""numero_control"":""0899"",""precio_compra_con_iva"":332,""iva_compra"":45.79,""porcentaje_a_ganar"":50,""utilidad"":166,""openpay_comision"":12.13,""openpay_iva"":1.94,""comision_tienda_nube"":12.84,""total_comisiones"":26.91,""descuento_pago_transferencia_pct"":6.08,""iva_venta_desglosar"":72.4,""precio_venta_sin_iva"":453,""ganancia_real"":397,""_nota"":""Congelado del control de Excel 2023. No se recalcula ni se sincroniza.""}}"
LGVTM393,CRUZ PEDRERIA CON FLORES PLATA,583,318.1,ARTESANIAS,LGVTM393,JORVINA ARTICULOS RELEGIOSOS,YURECUARO,,,"{""proveedor_contacto"":""MARIA ESTHER NAVA"",""proveedor_telefono"":""33 2184 5609"",""financiero_2023"":{""numero_control"":""0900"",""precio_compra_con_iva"":369,""iva_compra"":50.9,""porcentaje_a_ganar"":50,""utilidad"":184.5,""openpay_comision"":13.2,""openpay_iva"":2.11,""comision_tienda_nube"":13.98,""total_comisiones"":29.29,""descuento_pago_transferencia_pct"":6.61,""iva_venta_desglosar"":80.38,""precio_venta_sin_iva"":502,""ganancia_real"":447,""_nota"":""Congelado del control de Excel 2023. No se recalcula ni se sincroniza.""}}"
LGVTM394,CRUZ PEDRERIA CON FLORES ORO,583,318.1,ARTESANIAS,LGVTM394,JORVINA ARTICULOS RELEGIOSOS,YURECUARO,,,"{""proveedor_contacto"":""MARIA ESTHER NAVA"",""proveedor_telefono"":""33 2184 5609"",""financiero_2023"":{""numero_control"":""0901"",""precio_compra_con_iva"":369,""iva_compra"":50.9,""porcentaje_a_ganar"":50,""utilidad"":184.5,""openpay_comision"":13.2,""openpay_iva"":2.11,""comision_tienda_nube"":13.98,""total_comisiones"":29.29,""descuento_pago_transferencia_pct"":6.61,""iva_venta_desglosar"":80.38,""precio_venta_sin_iva"":502,""ganancia_real"":447,""_nota"":""Congelado del control de Excel 2023. No se recalcula ni se sincroniza.""}}"
LGVTM395,CRUZ MEDALLAS DORADO,525,286.21,ARTESANIAS,LGVTM395,JORVINA ARTICULOS RELEGIOSOS,YURECUARO,,,"{""proveedor_contacto"":""MARIA ESTHER NAVA"",""proveedor_telefono"":""33 2184 5609"",""financiero_2023"":{""numero_control"":""0902"",""precio_compra_con_iva"":332,""iva_compra"":45.79,""porcentaje_a_ganar"":50,""utilidad"":166,""openpay_comision"":12.13,""openpay_iva"":1.94,""comision_tienda_nube"":12.84,""total_comisiones"":26.91,""descuento_pago_transferencia_pct"":6.08,""iva_venta_desglosar"":72.4,""precio_venta_sin_iva"":453,""ganancia_real"":397,""_nota"":""Congelado del control de Excel 2023. No se recalcula ni se sincroniza.""}}"
LGVTM396,CRUZ MEDALLAS PLATA,525,286.21,ARTESANIAS,LGVTM396,JORVINA ARTICULOS RELEGIOSOS,YURECUARO,,,"{""proveedor_contacto"":""MARIA ESTHER NAVA"",""proveedor_telefono"":""33 2184 5609"",""financiero_2023"":{""numero_control"":""0903"",""precio_compra_con_iva"":332,""iva_compra"":45.79,""porcentaje_a_ganar"":50,""utilidad"":166,""openpay_comision"":12.13,""openpay_iva"":1.94,""comision_tienda_nube"":12.84,""total_comisiones"":26.91,""descuento_pago_transferencia_pct"":6.08,""iva_venta_desglosar"":72.4,""precio_venta_sin_iva"":453,""ganancia_real"":397,""_nota"":""Congelado del control de Excel 2023. No se recalcula ni se sincroniza.""}}"
LGVTM397,CUERPO # 20 C/FONDO FILIGRANA PLATA,922,505.17,ARTESANIAS,LGVTM397,JORVINA ARTICULOS RELEGIOSOS,YURECUARO,,,"{""proveedor_contacto"":""MARIA ESTHER NAVA"",""proveedor_telefono"":""33 2184 5609"",""financiero_2023"":{""numero_control"":""0904"",""precio_compra_con_iva"":586,""iva_compra"":80.83,""porcentaje_a_ganar"":50,""utilidad"":293,""openpay_comision"":19.49,""openpay_iva"":3.12,""comision_tienda_nube"":20.63,""total_comisiones"":43.25,""descuento_pago_transferencia_pct"":9.76,""iva_venta_desglosar"":127.21,""precio_venta_sin_iva"":795,""ganancia_real"":740,""_nota"":""Congelado del control de Excel 2023. No se recalcula ni se sincroniza.""}}"
LGVTM398,CUERPO # 20 C/FONDO FILIGRANA DORADA,980,537.07,ARTESANIAS,LGVTM398,JORVINA ARTICULOS RELEGIOSOS,YURECUARO,,,"{""proveedor_contacto"":""MARIA ESTHER NAVA"",""proveedor_telefono"":""33 2184 5609"",""financiero_2023"":{""numero_control"":""0905"",""precio_compra_con_iva"":623,""iva_compra"":85.93,""porcentaje_a_ganar"":50,""utilidad"":311.5,""openpay_comision"":20.57,""openpay_iva"":3.29,""comision_tienda_nube"":21.77,""total_comisiones"":45.62,""descuento_pago_transferencia_pct"":10.3,""iva_venta_desglosar"":135.19,""precio_venta_sin_iva"":845,""ganancia_real"":790,""_nota"":""Congelado del control de Excel 2023. No se recalcula ni se sincroniza.""}}"
LGVTM399,CRUZ PADRE HIJO Y ESPIRIU SANTO DE RESINA CHICO,1293,709.48,ARTESANIAS,LGVTM399,JORVINA ARTICULOS RELEGIOSOS,YURECUARO,,,"{""proveedor_contacto"":""MARIA ESTHER NAVA"",""proveedor_telefono"":""33 2184 5609"",""financiero_2023"":{""numero_control"":""0906"",""precio_compra_con_iva"":823,""iva_compra"":113.52,""porcentaje_a_ganar"":50,""utilidad"":411.5,""openpay_comision"":26.37,""openpay_iva"":4.22,""comision_tienda_nube"":27.9,""total_comisiones"":58.49,""descuento_pago_transferencia_pct"":13.21,""iva_venta_desglosar"":178.34,""precio_venta_sin_iva"":1115,""ganancia_real"":1059,""_nota"":""Congelado del control de Excel 2023. No se recalcula ni se sincroniza.""}}"
LGVTM400,CRUZ PADRE HIJO Y ESPIRIU SANTO DE RESINA GRANDE,1790,983.62,ARTESANIAS,LGVTM400,JORVINA ARTICULOS RELEGIOSOS,YURECUARO,,,"{""proveedor_contacto"":""MARIA ESTHER NAVA"",""proveedor_telefono"":""33 2184 5609"",""financiero_2023"":{""numero_control"":""0907"",""precio_compra_con_iva"":1141,""iva_compra"":157.38,""porcentaje_a_ganar"":50,""utilidad"":570.5,""openpay_comision"":35.59,""openpay_iva"":5.69,""comision_tienda_nube"":37.66,""total_comisiones"":78.94,""descuento_pago_transferencia_pct"":17.82,""iva_venta_desglosar"":246.96,""precio_venta_sin_iva"":1543,""ganancia_real"":1488,""_nota"":""Congelado del control de Excel 2023. No se recalcula ni se sincroniza.""}}"
LGVTM401,CRUCIFIJOS,0,0,0,LGVTM401,0,0,,,"{""proveedor_contacto"":""0"",""proveedor_telefono"":""0"",""financiero_2023"":{""numero_control"":""0908"",""iva_compra"":0,""porcentaje_a_ganar"":0,""openpay_comision"":2.5,""descuento_pago_transferencia_pct"":0,""iva_venta_desglosar"":0,""precio_venta_sin_iva"":0,""ganancia_real"":0,""_nota"":""Congelado del control de Excel 2023. No se recalcula ni se sincroniza.""}}"
LGVTM402,CRISTO # 25 HEXAGONAL RAYADO ESPEJO,653,356.9,ARTESANIAS,LGVTM402,JORVINA ARTICULOS RELEGIOSOS,YURECUARO,40.5,18.5,"{""medidas_original"":""40.5 X 18.5 c"",""proveedor_contacto"":""MARIA ESTHER NAVA"",""proveedor_telefono"":""33 2184 5609"",""financiero_2023"":{""numero_control"":""0909"",""precio_compra_con_iva"":414,""iva_compra"":57.1,""porcentaje_a_ganar"":50,""utilidad"":207,""openpay_comision"":14.51,""openpay_iva"":2.32,""comision_tienda_nube"":15.36,""total_comisiones"":32.18,""descuento_pago_transferencia_pct"":7.27,""iva_venta_desglosar"":90.09,""precio_venta_sin_iva"":563,""ganancia_real"":508,""_nota"":""Congelado del control de Excel 2023. No se recalcula ni se sincroniza.""}}"
LGVTM403,CRISTO # 25 HEXAGONAL RAYADO,630,343.97,ARTESANIAS,LGVTM403,JORVINA ARTICULOS RELEGIOSOS,YURECUARO,40.5,18.5,"{""medidas_original"":""40.5 X 18.5 c"",""proveedor_contacto"":""MARIA ESTHER NAVA"",""proveedor_telefono"":""33 2184 5609"",""financiero_2023"":{""numero_control"":""0910"",""precio_compra_con_iva"":399,""iva_compra"":55.03,""porcentaje_a_ganar"":50,""utilidad"":199.5,""openpay_comision"":14.07,""openpay_iva"":2.25,""comision_tienda_nube"":14.9,""total_comisiones"":31.22,""descuento_pago_transferencia_pct"":7.05,""iva_venta_desglosar"":86.86,""precio_venta_sin_iva"":543,""ganancia_real"":488,""_nota"":""Congelado del control de Excel 2023. No se recalcula ni se sincroniza.""}}"
LGVTM404,CRISTO # 25 HEXAGONAL LISO,666,363.79,ARTESANIAS,LGVTM404,JORVINA ARTICULOS RELEGIOSOS,YURECUARO,40.5,18.5,"{""medidas_original"":""40.5 X 18.5 c"",""proveedor_contacto"":""MARIA ESTHER NAVA"",""proveedor_telefono"":""33 2184 5609"",""financiero_2023"":{""numero_control"":""0911"",""precio_compra_con_iva"":422,""iva_compra"":58.21,""porcentaje_a_ganar"":50,""utilidad"":211,""openpay_comision"":14.74,""openpay_iva"":2.36,""comision_tienda_nube"":15.6,""total_comisiones"":32.7,""descuento_pago_transferencia_pct"":7.38,""iva_venta_desglosar"":91.82,""precio_venta_sin_iva"":574,""ganancia_real"":519,""_nota"":""Congelado del control de Excel 2023. No se recalcula ni se sincroniza.""}}"
LGVTM405,CRISTO # 22 HEXAGONAL PLATA,572,312.07,ARTESANIAS,LGVTM405,JORVINA ARTICULOS RELEGIOSOS,YURECUARO,37,16.5,"{""medidas_original"":""37 X 16.5 cm"",""proveedor_contacto"":""MARIA ESTHER NAVA"",""proveedor_telefono"":""33 2184 5609"",""financiero_2023"":{""numero_control"":""0912"",""precio_compra_con_iva"":362,""iva_compra"":49.93,""porcentaje_a_ganar"":50,""utilidad"":181,""openpay_comision"":13,""openpay_iva"":2.08,""comision_tienda_nube"":13.76,""total_comisiones"":28.84,""descuento_pago_transferencia_pct"":6.51,""iva_venta_desglosar"":78.87,""precio_venta_sin_iva"":493,""ganancia_real"":438,""_nota"":""Congelado del control de Excel 2023. No se recalcula ni se sincroniza.""}}"
LGVTM406,CRISTO # 18 HEXAGONAL LISO,348,188.79,ARTESANIAS,LGVTM406,JORVINA ARTICULOS RELEGIOSOS,YURECUARO,32.5,15.5,"{""medidas_original"":""32.5 X 15.5 c"",""proveedor_contacto"":""MARIA ESTHER NAVA"",""proveedor_telefono"":""33 2184 5609"",""financiero_2023"":{""numero_control"":""0913"",""precio_compra_con_iva"":219,""iva_compra"":30.21,""porcentaje_a_ganar"":50,""utilidad"":109.5,""openpay_comision"":8.85,""openpay_iva"":1.42,""comision_tienda_nube"":9.38,""total_comisiones"":19.64,""descuento_pago_transferencia_pct"":4.44,""iva_venta_desglosar"":48.02,""precio_venta_sin_iva"":300,""ganancia_real"":245,""_nota"":""Congelado del control de Excel 2023. No se recalcula ni se sincroniza.""}}"
LGVTM407,CRISTO # 3/8 HEXAGONAL RAYADO,437,237.93,ARTESANIAS,LGVTM407,JORVINA ARTICULOS RELEGIOSOS,YURECUARO,31.5,14,"{""medidas_original"":""31.5 X 14 cm"",""proveedor_contacto"":""MARIA ESTHER NAVA"",""proveedor_telefono"":""33 2184 5609"",""financiero_2023"":{""numero_control"":""0914"",""precio_compra_con_iva"":276,""iva_compra"":38.07,""porcentaje_a_ganar"":50,""utilidad"":138,""openpay_comision"":10.5,""openpay_iva"":1.68,""comision_tienda_nube"":11.12,""total_comisiones"":23.31,""descuento_pago_transferencia_pct"":5.26,""iva_venta_desglosar"":60.32,""precio_venta_sin_iva"":377,""ganancia_real"":322,""_nota"":""Congelado del control de Excel 2023. No se recalcula ni se sincroniza.""}}"
LGVTM408,CRISTO # 3/8 HEXAGONAL LISO,447,243.1,ARTESANIAS,LGVTM408,JORVINA ARTICULOS RELEGIOSOS,YURECUARO,31.5,14,"{""medidas_original"":""31.5 X 14 cm"",""proveedor_contacto"":""MARIA ESTHER NAVA"",""proveedor_telefono"":""33 2184 5609"",""financiero_2023"":{""numero_control"":""0915"",""precio_compra_con_iva"":282,""iva_compra"":38.9,""porcentaje_a_ganar"":50,""utilidad"":141,""openpay_comision"":10.68,""openpay_iva"":1.71,""comision_tienda_nube"":11.31,""total_comisiones"":23.69,""descuento_pago_transferencia_pct"":5.35,""iva_venta_desglosar"":61.61,""precio_venta_sin_iva"":385,""ganancia_real"":330,""_nota"":""Congelado del control de Excel 2023. No se recalcula ni se sincroniza.""}}"
LGVTM409,CRISTO HEXAGONAL RAYADO DORADO ESPEJO,295,159.48,ARTESANIAS,LGVTM409,JORVINA ARTICULOS RELEGIOSOS,YURECUARO,30.5,13,"{""medidas_original"":""30.5 X 13 cm"",""proveedor_contacto"":""MARIA ESTHER NAVA"",""proveedor_telefono"":""33 2184 5609"",""financiero_2023"":{""numero_control"":""0916"",""precio_compra_con_iva"":185,""iva_compra"":25.52,""porcentaje_a_ganar"":50,""utilidad"":92.5,""openpay_comision"":7.87,""openpay_iva"":1.26,""comision_tienda_nube"":8.33,""total_comisiones"":17.46,""descuento_pago_transferencia_pct"":3.94,""iva_venta_desglosar"":40.68,""precio_venta_sin_iva"":254,""ganancia_real"":199,""_nota"":""Congelado del control de Excel 2023. No se recalcula ni se sincroniza.""}}"
LGVTM410,CRISTO HEXAGONAL CON CADENA RAYADO,112,58.62,ARTESANIAS,LGVTM410,JORVINA ARTICULOS RELEGIOSOS,YURECUARO,10.5,5.7,"{""medidas_original"":""10.5 X 5.7cm"",""proveedor_contacto"":""MARIA ESTHER NAVA"",""proveedor_telefono"":""33 2184 5609"",""financiero_2023"":{""numero_control"":""0917"",""precio_compra_con_iva"":68,""iva_compra"":9.38,""porcentaje_a_ganar"":50,""utilidad"":34,""openpay_comision"":4.47,""openpay_iva"":0.72,""comision_tienda_nube"":4.74,""total_comisiones"":9.93,""descuento_pago_transferencia_pct"":2.24,""iva_venta_desglosar"":15.44,""precio_venta_sin_iva"":96,""ganancia_real"":41,""_nota"":""Congelado del control de Excel 2023. No se recalcula ni se sincroniza.""}}"
LGVTM411,CRISTO HEXAGONAL CON CADENA LISO,123,64.66,ARTESANIAS,LGVTM411,JORVINA ARTICULOS RELEGIOSOS,YURECUARO,10.5,5.7,"{""medidas_original"":""10.5 X 5.7cm"",""proveedor_contacto"":""MARIA ESTHER NAVA"",""proveedor_telefono"":""33 2184 5609"",""financiero_2023"":{""numero_control"":""0918"",""precio_compra_con_iva"":75,""iva_compra"":10.34,""porcentaje_a_ganar"":50,""utilidad"":37.5,""openpay_comision"":4.68,""openpay_iva"":0.75,""comision_tienda_nube"":4.96,""total_comisiones"":10.38,""descuento_pago_transferencia_pct"":2.34,""iva_venta_desglosar"":16.95,""precio_venta_sin_iva"":106,""ganancia_real"":51,""_nota"":""Congelado del control de Excel 2023. No se recalcula ni se sincroniza.""}}"
LGVTM412,CRISTO MED. HEXAGONAL CON CADENA RAYAD,98,50.86,ARTESANIAS,LGVTM412,JORVINA ARTICULOS RELEGIOSOS,YURECUARO,6,3.5,"{""medidas_original"":""6 X 3.5 cms"",""proveedor_contacto"":""MARIA ESTHER NAVA"",""proveedor_telefono"":""33 2184 5609"",""financiero_2023"":{""numero_control"":""0919"",""precio_compra_con_iva"":59,""iva_compra"":8.14,""porcentaje_a_ganar"":50,""utilidad"":29.5,""openpay_comision"":4.21,""openpay_iva"":0.67,""comision_tienda_nube"":4.47,""total_comisiones"":9.35,""descuento_pago_transferencia_pct"":2.11,""iva_venta_desglosar"":13.5,""precio_venta_sin_iva"":84,""ganancia_real"":29,""_nota"":""Congelado del control de Excel 2023. No se recalcula ni se sincroniza.""}}"
LGVTM413,CRISTO CHICO HEXAGONAL CON CADENA RAYAD,81,41.38,ARTESANIAS,LGVTM413,JORVINA ARTICULOS RELEGIOSOS,YURECUARO,7,4,"{""medidas_original"":""7 X 4 cms"",""proveedor_contacto"":""MARIA ESTHER NAVA"",""proveedor_telefono"":""33 2184 5609"",""financiero_2023"":{""numero_control"":""0920"",""precio_compra_con_iva"":48,""iva_compra"":6.62,""porcentaje_a_ganar"":50,""utilidad"":24,""openpay_comision"":3.89,""openpay_iva"":0.62,""comision_tienda_nube"":4.13,""total_comisiones"":8.65,""descuento_pago_transferencia_pct"":1.95,""iva_venta_desglosar"":11.12,""precio_venta_sin_iva"":70,""ganancia_real"":14,""_nota"":""Congelado del control de Excel 2023. No se recalcula ni se sincroniza.""}}"
LGVTM414,CRISTO # 25 PAPAL CHAPA DE ORO,611,333.62,ARTESANIAS,LGVTM414,JORVINA ARTICULOS RELEGIOSOS,YURECUARO,37,16,"{""medidas_original"":""37 X 16 cms"",""proveedor_contacto"":""MARIA ESTHER NAVA"",""proveedor_telefono"":""33 2184 5609"",""financiero_2023"":{""numero_control"":""0921"",""precio_compra_con_iva"":387,""iva_compra"":53.38,""porcentaje_a_ganar"":50,""utilidad"":193.5,""openpay_comision"":13.72,""openpay_iva"":2.2,""comision_tienda_nube"":14.53,""total_comisiones"":30.45,""descuento_pago_transferencia_pct"":6.87,""iva_venta_desglosar"":84.27,""precio_venta_sin_iva"":527,""ganancia_real"":472,""_nota"":""Congelado del control de Excel 2023. No se recalcula ni se sincroniza.""}}"
LGVTM415,CRISTO # 16 PAPAL RAYADO DORADO,236,126.72,ARTESANIAS,LGVTM415,JORVINA ARTICULOS RELEGIOSOS,YURECUARO,29.5,13,"{""medidas_original"":""29.5 X 13 cm"",""proveedor_contacto"":""MARIA ESTHER NAVA"",""proveedor_telefono"":""33 2184 5609"",""financiero_2023"":{""numero_control"":""0922"",""precio_compra_con_iva"":147,""iva_compra"":20.28,""porcentaje_a_ganar"":50,""utilidad"":73.5,""openpay_comision"":6.76,""openpay_iva"":1.08,""comision_tienda_nube"":7.17,""total_comisiones"":15.01,""descuento_pago_transferencia_pct"":3.39,""iva_venta_desglosar"":32.48,""precio_venta_sin_iva"":203,""ganancia_real"":148,""_nota"":""Congelado del control de Excel 2023. No se recalcula ni se sincroniza.""}}"
LGVTM416,CRISTO # 16 PAPAL RAYADO PLATA,218,117.24,ARTESANIAS,LGVTM416,JORVINA ARTICULOS RELEGIOSOS,YURECUARO,29.5,13,"{""medidas_original"":""29.5 X 13 cm"",""proveedor_contacto"":""MARIA ESTHER NAVA"",""proveedor_telefono"":""33 2184 5609"",""financiero_2023"":{""numero_control"":""0923"",""precio_compra_con_iva"":136,""iva_compra"":18.76,""porcentaje_a_ganar"":50,""utilidad"":68,""openpay_comision"":6.44,""openpay_iva"":1.03,""comision_tienda_nube"":6.83,""total_comisiones"":14.3,""descuento_pago_transferencia_pct"":3.23,""iva_venta_desglosar"":30.11,""precio_venta_sin_iva"":188,""ganancia_real"":133,""_nota"":""Congelado del control de Excel 2023. No se recalcula ni se sincroniza.""}}"
LGVTM417,CRISTO # 16 REDONDO PAPAL,261,140.52,ARTESANIAS,LGVTM417,JORVINA ARTICULOS RELEGIOSOS,YURECUARO,29.5,13,"{""medidas_original"":""29.5 X 13 cm"",""proveedor_contacto"":""MARIA ESTHER NAVA"",""proveedor_telefono"":""33 2184 5609"",""financiero_2023"":{""numero_control"":""0924"",""precio_compra_con_iva"":163,""iva_compra"":22.48,""porcentaje_a_ganar"":50,""utilidad"":81.5,""openpay_comision"":7.23,""openpay_iva"":1.16,""comision_tienda_nube"":7.66,""total_comisiones"":16.04,""descuento_pago_transferencia_pct"":3.62,""iva_venta_desglosar"":35.94,""precio_venta_sin_iva"":225,""ganancia_real"":169,""_nota"":""Congelado del control de Excel 2023. No se recalcula ni se sincroniza.""}}"
LGVTM418,CRISTO # 3 PAPAL DORADO,90,46.55,ARTESANIAS,LGVTM418,JORVINA ARTICULOS RELEGIOSOS,YURECUARO,13,6,"{""medidas_original"":""13 X 6 cms"",""proveedor_contacto"":""MARIA ESTHER NAVA"",""proveedor_telefono"":""33 2184 5609"",""financiero_2023"":{""numero_control"":""0925"",""precio_compra_con_iva"":54,""iva_compra"":7.45,""porcentaje_a_ganar"":50,""utilidad"":27,""openpay_comision"":4.07,""openpay_iva"":0.65,""comision_tienda_nube"":4.31,""total_comisiones"":9.03,""descuento_pago_transferencia_pct"":2.04,""iva_venta_desglosar"":12.42,""precio_venta_sin_iva"":78,""ganancia_real"":22,""_nota"":""Congelado del control de Excel 2023. No se recalcula ni se sincroniza.""}}"
LGVTM419,CRISTO # 3 PAPAL PLATA,81,41.38,ARTESANIAS,LGVTM419,JORVINA ARTICULOS RELEGIOSOS,YURECUARO,13,6,"{""medidas_original"":""13 X 6 cms"",""proveedor_contacto"":""MARIA ESTHER NAVA"",""proveedor_telefono"":""33 2184 5609"",""financiero_2023"":{""numero_control"":""0926"",""precio_compra_con_iva"":48,""iva_compra"":6.62,""porcentaje_a_ganar"":50,""utilidad"":24,""openpay_comision"":3.89,""openpay_iva"":0.62,""comision_tienda_nube"":4.13,""total_comisiones"":8.65,""descuento_pago_transferencia_pct"":1.95,""iva_venta_desglosar"":11.12,""precio_venta_sin_iva"":70,""ganancia_real"":14,""_nota"":""Congelado del control de Excel 2023. No se recalcula ni se sincroniza.""}}"
LGVTM420,CRISTO # 16 DORADO RAYADO,250,134.48,ARTESANIAS,LGVTM420,JORVINA ARTICULOS RELEGIOSOS,YURECUARO,34,12.5,"{""medidas_original"":""34 X 12.5 cm"",""proveedor_contacto"":""MARIA ESTHER NAVA"",""proveedor_telefono"":""33 2184 5609"",""financiero_2023"":{""numero_control"":""0927"",""precio_compra_con_iva"":156,""iva_compra"":21.52,""porcentaje_a_ganar"":50,""utilidad"":78,""openpay_comision"":7.02,""openpay_iva"":1.12,""comision_tienda_nube"":7.44,""total_comisiones"":15.59,""descuento_pago_transferencia_pct"":3.52,""iva_venta_desglosar"":34.43,""precio_venta_sin_iva"":215,""ganancia_real"":160,""_nota"":""Congelado del control de Excel 2023. No se recalcula ni se sincroniza.""}}"
LGVTM421,CRISTO # 16 DORADO LISO,261,140.52,ARTESANIAS,LGVTM421,JORVINA ARTICULOS RELEGIOSOS,YURECUARO,34,12.5,"{""medidas_original"":""34 X 12.5 cm"",""proveedor_contacto"":""MARIA ESTHER NAVA"",""proveedor_telefono"":""33 2184 5609"",""financiero_2023"":{""numero_control"":""0928"",""precio_compra_con_iva"":163,""iva_compra"":22.48,""porcentaje_a_ganar"":50,""utilidad"":81.5,""openpay_comision"":7.23,""openpay_iva"":1.16,""comision_tienda_nube"":7.66,""total_comisiones"":16.04,""descuento_pago_transferencia_pct"":3.62,""iva_venta_desglosar"":35.94,""precio_venta_sin_iva"":225,""ganancia_real"":169,""_nota"":""Congelado del control de Excel 2023. No se recalcula ni se sincroniza.""}}"
LGVTM422,CRISTO # 16 PATINADO LISO,243,131.03,ARTESANIAS,LGVTM422,JORVINA ARTICULOS RELEGIOSOS,YURECUARO,34,12.5,"{""medidas_original"":""34 X 12.5 cm"",""proveedor_contacto"":""MARIA ESTHER NAVA"",""proveedor_telefono"":""33 2184 5609"",""financiero_2023"":{""numero_control"":""0929"",""precio_compra_con_iva"":152,""iva_compra"":20.97,""porcentaje_a_ganar"":50,""utilidad"":76,""openpay_comision"":6.91,""openpay_iva"":1.11,""comision_tienda_nube"":7.32,""total_comisiones"":15.33,""descuento_pago_transferencia_pct"":3.46,""iva_venta_desglosar"":33.56,""precio_venta_sin_iva"":210,""ganancia_real"":155,""_nota"":""Congelado del control de Excel 2023. No se recalcula ni se sincroniza.""}}"
LGVTM423,CRISTO # 16DORADO CON AUREOLA,218,117.24,ARTESANIAS,LGVTM423,JORVINA ARTICULOS RELEGIOSOS,YURECUARO,31,11,"{""medidas_original"":""31 X 11 cms"",""proveedor_contacto"":""MARIA ESTHER NAVA"",""proveedor_telefono"":""33 2184 5609"",""financiero_2023"":{""numero_control"":""0930"",""precio_compra_con_iva"":136,""iva_compra"":18.76,""porcentaje_a_ganar"":50,""utilidad"":68,""openpay_comision"":6.44,""openpay_iva"":1.03,""comision_tienda_nube"":6.83,""total_comisiones"":14.3,""descuento_pago_transferencia_pct"":3.23,""iva_venta_desglosar"":30.11,""precio_venta_sin_iva"":188,""ganancia_real"":133,""_nota"":""Congelado del control de Excel 2023. No se recalcula ni se sincroniza.""}}"
LGVTM424,CRISTO MINI # 16 REDONDO DORADO,93,48.28,ARTESANIAS,LGVTM424,JORVINA ARTICULOS RELEGIOSOS,YURECUARO,12,6.5,"{""medidas_original"":""12 X 6.5 cms"",""proveedor_contacto"":""MARIA ESTHER NAVA"",""proveedor_telefono"":""33 2184 5609"",""financiero_2023"":{""numero_control"":""0931"",""precio_compra_con_iva"":56,""iva_compra"":7.72,""porcentaje_a_ganar"":50,""utilidad"":28,""openpay_comision"":4.12,""openpay_iva"":0.66,""comision_tienda_nube"":4.38,""total_comisiones"":9.16,""descuento_pago_transferencia_pct"":2.07,""iva_venta_desglosar"":12.85,""precio_venta_sin_iva"":80,""ganancia_real"":25,""_nota"":""Congelado del control de Excel 2023. No se recalcula ni se sincroniza.""}}"
LGVTM425,CRISTO MINI # 16 REDONDO PLATA,90,46.55,ARTESANIAS,LGVTM425,JORVINA ARTICULOS RELEGIOSOS,YURECUARO,12,6.5,"{""medidas_original"":""12 X 6.5 cms"",""proveedor_contacto"":""MARIA ESTHER NAVA"",""proveedor_telefono"":""33 2184 5609"",""financiero_2023"":{""numero_control"":""0932"",""precio_compra_con_iva"":54,""iva_compra"":7.45,""porcentaje_a_ganar"":50,""utilidad"":27,""openpay_comision"":4.07,""openpay_iva"":0.65,""comision_tienda_nube"":4.31,""total_comisiones"":9.03,""descuento_pago_transferencia_pct"":2.04,""iva_venta_desglosar"":12.42,""precio_venta_sin_iva"":78,""ganancia_real"":22,""_nota"":""Congelado del control de Excel 2023. No se recalcula ni se sincroniza.""}}"
LGVTM426,CRISTO # 10 SOLERA DORADO,226,121.55,ARTESANIAS,LGVTM426,JORVINA ARTICULOS RELEGIOSOS,YURECUARO,24,10,"{""medidas_original"":""24 X 10 cms"",""proveedor_contacto"":""MARIA ESTHER NAVA"",""proveedor_telefono"":""33 2184 5609"",""financiero_2023"":{""numero_control"":""0933"",""precio_compra_con_iva"":141,""iva_compra"":19.45,""porcentaje_a_ganar"":50,""utilidad"":70.5,""openpay_comision"":6.59,""openpay_iva"":1.05,""comision_tienda_nube"":6.98,""total_comisiones"":14.63,""descuento_pago_transferencia_pct"":3.3,""iva_venta_desglosar"":31.19,""precio_venta_sin_iva"":195,""ganancia_real"":140,""_nota"":""Congelado del control de Excel 2023. No se recalcula ni se sincroniza.""}}"
LGVTM427,CRISTO # 10 SOLERA DORADO GRABADO,190,101.72,ARTESANIAS,LGVTM427,JORVINA ARTICULOS RELEGIOSOS,YURECUARO,24,10,"{""medidas_original"":""24 X 10 cms"",""proveedor_contacto"":""MARIA ESTHER NAVA"",""proveedor_telefono"":""33 2184 5609"",""financiero_2023"":{""numero_control"":""0934"",""precio_compra_con_iva"":118,""iva_compra"":16.28,""porcentaje_a_ganar"":50,""utilidad"":59,""openpay_comision"":5.92,""openpay_iva"":0.95,""comision_tienda_nube"":6.28,""total_comisiones"":13.15,""descuento_pago_transferencia_pct"":2.97,""iva_venta_desglosar"":26.23,""precio_venta_sin_iva"":164,""ganancia_real"":109,""_nota"":""Congelado del control de Excel 2023. No se recalcula ni se sincroniza.""}}"
LGVTM428,CRISTO # 10 SOLERA C/45,162,86.21,ARTESANIAS,LGVTM428,JORVINA ARTICULOS RELEGIOSOS,YURECUARO,24,10,"{""medidas_original"":""24 X 10 cms"",""proveedor_contacto"":""MARIA ESTHER NAVA"",""proveedor_telefono"":""33 2184 5609"",""financiero_2023"":{""numero_control"":""0935"",""precio_compra_con_iva"":100,""iva_compra"":13.79,""porcentaje_a_ganar"":50,""utilidad"":50,""openpay_comision"":5.4,""openpay_iva"":0.86,""comision_tienda_nube"":5.73,""total_comisiones"":11.99,""descuento_pago_transferencia_pct"":2.71,""iva_venta_desglosar"":22.34,""precio_venta_sin_iva"":140,""ganancia_real"":84,""_nota"":""Congelado del control de Excel 2023. No se recalcula ni se sincroniza.""}}"
LGVTM429,CRISTO # 25 RAYADO CUADRADO DORADO,492,268.1,ARTESANIAS,LGVTM429,JORVINA ARTICULOS RELEGIOSOS,YURECUARO,41.5,19.5,"{""medidas_original"":""41.5 x 19.5"",""proveedor_contacto"":""MARIA ESTHER NAVA"",""proveedor_telefono"":""33 2184 5609"",""financiero_2023"":{""numero_control"":""0936"",""precio_compra_con_iva"":311,""iva_compra"":42.9,""porcentaje_a_ganar"":50,""utilidad"":155.5,""openpay_comision"":11.52,""openpay_iva"":1.84,""comision_tienda_nube"":12.2,""total_comisiones"":25.56,""descuento_pago_transferencia_pct"":5.77,""iva_venta_desglosar"":67.87,""precio_venta_sin_iva"":424,""ganancia_real"":369,""_nota"":""Congelado del control de Excel 2023. No se recalcula ni se sincroniza.""}}"
LGVTM430,CRISTO # 16 RAYADO CUADRADO PLATA,261,140.52,ARTESANIAS,LGVTM430,JORVINA ARTICULOS RELEGIOSOS,YURECUARO,32,13,"{""medidas_original"":""32 X 13 cms"",""proveedor_contacto"":""MARIA ESTHER NAVA"",""proveedor_telefono"":""33 2184 5609"",""financiero_2023"":{""numero_control"":""0937"",""precio_compra_con_iva"":163,""iva_compra"":22.48,""porcentaje_a_ganar"":50,""utilidad"":81.5,""openpay_comision"":7.23,""openpay_iva"":1.16,""comision_tienda_nube"":7.66,""total_comisiones"":16.04,""descuento_pago_transferencia_pct"":3.62,""iva_venta_desglosar"":35.94,""precio_venta_sin_iva"":225,""ganancia_real"":169,""_nota"":""Congelado del control de Excel 2023. No se recalcula ni se sincroniza.""}}"
LGVTM431,CRISTO # 15 CUADRADO DORADO CON AUREOLA,198,106.03,ARTESANIAS,LGVTM431,JORVINA ARTICULOS RELEGIOSOS,YURECUARO,25,11,"{""medidas_original"":""25 X 11 cms"",""proveedor_contacto"":""MARIA ESTHER NAVA"",""proveedor_telefono"":""33 2184 5609"",""financiero_2023"":{""numero_control"":""0938"",""precio_compra_con_iva"":123,""iva_compra"":16.97,""porcentaje_a_ganar"":50,""utilidad"":61.5,""openpay_comision"":6.07,""openpay_iva"":0.97,""comision_tienda_nube"":6.43,""total_comisiones"":13.47,""descuento_pago_transferencia_pct"":3.04,""iva_venta_desglosar"":27.31,""precio_venta_sin_iva"":171,""ganancia_real"":115,""_nota"":""Congelado del control de Excel 2023. No se recalcula ni se sincroniza.""}}"
LGVTM432,CRISTO # 16 CUADRADO RAYADO DORADO,261,140.52,ARTESANIAS,LGVTM432,JORVINA ARTICULOS RELEGIOSOS,YURECUARO,32,13,"{""medidas_original"":""32 X 13 cms"",""proveedor_contacto"":""MARIA ESTHER NAVA"",""proveedor_telefono"":""33 2184 5609"",""financiero_2023"":{""numero_control"":""0939"",""precio_compra_con_iva"":163,""iva_compra"":22.48,""porcentaje_a_ganar"":50,""utilidad"":81.5,""openpay_comision"":7.23,""openpay_iva"":1.16,""comision_tienda_nube"":7.66,""total_comisiones"":16.04,""descuento_pago_transferencia_pct"":3.62,""iva_venta_desglosar"":35.94,""precio_venta_sin_iva"":225,""ganancia_real"":169,""_nota"":""Congelado del control de Excel 2023. No se recalcula ni se sincroniza.""}}"
LGVTM433,CRISTO # 16 CUADRADO DORADO CUERPO PLAT,261,140.52,ARTESANIAS,LGVTM433,JORVINA ARTICULOS RELEGIOSOS,YURECUARO,32,13,"{""medidas_original"":""32 X 13 cms"",""proveedor_contacto"":""MARIA ESTHER NAVA"",""proveedor_telefono"":""33 2184 5609"",""financiero_2023"":{""numero_control"":""0940"",""precio_compra_con_iva"":163,""iva_compra"":22.48,""porcentaje_a_ganar"":50,""utilidad"":81.5,""openpay_comision"":7.23,""openpay_iva"":1.16,""comision_tienda_nube"":7.66,""total_comisiones"":16.04,""descuento_pago_transferencia_pct"":3.62,""iva_venta_desglosar"":35.94,""precio_venta_sin_iva"":225,""ganancia_real"":169,""_nota"":""Congelado del control de Excel 2023. No se recalcula ni se sincroniza.""}}"
LGVTM434,CRISTO # 3/8 REDONDO RAYADO DORADO,401,218.1,ARTESANIAS,LGVTM434,JORVINA ARTICULOS RELEGIOSOS,YURECUARO,31.5,14,"{""medidas_original"":""31.5 X 14 cm"",""proveedor_contacto"":""MARIA ESTHER NAVA"",""proveedor_telefono"":""33 2184 5609"",""financiero_2023"":{""numero_control"":""0941"",""precio_compra_con_iva"":253,""iva_compra"":34.9,""porcentaje_a_ganar"":50,""utilidad"":126.5,""openpay_comision"":9.84,""openpay_iva"":1.57,""comision_tienda_nube"":10.42,""total_comisiones"":21.83,""descuento_pago_transferencia_pct"":4.93,""iva_venta_desglosar"":55.36,""precio_venta_sin_iva"":346,""ganancia_real"":291,""_nota"":""Congelado del control de Excel 2023. No se recalcula ni se sincroniza.""}}"
LGVTM435,CRISTO # 3/8  REDONDO ALUMINIO,314,169.83,ARTESANIAS,LGVTM435,JORVINA ARTICULOS RELEGIOSOS,YURECUARO,31.5,14,"{""medidas_original"":""31.5 X 14 cm"",""proveedor_contacto"":""MARIA ESTHER NAVA"",""proveedor_telefono"":""33 2184 5609"",""financiero_2023"":{""numero_control"":""0942"",""precio_compra_con_iva"":197,""iva_compra"":27.17,""porcentaje_a_ganar"":50,""utilidad"":98.5,""openpay_comision"":8.21,""openpay_iva"":1.31,""comision_tienda_nube"":8.7,""total_comisiones"":18.23,""descuento_pago_transferencia_pct"":4.12,""iva_venta_desglosar"":43.27,""precio_venta_sin_iva"":270,""ganancia_real"":215,""_nota"":""Congelado del control de Excel 2023. No se recalcula ni se sincroniza.""}}"
LGVTM436,CRISTO # 3/8 REDONDO LISO DORADO,408,221.55,ARTESANIAS,LGVTM436,JORVINA ARTICULOS RELEGIOSOS,YURECUARO,31.5,14,"{""medidas_original"":""31.5 X 14 cm"",""proveedor_contacto"":""MARIA ESTHER NAVA"",""proveedor_telefono"":""33 2184 5609"",""financiero_2023"":{""numero_control"":""0943"",""precio_compra_con_iva"":257,""iva_compra"":35.45,""porcentaje_a_ganar"":50,""utilidad"":128.5,""openpay_comision"":9.95,""openpay_iva"":1.59,""comision_tienda_nube"":10.54,""total_comisiones"":22.09,""descuento_pago_transferencia_pct"":4.99,""iva_venta_desglosar"":56.22,""precio_venta_sin_iva"":351,""ganancia_real"":296,""_nota"":""Congelado del control de Excel 2023. No se recalcula ni se sincroniza.""}}"
LGVTM437,CRISTO # 25 REDONDO ALUMINIO,431,234.48,ARTESANIAS,LGVTM437,JORVINA ARTICULOS RELEGIOSOS,YURECUARO,41.5,19.5,"{""medidas_original"":""41.5 x 19.5"",""proveedor_contacto"":""MARIA ESTHER NAVA"",""proveedor_telefono"":""33 2184 5609"",""financiero_2023"":{""numero_control"":""0944"",""precio_compra_con_iva"":272,""iva_compra"":37.52,""porcentaje_a_ganar"":50,""utilidad"":136,""openpay_comision"":10.39,""openpay_iva"":1.66,""comision_tienda_nube"":11,""total_comisiones"":23.05,""descuento_pago_transferencia_pct"":5.2,""iva_venta_desglosar"":59.46,""precio_venta_sin_iva"":372,""ganancia_real"":316,""_nota"":""Congelado del control de Excel 2023. No se recalcula ni se sincroniza.""}}"
LGVTM438,CRISTO INFANTIL RAYADO DORADO,51,25,ARTESANIAS,LGVTM438,JORVINA ARTICULOS RELEGIOSOS,YURECUARO,8,4.5,"{""medidas_original"":""8 X 4.5 cms"",""proveedor_contacto"":""MARIA ESTHER NAVA"",""proveedor_telefono"":""33 2184 5609"",""financiero_2023"":{""numero_control"":""0945"",""precio_compra_con_iva"":29,""iva_compra"":4,""porcentaje_a_ganar"":50,""utilidad"":14.5,""openpay_comision"":3.34,""openpay_iva"":0.53,""comision_tienda_nube"":3.55,""total_comisiones"":7.42,""descuento_pago_transferencia_pct"":1.68,""iva_venta_desglosar"":7.02,""precio_venta_sin_iva"":44,""ganancia_real"":-11,""_nota"":""Congelado del control de Excel 2023. No se recalcula ni se sincroniza.""}}"
LGVTM439,CRUZ ROSTRO DE JESUS GRANDE,118,62.07,ARTESANIAS,LGVTM439,JORVINA ARTICULOS RELEGIOSOS,YURECUARO,16,9,"{""medidas_original"":""16 X 9 cms"",""proveedor_contacto"":""MARIA ESTHER NAVA"",""proveedor_telefono"":""33 2184 5609"",""financiero_2023"":{""numero_control"":""0946"",""precio_compra_con_iva"":72,""iva_compra"":9.93,""porcentaje_a_ganar"":50,""utilidad"":36,""openpay_comision"":4.59,""openpay_iva"":0.73,""comision_tienda_nube"":4.87,""total_comisiones"":10.19,""descuento_pago_transferencia_pct"":2.3,""iva_venta_desglosar"":16.3,""precio_venta_sin_iva"":102,""ganancia_real"":47,""_nota"":""Congelado del control de Excel 2023. No se recalcula ni se sincroniza.""}}"
LGVTM440,CRISTO INFANTIL RAYADO PLATA,51,25,ARTESANIAS,LGVTM440,JORVINA ARTICULOS RELEGIOSOS,YURECUARO,8,4.5,"{""medidas_original"":""8 X 4.5 cms"",""proveedor_contacto"":""MARIA ESTHER NAVA"",""proveedor_telefono"":""33 2184 5609"",""financiero_2023"":{""numero_control"":""0947"",""precio_compra_con_iva"":29,""iva_compra"":4,""porcentaje_a_ganar"":50,""utilidad"":14.5,""openpay_comision"":3.34,""openpay_iva"":0.53,""comision_tienda_nube"":3.55,""total_comisiones"":7.42,""descuento_pago_transferencia_pct"":1.68,""iva_venta_desglosar"":7.02,""precio_venta_sin_iva"":44,""ganancia_real"":-11,""_nota"":""Congelado del control de Excel 2023. No se recalcula ni se sincroniza.""}}"
LGVTM441,CRISTO # 15 DORADO RAYADO,193,103.45,ARTESANIAS,LGVTM441,JORVINA ARTICULOS RELEGIOSOS,YURECUARO,27,10.5,"{""medidas_original"":""27 X 10.5 cm"",""proveedor_contacto"":""MARIA ESTHER NAVA"",""proveedor_telefono"":""33 2184 5609"",""financiero_2023"":{""numero_control"":""0948"",""precio_compra_con_iva"":120,""iva_compra"":16.55,""porcentaje_a_ganar"":50,""utilidad"":60,""openpay_comision"":5.98,""openpay_iva"":0.96,""comision_tienda_nube"":6.34,""total_comisiones"":13.28,""descuento_pago_transferencia_pct"":3,""iva_venta_desglosar"":26.66,""precio_venta_sin_iva"":167,""ganancia_real"":111,""_nota"":""Congelado del control de Excel 2023. No se recalcula ni se sincroniza.""}}"
LGVTM442,CRISTO # 15 PATINADO RAYADO,189,100.86,ARTESANIAS,LGVTM442,JORVINA ARTICULOS RELEGIOSOS,YURECUARO,27,10.5,"{""medidas_original"":""27 X 10.5 cm"",""proveedor_contacto"":""MARIA ESTHER NAVA"",""proveedor_telefono"":""33 2184 5609"",""financiero_2023"":{""numero_control"":""0949"",""precio_compra_con_iva"":117,""iva_compra"":16.14,""porcentaje_a_ganar"":50,""utilidad"":58.5,""openpay_comision"":5.89,""openpay_iva"":0.94,""comision_tienda_nube"":6.25,""total_comisiones"":13.08,""descuento_pago_transferencia_pct"":2.95,""iva_venta_desglosar"":26.01,""precio_venta_sin_iva"":163,""ganancia_real"":107,""_nota"":""Congelado del control de Excel 2023. No se recalcula ni se sincroniza.""}}"
LGVTM443,CRISTO # 15 DORADO LISO,193,103.45,ARTESANIAS,LGVTM443,JORVINA ARTICULOS RELEGIOSOS,YURECUARO,27,10.5,"{""medidas_original"":""27 X 10.5 cm"",""proveedor_contacto"":""MARIA ESTHER NAVA"",""proveedor_telefono"":""33 2184 5609"",""financiero_2023"":{""numero_control"":""0950"",""precio_compra_con_iva"":120,""iva_compra"":16.55,""porcentaje_a_ganar"":50,""utilidad"":60,""openpay_comision"":5.98,""openpay_iva"":0.96,""comision_tienda_nube"":6.34,""total_comisiones"":13.28,""descuento_pago_transferencia_pct"":3,""iva_venta_desglosar"":26.66,""precio_venta_sin_iva"":167,""ganancia_real"":111,""_nota"":""Congelado del control de Excel 2023. No se recalcula ni se sincroniza.""}}"
LGVTM444,CRISTO # 15 PATINADO LISO,189,100.86,ARTESANIAS,LGVTM444,JORVINA ARTICULOS RELEGIOSOS,YURECUARO,27,10.5,"{""medidas_original"":""27 X 10.5 cm"",""proveedor_contacto"":""MARIA ESTHER NAVA"",""proveedor_telefono"":""33 2184 5609"",""financiero_2023"":{""numero_control"":""0951"",""precio_compra_con_iva"":117,""iva_compra"":16.14,""porcentaje_a_ganar"":50,""utilidad"":58.5,""openpay_comision"":5.89,""openpay_iva"":0.94,""comision_tienda_nube"":6.25,""total_comisiones"":13.08,""descuento_pago_transferencia_pct"":2.95,""iva_venta_desglosar"":26.01,""precio_venta_sin_iva"":163,""ganancia_real"":107,""_nota"":""Congelado del control de Excel 2023. No se recalcula ni se sincroniza.""}}"
LGVTM445,CRISTO MINI # 2 REDONDO RAYADO,76,38.79,ARTESANIAS,LGVTM445,JORVINA ARTICULOS RELEGIOSOS,YURECUARO,12.5,6,"{""medidas_original"":""12.5 X 6 cms"",""proveedor_contacto"":""MARIA ESTHER NAVA"",""proveedor_telefono"":""33 2184 5609"",""financiero_2023"":{""numero_control"":""0952"",""precio_compra_con_iva"":45,""iva_compra"":6.21,""porcentaje_a_ganar"":50,""utilidad"":22.5,""openpay_comision"":3.81,""openpay_iva"":0.61,""comision_tienda_nube"":4.04,""total_comisiones"":8.45,""descuento_pago_transferencia_pct"":1.91,""iva_venta_desglosar"":10.48,""precio_venta_sin_iva"":65,""ganancia_real"":10,""_nota"":""Congelado del control de Excel 2023. No se recalcula ni se sincroniza.""}}"
LGVTM446,CRISTO MINI # 2 REDONDO LISO,81,41.38,ARTESANIAS,LGVTM446,JORVINA ARTICULOS RELEGIOSOS,YURECUARO,12.5,6,"{""medidas_original"":""12.5 X 6 cms"",""proveedor_contacto"":""MARIA ESTHER NAVA"",""proveedor_telefono"":""33 2184 5609"",""financiero_2023"":{""numero_control"":""0953"",""precio_compra_con_iva"":48,""iva_compra"":6.62,""porcentaje_a_ganar"":50,""utilidad"":24,""openpay_comision"":3.89,""openpay_iva"":0.62,""comision_tienda_nube"":4.13,""total_comisiones"":8.65,""descuento_pago_transferencia_pct"":1.95,""iva_venta_desglosar"":11.12,""precio_venta_sin_iva"":70,""ganancia_real"":14,""_nota"":""Congelado del control de Excel 2023. No se recalcula ni se sincroniza.""}}"
LGVTM447,CRISTO MINI # 2 REDONDO LISO PATINADO,81,41.38,ARTESANIAS,LGVTM447,JORVINA ARTICULOS RELEGIOSOS,YURECUARO,12.5,6,"{""medidas_original"":""12.5 X 6 cms"",""proveedor_contacto"":""MARIA ESTHER NAVA"",""proveedor_telefono"":""33 2184 5609"",""financiero_2023"":{""numero_control"":""0954"",""precio_compra_con_iva"":48,""iva_compra"":6.62,""porcentaje_a_ganar"":50,""utilidad"":24,""openpay_comision"":3.89,""openpay_iva"":0.62,""comision_tienda_nube"":4.13,""total_comisiones"":8.65,""descuento_pago_transferencia_pct"":1.95,""iva_venta_desglosar"":11.12,""precio_venta_sin_iva"":70,""ganancia_real"":14,""_nota"":""Congelado del control de Excel 2023. No se recalcula ni se sincroniza.""}}"
LGVTM448,CRISTO # 10 DORADO LISO,107,56.03,ARTESANIAS,LGVTM448,JORVINA ARTICULOS RELEGIOSOS,YURECUARO,17,7.5,"{""medidas_original"":""17 X 7.5"",""proveedor_contacto"":""MARIA ESTHER NAVA"",""proveedor_telefono"":""33 2184 5609"",""financiero_2023"":{""numero_control"":""0955"",""precio_compra_con_iva"":65,""iva_compra"":8.97,""porcentaje_a_ganar"":50,""utilidad"":32.5,""openpay_comision"":4.39,""openpay_iva"":0.7,""comision_tienda_nube"":4.65,""total_comisiones"":9.74,""descuento_pago_transferencia_pct"":2.2,""iva_venta_desglosar"":14.79,""precio_venta_sin_iva"":92,""ganancia_real"":37,""_nota"":""Congelado del control de Excel 2023. No se recalcula ni se sincroniza.""}}"
LGVTM449,CRISTO INFANTIL C/CADENA DORADO,85,43.97,ARTESANIAS,LGVTM449,JORVINA ARTICULOS RELEGIOSOS,YURECUARO,8,4.5,"{""medidas_original"":""8 X 4.5 cms"",""proveedor_contacto"":""MARIA ESTHER NAVA"",""proveedor_telefono"":""33 2184 5609"",""financiero_2023"":{""numero_control"":""0956"",""precio_compra_con_iva"":51,""iva_compra"":7.03,""porcentaje_a_ganar"":50,""utilidad"":25.5,""openpay_comision"":3.98,""openpay_iva"":0.64,""comision_tienda_nube"":4.22,""total_comisiones"":8.84,""descuento_pago_transferencia_pct"":2,""iva_venta_desglosar"":11.77,""precio_venta_sin_iva"":74,""ganancia_real"":18,""_nota"":""Congelado del control de Excel 2023. No se recalcula ni se sincroniza.""}}"
LGVTM450,MODELOS VARIOS,0,0,0,LGVTM450,0,0,,,"{""proveedor_contacto"":""0"",""proveedor_telefono"":""0"",""financiero_2023"":{""numero_control"":""0957"",""iva_compra"":0,""porcentaje_a_ganar"":0,""openpay_comision"":2.5,""descuento_pago_transferencia_pct"":0,""iva_venta_desglosar"":0,""precio_venta_sin_iva"":0,""ganancia_real"":0,""_nota"":""Congelado del control de Excel 2023. No se recalcula ni se sincroniza.""}}"
LGVTM451,DIVINO NIÑO DORADO CON BASE MADERA,112,58.62,ARTESANIAS,LGVTM451,JORVINA ARTICULOS RELEGIOSOS,YURECUARO,8,7,"{""medidas_original"":""8 X 7 cms"",""proveedor_contacto"":""MARIA ESTHER NAVA"",""proveedor_telefono"":""33 2184 5609"",""financiero_2023"":{""numero_control"":""0958"",""precio_compra_con_iva"":68,""iva_compra"":9.38,""porcentaje_a_ganar"":50,""utilidad"":34,""openpay_comision"":4.47,""openpay_iva"":0.72,""comision_tienda_nube"":4.74,""total_comisiones"":9.93,""descuento_pago_transferencia_pct"":2.24,""iva_venta_desglosar"":15.44,""precio_venta_sin_iva"":96,""ganancia_real"":41,""_nota"":""Congelado del control de Excel 2023. No se recalcula ni se sincroniza.""}}"
LGVTM452,DIVINO NIÑO PLATA CON BASE MADERA,106,55.17,ARTESANIAS,LGVTM452,JORVINA ARTICULOS RELEGIOSOS,YURECUARO,8,7,"{""medidas_original"":""8 X 7 cms"",""proveedor_contacto"":""MARIA ESTHER NAVA"",""proveedor_telefono"":""33 2184 5609"",""financiero_2023"":{""numero_control"":""0959"",""precio_compra_con_iva"":64,""iva_compra"":8.83,""porcentaje_a_ganar"":50,""utilidad"":32,""openpay_comision"":4.36,""openpay_iva"":0.7,""comision_tienda_nube"":4.62,""total_comisiones"":9.67,""descuento_pago_transferencia_pct"":2.18,""iva_venta_desglosar"":14.58,""precio_venta_sin_iva"":91,""ganancia_real"":36,""_nota"":""Congelado del control de Excel 2023. No se recalcula ni se sincroniza.""}}"
LGVTM453,HADA DORADA,107,56.03,ARTESANIAS,LGVTM453,JORVINA ARTICULOS RELEGIOSOS,YURECUARO,5,5,"{""medidas_original"":""5 X 5 cms"",""proveedor_contacto"":""MARIA ESTHER NAVA"",""proveedor_telefono"":""33 2184 5609"",""financiero_2023"":{""numero_control"":""0960"",""precio_compra_con_iva"":65,""iva_compra"":8.97,""porcentaje_a_ganar"":50,""utilidad"":32.5,""openpay_comision"":4.39,""openpay_iva"":0.7,""comision_tienda_nube"":4.65,""total_comisiones"":9.74,""descuento_pago_transferencia_pct"":2.2,""iva_venta_desglosar"":14.79,""precio_venta_sin_iva"":92,""ganancia_real"":37,""_nota"":""Congelado del control de Excel 2023. No se recalcula ni se sincroniza.""}}"
LGVTM454,HADA PLATA,96,50,ARTESANIAS,LGVTM454,JORVINA ARTICULOS RELEGIOSOS,YURECUARO,5,5,"{""medidas_original"":""5 X 5 cms"",""proveedor_contacto"":""MARIA ESTHER NAVA"",""proveedor_telefono"":""33 2184 5609"",""financiero_2023"":{""numero_control"":""0961"",""precio_compra_con_iva"":58,""iva_compra"":8,""porcentaje_a_ganar"":50,""utilidad"":29,""openpay_comision"":4.18,""openpay_iva"":0.67,""comision_tienda_nube"":4.44,""total_comisiones"":9.29,""descuento_pago_transferencia_pct"":2.1,""iva_venta_desglosar"":13.28,""precio_venta_sin_iva"":83,""ganancia_real"":28,""_nota"":""Congelado del control de Excel 2023. No se recalcula ni se sincroniza.""}}"
LGVTM455,QUERUBIN ALAS DORADAS MOD. A,93,48.28,ARTESANIAS,LGVTM455,JORVINA ARTICULOS RELEGIOSOS,YURECUARO,,,"{""medidas_original"":""6.5 cms"",""proveedor_contacto"":""MARIA ESTHER NAVA"",""proveedor_telefono"":""33 2184 5609"",""financiero_2023"":{""numero_control"":""0962"",""precio_compra_con_iva"":56,""iva_compra"":7.72,""porcentaje_a_ganar"":50,""utilidad"":28,""openpay_comision"":4.12,""openpay_iva"":0.66,""comision_tienda_nube"":4.38,""total_comisiones"":9.16,""descuento_pago_transferencia_pct"":2.07,""iva_venta_desglosar"":12.85,""precio_venta_sin_iva"":80,""ganancia_real"":25,""_nota"":""Congelado del control de Excel 2023. No se recalcula ni se sincroniza.""}}"
LGVTM456,QUERUBIN ALAS DORADAS MOD. B,93,48.28,ARTESANIAS,LGVTM456,JORVINA ARTICULOS RELEGIOSOS,YURECUARO,,,"{""medidas_original"":""6.5 cms"",""proveedor_contacto"":""MARIA ESTHER NAVA"",""proveedor_telefono"":""33 2184 5609"",""financiero_2023"":{""numero_control"":""0963"",""precio_compra_con_iva"":56,""iva_compra"":7.72,""porcentaje_a_ganar"":50,""utilidad"":28,""openpay_comision"":4.12,""openpay_iva"":0.66,""comision_tienda_nube"":4.38,""total_comisiones"":9.16,""descuento_pago_transferencia_pct"":2.07,""iva_venta_desglosar"":12.85,""precio_venta_sin_iva"":80,""ganancia_real"":25,""_nota"":""Congelado del control de Excel 2023. No se recalcula ni se sincroniza.""}}"
LGVTM457,ANGEL ORANDO DE BULTO ALAS DORADAS,85,43.97,ARTESANIAS,LGVTM457,JORVINA ARTICULOS RELEGIOSOS,YURECUARO,,,"{""medidas_original"":""6.5 cms"",""proveedor_contacto"":""MARIA ESTHER NAVA"",""proveedor_telefono"":""33 2184 5609"",""financiero_2023"":{""numero_control"":""0964"",""precio_compra_con_iva"":51,""iva_compra"":7.03,""porcentaje_a_ganar"":50,""utilidad"":25.5,""openpay_comision"":3.98,""openpay_iva"":0.64,""comision_tienda_nube"":4.22,""total_comisiones"":8.84,""descuento_pago_transferencia_pct"":2,""iva_venta_desglosar"":11.77,""precio_venta_sin_iva"":74,""ganancia_real"":18,""_nota"":""Congelado del control de Excel 2023. No se recalcula ni se sincroniza.""}}"
LGVTM458,JUDAS TADEO,90,46.55,ARTESANIAS,LGVTM458,JORVINA ARTICULOS RELEGIOSOS,YURECUARO,6.5,2.7,"{""medidas_original"":""6.5 X 2.7 cm"",""proveedor_contacto"":""MARIA ESTHER NAVA"",""proveedor_telefono"":""33 2184 5609"",""financiero_2023"":{""numero_control"":""0965"",""precio_compra_con_iva"":54,""iva_compra"":7.45,""porcentaje_a_ganar"":50,""utilidad"":27,""openpay_comision"":4.07,""openpay_iva"":0.65,""comision_tienda_nube"":4.31,""total_comisiones"":9.03,""descuento_pago_transferencia_pct"":2.04,""iva_venta_desglosar"":12.42,""precio_venta_sin_iva"":78,""ganancia_real"":22,""_nota"":""Congelado del control de Excel 2023. No se recalcula ni se sincroniza.""}}"
LGVTM459,MANOS DE PAZ Y AMOR PLATA BASE MADERA,176,93.97,ARTESANIAS,LGVTM459,JORVINA ARTICULOS RELEGIOSOS,YURECUARO,10,11.4,"{""medidas_original"":""10 X 11.4 cm"",""proveedor_contacto"":""MARIA ESTHER NAVA"",""proveedor_telefono"":""33 2184 5609"",""financiero_2023"":{""numero_control"":""0966"",""precio_compra_con_iva"":109,""iva_compra"":15.03,""porcentaje_a_ganar"":50,""utilidad"":54.5,""openpay_comision"":5.66,""openpay_iva"":0.91,""comision_tienda_nube"":6,""total_comisiones"":12.57,""descuento_pago_transferencia_pct"":2.84,""iva_venta_desglosar"":24.29,""precio_venta_sin_iva"":152,""ganancia_real"":97,""_nota"":""Congelado del control de Excel 2023. No se recalcula ni se sincroniza.""}}"
LGVTM460,MANOS DE PAZ Y AMOR DORADA B/MADERA,195,104.31,ARTESANIAS,LGVTM460,JORVINA ARTICULOS RELEGIOSOS,YURECUARO,10,11.4,"{""medidas_original"":""10 X 11.4 cm"",""proveedor_contacto"":""MARIA ESTHER NAVA"",""proveedor_telefono"":""33 2184 5609"",""financiero_2023"":{""numero_control"":""0967"",""precio_compra_con_iva"":121,""iva_compra"":16.69,""porcentaje_a_ganar"":50,""utilidad"":60.5,""openpay_comision"":6.01,""openpay_iva"":0.96,""comision_tienda_nube"":6.37,""total_comisiones"":13.34,""descuento_pago_transferencia_pct"":3.01,""iva_venta_desglosar"":26.87,""precio_venta_sin_iva"":168,""ganancia_real"":113,""_nota"":""Congelado del control de Excel 2023. No se recalcula ni se sincroniza.""}}"
LGVTM461,RETABLO ARCANGEL CHICO,81,41.38,ARTESANIAS,LGVTM461,JORVINA ARTICULOS RELEGIOSOS,YURECUARO,9,6.8,"{""medidas_original"":""9 X 6.8 cms"",""proveedor_contacto"":""MARIA ESTHER NAVA"",""proveedor_telefono"":""33 2184 5609"",""financiero_2023"":{""numero_control"":""0968"",""precio_compra_con_iva"":48,""iva_compra"":6.62,""porcentaje_a_ganar"":50,""utilidad"":24,""openpay_comision"":3.89,""openpay_iva"":0.62,""comision_tienda_nube"":4.13,""total_comisiones"":8.65,""descuento_pago_transferencia_pct"":1.95,""iva_venta_desglosar"":11.12,""precio_venta_sin_iva"":70,""ganancia_real"":14,""_nota"":""Congelado del control de Excel 2023. No se recalcula ni se sincroniza.""}}"
LGVTM462,RETABLO SAGRADO CORAZON NUEVO,123,64.66,ARTESANIAS,LGVTM462,JORVINA ARTICULOS RELEGIOSOS,YURECUARO,,,"{""proveedor_contacto"":""MARIA ESTHER NAVA"",""proveedor_telefono"":""33 2184 5609"",""financiero_2023"":{""numero_control"":""0969"",""precio_compra_con_iva"":75,""iva_compra"":10.34,""porcentaje_a_ganar"":50,""utilidad"":37.5,""openpay_comision"":4.68,""openpay_iva"":0.75,""comision_tienda_nube"":4.96,""total_comisiones"":10.38,""descuento_pago_transferencia_pct"":2.34,""iva_venta_desglosar"":16.95,""precio_venta_sin_iva"":106,""ganancia_real"":51,""_nota"":""Congelado del control de Excel 2023. No se recalcula ni se sincroniza.""}}"
LGVTM463,SEÑOR DE LA MISERICORDIA,181,96.55,ARTESANIAS,LGVTM463,JORVINA ARTICULOS RELEGIOSOS,YURECUARO,,,"{""proveedor_contacto"":""MARIA ESTHER NAVA"",""proveedor_telefono"":""33 2184 5609"",""financiero_2023"":{""numero_control"":""0970"",""precio_compra_con_iva"":112,""iva_compra"":15.45,""porcentaje_a_ganar"":50,""utilidad"":56,""openpay_comision"":5.75,""openpay_iva"":0.92,""comision_tienda_nube"":6.09,""total_comisiones"":12.76,""descuento_pago_transferencia_pct"":2.88,""iva_venta_desglosar"":24.93,""precio_venta_sin_iva"":156,""ganancia_real"":101,""_nota"":""Congelado del control de Excel 2023. No se recalcula ni se sincroniza.""}}"
LGVTM464,PESEBRE DORADO,195,104.31,ARTESANIAS,LGVTM464,JORVINA ARTICULOS RELEGIOSOS,YURECUARO,7.5,10,"{""medidas_original"":""7.5 X 10 cms"",""proveedor_contacto"":""MARIA ESTHER NAVA"",""proveedor_telefono"":""33 2184 5609"",""financiero_2023"":{""numero_control"":""0971"",""precio_compra_con_iva"":121,""iva_compra"":16.69,""porcentaje_a_ganar"":50,""utilidad"":60.5,""openpay_comision"":6.01,""openpay_iva"":0.96,""comision_tienda_nube"":6.37,""total_comisiones"":13.34,""descuento_pago_transferencia_pct"":3.01,""iva_venta_desglosar"":26.87,""precio_venta_sin_iva"":168,""ganancia_real"":113,""_nota"":""Congelado del control de Excel 2023. No se recalcula ni se sincroniza.""}}"
LGVTM465,PESEBRE PLATA,189,100.86,ARTESANIAS,LGVTM465,JORVINA ARTICULOS RELEGIOSOS,YURECUARO,7.5,10,"{""medidas_original"":""7.5 X 10 cms"",""proveedor_contacto"":""MARIA ESTHER NAVA"",""proveedor_telefono"":""33 2184 5609"",""financiero_2023"":{""numero_control"":""0972"",""precio_compra_con_iva"":117,""iva_compra"":16.14,""porcentaje_a_ganar"":50,""utilidad"":58.5,""openpay_comision"":5.89,""openpay_iva"":0.94,""comision_tienda_nube"":6.25,""total_comisiones"":13.08,""descuento_pago_transferencia_pct"":2.95,""iva_venta_desglosar"":26.01,""precio_venta_sin_iva"":163,""ganancia_real"":107,""_nota"":""Congelado del control de Excel 2023. No se recalcula ni se sincroniza.""}}"
LGVTM466,NACIMIENTO DORADO GRANDE,401,218.1,ARTESANIAS,LGVTM466,JORVINA ARTICULOS RELEGIOSOS,YURECUARO,19.5,14,"{""medidas_original"":""19.5 X 14 cm"",""proveedor_contacto"":""MARIA ESTHER NAVA"",""proveedor_telefono"":""33 2184 5609"",""financiero_2023"":{""numero_control"":""0973"",""precio_compra_con_iva"":253,""iva_compra"":34.9,""porcentaje_a_ganar"":50,""utilidad"":126.5,""openpay_comision"":9.84,""openpay_iva"":1.57,""comision_tienda_nube"":10.42,""total_comisiones"":21.83,""descuento_pago_transferencia_pct"":4.93,""iva_venta_desglosar"":55.36,""precio_venta_sin_iva"":346,""ganancia_real"":291,""_nota"":""Congelado del control de Excel 2023. No se recalcula ni se sincroniza.""}}"
LGVTM467,NACIMIENTO PLATA GRANDE,384,208.62,ARTESANIAS,LGVTM467,JORVINA ARTICULOS RELEGIOSOS,YURECUARO,19.5,14,"{""medidas_original"":""19.5 X 14 cm"",""proveedor_contacto"":""MARIA ESTHER NAVA"",""proveedor_telefono"":""33 2184 5609"",""financiero_2023"":{""numero_control"":""0974"",""precio_compra_con_iva"":242,""iva_compra"":33.38,""porcentaje_a_ganar"":50,""utilidad"":121,""openpay_comision"":9.52,""openpay_iva"":1.52,""comision_tienda_nube"":10.08,""total_comisiones"":21.12,""descuento_pago_transferencia_pct"":4.77,""iva_venta_desglosar"":52.98,""precio_venta_sin_iva"":331,""ganancia_real"":276,""_nota"":""Congelado del control de Excel 2023. No se recalcula ni se sincroniza.""}}"
LGVTM468,NACIMIENTO COMBINADO GRANDE,401,218.1,ARTESANIAS,LGVTM468,JORVINA ARTICULOS RELEGIOSOS,YURECUARO,19.5,14,"{""medidas_original"":""19.5 X 14 cm"",""proveedor_contacto"":""MARIA ESTHER NAVA"",""proveedor_telefono"":""33 2184 5609"",""financiero_2023"":{""numero_control"":""0975"",""precio_compra_con_iva"":253,""iva_compra"":34.9,""porcentaje_a_ganar"":50,""utilidad"":126.5,""openpay_comision"":9.84,""openpay_iva"":1.57,""comision_tienda_nube"":10.42,""total_comisiones"":21.83,""descuento_pago_transferencia_pct"":4.93,""iva_venta_desglosar"":55.36,""precio_venta_sin_iva"":346,""ganancia_real"":291,""_nota"":""Congelado del control de Excel 2023. No se recalcula ni se sincroniza.""}}"
LGVTM469,NACIMIENTO DORADO CHICO,148,78.45,ARTESANIAS,LGVTM469,JORVINA ARTICULOS RELEGIOSOS,YURECUARO,10,8,"{""medidas_original"":""10 X 8 cms"",""proveedor_contacto"":""MARIA ESTHER NAVA"",""proveedor_telefono"":""33 2184 5609"",""financiero_2023"":{""numero_control"":""0976"",""precio_compra_con_iva"":91,""iva_compra"":12.55,""porcentaje_a_ganar"":50,""utilidad"":45.5,""openpay_comision"":5.14,""openpay_iva"":0.82,""comision_tienda_nube"":5.45,""total_comisiones"":11.41,""descuento_pago_transferencia_pct"":2.58,""iva_venta_desglosar"":20.4,""precio_venta_sin_iva"":128,""ganancia_real"":72,""_nota"":""Congelado del control de Excel 2023. No se recalcula ni se sincroniza.""}}"
LGVTM470,NACIMIENTO PLATA CHICO,137,72.41,ARTESANIAS,LGVTM470,JORVINA ARTICULOS RELEGIOSOS,YURECUARO,10,8,"{""medidas_original"":""10 X 8 cms"",""proveedor_contacto"":""MARIA ESTHER NAVA"",""proveedor_telefono"":""33 2184 5609"",""financiero_2023"":{""numero_control"":""0977"",""precio_compra_con_iva"":84,""iva_compra"":11.59,""porcentaje_a_ganar"":50,""utilidad"":42,""openpay_comision"":4.94,""openpay_iva"":0.79,""comision_tienda_nube"":5.23,""total_comisiones"":10.96,""descuento_pago_transferencia_pct"":2.47,""iva_venta_desglosar"":18.89,""precio_venta_sin_iva"":118,""ganancia_real"":63,""_nota"":""Congelado del control de Excel 2023. No se recalcula ni se sincroniza.""}}"
LGVTM471,NACIMIENTO COMBINADO CHICO,148,78.45,ARTESANIAS,LGVTM471,JORVINA ARTICULOS RELEGIOSOS,YURECUARO,10,8,"{""medidas_original"":""10 X 8 cms"",""proveedor_contacto"":""MARIA ESTHER NAVA"",""proveedor_telefono"":""33 2184 5609"",""financiero_2023"":{""numero_control"":""0978"",""precio_compra_con_iva"":91,""iva_compra"":12.55,""porcentaje_a_ganar"":50,""utilidad"":45.5,""openpay_comision"":5.14,""openpay_iva"":0.82,""comision_tienda_nube"":5.45,""total_comisiones"":11.41,""descuento_pago_transferencia_pct"":2.58,""iva_venta_desglosar"":20.4,""precio_venta_sin_iva"":128,""ganancia_real"":72,""_nota"":""Congelado del control de Excel 2023. No se recalcula ni se sincroniza.""}}"
LGVTM472,NACIMIENTO REYES DORADO,195,104.31,ARTESANIAS,LGVTM472,JORVINA ARTICULOS RELEGIOSOS,YURECUARO,8,9.5,"{""medidas_original"":""8 X 9.5 cms"",""proveedor_contacto"":""MARIA ESTHER NAVA"",""proveedor_telefono"":""33 2184 5609"",""financiero_2023"":{""numero_control"":""0979"",""precio_compra_con_iva"":121,""iva_compra"":16.69,""porcentaje_a_ganar"":50,""utilidad"":60.5,""openpay_comision"":6.01,""openpay_iva"":0.96,""comision_tienda_nube"":6.37,""total_comisiones"":13.34,""descuento_pago_transferencia_pct"":3.01,""iva_venta_desglosar"":26.87,""precio_venta_sin_iva"":168,""ganancia_real"":113,""_nota"":""Congelado del control de Excel 2023. No se recalcula ni se sincroniza.""}}"
LGVTM473,NACIMIENTO REYES PLATA,181,96.55,ARTESANIAS,LGVTM473,JORVINA ARTICULOS RELEGIOSOS,YURECUARO,8,9.5,"{""medidas_original"":""8 X 9.5 cms"",""proveedor_contacto"":""MARIA ESTHER NAVA"",""proveedor_telefono"":""33 2184 5609"",""financiero_2023"":{""numero_control"":""0980"",""precio_compra_con_iva"":112,""iva_compra"":15.45,""porcentaje_a_ganar"":50,""utilidad"":56,""openpay_comision"":5.75,""openpay_iva"":0.92,""comision_tienda_nube"":6.09,""total_comisiones"":12.76,""descuento_pago_transferencia_pct"":2.88,""iva_venta_desglosar"":24.93,""precio_venta_sin_iva"":156,""ganancia_real"":101,""_nota"":""Congelado del control de Excel 2023. No se recalcula ni se sincroniza.""}}"
LGVTM474,CRUZ NAVIDAD GRABADA EN MADERA MOD. A,123,64.66,ARTESANIAS,LGVTM474,JORVINA ARTICULOS RELEGIOSOS,YURECUARO,,,"{""proveedor_contacto"":""MARIA ESTHER NAVA"",""proveedor_telefono"":""33 2184 5609"",""financiero_2023"":{""numero_control"":""0981"",""precio_compra_con_iva"":75,""iva_compra"":10.34,""porcentaje_a_ganar"":50,""utilidad"":37.5,""openpay_comision"":4.68,""openpay_iva"":0.75,""comision_tienda_nube"":4.96,""total_comisiones"":10.38,""descuento_pago_transferencia_pct"":2.34,""iva_venta_desglosar"":16.95,""precio_venta_sin_iva"":106,""ganancia_real"":51,""_nota"":""Congelado del control de Excel 2023. No se recalcula ni se sincroniza.""}}"
LGVTM475,CRUZ NAVIDAD GRABADA EN MADERA MOD. B,123,64.66,ARTESANIAS,LGVTM475,JORVINA ARTICULOS RELEGIOSOS,YURECUARO,,,"{""proveedor_contacto"":""MARIA ESTHER NAVA"",""proveedor_telefono"":""33 2184 5609"",""financiero_2023"":{""numero_control"":""0982"",""precio_compra_con_iva"":75,""iva_compra"":10.34,""porcentaje_a_ganar"":50,""utilidad"":37.5,""openpay_comision"":4.68,""openpay_iva"":0.75,""comision_tienda_nube"":4.96,""total_comisiones"":10.38,""descuento_pago_transferencia_pct"":2.34,""iva_venta_desglosar"":16.95,""precio_venta_sin_iva"":106,""ganancia_real"":51,""_nota"":""Congelado del control de Excel 2023. No se recalcula ni se sincroniza.""}}"
LGVTM476,PORTA CIRIO ANGELES DORADO,889,487.07,ARTESANIAS,LGVTM476,JORVINA ARTICULOS RELEGIOSOS,YURECUARO,,,"{""proveedor_contacto"":""MARIA ESTHER NAVA"",""proveedor_telefono"":""33 2184 5609"",""financiero_2023"":{""numero_control"":""0983"",""precio_compra_con_iva"":565,""iva_compra"":77.93,""porcentaje_a_ganar"":50,""utilidad"":282.5,""openpay_comision"":18.89,""openpay_iva"":3.02,""comision_tienda_nube"":19.99,""total_comisiones"":41.89,""descuento_pago_transferencia_pct"":9.46,""iva_venta_desglosar"":122.68,""precio_venta_sin_iva"":767,""ganancia_real"":712,""_nota"":""Congelado del control de Excel 2023. No se recalcula ni se sincroniza.""}}"
LGVTM477,PORTA CIRIOS MADONA CAMAFEO DORADO,889,487.07,ARTESANIAS,LGVTM477,JORVINA ARTICULOS RELEGIOSOS,YURECUARO,,,"{""proveedor_contacto"":""MARIA ESTHER NAVA"",""proveedor_telefono"":""33 2184 5609"",""financiero_2023"":{""numero_control"":""0984"",""precio_compra_con_iva"":565,""iva_compra"":77.93,""porcentaje_a_ganar"":50,""utilidad"":282.5,""openpay_comision"":18.89,""openpay_iva"":3.02,""comision_tienda_nube"":19.99,""total_comisiones"":41.89,""descuento_pago_transferencia_pct"":9.46,""iva_venta_desglosar"":122.68,""precio_venta_sin_iva"":767,""ganancia_real"":712,""_nota"":""Congelado del control de Excel 2023. No se recalcula ni se sincroniza.""}}"
LGVTM478,PORTA CIRIO PAN Y VINO PLATA,858,469.83,ARTESANIAS,LGVTM478,JORVINA ARTICULOS RELEGIOSOS,YURECUARO,,,"{""proveedor_contacto"":""MARIA ESTHER NAVA"",""proveedor_telefono"":""33 2184 5609"",""financiero_2023"":{""numero_control"":""0985"",""precio_compra_con_iva"":545,""iva_compra"":75.17,""porcentaje_a_ganar"":50,""utilidad"":272.5,""openpay_comision"":18.31,""openpay_iva"":2.93,""comision_tienda_nube"":19.37,""total_comisiones"":40.61,""descuento_pago_transferencia_pct"":9.17,""iva_venta_desglosar"":118.36,""precio_venta_sin_iva"":740,""ganancia_real"":685,""_nota"":""Congelado del control de Excel 2023. No se recalcula ni se sincroniza.""}}"
LGVTM479,PORTA CIRIO ANGELES MOÑO PLATA,858,469.83,ARTESANIAS,LGVTM479,JORVINA ARTICULOS RELEGIOSOS,YURECUARO,,,"{""proveedor_contacto"":""MARIA ESTHER NAVA"",""proveedor_telefono"":""33 2184 5609"",""financiero_2023"":{""numero_control"":""0986"",""precio_compra_con_iva"":545,""iva_compra"":75.17,""porcentaje_a_ganar"":50,""utilidad"":272.5,""openpay_comision"":18.31,""openpay_iva"":2.93,""comision_tienda_nube"":19.37,""total_comisiones"":40.61,""descuento_pago_transferencia_pct"":9.17,""iva_venta_desglosar"":118.36,""precio_venta_sin_iva"":740,""ganancia_real"":685,""_nota"":""Congelado del control de Excel 2023. No se recalcula ni se sincroniza.""}}"
LGVTM480,CUADRO MADONA CONVINADA C/BASE,442,240.52,ARTESANIAS,LGVTM480,JORVINA ARTICULOS RELEGIOSOS,YURECUARO,,,"{""proveedor_contacto"":""MARIA ESTHER NAVA"",""proveedor_telefono"":""33 2184 5609"",""financiero_2023"":{""numero_control"":""0987"",""precio_compra_con_iva"":279,""iva_compra"":38.48,""porcentaje_a_ganar"":50,""utilidad"":139.5,""openpay_comision"":10.59,""openpay_iva"":1.69,""comision_tienda_nube"":11.22,""total_comisiones"":23.5,""descuento_pago_transferencia_pct"":5.31,""iva_venta_desglosar"":60.97,""precio_venta_sin_iva"":381,""ganancia_real"":326,""_nota"":""Congelado del control de Excel 2023. No se recalcula ni se sincroniza.""}}"
LGVTM481,CUADRO SAGRADA FAMILIA CONV. C/BASE,577,314.66,ARTESANIAS,LGVTM481,JORVINA ARTICULOS RELEGIOSOS,YURECUARO,,,"{""proveedor_contacto"":""MARIA ESTHER NAVA"",""proveedor_telefono"":""33 2184 5609"",""financiero_2023"":{""numero_control"":""0988"",""precio_compra_con_iva"":365,""iva_compra"":50.34,""porcentaje_a_ganar"":50,""utilidad"":182.5,""openpay_comision"":13.09,""openpay_iva"":2.09,""comision_tienda_nube"":13.85,""total_comisiones"":29.03,""descuento_pago_transferencia_pct"":6.56,""iva_venta_desglosar"":79.52,""precio_venta_sin_iva"":497,""ganancia_real"":442,""_nota"":""Congelado del control de Excel 2023. No se recalcula ni se sincroniza.""}}"
LGVTM482,OVALO SAGRADA FAMILIA ORO Y PLATA,442,240.52,ARTESANIAS,LGVTM482,JORVINA ARTICULOS RELEGIOSOS,YURECUARO,,,"{""proveedor_contacto"":""MARIA ESTHER NAVA"",""proveedor_telefono"":""33 2184 5609"",""financiero_2023"":{""numero_control"":""0989"",""precio_compra_con_iva"":279,""iva_compra"":38.48,""porcentaje_a_ganar"":50,""utilidad"":139.5,""openpay_comision"":10.59,""openpay_iva"":1.69,""comision_tienda_nube"":11.22,""total_comisiones"":23.5,""descuento_pago_transferencia_pct"":5.31,""iva_venta_desglosar"":60.97,""precio_venta_sin_iva"":381,""ganancia_real"":326,""_nota"":""Congelado del control de Excel 2023. No se recalcula ni se sincroniza.""}}"
LGVTM483,OVALO  MADONA ORANDO ORO Y PLATA,442,240.52,ARTESANIAS,LGVTM483,JORVINA ARTICULOS RELEGIOSOS,YURECUARO,,,"{""proveedor_contacto"":""MARIA ESTHER NAVA"",""proveedor_telefono"":""33 2184 5609"",""financiero_2023"":{""numero_control"":""0990"",""precio_compra_con_iva"":279,""iva_compra"":38.48,""porcentaje_a_ganar"":50,""utilidad"":139.5,""openpay_comision"":10.59,""openpay_iva"":1.69,""comision_tienda_nube"":11.22,""total_comisiones"":23.5,""descuento_pago_transferencia_pct"":5.31,""iva_venta_desglosar"":60.97,""precio_venta_sin_iva"":381,""ganancia_real"":326,""_nota"":""Congelado del control de Excel 2023. No se recalcula ni se sincroniza.""}}"
LGVTM484,OVALO ANGELES C/ BASE ORO Y PLATA,442,240.52,ARTESANIAS,LGVTM484,JORVINA ARTICULOS RELEGIOSOS,YURECUARO,,,"{""proveedor_contacto"":""MARIA ESTHER NAVA"",""proveedor_telefono"":""33 2184 5609"",""financiero_2023"":{""numero_control"":""0991"",""precio_compra_con_iva"":279,""iva_compra"":38.48,""porcentaje_a_ganar"":50,""utilidad"":139.5,""openpay_comision"":10.59,""openpay_iva"":1.69,""comision_tienda_nube"":11.22,""total_comisiones"":23.5,""descuento_pago_transferencia_pct"":5.31,""iva_venta_desglosar"":60.97,""precio_venta_sin_iva"":381,""ganancia_real"":326,""_nota"":""Congelado del control de Excel 2023. No se recalcula ni se sincroniza.""}}"
LGVTM485,OVALO ANGELES  ORO Y PLATA,442,240.52,ARTESANIAS,LGVTM485,JORVINA ARTICULOS RELEGIOSOS,YURECUARO,,,"{""proveedor_contacto"":""MARIA ESTHER NAVA"",""proveedor_telefono"":""33 2184 5609"",""financiero_2023"":{""numero_control"":""0992"",""precio_compra_con_iva"":279,""iva_compra"":38.48,""porcentaje_a_ganar"":50,""utilidad"":139.5,""openpay_comision"":10.59,""openpay_iva"":1.69,""comision_tienda_nube"":11.22,""total_comisiones"":23.5,""descuento_pago_transferencia_pct"":5.31,""iva_venta_desglosar"":60.97,""precio_venta_sin_iva"":381,""ganancia_real"":326,""_nota"":""Congelado del control de Excel 2023. No se recalcula ni se sincroniza.""}}"
LGVTM486,"ACRILICO, CUADROS Y DISTINTIVOS",0,0,0,LGVTM486,0,0,,,"{""proveedor_contacto"":""0"",""proveedor_telefono"":""0"",""financiero_2023"":{""numero_control"":""0993"",""iva_compra"":0,""porcentaje_a_ganar"":0,""openpay_comision"":2.5,""descuento_pago_transferencia_pct"":0,""iva_venta_desglosar"":0,""precio_venta_sin_iva"":0,""ganancia_real"":0,""_nota"":""Congelado del control de Excel 2023. No se recalcula ni se sincroniza.""}}"
LGVTM487,CUADRO VIRGEN GUADALUPE,473,257.76,ARTESANIAS,LGVTM487,JORVINA ARTICULOS RELEGIOSOS,YURECUARO,,,"{""proveedor_contacto"":""MARIA ESTHER NAVA"",""proveedor_telefono"":""33 2184 5609"",""financiero_2023"":{""numero_control"":""0994"",""precio_compra_con_iva"":299,""iva_compra"":41.24,""porcentaje_a_ganar"":50,""utilidad"":149.5,""openpay_comision"":11.17,""openpay_iva"":1.79,""comision_tienda_nube"":11.83,""total_comisiones"":24.79,""descuento_pago_transferencia_pct"":5.6,""iva_venta_desglosar"":65.28,""precio_venta_sin_iva"":408,""ganancia_real"":353,""_nota"":""Congelado del control de Excel 2023. No se recalcula ni se sincroniza.""}}"
LGVTM488,CUADRO VIRGEN GUADALUPE ARO DORADO,550,300,ARTESANIAS,LGVTM488,JORVINA ARTICULOS RELEGIOSOS,YURECUARO,,,"{""proveedor_contacto"":""MARIA ESTHER NAVA"",""proveedor_telefono"":""33 2184 5609"",""financiero_2023"":{""numero_control"":""0995"",""precio_compra_con_iva"":348,""iva_compra"":48,""porcentaje_a_ganar"":50,""utilidad"":174,""openpay_comision"":12.59,""openpay_iva"":2.01,""comision_tienda_nube"":13.33,""total_comisiones"":27.94,""descuento_pago_transferencia_pct"":6.31,""iva_venta_desglosar"":75.85,""precio_venta_sin_iva"":474,""ganancia_real"":419,""_nota"":""Congelado del control de Excel 2023. No se recalcula ni se sincroniza.""}}"
LGVTM489,CUADRO ANGEL PALOMA,473,257.76,ARTESANIAS,LGVTM489,JORVINA ARTICULOS RELEGIOSOS,YURECUARO,,,"{""proveedor_contacto"":""MARIA ESTHER NAVA"",""proveedor_telefono"":""33 2184 5609"",""financiero_2023"":{""numero_control"":""0996"",""precio_compra_con_iva"":299,""iva_compra"":41.24,""porcentaje_a_ganar"":50,""utilidad"":149.5,""openpay_comision"":11.17,""openpay_iva"":1.79,""comision_tienda_nube"":11.83,""total_comisiones"":24.79,""descuento_pago_transferencia_pct"":5.6,""iva_venta_desglosar"":65.28,""precio_venta_sin_iva"":408,""ganancia_real"":353,""_nota"":""Congelado del control de Excel 2023. No se recalcula ni se sincroniza.""}}"
LGVTM490,CUADRO CALIZ DORADO,550,300,ARTESANIAS,LGVTM490,JORVINA ARTICULOS RELEGIOSOS,YURECUARO,,,"{""proveedor_contacto"":""MARIA ESTHER NAVA"",""proveedor_telefono"":""33 2184 5609"",""financiero_2023"":{""numero_control"":""0997"",""precio_compra_con_iva"":348,""iva_compra"":48,""porcentaje_a_ganar"":50,""utilidad"":174,""openpay_comision"":12.59,""openpay_iva"":2.01,""comision_tienda_nube"":13.33,""total_comisiones"":27.94,""descuento_pago_transferencia_pct"":6.31,""iva_venta_desglosar"":75.85,""precio_venta_sin_iva"":474,""ganancia_real"":419,""_nota"":""Congelado del control de Excel 2023. No se recalcula ni se sincroniza.""}}"
LGVTM491,CUADRO ANGEL PUENTE PLATA,550,300,ARTESANIAS,LGVTM491,JORVINA ARTICULOS RELEGIOSOS,YURECUARO,,,"{""proveedor_contacto"":""MARIA ESTHER NAVA"",""proveedor_telefono"":""33 2184 5609"",""financiero_2023"":{""numero_control"":""0998"",""precio_compra_con_iva"":348,""iva_compra"":48,""porcentaje_a_ganar"":50,""utilidad"":174,""openpay_comision"":12.59,""openpay_iva"":2.01,""comision_tienda_nube"":13.33,""total_comisiones"":27.94,""descuento_pago_transferencia_pct"":6.31,""iva_venta_desglosar"":75.85,""precio_venta_sin_iva"":474,""ganancia_real"":419,""_nota"":""Congelado del control de Excel 2023. No se recalcula ni se sincroniza.""}}"
LGVTM492,CUADRO MARIPOSA DORADA,550,300,ARTESANIAS,LGVTM492,JORVINA ARTICULOS RELEGIOSOS,YURECUARO,,,"{""proveedor_contacto"":""MARIA ESTHER NAVA"",""proveedor_telefono"":""33 2184 5609"",""financiero_2023"":{""numero_control"":""0999"",""precio_compra_con_iva"":348,""iva_compra"":48,""porcentaje_a_ganar"":50,""utilidad"":174,""openpay_comision"":12.59,""openpay_iva"":2.01,""comision_tienda_nube"":13.33,""total_comisiones"":27.94,""descuento_pago_transferencia_pct"":6.31,""iva_venta_desglosar"":75.85,""precio_venta_sin_iva"":474,""ganancia_real"":419,""_nota"":""Congelado del control de Excel 2023. No se recalcula ni se sincroniza.""}}"
LGVTM493,CUADRO MEDALLA SAN BENITO DORAD,550,300,ARTESANIAS,LGVTM493,JORVINA ARTICULOS RELEGIOSOS,YURECUARO,,,"{""proveedor_contacto"":""MARIA ESTHER NAVA"",""proveedor_telefono"":""33 2184 5609"",""financiero_2023"":{""numero_control"":""1000"",""precio_compra_con_iva"":348,""iva_compra"":48,""porcentaje_a_ganar"":50,""utilidad"":174,""openpay_comision"":12.59,""openpay_iva"":2.01,""comision_tienda_nube"":13.33,""total_comisiones"":27.94,""descuento_pago_transferencia_pct"":6.31,""iva_venta_desglosar"":75.85,""precio_venta_sin_iva"":474,""ganancia_real"":419,""_nota"":""Congelado del control de Excel 2023. No se recalcula ni se sincroniza.""}}"
LGVTM494,CUADRO MEDALLA SAN BENITO PLATA,550,300,ARTESANIAS,LGVTM494,JORVINA ARTICULOS RELEGIOSOS,YURECUARO,,,"{""proveedor_contacto"":""MARIA ESTHER NAVA"",""proveedor_telefono"":""33 2184 5609"",""financiero_2023"":{""numero_control"":""1001"",""precio_compra_con_iva"":348,""iva_compra"":48,""porcentaje_a_ganar"":50,""utilidad"":174,""openpay_comision"":12.59,""openpay_iva"":2.01,""comision_tienda_nube"":13.33,""total_comisiones"":27.94,""descuento_pago_transferencia_pct"":6.31,""iva_venta_desglosar"":75.85,""precio_venta_sin_iva"":474,""ganancia_real"":419,""_nota"":""Congelado del control de Excel 2023. No se recalcula ni se sincroniza.""}}"
LGVTM495,CUADRO SAN DAMIAN,875,479.31,ARTESANIAS,LGVTM495,JORVINA ARTICULOS RELEGIOSOS,YURECUARO,,,"{""proveedor_contacto"":""MARIA ESTHER NAVA"",""proveedor_telefono"":""33 2184 5609"",""financiero_2023"":{""numero_control"":""1002"",""precio_compra_con_iva"":556,""iva_compra"":76.69,""porcentaje_a_ganar"":50,""utilidad"":278,""openpay_comision"":18.62,""openpay_iva"":2.98,""comision_tienda_nube"":19.71,""total_comisiones"":41.32,""descuento_pago_transferencia_pct"":9.33,""iva_venta_desglosar"":120.73,""precio_venta_sin_iva"":755,""ganancia_real"":699,""_nota"":""Congelado del control de Excel 2023. No se recalcula ni se sincroniza.""}}"
LGVTM496,CUADRO SAN JUDAS TADEO,968,530.17,ARTESANIAS,LGVTM496,JORVINA ARTICULOS RELEGIOSOS,YURECUARO,,,"{""proveedor_contacto"":""MARIA ESTHER NAVA"",""proveedor_telefono"":""33 2184 5609"",""financiero_2023"":{""numero_control"":""1003"",""precio_compra_con_iva"":615,""iva_compra"":84.83,""porcentaje_a_ganar"":50,""utilidad"":307.5,""openpay_comision"":20.34,""openpay_iva"":3.25,""comision_tienda_nube"":21.52,""total_comisiones"":45.11,""descuento_pago_transferencia_pct"":10.19,""iva_venta_desglosar"":133.46,""precio_venta_sin_iva"":834,""ganancia_real"":779,""_nota"":""Congelado del control de Excel 2023. No se recalcula ni se sincroniza.""}}"
LGVTM497,CUADRO MADONA C/FLORES MARCO PERLAS,1051,575.86,ARTESANIAS,LGVTM497,JORVINA ARTICULOS RELEGIOSOS,YURECUARO,,,"{""proveedor_contacto"":""MARIA ESTHER NAVA"",""proveedor_telefono"":""33 2184 5609"",""financiero_2023"":{""numero_control"":""1004"",""precio_compra_con_iva"":668,""iva_compra"":92.14,""porcentaje_a_ganar"":50,""utilidad"":334,""openpay_comision"":21.87,""openpay_iva"":3.5,""comision_tienda_nube"":23.15,""total_comisiones"":48.52,""descuento_pago_transferencia_pct"":10.96,""iva_venta_desglosar"":144.9,""precio_venta_sin_iva"":906,""ganancia_real"":850,""_nota"":""Congelado del control de Excel 2023. No se recalcula ni se sincroniza.""}}"
LGVTM498,CUADRO ES NIÑO DORADO,885,484.48,ARTESANIAS,LGVTM498,JORVINA ARTICULOS RELEGIOSOS,YURECUARO,,,"{""proveedor_contacto"":""MARIA ESTHER NAVA"",""proveedor_telefono"":""33 2184 5609"",""financiero_2023"":{""numero_control"":""1005"",""precio_compra_con_iva"":562,""iva_compra"":77.52,""porcentaje_a_ganar"":50,""utilidad"":281,""openpay_comision"":18.8,""openpay_iva"":3.01,""comision_tienda_nube"":19.9,""total_comisiones"":41.7,""descuento_pago_transferencia_pct"":9.42,""iva_venta_desglosar"":122.03,""precio_venta_sin_iva"":763,""ganancia_real"":708,""_nota"":""Congelado del control de Excel 2023. No se recalcula ni se sincroniza.""}}"
LGVTM499,CUADRO ES NIÑA DORADO,885,484.48,ARTESANIAS,LGVTM499,JORVINA ARTICULOS RELEGIOSOS,YURECUARO,,,"{""proveedor_contacto"":""MARIA ESTHER NAVA"",""proveedor_telefono"":""33 2184 5609"",""financiero_2023"":{""numero_control"":""1006"",""precio_compra_con_iva"":562,""iva_compra"":77.52,""porcentaje_a_ganar"":50,""utilidad"":281,""openpay_comision"":18.8,""openpay_iva"":3.01,""comision_tienda_nube"":19.9,""total_comisiones"":41.7,""descuento_pago_transferencia_pct"":9.42,""iva_venta_desglosar"":122.03,""precio_venta_sin_iva"":763,""ganancia_real"":708,""_nota"":""Congelado del control de Excel 2023. No se recalcula ni se sincroniza.""}}"
LGVTM500,CUADRO OVALO SAGRADA FAMILIA DOR. C/FLOR,1091,598.28,ARTESANIAS,LGVTM500,JORVINA ARTICULOS RELEGIOSOS,YURECUARO,,,"{""proveedor_contacto"":""MARIA ESTHER NAVA"",""proveedor_telefono"":""33 2184 5609"",""financiero_2023"":{""numero_control"":""1007"",""precio_compra_con_iva"":694,""iva_compra"":95.72,""porcentaje_a_ganar"":50,""utilidad"":347,""openpay_comision"":22.63,""openpay_iva"":3.62,""comision_tienda_nube"":23.94,""total_comisiones"":50.19,""descuento_pago_transferencia_pct"":11.33,""iva_venta_desglosar"":150.51,""precio_venta_sin_iva"":941,""ganancia_real"":886,""_nota"":""Congelado del control de Excel 2023. No se recalcula ni se sincroniza.""}}"
LGVTM501,CUADRO ARO MADONA C/NIÑO CON SWAROSKY,550,300,ARTESANIAS,LGVTM501,JORVINA ARTICULOS RELEGIOSOS,YURECUARO,,,"{""proveedor_contacto"":""MARIA ESTHER NAVA"",""proveedor_telefono"":""33 2184 5609"",""financiero_2023"":{""numero_control"":""1008"",""precio_compra_con_iva"":348,""iva_compra"":48,""porcentaje_a_ganar"":50,""utilidad"":174,""openpay_comision"":12.59,""openpay_iva"":2.01,""comision_tienda_nube"":13.33,""total_comisiones"":27.94,""descuento_pago_transferencia_pct"":6.31,""iva_venta_desglosar"":75.85,""precio_venta_sin_iva"":474,""ganancia_real"":419,""_nota"":""Congelado del control de Excel 2023. No se recalcula ni se sincroniza.""}}"
LGVTM502,CUADRO ANGEL LUNA,550,300,ARTESANIAS,LGVTM502,JORVINA ARTICULOS RELEGIOSOS,YURECUARO,,,"{""proveedor_contacto"":""MARIA ESTHER NAVA"",""proveedor_telefono"":""33 2184 5609"",""financiero_2023"":{""numero_control"":""1009"",""precio_compra_con_iva"":348,""iva_compra"":48,""porcentaje_a_ganar"":50,""utilidad"":174,""openpay_comision"":12.59,""openpay_iva"":2.01,""comision_tienda_nube"":13.33,""total_comisiones"":27.94,""descuento_pago_transferencia_pct"":6.31,""iva_venta_desglosar"":75.85,""precio_venta_sin_iva"":474,""ganancia_real"":419,""_nota"":""Congelado del control de Excel 2023. No se recalcula ni se sincroniza.""}}"
LGVTM503,CUADRO QUERUBIN FLORES,550,300,ARTESANIAS,LGVTM503,JORVINA ARTICULOS RELEGIOSOS,YURECUARO,,,"{""proveedor_contacto"":""MARIA ESTHER NAVA"",""proveedor_telefono"":""33 2184 5609"",""financiero_2023"":{""numero_control"":""1010"",""precio_compra_con_iva"":348,""iva_compra"":48,""porcentaje_a_ganar"":50,""utilidad"":174,""openpay_comision"":12.59,""openpay_iva"":2.01,""comision_tienda_nube"":13.33,""total_comisiones"":27.94,""descuento_pago_transferencia_pct"":6.31,""iva_venta_desglosar"":75.85,""precio_venta_sin_iva"":474,""ganancia_real"":419,""_nota"":""Congelado del control de Excel 2023. No se recalcula ni se sincroniza.""}}"
LGVTM504,CUADRO ESPIRITU SANTO,550,300,ARTESANIAS,LGVTM504,JORVINA ARTICULOS RELEGIOSOS,YURECUARO,,,"{""proveedor_contacto"":""MARIA ESTHER NAVA"",""proveedor_telefono"":""33 2184 5609"",""financiero_2023"":{""numero_control"":""1011"",""precio_compra_con_iva"":348,""iva_compra"":48,""porcentaje_a_ganar"":50,""utilidad"":174,""openpay_comision"":12.59,""openpay_iva"":2.01,""comision_tienda_nube"":13.33,""total_comisiones"":27.94,""descuento_pago_transferencia_pct"":6.31,""iva_venta_desglosar"":75.85,""precio_venta_sin_iva"":474,""ganancia_real"":419,""_nota"":""Congelado del control de Excel 2023. No se recalcula ni se sincroniza.""}}"
LGVTM505,DISTINTIVO SAN BENITO DORADO,195,104.31,ARTESANIAS,LGVTM505,JORVINA ARTICULOS RELEGIOSOS,YURECUARO,,,"{""proveedor_contacto"":""MARIA ESTHER NAVA"",""proveedor_telefono"":""33 2184 5609"",""financiero_2023"":{""numero_control"":""1012"",""precio_compra_con_iva"":121,""iva_compra"":16.69,""porcentaje_a_ganar"":50,""utilidad"":60.5,""openpay_comision"":6.01,""openpay_iva"":0.96,""comision_tienda_nube"":6.37,""total_comisiones"":13.34,""descuento_pago_transferencia_pct"":3.01,""iva_venta_desglosar"":26.87,""precio_venta_sin_iva"":168,""ganancia_real"":113,""_nota"":""Congelado del control de Excel 2023. No se recalcula ni se sincroniza.""}}"
LGVTM506,DISTINTIVO SAN BENITO PLATA,192,102.59,ARTESANIAS,LGVTM506,JORVINA ARTICULOS RELEGIOSOS,YURECUARO,,,"{""proveedor_contacto"":""MARIA ESTHER NAVA"",""proveedor_telefono"":""33 2184 5609"",""financiero_2023"":{""numero_control"":""1013"",""precio_compra_con_iva"":119,""iva_compra"":16.41,""porcentaje_a_ganar"":50,""utilidad"":59.5,""openpay_comision"":5.95,""openpay_iva"":0.95,""comision_tienda_nube"":6.31,""total_comisiones"":13.21,""descuento_pago_transferencia_pct"":2.98,""iva_venta_desglosar"":26.44,""precio_venta_sin_iva"":165,""ganancia_real"":110,""_nota"":""Congelado del control de Excel 2023. No se recalcula ni se sincroniza.""}}"
LGVTM507,DISTINTIVO SAN BENITO DORADO,175,93.1,ARTESANIAS,LGVTM507,JORVINA ARTICULOS RELEGIOSOS,YURECUARO,,,"{""proveedor_contacto"":""MARIA ESTHER NAVA"",""proveedor_telefono"":""33 2184 5609"",""financiero_2023"":{""numero_control"":""1014"",""precio_compra_con_iva"":108,""iva_compra"":14.9,""porcentaje_a_ganar"":50,""utilidad"":54,""openpay_comision"":5.63,""openpay_iva"":0.9,""comision_tienda_nube"":5.97,""total_comisiones"":12.5,""descuento_pago_transferencia_pct"":2.82,""iva_venta_desglosar"":24.07,""precio_venta_sin_iva"":150,""ganancia_real"":95,""_nota"":""Congelado del control de Excel 2023. No se recalcula ni se sincroniza.""}}"
LGVTM508,DISTINTIVO SAN BENITO PLATA,160,85.34,ARTESANIAS,LGVTM508,JORVINA ARTICULOS RELEGIOSOS,YURECUARO,,,"{""proveedor_contacto"":""MARIA ESTHER NAVA"",""proveedor_telefono"":""33 2184 5609"",""financiero_2023"":{""numero_control"":""1015"",""precio_compra_con_iva"":99,""iva_compra"":13.66,""porcentaje_a_ganar"":50,""utilidad"":49.5,""openpay_comision"":5.37,""openpay_iva"":0.86,""comision_tienda_nube"":5.69,""total_comisiones"":11.92,""descuento_pago_transferencia_pct"":2.69,""iva_venta_desglosar"":22.13,""precio_venta_sin_iva"":138,""ganancia_real"":83,""_nota"":""Congelado del control de Excel 2023. No se recalcula ni se sincroniza.""}}"
LGVTM509,DISTINTIVO CRUZ CALIZ DORADO,175,93.1,ARTESANIAS,LGVTM509,JORVINA ARTICULOS RELEGIOSOS,YURECUARO,,,"{""proveedor_contacto"":""MARIA ESTHER NAVA"",""proveedor_telefono"":""33 2184 5609"",""financiero_2023"":{""numero_control"":""1016"",""precio_compra_con_iva"":108,""iva_compra"":14.9,""porcentaje_a_ganar"":50,""utilidad"":54,""openpay_comision"":5.63,""openpay_iva"":0.9,""comision_tienda_nube"":5.97,""total_comisiones"":12.5,""descuento_pago_transferencia_pct"":2.82,""iva_venta_desglosar"":24.07,""precio_venta_sin_iva"":150,""ganancia_real"":95,""_nota"":""Congelado del control de Excel 2023. No se recalcula ni se sincroniza.""}}"
LGVTM510,DISTINTIVO CRUZ CALIZ PLATA,160,85.34,ARTESANIAS,LGVTM510,JORVINA ARTICULOS RELEGIOSOS,YURECUARO,,,"{""proveedor_contacto"":""MARIA ESTHER NAVA"",""proveedor_telefono"":""33 2184 5609"",""financiero_2023"":{""numero_control"":""1017"",""precio_compra_con_iva"":99,""iva_compra"":13.66,""porcentaje_a_ganar"":50,""utilidad"":49.5,""openpay_comision"":5.37,""openpay_iva"":0.86,""comision_tienda_nube"":5.69,""total_comisiones"":11.92,""descuento_pago_transferencia_pct"":2.69,""iva_venta_desglosar"":22.13,""precio_venta_sin_iva"":138,""ganancia_real"":83,""_nota"":""Congelado del control de Excel 2023. No se recalcula ni se sincroniza.""}}"
LGVTM511,DISTINTIVO MADONA CAMAFEO DORADO,175,93.1,ARTESANIAS,LGVTM511,JORVINA ARTICULOS RELEGIOSOS,YURECUARO,,,"{""proveedor_contacto"":""MARIA ESTHER NAVA"",""proveedor_telefono"":""33 2184 5609"",""financiero_2023"":{""numero_control"":""1018"",""precio_compra_con_iva"":108,""iva_compra"":14.9,""porcentaje_a_ganar"":50,""utilidad"":54,""openpay_comision"":5.63,""openpay_iva"":0.9,""comision_tienda_nube"":5.97,""total_comisiones"":12.5,""descuento_pago_transferencia_pct"":2.82,""iva_venta_desglosar"":24.07,""precio_venta_sin_iva"":150,""ganancia_real"":95,""_nota"":""Congelado del control de Excel 2023. No se recalcula ni se sincroniza.""}}"
LGVTM512,DISTINTIVO MADONA CAMAFEO PLATA,160,85.34,ARTESANIAS,LGVTM512,JORVINA ARTICULOS RELEGIOSOS,YURECUARO,,,"{""proveedor_contacto"":""MARIA ESTHER NAVA"",""proveedor_telefono"":""33 2184 5609"",""financiero_2023"":{""numero_control"":""1019"",""precio_compra_con_iva"":99,""iva_compra"":13.66,""porcentaje_a_ganar"":50,""utilidad"":49.5,""openpay_comision"":5.37,""openpay_iva"":0.86,""comision_tienda_nube"":5.69,""total_comisiones"":11.92,""descuento_pago_transferencia_pct"":2.69,""iva_venta_desglosar"":22.13,""precio_venta_sin_iva"":138,""ganancia_real"":83,""_nota"":""Congelado del control de Excel 2023. No se recalcula ni se sincroniza.""}}"
LGVTM513,DISTINTIVO BEBE DURMIENDO PLATA,160,85.34,ARTESANIAS,LGVTM513,JORVINA ARTICULOS RELEGIOSOS,YURECUARO,,,"{""proveedor_contacto"":""MARIA ESTHER NAVA"",""proveedor_telefono"":""33 2184 5609"",""financiero_2023"":{""numero_control"":""1020"",""precio_compra_con_iva"":99,""iva_compra"":13.66,""porcentaje_a_ganar"":50,""utilidad"":49.5,""openpay_comision"":5.37,""openpay_iva"":0.86,""comision_tienda_nube"":5.69,""total_comisiones"":11.92,""descuento_pago_transferencia_pct"":2.69,""iva_venta_desglosar"":22.13,""precio_venta_sin_iva"":138,""ganancia_real"":83,""_nota"":""Congelado del control de Excel 2023. No se recalcula ni se sincroniza.""}}"
LGVTM514,DISTINTIVO BEBE DURMIENDO DORADO,175,93.1,ARTESANIAS,LGVTM514,JORVINA ARTICULOS RELEGIOSOS,YURECUARO,,,"{""proveedor_contacto"":""MARIA ESTHER NAVA"",""proveedor_telefono"":""33 2184 5609"",""financiero_2023"":{""numero_control"":""1021"",""precio_compra_con_iva"":108,""iva_compra"":14.9,""porcentaje_a_ganar"":50,""utilidad"":54,""openpay_comision"":5.63,""openpay_iva"":0.9,""comision_tienda_nube"":5.97,""total_comisiones"":12.5,""descuento_pago_transferencia_pct"":2.82,""iva_venta_desglosar"":24.07,""precio_venta_sin_iva"":150,""ganancia_real"":95,""_nota"":""Congelado del control de Excel 2023. No se recalcula ni se sincroniza.""}}"
LGVTM515,DISTINTIVO CALIZ DORADO,175,93.1,ARTESANIAS,LGVTM515,JORVINA ARTICULOS RELEGIOSOS,YURECUARO,,,"{""proveedor_contacto"":""MARIA ESTHER NAVA"",""proveedor_telefono"":""33 2184 5609"",""financiero_2023"":{""numero_control"":""1022"",""precio_compra_con_iva"":108,""iva_compra"":14.9,""porcentaje_a_ganar"":50,""utilidad"":54,""openpay_comision"":5.63,""openpay_iva"":0.9,""comision_tienda_nube"":5.97,""total_comisiones"":12.5,""descuento_pago_transferencia_pct"":2.82,""iva_venta_desglosar"":24.07,""precio_venta_sin_iva"":150,""ganancia_real"":95,""_nota"":""Congelado del control de Excel 2023. No se recalcula ni se sincroniza.""}}"
LGVTM516,DISTINTIVO CALIZ PLATA,160,85.34,ARTESANIAS,LGVTM516,JORVINA ARTICULOS RELEGIOSOS,YURECUARO,,,"{""proveedor_contacto"":""MARIA ESTHER NAVA"",""proveedor_telefono"":""33 2184 5609"",""financiero_2023"":{""numero_control"":""1023"",""precio_compra_con_iva"":99,""iva_compra"":13.66,""porcentaje_a_ganar"":50,""utilidad"":49.5,""openpay_comision"":5.37,""openpay_iva"":0.86,""comision_tienda_nube"":5.69,""total_comisiones"":11.92,""descuento_pago_transferencia_pct"":2.69,""iva_venta_desglosar"":22.13,""precio_venta_sin_iva"":138,""ganancia_real"":83,""_nota"":""Congelado del control de Excel 2023. No se recalcula ni se sincroniza.""}}"
LGVTM517,DISTINTIVO ANGEL PENSANDO DORADO,175,93.1,ARTESANIAS,LGVTM517,JORVINA ARTICULOS RELEGIOSOS,YURECUARO,,,"{""proveedor_contacto"":""MARIA ESTHER NAVA"",""proveedor_telefono"":""33 2184 5609"",""financiero_2023"":{""numero_control"":""1024"",""precio_compra_con_iva"":108,""iva_compra"":14.9,""porcentaje_a_ganar"":50,""utilidad"":54,""openpay_comision"":5.63,""openpay_iva"":0.9,""comision_tienda_nube"":5.97,""total_comisiones"":12.5,""descuento_pago_transferencia_pct"":2.82,""iva_venta_desglosar"":24.07,""precio_venta_sin_iva"":150,""ganancia_real"":95,""_nota"":""Congelado del control de Excel 2023. No se recalcula ni se sincroniza.""}}"
LGVTM518,DISTINTIVO ANGEL PENSANDO PLATA,160,85.34,ARTESANIAS,LGVTM518,JORVINA ARTICULOS RELEGIOSOS,YURECUARO,,,"{""proveedor_contacto"":""MARIA ESTHER NAVA"",""proveedor_telefono"":""33 2184 5609"",""financiero_2023"":{""numero_control"":""1025"",""precio_compra_con_iva"":99,""iva_compra"":13.66,""porcentaje_a_ganar"":50,""utilidad"":49.5,""openpay_comision"":5.37,""openpay_iva"":0.86,""comision_tienda_nube"":5.69,""total_comisiones"":11.92,""descuento_pago_transferencia_pct"":2.69,""iva_venta_desglosar"":22.13,""precio_venta_sin_iva"":138,""ganancia_real"":83,""_nota"":""Congelado del control de Excel 2023. No se recalcula ni se sincroniza.""}}"
LGVTM519,DISTINTIVO PAN Y VINO DORADO,175,93.1,ARTESANIAS,LGVTM519,JORVINA ARTICULOS RELEGIOSOS,YURECUARO,,,"{""proveedor_contacto"":""MARIA ESTHER NAVA"",""proveedor_telefono"":""33 2184 5609"",""financiero_2023"":{""numero_control"":""1026"",""precio_compra_con_iva"":108,""iva_compra"":14.9,""porcentaje_a_ganar"":50,""utilidad"":54,""openpay_comision"":5.63,""openpay_iva"":0.9,""comision_tienda_nube"":5.97,""total_comisiones"":12.5,""descuento_pago_transferencia_pct"":2.82,""iva_venta_desglosar"":24.07,""precio_venta_sin_iva"":150,""ganancia_real"":95,""_nota"":""Congelado del control de Excel 2023. No se recalcula ni se sincroniza.""}}"
LGVTM520,DISTINTIVO PAN Y VINO PLATA,160,85.34,ARTESANIAS,LGVTM520,JORVINA ARTICULOS RELEGIOSOS,YURECUARO,,,"{""proveedor_contacto"":""MARIA ESTHER NAVA"",""proveedor_telefono"":""33 2184 5609"",""financiero_2023"":{""numero_control"":""1027"",""precio_compra_con_iva"":99,""iva_compra"":13.66,""porcentaje_a_ganar"":50,""utilidad"":49.5,""openpay_comision"":5.37,""openpay_iva"":0.86,""comision_tienda_nube"":5.69,""total_comisiones"":11.92,""descuento_pago_transferencia_pct"":2.69,""iva_venta_desglosar"":22.13,""precio_venta_sin_iva"":138,""ganancia_real"":83,""_nota"":""Congelado del control de Excel 2023. No se recalcula ni se sincroniza.""}}"
LGVTM521,DISTINTIVO SILUETA ANGEL PLATA,160,85.34,ARTESANIAS,LGVTM521,JORVINA ARTICULOS RELEGIOSOS,YURECUARO,,,"{""proveedor_contacto"":""MARIA ESTHER NAVA"",""proveedor_telefono"":""33 2184 5609"",""financiero_2023"":{""numero_control"":""1028"",""precio_compra_con_iva"":99,""iva_compra"":13.66,""porcentaje_a_ganar"":50,""utilidad"":49.5,""openpay_comision"":5.37,""openpay_iva"":0.86,""comision_tienda_nube"":5.69,""total_comisiones"":11.92,""descuento_pago_transferencia_pct"":2.69,""iva_venta_desglosar"":22.13,""precio_venta_sin_iva"":138,""ganancia_real"":83,""_nota"":""Congelado del control de Excel 2023. No se recalcula ni se sincroniza.""}}"
LGVTM522,DISTINTIVO SILUETA ANGEL DORADO,175,93.1,ARTESANIAS,LGVTM522,JORVINA ARTICULOS RELEGIOSOS,YURECUARO,,,"{""proveedor_contacto"":""MARIA ESTHER NAVA"",""proveedor_telefono"":""33 2184 5609"",""financiero_2023"":{""numero_control"":""1029"",""precio_compra_con_iva"":108,""iva_compra"":14.9,""porcentaje_a_ganar"":50,""utilidad"":54,""openpay_comision"":5.63,""openpay_iva"":0.9,""comision_tienda_nube"":5.97,""total_comisiones"":12.5,""descuento_pago_transferencia_pct"":2.82,""iva_venta_desglosar"":24.07,""precio_venta_sin_iva"":150,""ganancia_real"":95,""_nota"":""Congelado del control de Excel 2023. No se recalcula ni se sincroniza.""}}"
LGVTM523,DISTINTIVO MADONA CON NIÑO PLATA,160,85.34,ARTESANIAS,LGVTM523,JORVINA ARTICULOS RELEGIOSOS,YURECUARO,,,"{""proveedor_contacto"":""MARIA ESTHER NAVA"",""proveedor_telefono"":""33 2184 5609"",""financiero_2023"":{""numero_control"":""1030"",""precio_compra_con_iva"":99,""iva_compra"":13.66,""porcentaje_a_ganar"":50,""utilidad"":49.5,""openpay_comision"":5.37,""openpay_iva"":0.86,""comision_tienda_nube"":5.69,""total_comisiones"":11.92,""descuento_pago_transferencia_pct"":2.69,""iva_venta_desglosar"":22.13,""precio_venta_sin_iva"":138,""ganancia_real"":83,""_nota"":""Congelado del control de Excel 2023. No se recalcula ni se sincroniza.""}}"
LGVTM524,CRUZ ACRILICO CHOCOLATE  DOBLE PLATA,777,425,ARTESANIAS,LGVTM524,JORVINA ARTICULOS RELEGIOSOS,YURECUARO,,,"{""proveedor_contacto"":""MARIA ESTHER NAVA"",""proveedor_telefono"":""33 2184 5609"",""financiero_2023"":{""numero_control"":""1031"",""precio_compra_con_iva"":493,""iva_compra"":68,""porcentaje_a_ganar"":50,""utilidad"":246.5,""openpay_comision"":16.8,""openpay_iva"":2.69,""comision_tienda_nube"":17.78,""total_comisiones"":37.26,""descuento_pago_transferencia_pct"":8.41,""iva_venta_desglosar"":107.14,""precio_venta_sin_iva"":670,""ganancia_real"":614,""_nota"":""Congelado del control de Excel 2023. No se recalcula ni se sincroniza.""}}"
LGVTM525,CRUZ ACRILICO AZUL DOBLE DORADA,789,431.9,ARTESANIAS,LGVTM525,JORVINA ARTICULOS RELEGIOSOS,YURECUARO,,,"{""proveedor_contacto"":""MARIA ESTHER NAVA"",""proveedor_telefono"":""33 2184 5609"",""financiero_2023"":{""numero_control"":""1032"",""precio_compra_con_iva"":501,""iva_compra"":69.1,""porcentaje_a_ganar"":50,""utilidad"":250.5,""openpay_comision"":17.03,""openpay_iva"":2.72,""comision_tienda_nube"":18.03,""total_comisiones"":37.78,""descuento_pago_transferencia_pct"":8.53,""iva_venta_desglosar"":108.87,""precio_venta_sin_iva"":680,""ganancia_real"":625,""_nota"":""Congelado del control de Excel 2023. No se recalcula ni se sincroniza.""}}"
LGVTM526,CRUZ ACRILICO ROJO CUERPO PLATA,777,425,ARTESANIAS,LGVTM526,JORVINA ARTICULOS RELEGIOSOS,YURECUARO,,,"{""proveedor_contacto"":""MARIA ESTHER NAVA"",""proveedor_telefono"":""33 2184 5609"",""financiero_2023"":{""numero_control"":""1033"",""precio_compra_con_iva"":493,""iva_compra"":68,""porcentaje_a_ganar"":50,""utilidad"":246.5,""openpay_comision"":16.8,""openpay_iva"":2.69,""comision_tienda_nube"":17.78,""total_comisiones"":37.26,""descuento_pago_transferencia_pct"":8.41,""iva_venta_desglosar"":107.14,""precio_venta_sin_iva"":670,""ganancia_real"":614,""_nota"":""Congelado del control de Excel 2023. No se recalcula ni se sincroniza.""}}"
LGVTM527,CRUZ ACRILICO OCRE CUERPO DORADO,789,431.9,ARTESANIAS,LGVTM527,JORVINA ARTICULOS RELEGIOSOS,YURECUARO,,,"{""proveedor_contacto"":""MARIA ESTHER NAVA"",""proveedor_telefono"":""33 2184 5609"",""financiero_2023"":{""numero_control"":""1034"",""precio_compra_con_iva"":501,""iva_compra"":69.1,""porcentaje_a_ganar"":50,""utilidad"":250.5,""openpay_comision"":17.03,""openpay_iva"":2.72,""comision_tienda_nube"":18.03,""total_comisiones"":37.78,""descuento_pago_transferencia_pct"":8.53,""iva_venta_desglosar"":108.87,""precio_venta_sin_iva"":680,""ganancia_real"":625,""_nota"":""Congelado del control de Excel 2023. No se recalcula ni se sincroniza.""}}"
LGVTM528,CRUZ ACRILICO OCRE ESPIRITU SANTO PLATA,720,393.97,ARTESANIAS,LGVTM528,JORVINA ARTICULOS RELEGIOSOS,YURECUARO,,,"{""proveedor_contacto"":""MARIA ESTHER NAVA"",""proveedor_telefono"":""33 2184 5609"",""financiero_2023"":{""numero_control"":""1035"",""precio_compra_con_iva"":457,""iva_compra"":63.03,""porcentaje_a_ganar"":50,""utilidad"":228.5,""openpay_comision"":15.75,""openpay_iva"":2.52,""comision_tienda_nube"":16.68,""total_comisiones"":34.95,""descuento_pago_transferencia_pct"":7.89,""iva_venta_desglosar"":99.37,""precio_venta_sin_iva"":621,""ganancia_real"":566,""_nota"":""Congelado del control de Excel 2023. No se recalcula ni se sincroniza.""}}"
LGVTM529,CRUZ ACRILICO ROJO ESPIRITU SANTO DORA,742,406.03,ARTESANIAS,LGVTM529,JORVINA ARTICULOS RELEGIOSOS,YURECUARO,,,"{""proveedor_contacto"":""MARIA ESTHER NAVA"",""proveedor_telefono"":""33 2184 5609"",""financiero_2023"":{""numero_control"":""1036"",""precio_compra_con_iva"":471,""iva_compra"":64.97,""porcentaje_a_ganar"":50,""utilidad"":235.5,""openpay_comision"":16.16,""openpay_iva"":2.59,""comision_tienda_nube"":17.1,""total_comisiones"":35.85,""descuento_pago_transferencia_pct"":8.09,""iva_venta_desglosar"":102.39,""precio_venta_sin_iva"":640,""ganancia_real"":585,""_nota"":""Congelado del control de Excel 2023. No se recalcula ni se sincroniza.""}}"
LGVTM530,CRUZ ACRILICO OCRE Y MAD. FILIGRANA PLA,680,371.55,ARTESANIAS,LGVTM530,JORVINA ARTICULOS RELEGIOSOS,YURECUARO,,,"{""proveedor_contacto"":""MARIA ESTHER NAVA"",""proveedor_telefono"":""33 2184 5609"",""financiero_2023"":{""numero_control"":""1037"",""precio_compra_con_iva"":431,""iva_compra"":59.45,""porcentaje_a_ganar"":50,""utilidad"":215.5,""openpay_comision"":15,""openpay_iva"":2.4,""comision_tienda_nube"":15.88,""total_comisiones"":33.28,""descuento_pago_transferencia_pct"":7.51,""iva_venta_desglosar"":93.76,""precio_venta_sin_iva"":586,""ganancia_real"":531,""_nota"":""Congelado del control de Excel 2023. No se recalcula ni se sincroniza.""}}"
LGVTM531,CRUZ ACRILICO ROJO Y MAD. FILIGRANA DOR.,706,386.21,ARTESANIAS,LGVTM531,JORVINA ARTICULOS RELEGIOSOS,YURECUARO,,,"{""proveedor_contacto"":""MARIA ESTHER NAVA"",""proveedor_telefono"":""33 2184 5609"",""financiero_2023"":{""numero_control"":""1038"",""precio_compra_con_iva"":448,""iva_compra"":61.79,""porcentaje_a_ganar"":50,""utilidad"":224,""openpay_comision"":15.49,""openpay_iva"":2.48,""comision_tienda_nube"":16.4,""total_comisiones"":34.37,""descuento_pago_transferencia_pct"":7.76,""iva_venta_desglosar"":97.43,""precio_venta_sin_iva"":609,""ganancia_real"":554,""_nota"":""Congelado del control de Excel 2023. No se recalcula ni se sincroniza.""}}"
LGVTM532,CRUZ ACRILICO VERDE Y MAD. FILIG. PLA.,777,425,ARTESANIAS,LGVTM532,JORVINA ARTICULOS RELEGIOSOS,YURECUARO,,,"{""proveedor_contacto"":""MARIA ESTHER NAVA"",""proveedor_telefono"":""33 2184 5609"",""financiero_2023"":{""numero_control"":""1039"",""precio_compra_con_iva"":493,""iva_compra"":68,""porcentaje_a_ganar"":50,""utilidad"":246.5,""openpay_comision"":16.8,""openpay_iva"":2.69,""comision_tienda_nube"":17.78,""total_comisiones"":37.26,""descuento_pago_transferencia_pct"":8.41,""iva_venta_desglosar"":107.14,""precio_venta_sin_iva"":670,""ganancia_real"":614,""_nota"":""Congelado del control de Excel 2023. No se recalcula ni se sincroniza.""}}"
LGVTM533,CRUZ ACRILICO MORADO Y MAD. FILIGR. DOR.,789,431.9,ARTESANIAS,LGVTM533,JORVINA ARTICULOS RELEGIOSOS,YURECUARO,,,"{""proveedor_contacto"":""MARIA ESTHER NAVA"",""proveedor_telefono"":""33 2184 5609"",""financiero_2023"":{""numero_control"":""1040"",""precio_compra_con_iva"":501,""iva_compra"":69.1,""porcentaje_a_ganar"":50,""utilidad"":250.5,""openpay_comision"":17.03,""openpay_iva"":2.72,""comision_tienda_nube"":18.03,""total_comisiones"":37.78,""descuento_pago_transferencia_pct"":8.53,""iva_venta_desglosar"":108.87,""precio_venta_sin_iva"":680,""ganancia_real"":625,""_nota"":""Congelado del control de Excel 2023. No se recalcula ni se sincroniza.""}}"
LGVTM534,CRUZ ACRILICO AZUL Y MADERA C/CUER.PLA,749,409.48,ARTESANIAS,LGVTM534,JORVINA ARTICULOS RELEGIOSOS,YURECUARO,,,"{""proveedor_contacto"":""MARIA ESTHER NAVA"",""proveedor_telefono"":""33 2184 5609"",""financiero_2023"":{""numero_control"":""1041"",""precio_compra_con_iva"":475,""iva_compra"":65.52,""porcentaje_a_ganar"":50,""utilidad"":237.5,""openpay_comision"":16.28,""openpay_iva"":2.6,""comision_tienda_nube"":17.23,""total_comisiones"":36.11,""descuento_pago_transferencia_pct"":8.15,""iva_venta_desglosar"":103.26,""precio_venta_sin_iva"":645,""ganancia_real"":590,""_nota"":""Congelado del control de Excel 2023. No se recalcula ni se sincroniza.""}}"
LGVTM535,"CRUZ ACRILICO CHOCO. Y MAD. C/CUER, DOR",761,416.38,ARTESANIAS,LGVTM535,JORVINA ARTICULOS RELEGIOSOS,YURECUARO,,,"{""proveedor_contacto"":""MARIA ESTHER NAVA"",""proveedor_telefono"":""33 2184 5609"",""financiero_2023"":{""numero_control"":""1042"",""precio_compra_con_iva"":483,""iva_compra"":66.62,""porcentaje_a_ganar"":50,""utilidad"":241.5,""openpay_comision"":16.51,""openpay_iva"":2.64,""comision_tienda_nube"":17.47,""total_comisiones"":36.62,""descuento_pago_transferencia_pct"":8.27,""iva_venta_desglosar"":104.98,""precio_venta_sin_iva"":656,""ganancia_real"":601,""_nota"":""Congelado del control de Excel 2023. No se recalcula ni se sincroniza.""}}"
LGVTM536,CRUZ ACRILICO AZUL MED. S/BENITO PLATA,1790,983.62,ARTESANIAS,LGVTM536,JORVINA ARTICULOS RELEGIOSOS,YURECUARO,,,"{""proveedor_contacto"":""MARIA ESTHER NAVA"",""proveedor_telefono"":""33 2184 5609"",""financiero_2023"":{""numero_control"":""1043"",""precio_compra_con_iva"":1141,""iva_compra"":157.38,""porcentaje_a_ganar"":50,""utilidad"":570.5,""openpay_comision"":35.59,""openpay_iva"":5.69,""comision_tienda_nube"":37.66,""total_comisiones"":78.94,""descuento_pago_transferencia_pct"":17.82,""iva_venta_desglosar"":246.96,""precio_venta_sin_iva"":1543,""ganancia_real"":1488,""_nota"":""Congelado del control de Excel 2023. No se recalcula ni se sincroniza.""}}"
LGVTM537,CRUZ ACRILICO ROJO MED.S/BENITO DORADA,1790,983.62,ARTESANIAS,LGVTM537,JORVINA ARTICULOS RELEGIOSOS,YURECUARO,,,"{""proveedor_contacto"":""MARIA ESTHER NAVA"",""proveedor_telefono"":""33 2184 5609"",""financiero_2023"":{""numero_control"":""1044"",""precio_compra_con_iva"":1141,""iva_compra"":157.38,""porcentaje_a_ganar"":50,""utilidad"":570.5,""openpay_comision"":35.59,""openpay_iva"":5.69,""comision_tienda_nube"":37.66,""total_comisiones"":78.94,""descuento_pago_transferencia_pct"":17.82,""iva_venta_desglosar"":246.96,""precio_venta_sin_iva"":1543,""ganancia_real"":1488,""_nota"":""Congelado del control de Excel 2023. No se recalcula ni se sincroniza.""}}"
LGVTM538,CRUZ ACRILICO OCRE MED.S/BENITO CONVIN,1790,983.62,ARTESANIAS,LGVTM538,JORVINA ARTICULOS RELEGIOSOS,YURECUARO,,,"{""proveedor_contacto"":""MARIA ESTHER NAVA"",""proveedor_telefono"":""33 2184 5609"",""financiero_2023"":{""numero_control"":""1045"",""precio_compra_con_iva"":1141,""iva_compra"":157.38,""porcentaje_a_ganar"":50,""utilidad"":570.5,""openpay_comision"":35.59,""openpay_iva"":5.69,""comision_tienda_nube"":37.66,""total_comisiones"":78.94,""descuento_pago_transferencia_pct"":17.82,""iva_venta_desglosar"":246.96,""precio_venta_sin_iva"":1543,""ganancia_real"":1488,""_nota"":""Congelado del control de Excel 2023. No se recalcula ni se sincroniza.""}}"
LGVTM539,CRUZ ACRILICO OCRE MED.S/BENITO C/BASE,473,257.76,ARTESANIAS,LGVTM539,JORVINA ARTICULOS RELEGIOSOS,YURECUARO,,,"{""proveedor_contacto"":""MARIA ESTHER NAVA"",""proveedor_telefono"":""33 2184 5609"",""financiero_2023"":{""numero_control"":""1046"",""precio_compra_con_iva"":299,""iva_compra"":41.24,""porcentaje_a_ganar"":50,""utilidad"":149.5,""openpay_comision"":11.17,""openpay_iva"":1.79,""comision_tienda_nube"":11.83,""total_comisiones"":24.79,""descuento_pago_transferencia_pct"":5.6,""iva_venta_desglosar"":65.28,""precio_venta_sin_iva"":408,""ganancia_real"":353,""_nota"":""Congelado del control de Excel 2023. No se recalcula ni se sincroniza.""}}"
LGVTM540,MODELOS NUEVOS,0,0,0,LGVTM540,0,0,,,"{""proveedor_contacto"":""0"",""proveedor_telefono"":""0"",""financiero_2023"":{""numero_control"":""1047"",""iva_compra"":0,""porcentaje_a_ganar"":0,""openpay_comision"":2.5,""descuento_pago_transferencia_pct"":0,""iva_venta_desglosar"":0,""precio_venta_sin_iva"":0,""ganancia_real"":0,""_nota"":""Congelado del control de Excel 2023. No se recalcula ni se sincroniza.""}}"
LGVTM541,CUADRO ROMBO VIRGEN GUADALUPE CAFÉ,417,226.72,ARTESANIAS,LGVTM541,JORVINA ARTICULOS RELEGIOSOS,YURECUARO,36,30,"{""medidas_original"":""36X30 CM"",""proveedor_contacto"":""MARIA ESTHER NAVA"",""proveedor_telefono"":""33 2184 5609"",""financiero_2023"":{""numero_control"":""1048"",""precio_compra_con_iva"":263,""iva_compra"":36.28,""porcentaje_a_ganar"":50,""utilidad"":131.5,""openpay_comision"":10.13,""openpay_iva"":1.62,""comision_tienda_nube"":10.72,""total_comisiones"":22.47,""descuento_pago_transferencia_pct"":5.07,""iva_venta_desglosar"":57.51,""precio_venta_sin_iva"":359,""ganancia_real"":304,""_nota"":""Congelado del control de Excel 2023. No se recalcula ni se sincroniza.""}}"
LGVTM542,CUADRO ROMBO VIRGEN GUADALUPE BEIGE,417,226.72,ARTESANIAS,LGVTM542,JORVINA ARTICULOS RELEGIOSOS,YURECUARO,36,30,"{""medidas_original"":""36X30 CM"",""proveedor_contacto"":""MARIA ESTHER NAVA"",""proveedor_telefono"":""33 2184 5609"",""financiero_2023"":{""numero_control"":""1049"",""precio_compra_con_iva"":263,""iva_compra"":36.28,""porcentaje_a_ganar"":50,""utilidad"":131.5,""openpay_comision"":10.13,""openpay_iva"":1.62,""comision_tienda_nube"":10.72,""total_comisiones"":22.47,""descuento_pago_transferencia_pct"":5.07,""iva_venta_desglosar"":57.51,""precio_venta_sin_iva"":359,""ganancia_real"":304,""_nota"":""Congelado del control de Excel 2023. No se recalcula ni se sincroniza.""}}"
LGVTM543,CRUZ ORACION SAN BENITO,112,58.62,ARTESANIAS,LGVTM543,JORVINA ARTICULOS RELEGIOSOS,YURECUARO,21,13,"{""medidas_original"":""21X13 CM"",""proveedor_contacto"":""MARIA ESTHER NAVA"",""proveedor_telefono"":""33 2184 5609"",""financiero_2023"":{""numero_control"":""1050"",""precio_compra_con_iva"":68,""iva_compra"":9.38,""porcentaje_a_ganar"":50,""utilidad"":34,""openpay_comision"":4.47,""openpay_iva"":0.72,""comision_tienda_nube"":4.74,""total_comisiones"":9.93,""descuento_pago_transferencia_pct"":2.24,""iva_venta_desglosar"":15.44,""precio_venta_sin_iva"":96,""ganancia_real"":41,""_nota"":""Congelado del control de Excel 2023. No se recalcula ni se sincroniza.""}}"
LGVTM544,PLATO RESACADO MADERA ESPIRITU SANTO DORADO,206,110.34,ARTESANIAS,LGVTM544,JORVINA ARTICULOS RELEGIOSOS,YURECUARO,13,13,"{""medidas_original"":""13X13 CM"",""proveedor_contacto"":""MARIA ESTHER NAVA"",""proveedor_telefono"":""33 2184 5609"",""financiero_2023"":{""numero_control"":""1051"",""precio_compra_con_iva"":128,""iva_compra"":17.66,""porcentaje_a_ganar"":50,""utilidad"":64,""openpay_comision"":6.21,""openpay_iva"":0.99,""comision_tienda_nube"":6.58,""total_comisiones"":13.79,""descuento_pago_transferencia_pct"":3.11,""iva_venta_desglosar"":28.38,""precio_venta_sin_iva"":177,""ganancia_real"":122,""_nota"":""Congelado del control de Excel 2023. No se recalcula ni se sincroniza.""}}"
LGVTM545,PLATO RESACADO MADERA ESPIRITU SANTO PLATA,193,103.45,ARTESANIAS,LGVTM545,JORVINA ARTICULOS RELEGIOSOS,YURECUARO,13,13,"{""medidas_original"":""13X13 CM"",""proveedor_contacto"":""MARIA ESTHER NAVA"",""proveedor_telefono"":""33 2184 5609"",""financiero_2023"":{""numero_control"":""1052"",""precio_compra_con_iva"":120,""iva_compra"":16.55,""porcentaje_a_ganar"":50,""utilidad"":60,""openpay_comision"":5.98,""openpay_iva"":0.96,""comision_tienda_nube"":6.34,""total_comisiones"":13.28,""descuento_pago_transferencia_pct"":3,""iva_venta_desglosar"":26.66,""precio_venta_sin_iva"":167,""ganancia_real"":111,""_nota"":""Congelado del control de Excel 2023. No se recalcula ni se sincroniza.""}}"
LGVTM546,PLATO RESACADO MADERA ANGEL QUERUBIN DORADO,232,125,ARTESANIAS,LGVTM546,JORVINA ARTICULOS RELEGIOSOS,YURECUARO,13,13,"{""medidas_original"":""13X13 CM"",""proveedor_contacto"":""MARIA ESTHER NAVA"",""proveedor_telefono"":""33 2184 5609"",""financiero_2023"":{""numero_control"":""1053"",""precio_compra_con_iva"":145,""iva_compra"":20,""porcentaje_a_ganar"":50,""utilidad"":72.5,""openpay_comision"":6.71,""openpay_iva"":1.07,""comision_tienda_nube"":7.11,""total_comisiones"":14.88,""descuento_pago_transferencia_pct"":3.36,""iva_venta_desglosar"":32.05,""precio_venta_sin_iva"":200,""ganancia_real"":145,""_nota"":""Congelado del control de Excel 2023. No se recalcula ni se sincroniza.""}}"
LGVTM547,PLATO RESACADO MADERA VIRGEN GUADALUPE DORADO,232,125,ARTESANIAS,LGVTM547,JORVINA ARTICULOS RELEGIOSOS,YURECUARO,13,13,"{""medidas_original"":""13X13 CM"",""proveedor_contacto"":""MARIA ESTHER NAVA"",""proveedor_telefono"":""33 2184 5609"",""financiero_2023"":{""numero_control"":""1054"",""precio_compra_con_iva"":145,""iva_compra"":20,""porcentaje_a_ganar"":50,""utilidad"":72.5,""openpay_comision"":6.71,""openpay_iva"":1.07,""comision_tienda_nube"":7.11,""total_comisiones"":14.88,""descuento_pago_transferencia_pct"":3.36,""iva_venta_desglosar"":32.05,""precio_venta_sin_iva"":200,""ganancia_real"":145,""_nota"":""Congelado del control de Excel 2023. No se recalcula ni se sincroniza.""}}"
LGVTM548,PLATO RESACADO MADERA MADONA CON NIÑO DORADA,232,125,ARTESANIAS,LGVTM548,JORVINA ARTICULOS RELEGIOSOS,YURECUARO,13,13,"{""medidas_original"":""13X13 CM"",""proveedor_contacto"":""MARIA ESTHER NAVA"",""proveedor_telefono"":""33 2184 5609"",""financiero_2023"":{""numero_control"":""1055"",""precio_compra_con_iva"":145,""iva_compra"":20,""porcentaje_a_ganar"":50,""utilidad"":72.5,""openpay_comision"":6.71,""openpay_iva"":1.07,""comision_tienda_nube"":7.11,""total_comisiones"":14.88,""descuento_pago_transferencia_pct"":3.36,""iva_venta_desglosar"":32.05,""precio_venta_sin_iva"":200,""ganancia_real"":145,""_nota"":""Congelado del control de Excel 2023. No se recalcula ni se sincroniza.""}}"
LGVTM549,NACIMIENTO PORTAL,444,241.38,ARTESANIAS,LGVTM549,JORVINA ARTICULOS RELEGIOSOS,YURECUARO,13,17,"{""medidas_original"":""13X17X12 CM"",""proveedor_contacto"":""MARIA ESTHER NAVA"",""proveedor_telefono"":""33 2184 5609"",""financiero_2023"":{""numero_control"":""1056"",""precio_compra_con_iva"":280,""iva_compra"":38.62,""porcentaje_a_ganar"":50,""utilidad"":140,""openpay_comision"":10.62,""openpay_iva"":1.7,""comision_tienda_nube"":11.25,""total_comisiones"":23.57,""descuento_pago_transferencia_pct"":5.32,""iva_venta_desglosar"":61.18,""precio_venta_sin_iva"":382,""ganancia_real"":327,""_nota"":""Congelado del control de Excel 2023. No se recalcula ni se sincroniza.""}}"
LGVTM550,CRUZ DOBLE SAGRADA FAMILIA DORADA,459,250,ARTESANIAS,LGVTM550,JORVINA ARTICULOS RELEGIOSOS,YURECUARO,34,23,"{""medidas_original"":""34X23 CM"",""proveedor_contacto"":""MARIA ESTHER NAVA"",""proveedor_telefono"":""33 2184 5609"",""financiero_2023"":{""numero_control"":""1057"",""precio_compra_con_iva"":290,""iva_compra"":40,""porcentaje_a_ganar"":50,""utilidad"":145,""openpay_comision"":10.91,""openpay_iva"":1.75,""comision_tienda_nube"":11.55,""total_comisiones"":24.21,""descuento_pago_transferencia_pct"":5.47,""iva_venta_desglosar"":63.34,""precio_venta_sin_iva"":396,""ganancia_real"":341,""_nota"":""Congelado del control de Excel 2023. No se recalcula ni se sincroniza.""}}"
LGVTM551,CRUZ NACIMIENTO DORADA,1881,1033.62,ARTESANIAS,LGVTM551,JORVINA ARTICULOS RELEGIOSOS,YURECUARO,45,32,"{""medidas_original"":""45X32 CM"",""proveedor_contacto"":""MARIA ESTHER NAVA"",""proveedor_telefono"":""33 2184 5609"",""financiero_2023"":{""numero_control"":""1058"",""precio_compra_con_iva"":1199,""iva_compra"":165.38,""porcentaje_a_ganar"":50,""utilidad"":599.5,""openpay_comision"":37.27,""openpay_iva"":5.96,""comision_tienda_nube"":39.43,""total_comisiones"":82.67,""descuento_pago_transferencia_pct"":18.67,""iva_venta_desglosar"":259.47,""precio_venta_sin_iva"":1622,""ganancia_real"":1567,""_nota"":""Congelado del control de Excel 2023. No se recalcula ni se sincroniza.""}}"
LGVTM552,CRUZ NACIMIENTO PLATA,1803,990.52,ARTESANIAS,LGVTM552,JORVINA ARTICULOS RELEGIOSOS,YURECUARO,30,19.5,"{""medidas_original"":""30X19.5 CM"",""proveedor_contacto"":""MARIA ESTHER NAVA"",""proveedor_telefono"":""33 2184 5609"",""financiero_2023"":{""numero_control"":""1059"",""precio_compra_con_iva"":1149,""iva_compra"":158.48,""porcentaje_a_ganar"":50,""utilidad"":574.5,""openpay_comision"":35.82,""openpay_iva"":5.73,""comision_tienda_nube"":37.9,""total_comisiones"":79.45,""descuento_pago_transferencia_pct"":17.94,""iva_venta_desglosar"":248.68,""precio_venta_sin_iva"":1554,""ganancia_real"":1499,""_nota"":""Congelado del control de Excel 2023. No se recalcula ni se sincroniza.""}}"
LGVTM553,CRUZ MADERA TALLADA ROSTRO DE JESUS,490,267.24,ARTESANIAS,LGVTM553,JORVINA ARTICULOS RELEGIOSOS,YURECUARO,30,19.5,"{""medidas_original"":""30X19.5 CM"",""proveedor_contacto"":""MARIA ESTHER NAVA"",""proveedor_telefono"":""33 2184 5609"",""financiero_2023"":{""numero_control"":""1060"",""precio_compra_con_iva"":310,""iva_compra"":42.76,""porcentaje_a_ganar"":50,""utilidad"":155,""openpay_comision"":11.49,""openpay_iva"":1.84,""comision_tienda_nube"":12.17,""total_comisiones"":25.49,""descuento_pago_transferencia_pct"":5.76,""iva_venta_desglosar"":67.65,""precio_venta_sin_iva"":423,""ganancia_real"":368,""_nota"":""Congelado del control de Excel 2023. No se recalcula ni se sincroniza.""}}"
LGVTM554,CRUZ DECORATIVA RUSTICA MADERA ALUMIN IO,553,301.72,ARTESANIAS,LGVTM554,JORVINA ARTICULOS RELEGIOSOS,YURECUARO,30,19.5,"{""medidas_original"":""30X19.5 CM"",""proveedor_contacto"":""MARIA ESTHER NAVA"",""proveedor_telefono"":""33 2184 5609"",""financiero_2023"":{""numero_control"":""1061"",""precio_compra_con_iva"":350,""iva_compra"":48.28,""porcentaje_a_ganar"":50,""utilidad"":175,""openpay_comision"":12.65,""openpay_iva"":2.02,""comision_tienda_nube"":13.39,""total_comisiones"":28.07,""descuento_pago_transferencia_pct"":6.34,""iva_venta_desglosar"":76.29,""precio_venta_sin_iva"":477,""ganancia_real"":422,""_nota"":""Congelado del control de Excel 2023. No se recalcula ni se sincroniza.""}}"
LGVTM555,CRUZ MURANO MADERA DORADA,334,181.03,ARTESANIAS,LGVTM555,JORVINA ARTICULOS RELEGIOSOS,YURECUARO,28,18,"{""medidas_original"":""28X18 CM"",""proveedor_contacto"":""MARIA ESTHER NAVA"",""proveedor_telefono"":""33 2184 5609"",""financiero_2023"":{""numero_control"":""1062"",""precio_compra_con_iva"":210,""iva_compra"":28.97,""porcentaje_a_ganar"":50,""utilidad"":105,""openpay_comision"":8.59,""openpay_iva"":1.37,""comision_tienda_nube"":9.1,""total_comisiones"":19.06,""descuento_pago_transferencia_pct"":4.3,""iva_venta_desglosar"":46.08,""precio_venta_sin_iva"":288,""ganancia_real"":233,""_nota"":""Congelado del control de Excel 2023. No se recalcula ni se sincroniza.""}}"
LGVTM556,CRUZ MURANO MADERA PLATA,334,181.03,ARTESANIAS,LGVTM556,JORVINA ARTICULOS RELEGIOSOS,YURECUARO,28,18,"{""medidas_original"":""28X18 CM"",""proveedor_contacto"":""MARIA ESTHER NAVA"",""proveedor_telefono"":""33 2184 5609"",""financiero_2023"":{""numero_control"":""1063"",""precio_compra_con_iva"":210,""iva_compra"":28.97,""porcentaje_a_ganar"":50,""utilidad"":105,""openpay_comision"":8.59,""openpay_iva"":1.37,""comision_tienda_nube"":9.1,""total_comisiones"":19.06,""descuento_pago_transferencia_pct"":4.3,""iva_venta_desglosar"":46.08,""precio_venta_sin_iva"":288,""ganancia_real"":233,""_nota"":""Congelado del control de Excel 2023. No se recalcula ni se sincroniza.""}}"
LGVTM557,CRUZ MADERA ROSA,295,159.48,ARTESANIAS,LGVTM557,JORVINA ARTICULOS RELEGIOSOS,YURECUARO,33,27,"{""medidas_original"":""33X27 CM"",""proveedor_contacto"":""MARIA ESTHER NAVA"",""proveedor_telefono"":""33 2184 5609"",""financiero_2023"":{""numero_control"":""1064"",""precio_compra_con_iva"":185,""iva_compra"":25.52,""porcentaje_a_ganar"":50,""utilidad"":92.5,""openpay_comision"":7.87,""openpay_iva"":1.26,""comision_tienda_nube"":8.33,""total_comisiones"":17.46,""descuento_pago_transferencia_pct"":3.94,""iva_venta_desglosar"":40.68,""precio_venta_sin_iva"":254,""ganancia_real"":199,""_nota"":""Congelado del control de Excel 2023. No se recalcula ni se sincroniza.""}}"
LGVTM558,CRUZ CORAZON SAGRADO,397,215.52,ARTESANIAS,LGVTM558,JORVINA ARTICULOS RELEGIOSOS,YURECUARO,32,21,"{""medidas_original"":""32X21 CM"",""proveedor_contacto"":""MARIA ESTHER NAVA"",""proveedor_telefono"":""33 2184 5609"",""financiero_2023"":{""numero_control"":""1065"",""precio_compra_con_iva"":250,""iva_compra"":34.48,""porcentaje_a_ganar"":50,""utilidad"":125,""openpay_comision"":9.75,""openpay_iva"":1.56,""comision_tienda_nube"":10.33,""total_comisiones"":21.64,""descuento_pago_transferencia_pct"":4.89,""iva_venta_desglosar"":54.71,""precio_venta_sin_iva"":342,""ganancia_real"":287,""_nota"":""Congelado del control de Excel 2023. No se recalcula ni se sincroniza.""}}"
LGVTM559,ENRAMADA MUERTOS MOD. 2 DE 1/2 PAPEL CHINA,280,137.93,PAPEL PICADO,LGVTM559,PAPEL PICADO A LA MEXICANA,PUEBLA,,,"{""medidas_original"":""10*12*10"",""proveedor_contacto"":""-----"",""proveedor_telefono"":""24 9150 6743"",""financiero_2023"":{""numero_control"":""1066"",""precio_compra_con_iva"":160,""iva_compra"":22.07,""porcentaje_a_ganar"":65,""utilidad"":104,""openpay_comision"":7.14,""openpay_iva"":1.14,""comision_tienda_nube"":8.05,""total_comisiones"":16.33,""descuento_pago_transferencia_pct"":3.69,""iva_venta_desglosar"":38.67,""precio_venta_sin_iva"":242,""ganancia_real"":186,""_nota"":""Congelado del control de Excel 2023. No se recalcula ni se sincroniza.""}}"
LGVTM560,JORONGO DE SARAPE PARA PERRO TALLA 0,244,175,ARTESANIAS,LGVTM560,STOCK,STOCK,,,"{""proveedor_contacto"":""OEPM SHOP"",""proveedor_telefono"":""44 7116 3750"",""financiero_2023"":{""numero_control"":""1067"",""precio_compra_con_iva"":175,""iva_compra"":28,""porcentaje_a_ganar"":30,""utilidad"":52.5,""openpay_comision"":7.58,""openpay_iva"":1.21,""comision_tienda_nube"":7.33,""total_comisiones"":16.11,""descuento_pago_transferencia_pct"":3.64,""iva_venta_desglosar"":33.6,""precio_venta_sin_iva"":210,""ganancia_real"":155,""_nota"":""Congelado del control de Excel 2023. No se recalcula ni se sincroniza.""}}"
LGVTM561,JORONGO DE SARAPE PARA PERRO TALLA 1,278,200,ARTESANIAS,LGVTM561,STOCK,STOCK,,,"{""proveedor_contacto"":""OEPM SHOP"",""proveedor_telefono"":""44 7116 3750"",""financiero_2023"":{""numero_control"":""1068"",""precio_compra_con_iva"":200,""iva_compra"":32,""porcentaje_a_ganar"":30,""utilidad"":60,""openpay_comision"":8.3,""openpay_iva"":1.33,""comision_tienda_nube"":7.99,""total_comisiones"":17.62,""descuento_pago_transferencia_pct"":3.98,""iva_venta_desglosar"":38.29,""precio_venta_sin_iva"":239,""ganancia_real"":184,""_nota"":""Congelado del control de Excel 2023. No se recalcula ni se sincroniza.""}}"
LGVTM562,JORONGO DE SARAPE PARA PERRO TALLA 2,312,225,ARTESANIAS,LGVTM562,STOCK,STOCK,,,"{""proveedor_contacto"":""OEPM SHOP"",""proveedor_telefono"":""44 7116 3750"",""financiero_2023"":{""numero_control"":""1069"",""precio_compra_con_iva"":225,""iva_compra"":36,""porcentaje_a_ganar"":30,""utilidad"":67.5,""openpay_comision"":9.03,""openpay_iva"":1.44,""comision_tienda_nube"":8.66,""total_comisiones"":19.13,""descuento_pago_transferencia_pct"":4.32,""iva_venta_desglosar"":42.98,""precio_venta_sin_iva"":269,""ganancia_real"":213,""_nota"":""Congelado del control de Excel 2023. No se recalcula ni se sincroniza.""}}"
LGVTM563,JORONGO DE SARAPE PARA PERRO TALLA 3,346,250,ARTESANIAS,LGVTM563,STOCK,STOCK,,,"{""proveedor_contacto"":""OEPM SHOP"",""proveedor_telefono"":""44 7116 3750"",""financiero_2023"":{""numero_control"":""1070"",""precio_compra_con_iva"":250,""iva_compra"":40,""porcentaje_a_ganar"":30,""utilidad"":75,""openpay_comision"":9.75,""openpay_iva"":1.56,""comision_tienda_nube"":9.33,""total_comisiones"":20.64,""descuento_pago_transferencia_pct"":4.66,""iva_venta_desglosar"":47.67,""precio_venta_sin_iva"":298,""ganancia_real"":243,""_nota"":""Congelado del control de Excel 2023. No se recalcula ni se sincroniza.""}}"
LGVTM564,JORONGO DE SARAPE PARA PERRO TALLA 4,380,275,ARTESANIAS,LGVTM564,STOCK,STOCK,,,"{""proveedor_contacto"":""OEPM SHOP"",""proveedor_telefono"":""44 7116 3750"",""financiero_2023"":{""numero_control"":""1071"",""precio_compra_con_iva"":275,""iva_compra"":44,""porcentaje_a_ganar"":30,""utilidad"":82.5,""openpay_comision"":10.48,""openpay_iva"":1.68,""comision_tienda_nube"":9.99,""total_comisiones"":22.14,""descuento_pago_transferencia_pct"":5,""iva_venta_desglosar"":52.36,""precio_venta_sin_iva"":327,""ganancia_real"":272,""_nota"":""Congelado del control de Excel 2023. No se recalcula ni se sincroniza.""}}"
LGVTM565,JORONGO DE SARAPE PARA PERRO TALLA 5,414,300,ARTESANIAS,LGVTM565,STOCK,STOCK,,,"{""proveedor_contacto"":""OEPM SHOP"",""proveedor_telefono"":""44 7116 3750"",""financiero_2023"":{""numero_control"":""1072"",""precio_compra_con_iva"":300,""iva_compra"":48,""porcentaje_a_ganar"":30,""utilidad"":90,""openpay_comision"":11.2,""openpay_iva"":1.79,""comision_tienda_nube"":10.66,""total_comisiones"":23.65,""descuento_pago_transferencia_pct"":5.34,""iva_venta_desglosar"":57.06,""precio_venta_sin_iva"":357,""ganancia_real"":301,""_nota"":""Congelado del control de Excel 2023. No se recalcula ni se sincroniza.""}}"
LGVTM566,JORONGO DE SARAPE PARA PERRO TALLA 6,448,325,ARTESANIAS,LGVTM566,STOCK,STOCK,,,"{""proveedor_contacto"":""OEPM SHOP"",""proveedor_telefono"":""44 7116 3750"",""financiero_2023"":{""numero_control"":""1073"",""precio_compra_con_iva"":325,""iva_compra"":52,""porcentaje_a_ganar"":30,""utilidad"":97.5,""openpay_comision"":11.93,""openpay_iva"":1.91,""comision_tienda_nube"":11.33,""total_comisiones"":25.16,""descuento_pago_transferencia_pct"":5.68,""iva_venta_desglosar"":61.75,""precio_venta_sin_iva"":386,""ganancia_real"":331,""_nota"":""Congelado del control de Excel 2023. No se recalcula ni se sincroniza.""}}"
LGVTM567,JORONGO DE SARAPE PARA PERRO TALLA 7,482,350,ARTESANIAS,LGVTM567,STOCK,STOCK,,,"{""proveedor_contacto"":""OEPM SHOP"",""proveedor_telefono"":""44 7116 3750"",""financiero_2023"":{""numero_control"":""1074"",""precio_compra_con_iva"":350,""iva_compra"":56,""porcentaje_a_ganar"":30,""utilidad"":105,""openpay_comision"":12.65,""openpay_iva"":2.02,""comision_tienda_nube"":11.99,""total_comisiones"":26.67,""descuento_pago_transferencia_pct"":6.02,""iva_venta_desglosar"":66.44,""precio_venta_sin_iva"":415,""ganancia_real"":360,""_nota"":""Congelado del control de Excel 2023. No se recalcula ni se sincroniza.""}}"
LGVTM568,JORONGO DE SALTILLO PARA PERRO TALLA 0,278,200,ARTESANIAS,LGVTM568,STOCK,STOCK,,,"{""proveedor_contacto"":""OEPM SHOP"",""proveedor_telefono"":""44 7116 3750"",""financiero_2023"":{""numero_control"":""1075"",""precio_compra_con_iva"":200,""iva_compra"":32,""porcentaje_a_ganar"":30,""utilidad"":60,""openpay_comision"":8.3,""openpay_iva"":1.33,""comision_tienda_nube"":7.99,""total_comisiones"":17.62,""descuento_pago_transferencia_pct"":3.98,""iva_venta_desglosar"":38.29,""precio_venta_sin_iva"":239,""ganancia_real"":184,""_nota"":""Congelado del control de Excel 2023. No se recalcula ni se sincroniza.""}}"
LGVTM569,JORONGO DE SALTILLO PARA PERRO TALLA 1,312,225,ARTESANIAS,LGVTM569,STOCK,STOCK,,,"{""proveedor_contacto"":""OEPM SHOP"",""proveedor_telefono"":""44 7116 3750"",""financiero_2023"":{""numero_control"":""1076"",""precio_compra_con_iva"":225,""iva_compra"":36,""porcentaje_a_ganar"":30,""utilidad"":67.5,""openpay_comision"":9.03,""openpay_iva"":1.44,""comision_tienda_nube"":8.66,""total_comisiones"":19.13,""descuento_pago_transferencia_pct"":4.32,""iva_venta_desglosar"":42.98,""precio_venta_sin_iva"":269,""ganancia_real"":213,""_nota"":""Congelado del control de Excel 2023. No se recalcula ni se sincroniza.""}}"
LGVTM570,JORONGO DE SALTILLO PARA PERRO TALLA 2,346,250,ARTESANIAS,LGVTM570,STOCK,STOCK,,,"{""proveedor_contacto"":""OEPM SHOP"",""proveedor_telefono"":""44 7116 3750"",""financiero_2023"":{""numero_control"":""1077"",""precio_compra_con_iva"":250,""iva_compra"":40,""porcentaje_a_ganar"":30,""utilidad"":75,""openpay_comision"":9.75,""openpay_iva"":1.56,""comision_tienda_nube"":9.33,""total_comisiones"":20.64,""descuento_pago_transferencia_pct"":4.66,""iva_venta_desglosar"":47.67,""precio_venta_sin_iva"":298,""ganancia_real"":243,""_nota"":""Congelado del control de Excel 2023. No se recalcula ni se sincroniza.""}}"
LGVTM571,JORONGO DE SALTILLO PARA PERRO TALLA 3,380,275,ARTESANIAS,LGVTM571,STOCK,STOCK,,,"{""proveedor_contacto"":""OEPM SHOP"",""proveedor_telefono"":""44 7116 3750"",""financiero_2023"":{""numero_control"":""1078"",""precio_compra_con_iva"":275,""iva_compra"":44,""porcentaje_a_ganar"":30,""utilidad"":82.5,""openpay_comision"":10.48,""openpay_iva"":1.68,""comision_tienda_nube"":9.99,""total_comisiones"":22.14,""descuento_pago_transferencia_pct"":5,""iva_venta_desglosar"":52.36,""precio_venta_sin_iva"":327,""ganancia_real"":272,""_nota"":""Congelado del control de Excel 2023. No se recalcula ni se sincroniza.""}}"
LGVTM572,JORONGO DE SALTILLO PARA PERRO TALLA 4,414,300,ARTESANIAS,LGVTM572,STOCK,STOCK,,,"{""proveedor_contacto"":""OEPM SHOP"",""proveedor_telefono"":""44 7116 3750"",""financiero_2023"":{""numero_control"":""1079"",""precio_compra_con_iva"":300,""iva_compra"":48,""porcentaje_a_ganar"":30,""utilidad"":90,""openpay_comision"":11.2,""openpay_iva"":1.79,""comision_tienda_nube"":10.66,""total_comisiones"":23.65,""descuento_pago_transferencia_pct"":5.34,""iva_venta_desglosar"":57.06,""precio_venta_sin_iva"":357,""ganancia_real"":301,""_nota"":""Congelado del control de Excel 2023. No se recalcula ni se sincroniza.""}}"
LGVTM573,JORONGO DE SALTILLO PARA PERRO TALLA 5,448,325,ARTESANIAS,LGVTM573,STOCK,STOCK,,,"{""proveedor_contacto"":""OEPM SHOP"",""proveedor_telefono"":""44 7116 3750"",""financiero_2023"":{""numero_control"":""1080"",""precio_compra_con_iva"":325,""iva_compra"":52,""porcentaje_a_ganar"":30,""utilidad"":97.5,""openpay_comision"":11.93,""openpay_iva"":1.91,""comision_tienda_nube"":11.33,""total_comisiones"":25.16,""descuento_pago_transferencia_pct"":5.68,""iva_venta_desglosar"":61.75,""precio_venta_sin_iva"":386,""ganancia_real"":331,""_nota"":""Congelado del control de Excel 2023. No se recalcula ni se sincroniza.""}}"
LGVTM574,JORONGO DE SALTILLO PARA PERRO TALLA 6,482,350,ARTESANIAS,LGVTM574,STOCK,STOCK,,,"{""proveedor_contacto"":""OEPM SHOP"",""proveedor_telefono"":""44 7116 3750"",""financiero_2023"":{""numero_control"":""1081"",""precio_compra_con_iva"":350,""iva_compra"":56,""porcentaje_a_ganar"":30,""utilidad"":105,""openpay_comision"":12.65,""openpay_iva"":2.02,""comision_tienda_nube"":11.99,""total_comisiones"":26.67,""descuento_pago_transferencia_pct"":6.02,""iva_venta_desglosar"":66.44,""precio_venta_sin_iva"":415,""ganancia_real"":360,""_nota"":""Congelado del control de Excel 2023. No se recalcula ni se sincroniza.""}}"
LGVTM575,JORONGO DE SALTILLO PARA PERRO TALLA 7,516,375,ARTESANIAS,LGVTM575,STOCK,STOCK,,,"{""proveedor_contacto"":""OEPM SHOP"",""proveedor_telefono"":""44 7116 3750"",""financiero_2023"":{""numero_control"":""1082"",""precio_compra_con_iva"":375,""iva_compra"":60,""porcentaje_a_ganar"":30,""utilidad"":112.5,""openpay_comision"":13.38,""openpay_iva"":2.14,""comision_tienda_nube"":12.66,""total_comisiones"":28.18,""descuento_pago_transferencia_pct"":6.36,""iva_venta_desglosar"":71.13,""precio_venta_sin_iva"":445,""ganancia_real"":389,""_nota"":""Congelado del control de Excel 2023. No se recalcula ni se sincroniza.""}}"
LGVTM576,,,,,LGVTM576,,,,,"{""financiero_2023"":{""numero_control"":""1083"",""_nota"":""Congelado del control de Excel 2023. No se recalcula ni se sincroniza.""}}"
LGVTM577,,,,,LGVTM577,,,,,"{""financiero_2023"":{""numero_control"":""1084"",""_nota"":""Congelado del control de Excel 2023. No se recalcula ni se sincroniza.""}}"
LGVTM578,,,,,LGVTM578,,,,,"{""financiero_2023"":{""numero_control"":""1085"",""_nota"":""Congelado del control de Excel 2023. No se recalcula ni se sincroniza.""}}"
LGVTM579,,,,,LGVTM579,,,,,"{""financiero_2023"":{""numero_control"":""1086"",""_nota"":""Congelado del control de Excel 2023. No se recalcula ni se sincroniza.""}}"
LGVTM580,,,,,LGVTM580,,,,,"{""financiero_2023"":{""numero_control"":""1087"",""_nota"":""Congelado del control de Excel 2023. No se recalcula ni se sincroniza.""}}"
LGVTM581,,,,,LGVTM581,,,,,"{""financiero_2023"":{""numero_control"":""1088"",""_nota"":""Congelado del control de Excel 2023. No se recalcula ni se sincroniza.""}}"
SINCODIGO-1105,,,,,,,,,,"{""financiero_2023"":{""openpay_comision"":2.5,""_nota"":""Congelado del control de Excel 2023. No se recalcula ni se sincroniza.""}}"
SINCODIGO-1106,,,,,,,,,,"{""financiero_2023"":{""openpay_comision"":2.5,""_nota"":""Congelado del control de Excel 2023. No se recalcula ni se sincroniza.""}}"
SINCODIGO-1107,,,,,,,,,,"{""financiero_2023"":{""openpay_comision"":2.5,""_nota"":""Congelado del control de Excel 2023. No se recalcula ni se sincroniza.""}}"
SINCODIGO-1108,,,,,,,,,,"{""financiero_2023"":{""openpay_comision"":2.5,""_nota"":""Congelado del control de Excel 2023. No se recalcula ni se sincroniza.""}}"
SINCODIGO-1109,,,,,,,,,,"{""financiero_2023"":{""openpay_comision"":2.5,""_nota"":""Congelado del control de Excel 2023. No se recalcula ni se sincroniza.""}}"
SINCODIGO-1110,,,,,,,,,,"{""financiero_2023"":{""openpay_comision"":2.5,""_nota"":""Congelado del control de Excel 2023. No se recalcula ni se sincroniza.""}}"
SINCODIGO-1111,,,,,,,,,,"{""financiero_2023"":{""openpay_comision"":2.5,""_nota"":""Congelado del control de Excel 2023. No se recalcula ni se sincroniza.""}}"
SINCODIGO-1112,,,,,,,,,,"{""financiero_2023"":{""openpay_comision"":2.5,""_nota"":""Congelado del control de Excel 2023. No se recalcula ni se sincroniza.""}}"
SINCODIGO-1113,,,,,,,,,,"{""financiero_2023"":{""openpay_comision"":2.5,""_nota"":""Congelado del control de Excel 2023. No se recalcula ni se sincroniza.""}}"
SINCODIGO-1114,,,,,,,,,,"{""financiero_2023"":{""openpay_comision"":2.5,""_nota"":""Congelado del control de Excel 2023. No se recalcula ni se sincroniza.""}}"
SINCODIGO-1115,,,,,,,,,,"{""financiero_2023"":{""openpay_comision"":2.5,""_nota"":""Congelado del control de Excel 2023. No se recalcula ni se sincroniza.""}}"
SINCODIGO-1116,,,,,,,,,,"{""financiero_2023"":{""openpay_comision"":2.5,""_nota"":""Congelado del control de Excel 2023. No se recalcula ni se sincroniza.""}}"