"Identificador de URL;Nombre;Categorías;""Nombre de propiedad 1"";""Valor de propiedad 1"";""Nombre de propiedad 2"";""Valor de propiedad 2"";""Nombre de propiedad 3"";""Valor de propiedad 3"";Precio;""Precio promocional"";""Peso (kg)"";""Alto (cm)"";""Ancho (cm)"";""Profundidad (cm)"";Stock;SKU;""Código de barras"";""Mostrar en mi tienda en línea"";""Envío sin cargo"";Descripción;Tags;""Título para SEO"";""Descripción para SEO"";Marca;""Producto Físico"";""MPN (Número de pieza del fabricante)"";Sexo;""Rango de edad"";Costo",,,,,,,,,,,,,,,
"pelota-inflable-gigante-4ldtm;""Pelota Inflable Gigante"";""Papel Picado > Pelota Inflable Gigante "";;;;;;;3","500.00;;0.00;0.00;0.00;0.00;;PG130726;;SÍ;NO;""<p><span style=""""color: rgba(0",0,0, 0.55); font-family: 'Proxima Nova', -apple-system, Roboto, Arial," sans-serif; font-size: 20px; white-space: pre-line; background-color: #ffffff;"""">------Detalles de Producto------ El Paquete Incluye: Pelota de playa de 60 cm * 1(Dimensiones del bal&oacute;n al inflarse). El Color: f&uacute;tbol EI Material: PVC ------Por qu&eacute; nos merecemos su confianza------ MATERIAL PREMIUM: Esta pelota de playa est&aacute; dise&ntilde;ada con PVC", que es duradero y no se desvanece ni se rompe. Es lo suficientemente suave como para evitar cualquier da&ntilde;o, inodoro y perfecto para uso a largo plazo, lo que garantiza un juego interminable en la playa," seguro y emocionante.</span></p>"";;;;pvc;SÍ;;Unisex;Adulto;0.00",,,
"pharmaton-vitalida-1m044;""PHARMATON VITALIDA"";""Bienestar y Salud\", Farmacia y Cuidado\," Salud Integral > Suplementos y Nutriciòn"";;;;;;;350.00;;0.05;12.00;6.00;5.00;;743441;7501165011786;SÍ;NO;""<p><mark class=""""HxTRcb"""" style=""""font-family: 'Google Sans'", Arial," sans-serif; font-size: 16px; margin: 0px; border-bottom: 0px #001d35;"""" data-sfc-root=""""ep"""" data-wiz-uids=""""iaRljd_n"""" data-sfc-cb="""""""" data-ved=""""2ahUKEwi5gpui0bSVAxXal2oFHT2wN60QuJAPegoIAggACAAIBxAB"""" data-complete=""""true"""" data-sfc-inited=""""2"""" data-copy-service-computed-style=""""font-family: &quot;Google Sans&quot;", Arial, sans-serif; font-size: 16px; font-weight: 500; margin: 0px; text-decoration: none; border-bottom: 0px rgb(0,29," 53);"""">es un complejo multivitam&iacute;nico que combina vitaminas esenciales", minerales y extracto estandarizado de Ginseng G115<!--TgQPHd||[]--></mark>. Sirve para combatir la fatiga, el cansancio y el agotamiento f&iacute;sico o mental, mejorando la concentraci&oacute;n, el rendimiento cognitivo y la resistencia al estr&eacute;s.</p>,,,
<p>&nbsp;</p>,,,,,,,,,,,,,,,
<p>&nbsp;Incluye vitaminas A, C, D, E y un amplio grupo de vitaminas del complejo B (como B1, B2, B6," B9 y B12)</p>"";;Sanofi;;;SÍ;;;;0.00",,,,,,,,,
"conserva-de-chilacayote;""Conserva de Chilacayote"";""Dulces Típicos"";Presentación;""50 ml."";;;;;170.00;;0.50;20.00;10.00;10.00;;;;SÍ;NO;""<p><strong>Informaci&oacute;n del Producto</strong></p>",,,,,,,,,,,,,,,
<p><strong>Marca</strong>: Taximaroa&nbsp;</p>,,,,,,,,,,,,,,,
"<h1 style=""""box-sizing: border-box; margin-top: 0px; margin-bottom: 0.5rem; font-weight: 200; line-height: 61px; font-size: 50px; width: -webkit-fill-available; font-family: 'EB Garamond'"," serif; text-align: center; background-color: #ffffff;""""><strong style=""""font-family: Geist; font-size: 15px;"""">lo mejor de la fruta todo el a&ntilde;o </strong></h1>",,,,,,,,,,,,,,
"<p><span style=""""color: #333333; font-family: 'Open Sans'"," 'sans-serif'; font-size: 16px; background-color: #ffffff;"""">La elaboraci&oacute;n de&nbsp;</span><strong style=""""box-sizing: border-box; color: #333333; font-family: 'Open Sans'"," 'sans-serif'; font-size: 16px; background-color: #ffffff;"""">conservas caseras</strong><span style=""""color: #333333; font-family: 'Open Sans'"," 'sans-serif'; font-size: 16px; background-color: #ffffff;"""">&nbsp;es una pr&aacute;ctica que conecta a las generaciones y preserva los sabores de nuestra tierra"," adem&aacute;s que mantiene vigente la tradici&oacute;n gastron&oacute;mica. Elaborar&nbsp; &nbsp;</span><strong style=""""box-sizing: border-box; color: #333333; font-family: 'Open Sans'"," 'sans-serif'; font-size: 16px; background-color: #ffffff;"""">conservas&nbsp;</strong><span style=""""color: #333333; font-family: 'Open Sans'"," 'sans-serif'; font-size: 16px; background-color: #ffffff;"""">es una&nbsp;</span><strong style=""""box-sizing: border-box; color: #333333; font-family: 'Open Sans'"," 'sans-serif'; font-size: 16px; background-color: #ffffff;"""">actividad que requiere paciencia y dedicaci&oacute;n</strong><span style=""""color: #333333; font-family: 'Open Sans'"," 'sans-serif'; font-size: 16px; background-color: #ffffff;"""">", pero que recompensa con productos naturales y deliciosos," libres de conservadores artificiales y es gracias a la tradici&oacute;n de preparar las conservas en familia que</span><strong style=""""box-sizing: border-box; color: #333333; font-family: 'Open Sans'"," 'sans-serif'; font-size: 16px; background-color: #ffffff;"""">&nbsp;se promueve el consumo de lo local&nbsp;</strong><span style=""""color: #333333; font-family: 'Open Sans'"," 'sans-serif'; font-size: 16px; background-color: #ffffff;"""">y se da un&nbsp;</span><strong style=""""box-sizing: border-box; color: #333333; font-family: 'Open Sans'"," 'sans-serif'; font-size: 16px; background-color: #ffffff;"""">valor agregado los productos que se obtienen de la madre tierra&nbsp;</strong></p>",,
<p><strong>Producto 100% Natural</strong></p>,,,,,,,,,,,,,,,
<p><strong>(Al tratarse de un producto artesanal la precentacion del embase o decoracion pueden cambiar sin previo aviso .)&nbsp;</strong></p>,,,,,,,,,,,,,,,
<p>Este producto puede ser vendido por mayoreo, por caja, cont&aacute;ctanos en el siguiente enlace para mayor informaci&oacute;n:</p>,,,,,,,,,,,,,
"<p><a href=""""https://wa.me/message/REAMHAFI37VJM1"""">https://wa.me/message/REAMHAFI37VJM1</a>&nbsp;</p>"";;;;;SÍ;;;;",,,,,,,,,,,,,,,
"conserva-de-calabaza;""Conserva de Calabaza"";""Dulces Típicos"";Presentación;""50 ml."";;;;;170.00;;0.50;20.00;10.00;10.00;;;;SÍ;NO;""<p><strong>Informaci&oacute;n del Producto</strong></p>",,,,,,,,,,,,,,,
<p><strong>Marca</strong>: Taximaroa&nbsp;</p>,,,,,,,,,,,,,,,
"<h1 style=""""box-sizing: border-box; margin-top: 0px; margin-bottom: 0.5rem; font-weight: 200; line-height: 61px; font-size: 50px; width: -webkit-fill-available; font-family: 'EB Garamond'"," serif; text-align: center; background-color: #ffffff;""""><strong style=""""font-family: Geist; font-size: 15px;"""">lo mejor de la fruta todo el a&ntilde;o </strong></h1>",,,,,,,,,,,,,,
"<p><span style=""""color: #333333; font-family: 'Open Sans'"," 'sans-serif'; font-size: 16px; background-color: #ffffff;"""">La elaboraci&oacute;n de&nbsp;</span><strong style=""""box-sizing: border-box; color: #333333; font-family: 'Open Sans'"," 'sans-serif'; font-size: 16px; background-color: #ffffff;"""">conservas caseras</strong><span style=""""color: #333333; font-family: 'Open Sans'"," 'sans-serif'; font-size: 16px; background-color: #ffffff;"""">&nbsp;es una pr&aacute;ctica que conecta a las generaciones y preserva los sabores de nuestra tierra"," adem&aacute;s que mantiene vigente la tradici&oacute;n gastron&oacute;mica. Elaborar&nbsp; &nbsp;</span><strong style=""""box-sizing: border-box; color: #333333; font-family: 'Open Sans'"," 'sans-serif'; font-size: 16px; background-color: #ffffff;"""">conservas&nbsp;</strong><span style=""""color: #333333; font-family: 'Open Sans'"," 'sans-serif'; font-size: 16px; background-color: #ffffff;"""">es una&nbsp;</span><strong style=""""box-sizing: border-box; color: #333333; font-family: 'Open Sans'"," 'sans-serif'; font-size: 16px; background-color: #ffffff;"""">actividad que requiere paciencia y dedicaci&oacute;n</strong><span style=""""color: #333333; font-family: 'Open Sans'"," 'sans-serif'; font-size: 16px; background-color: #ffffff;"""">", pero que recompensa con productos naturales y deliciosos," libres de conservadores artificiales y es gracias a la tradici&oacute;n de preparar las conservas en familia que</span><strong style=""""box-sizing: border-box; color: #333333; font-family: 'Open Sans'"," 'sans-serif'; font-size: 16px; background-color: #ffffff;"""">&nbsp;se promueve el consumo de lo local&nbsp;</strong><span style=""""color: #333333; font-family: 'Open Sans'"," 'sans-serif'; font-size: 16px; background-color: #ffffff;"""">y se da un&nbsp;</span><strong style=""""box-sizing: border-box; color: #333333; font-family: 'Open Sans'"," 'sans-serif'; font-size: 16px; background-color: #ffffff;"""">valor agregado los productos que se obtienen de la madre tierra&nbsp;</strong></p>",,
<p><strong>Producto 100% Natural</strong></p>,,,,,,,,,,,,,,,
<p><strong>(Al tratarse de un producto artesanal la precentacion del embase o decoracion pueden cambiar sin previo aviso .)&nbsp;</strong></p>,,,,,,,,,,,,,,,
<p>Este producto puede ser vendido por mayoreo, por caja, cont&aacute;ctanos en el siguiente enlace para mayor informaci&oacute;n:</p>,,,,,,,,,,,,,
"<p><a href=""""https://wa.me/message/REAMHAFI37VJM1"""">https://wa.me/message/REAMHAFI37VJM1</a>&nbsp;</p>"";;;;;SÍ;;;;",,,,,,,,,,,,,,,
"conserva-de-higo;""Conserva de Higo"";""Dulces Típicos"";Presentación;""50 ml."";;;;;170.00;;0.50;20.00;10.00;10.00;;;;SÍ;NO;""<p><strong>Informaci&oacute;n del Producto</strong></p>",,,,,,,,,,,,,,,
<p><strong>Marca</strong>: Taximaroa&nbsp;</p>,,,,,,,,,,,,,,,
"<h1 style=""""box-sizing: border-box; margin-top: 0px; margin-bottom: 0.5rem; font-weight: 200; line-height: 61px; font-size: 50px; width: -webkit-fill-available; font-family: 'EB Garamond'"," serif; text-align: center; background-color: #ffffff;""""><strong style=""""font-family: Geist; font-size: 15px;"""">lo mejor de la fruta todo el a&ntilde;o </strong></h1>",,,,,,,,,,,,,,
"<p><span style=""""color: #333333; font-family: 'Open Sans'"," 'sans-serif'; font-size: 16px; background-color: #ffffff;"""">La elaboraci&oacute;n de&nbsp;</span><strong style=""""box-sizing: border-box; color: #333333; font-family: 'Open Sans'"," 'sans-serif'; font-size: 16px; background-color: #ffffff;"""">conservas caseras</strong><span style=""""color: #333333; font-family: 'Open Sans'"," 'sans-serif'; font-size: 16px; background-color: #ffffff;"""">&nbsp;es una pr&aacute;ctica que conecta a las generaciones y preserva los sabores de nuestra tierra"," adem&aacute;s que mantiene vigente la tradici&oacute;n gastron&oacute;mica. Elaborar&nbsp; &nbsp;</span><strong style=""""box-sizing: border-box; color: #333333; font-family: 'Open Sans'"," 'sans-serif'; font-size: 16px; background-color: #ffffff;"""">conservas&nbsp;</strong><span style=""""color: #333333; font-family: 'Open Sans'"," 'sans-serif'; font-size: 16px; background-color: #ffffff;"""">es una&nbsp;</span><strong style=""""box-sizing: border-box; color: #333333; font-family: 'Open Sans'"," 'sans-serif'; font-size: 16px; background-color: #ffffff;"""">actividad que requiere paciencia y dedicaci&oacute;n</strong><span style=""""color: #333333; font-family: 'Open Sans'"," 'sans-serif'; font-size: 16px; background-color: #ffffff;"""">", pero que recompensa con productos naturales y deliciosos," libres de conservadores artificiales y es gracias a la tradici&oacute;n de preparar las conservas en familia que</span><strong style=""""box-sizing: border-box; color: #333333; font-family: 'Open Sans'"," 'sans-serif'; font-size: 16px; background-color: #ffffff;"""">&nbsp;se promueve el consumo de lo local&nbsp;</strong><span style=""""color: #333333; font-family: 'Open Sans'"," 'sans-serif'; font-size: 16px; background-color: #ffffff;"""">y se da un&nbsp;</span><strong style=""""box-sizing: border-box; color: #333333; font-family: 'Open Sans'"," 'sans-serif'; font-size: 16px; background-color: #ffffff;"""">valor agregado los productos que se obtienen de la madre tierra&nbsp;</strong></p>",,
<p><strong>Producto 100% Natural</strong></p>,,,,,,,,,,,,,,,
<p><strong>(Al tratarse de un producto artesanal la precentacion del embase o decoracion pueden cambiar sin previo aviso .)&nbsp;</strong></p>,,,,,,,,,,,,,,,
<p>Este producto puede ser vendido por mayoreo, por caja, cont&aacute;ctanos en el siguiente enlace para mayor informaci&oacute;n:</p>,,,,,,,,,,,,,
"<p><a href=""""https://wa.me/message/REAMHAFI37VJM1"""">https://wa.me/message/REAMHAFI37VJM1</a>&nbsp;</p>"";;;;;SÍ;;;;",,,,,,,,,,,,,,,
"cruz-boda-tortolas-plata;""CRUZ BODA TORTOLAS PLATA"";""Articulos Religiosos "";""medidas "";28X18;Color;PLATA;;;672.00;;5.00;5.00;14.00;21.00;;CBT-P;;SÍ;NO;""<p><span style=""""color: rgb(17",17, 17); font-family: Inter, sans-serif; font-size: 16.8px; text-align: center; background-color: rgb(249,249," 249);"""">Ya sea que est&eacute;s buscando art&iacute;culos religiosos para tu hogar", regalos significativos o suministros al por mayor.</span></p>,,,,,,,,,
,,,,,,,,,,,,,,,
"<p><span style=""""color: rgb(17",17, 17); font-family: Inter, sans-serif; font-size: 16.8px; text-align: center; background-color: rgb(249,249," 249);"""">Tenemos&nbsp; opciones para todos. </span></p>",,,,,,,,,,
,,,,,,,,,,,,,,,
"<p><span style=""""color: rgb(17",17, 17); font-family: Inter, sans-serif; font-size: 16.8px; text-align: center; background-color: rgb(249,249," 249);"""">Aqui encontraras una gran varieda de articulo religiosos como&nbsp;&nbsp;cruz de matrimoni", estuches ,porta velas,porta notas , crucifijos de madera entre muchos otros.</span></p>,,,,,,
,,,,,,,,,,,,,,,
<p>&nbsp;</p>,,,,,,,,,,,,,,,
,,,,,,,,,,,,,,,
"<p><strong style=""""margin: 0px; padding: 0px; outline: 0px; color: rgb(118",118, 118); font-family: arial, sans-serif; font-size: 14px; background-color: rgb(245,245," 245);"""">Art&iacute;culos religiosos 100% artesanales.</strong></p>",,,,,,,,,,
,,,,,,,,,,,,,,,
"<p><strong style=""""margin: 0px; padding: 0px; outline: 0px; color: rgb(118",118, 118); font-family: arial, sans-serif; font-size: 14px; background-color: rgb(245,245," 245);"""">Hermoso arte religioso&nbsp; dise&ntilde;ado", fabricado en metal y madera por talentosas manos de artesanos Mexicanos.</strong></p>,,,,,,,,,
";;;;JORVINA;SÍ;;Unisex;Adulto;
cruz-corazon-sagrado;CRUZ CORAZON SAGRADO"";""Articulos Religiosos "";""medidas "";""32X21 CM"";;;;;397.00;;5.00;5.00;14.00;21.00;;CCS;;SÍ;NO;""<p><span style=""""color: rgb(17",17, 17); font-family: Inter, sans-serif; font-size: 16.8px; text-align: center; background-color: rgb(249,249," 249);"""">Ya sea que est&eacute;s buscando art&iacute;culos religiosos para tu hogar", regalos significativos o suministros al por mayor.</span></p>,,,,,,,,,
,,,,,,,,,,,,,,,
"<p><span style=""""color: rgb(17",17, 17); font-family: Inter, sans-serif; font-size: 16.8px; text-align: center; background-color: rgb(249,249," 249);"""">Tenemos&nbsp; opciones para todos. </span></p>",,,,,,,,,,
,,,,,,,,,,,,,,,
"<p><span style=""""color: rgb(17",17, 17); font-family: Inter, sans-serif; font-size: 16.8px; text-align: center; background-color: rgb(249,249," 249);"""">Aqui encontraras una gran varieda de articulo religiosos como&nbsp;&nbsp;cruz de matrimoni", estuches ,porta velas,porta notas , crucifijos de madera entre muchos otros.</span></p>,,,,,,
,,,,,,,,,,,,,,,
<p>&nbsp;</p>,,,,,,,,,,,,,,,
,,,,,,,,,,,,,,,
"<p><strong style=""""margin: 0px; padding: 0px; outline: 0px; color: rgb(118",118, 118); font-family: arial, sans-serif; font-size: 14px; background-color: rgb(245,245," 245);"""">Art&iacute;culos religiosos 100% artesanales.</strong></p>",,,,,,,,,,
,,,,,,,,,,,,,,,
"<p><strong style=""""margin: 0px; padding: 0px; outline: 0px; color: rgb(118",118, 118); font-family: arial, sans-serif; font-size: 14px; background-color: rgb(245,245," 245);"""">Hermoso arte religioso&nbsp; dise&ntilde;ado", fabricado en metal y madera por talentosas manos de artesanos Mexicanos.</strong></p>,,,,,,,,,
";;;;JORVINA;SÍ;;Unisex;Adulto;
cuadro-madona-convinada-c-base;CUADRO MADONA CONVINADA C/BASE"";""Articulos Religiosos "";""medidas "";28X18;;;;;447.00;;5.00;5.00;14.00;21.00;;CM-BC;;SÍ;NO;""<p><span style=""""color: rgb(17",17, 17); font-family: Inter, sans-serif; font-size: 16.8px; text-align: center; background-color: rgb(249,249," 249);"""">Ya sea que est&eacute;s buscando art&iacute;culos religiosos para tu hogar", regalos significativos o suministros al por mayor.</span></p>,,,,,,,,,
,,,,,,,,,,,,,,,
"<p><span style=""""color: rgb(17",17, 17); font-family: Inter, sans-serif; font-size: 16.8px; text-align: center; background-color: rgb(249,249," 249);"""">Tenemos&nbsp; opciones para todos. </span></p>",,,,,,,,,,
,,,,,,,,,,,,,,,
"<p><span style=""""color: rgb(17",17, 17); font-family: Inter, sans-serif; font-size: 16.8px; text-align: center; background-color: rgb(249,249," 249);"""">Aqui encontraras una gran varieda de articulo religiosos como&nbsp;&nbsp;cruz de matrimoni", estuches ,porta velas,porta notas , crucifijos de madera entre muchos otros.</span></p>,,,,,,
,,,,,,,,,,,,,,,
<p>&nbsp;</p>,,,,,,,,,,,,,,,
,,,,,,,,,,,,,,,
"<p><strong style=""""margin: 0px; padding: 0px; outline: 0px; color: rgb(118",118, 118); font-family: arial, sans-serif; font-size: 14px; background-color: rgb(245,245," 245);"""">Art&iacute;culos religiosos 100% artesanales.</strong></p>",,,,,,,,,,
,,,,,,,,,,,,,,,
"<p><strong style=""""margin: 0px; padding: 0px; outline: 0px; color: rgb(118",118, 118); font-family: arial, sans-serif; font-size: 14px; background-color: rgb(245,245," 245);"""">Hermoso arte religioso&nbsp; dise&ntilde;ado", fabricado en metal y madera por talentosas manos de artesanos Mexicanos.</strong></p>,,,,,,,,,
";;;;JORVINA;SÍ;;Unisex;Adulto;
cruz-matri-con-aros-dorada-en-madera;CRUZ MATRI. CON AROS DORADA EN MADERA"";""Articulos Religiosos "";""medidas "";28X18;Color;ORO;;;667.00;;5.00;5.00;14.00;21.00;;CMADM;;SÍ;NO;""<p><span style=""""color: rgb(17",17, 17); font-family: Inter, sans-serif; font-size: 16.8px; text-align: center; background-color: rgb(249,249," 249);"""">Ya sea que est&eacute;s buscando art&iacute;culos religiosos para tu hogar", regalos significativos o suministros al por mayor.</span></p>,,,,,,,,,
,,,,,,,,,,,,,,,
"<p><span style=""""color: rgb(17",17, 17); font-family: Inter, sans-serif; font-size: 16.8px; text-align: center; background-color: rgb(249,249," 249);"""">Tenemos&nbsp; opciones para todos. </span></p>",,,,,,,,,,
,,,,,,,,,,,,,,,
"<p><span style=""""color: rgb(17",17, 17); font-family: Inter, sans-serif; font-size: 16.8px; text-align: center; background-color: rgb(249,249," 249);"""">Aqui encontraras una gran varieda de articulo religiosos como&nbsp;&nbsp;cruz de matrimoni", estuches ,porta velas,porta notas , crucifijos de madera entre muchos otros.</span></p>,,,,,,
,,,,,,,,,,,,,,,
<p>&nbsp;</p>,,,,,,,,,,,,,,,
,,,,,,,,,,,,,,,
"<p><strong style=""""margin: 0px; padding: 0px; outline: 0px; color: rgb(118",118, 118); font-family: arial, sans-serif; font-size: 14px; background-color: rgb(245,245," 245);"""">Art&iacute;culos religiosos 100% artesanales.</strong></p>",,,,,,,,,,
,,,,,,,,,,,,,,,
"<p><strong style=""""margin: 0px; padding: 0px; outline: 0px; color: rgb(118",118, 118); font-family: arial, sans-serif; font-size: 14px; background-color: rgb(245,245," 245);"""">Hermoso arte religioso&nbsp; dise&ntilde;ado", fabricado en metal y madera por talentosas manos de artesanos Mexicanos.</strong></p>,,,,,,,,,
";;;;JORVINA;SÍ;;Unisex;Adulto;
cruz-matrimonio-cadena-dorado;CRUZ MATRIMONIO CADENA DORADO"";""Articulos Religiosos "";""medidas "";28X18;Color;ORO;;;597.00;;5.00;5.00;14.00;21.00;;CMCD;;SÍ;NO;""<p><span style=""""color: rgb(17",17, 17); font-family: Inter, sans-serif; font-size: 16.8px; text-align: center; background-color: rgb(249,249," 249);"""">Ya sea que est&eacute;s buscando art&iacute;culos religiosos para tu hogar", regalos significativos o suministros al por mayor.</span></p>,,,,,,,,,
,,,,,,,,,,,,,,,
"<p><span style=""""color: rgb(17",17, 17); font-family: Inter, sans-serif; font-size: 16.8px; text-align: center; background-color: rgb(249,249," 249);"""">Tenemos&nbsp; opciones para todos. </span></p>",,,,,,,,,,
,,,,,,,,,,,,,,,
"<p><span style=""""color: rgb(17",17, 17); font-family: Inter, sans-serif; font-size: 16.8px; text-align: center; background-color: rgb(249,249," 249);"""">Aqui encontraras una gran varieda de articulo religiosos como&nbsp;&nbsp;cruz de matrimoni", estuches ,porta velas,porta notas , crucifijos de madera entre muchos otros.</span></p>,,,,,,
,,,,,,,,,,,,,,,
<p>&nbsp;</p>,,,,,,,,,,,,,,,
,,,,,,,,,,,,,,,
"<p><strong style=""""margin: 0px; padding: 0px; outline: 0px; color: rgb(118",118, 118); font-family: arial, sans-serif; font-size: 14px; background-color: rgb(245,245," 245);"""">Art&iacute;culos religiosos 100% artesanales.</strong></p>",,,,,,,,,,
,,,,,,,,,,,,,,,
"<p><strong style=""""margin: 0px; padding: 0px; outline: 0px; color: rgb(118",118, 118); font-family: arial, sans-serif; font-size: 14px; background-color: rgb(245,245," 245);"""">Hermoso arte religioso&nbsp; dise&ntilde;ado", fabricado en metal y madera por talentosas manos de artesanos Mexicanos.</strong></p>,,,,,,,,,
";;;;JORVINA;SÍ;;Unisex;Adulto;
cruz-matrimonio-cadena-pltara;CRUZ MATRIMONIO CADENA PLTARA"";""Articulos Religiosos "";""medidas "";28X18;Color;PLATA;;;565.00;;5.00;5.00;14.00;21.00;;CMCP;;SÍ;NO;""<p><span style=""""color: rgb(17",17, 17); font-family: Inter, sans-serif; font-size: 16.8px; text-align: center; background-color: rgb(249,249," 249);"""">Ya sea que est&eacute;s buscando art&iacute;culos religiosos para tu hogar", regalos significativos o suministros al por mayor.</span></p>,,,,,,,,,
,,,,,,,,,,,,,,,
"<p><span style=""""color: rgb(17",17, 17); font-family: Inter, sans-serif; font-size: 16.8px; text-align: center; background-color: rgb(249,249," 249);"""">Tenemos&nbsp; opciones para todos. </span></p>",,,,,,,,,,
,,,,,,,,,,,,,,,
"<p><span style=""""color: rgb(17",17, 17); font-family: Inter, sans-serif; font-size: 16.8px; text-align: center; background-color: rgb(249,249," 249);"""">Aqui encontraras una gran varieda de articulo religiosos como&nbsp;&nbsp;cruz de matrimoni", estuches ,porta velas,porta notas , crucifijos de madera entre muchos otros.</span></p>,,,,,,
,,,,,,,,,,,,,,,
<p>&nbsp;</p>,,,,,,,,,,,,,,,
,,,,,,,,,,,,,,,
"<p><strong style=""""margin: 0px; padding: 0px; outline: 0px; color: rgb(118",118, 118); font-family: arial, sans-serif; font-size: 14px; background-color: rgb(245,245," 245);"""">Art&iacute;culos religiosos 100% artesanales.</strong></p>",,,,,,,,,,
,,,,,,,,,,,,,,,
"<p><strong style=""""margin: 0px; padding: 0px; outline: 0px; color: rgb(118",118, 118); font-family: arial, sans-serif; font-size: 14px; background-color: rgb(245,245," 245);"""">Hermoso arte religioso&nbsp; dise&ntilde;ado", fabricado en metal y madera por talentosas manos de artesanos Mexicanos.</strong></p>,,,,,,,,,
";;;;JORVINA;SÍ;;Unisex;Adulto;
cruz-medallas-dorado;CRUZ MEDALLAS DORADO"";""Articulos Religiosos "";""medidas "";28X18;Color;ORO;;;525.00;;5.00;5.00;14.00;21.00;;CMED-D;;SÍ;NO;""<p><span style=""""color: rgb(17",17, 17); font-family: Inter, sans-serif; font-size: 16.8px; text-align: center; background-color: rgb(249,249," 249);"""">Ya sea que est&eacute;s buscando art&iacute;culos religiosos para tu hogar", regalos significativos o suministros al por mayor.</span></p>,,,,,,,,,
,,,,,,,,,,,,,,,
"<p><span style=""""color: rgb(17",17, 17); font-family: Inter, sans-serif; font-size: 16.8px; text-align: center; background-color: rgb(249,249," 249);"""">Tenemos&nbsp; opciones para todos. </span></p>",,,,,,,,,,
,,,,,,,,,,,,,,,
"<p><span style=""""color: rgb(17",17, 17); font-family: Inter, sans-serif; font-size: 16.8px; text-align: center; background-color: rgb(249,249," 249);"""">Aqui encontraras una gran varieda de articulo religiosos como&nbsp;&nbsp;cruz de matrimoni", estuches ,porta velas,porta notas , crucifijos de madera entre muchos otros.</span></p>,,,,,,
,,,,,,,,,,,,,,,
<p>&nbsp;</p>,,,,,,,,,,,,,,,
,,,,,,,,,,,,,,,
"<p><strong style=""""margin: 0px; padding: 0px; outline: 0px; color: rgb(118",118, 118); font-family: arial, sans-serif; font-size: 14px; background-color: rgb(245,245," 245);"""">Art&iacute;culos religiosos 100% artesanales.</strong></p>",,,,,,,,,,
,,,,,,,,,,,,,,,
"<p><strong style=""""margin: 0px; padding: 0px; outline: 0px; color: rgb(118",118, 118); font-family: arial, sans-serif; font-size: 14px; background-color: rgb(245,245," 245);"""">Hermoso arte religioso&nbsp; dise&ntilde;ado", fabricado en metal y madera por talentosas manos de artesanos Mexicanos.</strong></p>,,,,,,,,,
";;;;JORVINA;SÍ;;Unisex;Adulto;
cruz-medallas-plata;CRUZ MEDALLAS PLATA"";""Articulos Religiosos "";""medidas "";28X18;Color;PLATA;;;525.00;;5.00;5.00;14.00;21.00;;CMED-P;;SÍ;NO;""<p><span style=""""color: rgb(17",17, 17); font-family: Inter, sans-serif; font-size: 16.8px; text-align: center; background-color: rgb(249,249," 249);"""">Ya sea que est&eacute;s buscando art&iacute;culos religiosos para tu hogar", regalos significativos o suministros al por mayor.</span></p>,,,,,,,,,
,,,,,,,,,,,,,,,
"<p><span style=""""color: rgb(17",17, 17); font-family: Inter, sans-serif; font-size: 16.8px; text-align: center; background-color: rgb(249,249," 249);"""">Tenemos&nbsp; opciones para todos. </span></p>",,,,,,,,,,
,,,,,,,,,,,,,,,
"<p><span style=""""color: rgb(17",17, 17); font-family: Inter, sans-serif; font-size: 16.8px; text-align: center; background-color: rgb(249,249," 249);"""">Aqui encontraras una gran varieda de articulo religiosos como&nbsp;&nbsp;cruz de matrimoni", estuches ,porta velas,porta notas , crucifijos de madera entre muchos otros.</span></p>,,,,,,
,,,,,,,,,,,,,,,
<p>&nbsp;</p>,,,,,,,,,,,,,,,
,,,,,,,,,,,,,,,
"<p><strong style=""""margin: 0px; padding: 0px; outline: 0px; color: rgb(118",118, 118); font-family: arial, sans-serif; font-size: 14px; background-color: rgb(245,245," 245);"""">Art&iacute;culos religiosos 100% artesanales.</strong></p>",,,,,,,,,,
,,,,,,,,,,,,,,,
"<p><strong style=""""margin: 0px; padding: 0px; outline: 0px; color: rgb(118",118, 118); font-family: arial, sans-serif; font-size: 14px; background-color: rgb(245,245," 245);"""">Hermoso arte religioso&nbsp; dise&ntilde;ado", fabricado en metal y madera por talentosas manos de artesanos Mexicanos.</strong></p>,,,,,,,,,
";;;;JORVINA;SÍ;;Unisex;Adulto;
cruz-matri-aros-de-rosas-grande-dorada;CRUZ MATRI. AROS DE ROSAS GRANDE DORADA"";""Articulos Religiosos "";""medidas "";28X18;Color;ORO;;;667.00;;5.00;5.00;14.00;21.00;;CMRP;;SÍ;NO;""<p><span style=""""color: rgb(17",17, 17); font-family: Inter, sans-serif; font-size: 16.8px; text-align: center; background-color: rgb(249,249," 249);"""">Ya sea que est&eacute;s buscando art&iacute;culos religiosos para tu hogar", regalos significativos o suministros al por mayor.</span></p>,,,,,,,,,
,,,,,,,,,,,,,,,
"<p><span style=""""color: rgb(17",17, 17); font-family: Inter, sans-serif; font-size: 16.8px; text-align: center; background-color: rgb(249,249," 249);"""">Tenemos&nbsp; opciones para todos. </span></p>",,,,,,,,,,
,,,,,,,,,,,,,,,
"<p><span style=""""color: rgb(17",17, 17); font-family: Inter, sans-serif; font-size: 16.8px; text-align: center; background-color: rgb(249,249," 249);"""">Aqui encontraras una gran varieda de articulo religiosos como&nbsp;&nbsp;cruz de matrimoni", estuches ,porta velas,porta notas , crucifijos de madera entre muchos otros.</span></p>,,,,,,
,,,,,,,,,,,,,,,
<p>&nbsp;</p>,,,,,,,,,,,,,,,
,,,,,,,,,,,,,,,
"<p><strong style=""""margin: 0px; padding: 0px; outline: 0px; color: rgb(118",118, 118); font-family: arial, sans-serif; font-size: 14px; background-color: rgb(245,245," 245);"""">Art&iacute;culos religiosos 100% artesanales.</strong></p>",,,,,,,,,,
,,,,,,,,,,,,,,,
"<p><strong style=""""margin: 0px; padding: 0px; outline: 0px; color: rgb(118",118, 118); font-family: arial, sans-serif; font-size: 14px; background-color: rgb(245,245," 245);"""">Hermoso arte religioso&nbsp; dise&ntilde;ado", fabricado en metal y madera por talentosas manos de artesanos Mexicanos.</strong></p>,,,,,,,,,
";;;;JORVINA;SÍ;;Unisex;Adulto;
cruz-matri-rosas-chicas-dorada;CRUZ MATRI. ROSAS CHICAS DORADA"";""Articulos Religiosos "";""medidas "";28X18;Color;ORO;;;667.00;;5.00;5.00;14.00;21.00;;CMRP-D;;SÍ;NO;""<p><span style=""""color: rgb(17",17, 17); font-family: Inter, sans-serif; font-size: 16.8px; text-align: center; background-color: rgb(249,249," 249);"""">Ya sea que est&eacute;s buscando art&iacute;culos religiosos para tu hogar", regalos significativos o suministros al por mayor.</span></p>,,,,,,,,,
,,,,,,,,,,,,,,,
"<p><span style=""""color: rgb(17",17, 17); font-family: Inter, sans-serif; font-size: 16.8px; text-align: center; background-color: rgb(249,249," 249);"""">Tenemos&nbsp; opciones para todos. </span></p>",,,,,,,,,,
,,,,,,,,,,,,,,,
"<p><span style=""""color: rgb(17",17, 17); font-family: Inter, sans-serif; font-size: 16.8px; text-align: center; background-color: rgb(249,249," 249);"""">Aqui encontraras una gran varieda de articulo religiosos como&nbsp;&nbsp;cruz de matrimoni", estuches ,porta velas,porta notas , crucifijos de madera entre muchos otros.</span></p>,,,,,,
,,,,,,,,,,,,,,,
<p>&nbsp;</p>,,,,,,,,,,,,,,,
,,,,,,,,,,,,,,,
"<p><strong style=""""margin: 0px; padding: 0px; outline: 0px; color: rgb(118",118, 118); font-family: arial, sans-serif; font-size: 14px; background-color: rgb(245,245," 245);"""">Art&iacute;culos religiosos 100% artesanales.</strong></p>",,,,,,,,,,
,,,,,,,,,,,,,,,
"<p><strong style=""""margin: 0px; padding: 0px; outline: 0px; color: rgb(118",118, 118); font-family: arial, sans-serif; font-size: 14px; background-color: rgb(245,245," 245);"""">Hermoso arte religioso&nbsp; dise&ntilde;ado", fabricado en metal y madera por talentosas manos de artesanos Mexicanos.</strong></p>,,,,,,,,,
";;;;JORVINA;SÍ;;Unisex;Adulto;
cruz-madera-tallada-rostro-de-jesus;CRUZ MADERA TALLADA ROSTRO DE JESUS"";""Articulos Religiosos "";""medidas "";30X19.5;;;;;490.00;;5.00;5.00;14.00;21.00;;CMT-RJ;;SÍ;NO;""<p><span style=""""color: rgb(17",17, 17); font-family: Inter, sans-serif; font-size: 16.8px; text-align: center; background-color: rgb(249,249," 249);"""">Ya sea que est&eacute;s buscando art&iacute;culos religiosos para tu hogar", regalos significativos o suministros al por mayor.</span></p>,,,,,,,,,
,,,,,,,,,,,,,,,
"<p><span style=""""color: rgb(17",17, 17); font-family: Inter, sans-serif; font-size: 16.8px; text-align: center; background-color: rgb(249,249," 249);"""">Tenemos&nbsp; opciones para todos. </span></p>",,,,,,,,,,
,,,,,,,,,,,,,,,
"<p><span style=""""color: rgb(17",17, 17); font-family: Inter, sans-serif; font-size: 16.8px; text-align: center; background-color: rgb(249,249," 249);"""">Aqui encontraras una gran varieda de articulo religiosos como&nbsp;&nbsp;cruz de matrimoni", estuches ,porta velas,porta notas , crucifijos de madera entre muchos otros.</span></p>,,,,,,
,,,,,,,,,,,,,,,
<p>&nbsp;</p>,,,,,,,,,,,,,,,
,,,,,,,,,,,,,,,
"<p><strong style=""""margin: 0px; padding: 0px; outline: 0px; color: rgb(118",118, 118); font-family: arial, sans-serif; font-size: 14px; background-color: rgb(245,245," 245);"""">Art&iacute;culos religiosos 100% artesanales.</strong></p>",,,,,,,,,,
,,,,,,,,,,,,,,,
"<p><strong style=""""margin: 0px; padding: 0px; outline: 0px; color: rgb(118",118, 118); font-family: arial, sans-serif; font-size: 14px; background-color: rgb(245,245," 245);"""">Hermoso arte religioso&nbsp; dise&ntilde;ado", fabricado en metal y madera por talentosas manos de artesanos Mexicanos.</strong></p>,,,,,,,,,
";;;;JORVINA;SÍ;;Unisex;Adulto;
cruz-murano-madera-dorada;CRUZ MURANO MADERA DORADA"";""Articulos Religiosos "";""medidas "";28X18;Color;ORO;;;334.00;;5.00;5.00;14.00;21.00;;CMUM-D;;SÍ;NO;""<p><span style=""""color: rgb(17",17, 17); font-family: Inter, sans-serif; font-size: 16.8px; text-align: center; background-color: rgb(249,249," 249);"""">Ya sea que est&eacute;s buscando art&iacute;culos religiosos para tu hogar", regalos significativos o suministros al por mayor.</span></p>,,,,,,,,,
,,,,,,,,,,,,,,,
"<p><span style=""""color: rgb(17",17, 17); font-family: Inter, sans-serif; font-size: 16.8px; text-align: center; background-color: rgb(249,249," 249);"""">Tenemos&nbsp; opciones para todos. </span></p>",,,,,,,,,,
,,,,,,,,,,,,,,,
"<p><span style=""""color: rgb(17",17, 17); font-family: Inter, sans-serif; font-size: 16.8px; text-align: center; background-color: rgb(249,249," 249);"""">Aqui encontraras una gran varieda de articulo religiosos como&nbsp;&nbsp;cruz de matrimoni", estuches ,porta velas,porta notas , crucifijos de madera entre muchos otros.</span></p>,,,,,,
,,,,,,,,,,,,,,,
<p>&nbsp;</p>,,,,,,,,,,,,,,,
,,,,,,,,,,,,,,,
"<p><strong style=""""margin: 0px; padding: 0px; outline: 0px; color: rgb(118",118, 118); font-family: arial, sans-serif; font-size: 14px; background-color: rgb(245,245," 245);"""">Art&iacute;culos religiosos 100% artesanales.</strong></p>",,,,,,,,,,
,,,,,,,,,,,,,,,
"<p><strong style=""""margin: 0px; padding: 0px; outline: 0px; color: rgb(118",118, 118); font-family: arial, sans-serif; font-size: 14px; background-color: rgb(245,245," 245);"""">Hermoso arte religioso&nbsp; dise&ntilde;ado", fabricado en metal y madera por talentosas manos de artesanos Mexicanos.</strong></p>,,,,,,,,,
";;;;JORVINA;SÍ;;Unisex;Adulto;
cruz-navidad-grabada-en-madera-mod-a;CRUZ NAVIDAD GRABADA EN MADERA MOD. A"";""Articulos Religiosos "";""medidas "";21X13CM;;;;;123.00;;5.00;5.00;14.00;21.00;;CNGA;;SÍ;NO;""<p><span style=""""color: rgb(17",17, 17); font-family: Inter, sans-serif; font-size: 16.8px; text-align: center; background-color: rgb(249,249," 249);"""">Ya sea que est&eacute;s buscando art&iacute;culos religiosos para tu hogar", regalos significativos o suministros al por mayor.</span></p>,,,,,,,,,
,,,,,,,,,,,,,,,
"<p><span style=""""color: rgb(17",17, 17); font-family: Inter, sans-serif; font-size: 16.8px; text-align: center; background-color: rgb(249,249," 249);"""">Tenemos&nbsp; opciones para todos. </span></p>",,,,,,,,,,
,,,,,,,,,,,,,,,
"<p><span style=""""color: rgb(17",17, 17); font-family: Inter, sans-serif; font-size: 16.8px; text-align: center; background-color: rgb(249,249," 249);"""">Aqui encontraras una gran varieda de articulo religiosos como&nbsp;&nbsp;cruz de matrimoni", estuches ,porta velas,porta notas , crucifijos de madera entre muchos otros.</span></p>,,,,,,
,,,,,,,,,,,,,,,
<p>&nbsp;</p>,,,,,,,,,,,,,,,
,,,,,,,,,,,,,,,
"<p><strong style=""""margin: 0px; padding: 0px; outline: 0px; color: rgb(118",118, 118); font-family: arial, sans-serif; font-size: 14px; background-color: rgb(245,245," 245);"""">Art&iacute;culos religiosos 100% artesanales.</strong></p>",,,,,,,,,,
,,,,,,,,,,,,,,,
"<p><strong style=""""margin: 0px; padding: 0px; outline: 0px; color: rgb(118",118, 118); font-family: arial, sans-serif; font-size: 14px; background-color: rgb(245,245," 245);"""">Hermoso arte religioso&nbsp; dise&ntilde;ado", fabricado en metal y madera por talentosas manos de artesanos Mexicanos.</strong></p>,,,,,,,,,
";;;;JORVINA;SÍ;;Unisex;Adulto;
cruz-oracion-san-benito;CRUZ ORACION SAN BENITO"";""Articulos Religiosos "";""medidas "";21X13CM;;;;;112.00;;5.00;5.00;14.00;21.00;;COSB;;SÍ;NO;""<p><span style=""""color: rgb(17",17, 17); font-family: Inter, sans-serif; font-size: 16.8px; text-align: center; background-color: rgb(249,249," 249);"""">Ya sea que est&eacute;s buscando art&iacute;culos religiosos para tu hogar", regalos significativos o suministros al por mayor.</span></p>,,,,,,,,,
,,,,,,,,,,,,,,,
"<p><span style=""""color: rgb(17",17, 17); font-family: Inter, sans-serif; font-size: 16.8px; text-align: center; background-color: rgb(249,249," 249);"""">Tenemos&nbsp; opciones para todos. </span></p>",,,,,,,,,,
,,,,,,,,,,,,,,,
"<p><span style=""""color: rgb(17",17, 17); font-family: Inter, sans-serif; font-size: 16.8px; text-align: center; background-color: rgb(249,249," 249);"""">Aqui encontraras una gran varieda de articulo religiosos como&nbsp;&nbsp;cruz de matrimoni", estuches ,porta velas,porta notas , crucifijos de madera entre muchos otros.</span></p>,,,,,,
,,,,,,,,,,,,,,,
<p>&nbsp;</p>,,,,,,,,,,,,,,,
,,,,,,,,,,,,,,,
"<p><strong style=""""margin: 0px; padding: 0px; outline: 0px; color: rgb(118",118, 118); font-family: arial, sans-serif; font-size: 14px; background-color: rgb(245,245," 245);"""">Art&iacute;culos religiosos 100% artesanales.</strong></p>",,,,,,,,,,
,,,,,,,,,,,,,,,
"<p><strong style=""""margin: 0px; padding: 0px; outline: 0px; color: rgb(118",118, 118); font-family: arial, sans-serif; font-size: 14px; background-color: rgb(245,245," 245);"""">Hermoso arte religioso&nbsp; dise&ntilde;ado", fabricado en metal y madera por talentosas manos de artesanos Mexicanos.</strong></p>,,,,,,,,,
";;;;JORVINA;SÍ;;Unisex;Adulto;
cruz-pedreria-con-flores-plata;CRUZ PEDRERIA CON FLORES PLATA"";""Articulos Religiosos "";""medidas "";80x15x45;Color;PLATA;;;583.00;;5.00;5.00;14.00;21.00;;CPYF-P;;SÍ;NO;""<p><span style=""""color: rgb(17",17, 17); font-family: Inter, sans-serif; font-size: 16.8px; text-align: center; background-color: rgb(249,249," 249);"""">Ya sea que est&eacute;s buscando art&iacute;culos religiosos para tu hogar", regalos significativos o suministros al por mayor.</span></p>,,,,,,,,,
,,,,,,,,,,,,,,,
"<p><span style=""""color: rgb(17",17, 17); font-family: Inter, sans-serif; font-size: 16.8px; text-align: center; background-color: rgb(249,249," 249);"""">Tenemos&nbsp; opciones para todos. </span></p>",,,,,,,,,,
,,,,,,,,,,,,,,,
"<p><span style=""""color: rgb(17",17, 17); font-family: Inter, sans-serif; font-size: 16.8px; text-align: center; background-color: rgb(249,249," 249);"""">Aqui encontraras una gran varieda de articulo religiosos como&nbsp;&nbsp;cruz de matrimoni", estuches ,porta velas,porta notas , crucifijos de madera entre muchos otros.</span></p>,,,,,,
,,,,,,,,,,,,,,,
<p>&nbsp;</p>,,,,,,,,,,,,,,,
,,,,,,,,,,,,,,,
"<p><strong style=""""margin: 0px; padding: 0px; outline: 0px; color: rgb(118",118, 118); font-family: arial, sans-serif; font-size: 14px; background-color: rgb(245,245," 245);"""">Art&iacute;culos religiosos 100% artesanales.</strong></p>",,,,,,,,,,
,,,,,,,,,,,,,,,
"<p><strong style=""""margin: 0px; padding: 0px; outline: 0px; color: rgb(118",118, 118); font-family: arial, sans-serif; font-size: 14px; background-color: rgb(245,245," 245);"""">Hermoso arte religioso&nbsp; dise&ntilde;ado", fabricado en metal y madera por talentosas manos de artesanos Mexicanos.</strong></p>,,,,,,,,,
";;;;JORVINA;SÍ;;Unisex;Adulto;
cruz-pedreria-con-flores-oro;CRUZ PEDRERIA CON FLORES ORO"";""Articulos Religiosos "";""medidas "";80x15x45;Color;ORO;;;583.00;;5.00;5.00;14.00;21.00;;CPYF-D;;SÍ;NO;""<p><span style=""""color: rgb(17",17, 17); font-family: Inter, sans-serif; font-size: 16.8px; text-align: center; background-color: rgb(249,249," 249);"""">Ya sea que est&eacute;s buscando art&iacute;culos religiosos para tu hogar", regalos significativos o suministros al por mayor.</span></p>,,,,,,,,,
,,,,,,,,,,,,,,,
"<p><span style=""""color: rgb(17",17, 17); font-family: Inter, sans-serif; font-size: 16.8px; text-align: center; background-color: rgb(249,249," 249);"""">Tenemos&nbsp; opciones para todos. </span></p>",,,,,,,,,,
,,,,,,,,,,,,,,,
"<p><span style=""""color: rgb(17",17, 17); font-family: Inter, sans-serif; font-size: 16.8px; text-align: center; background-color: rgb(249,249," 249);"""">Aqui encontraras una gran varieda de articulo religiosos como&nbsp;&nbsp;cruz de matrimoni", estuches ,porta velas,porta notas , crucifijos de madera entre muchos otros.</span></p>,,,,,,
,,,,,,,,,,,,,,,
<p>&nbsp;</p>,,,,,,,,,,,,,,,
,,,,,,,,,,,,,,,
"<p><strong style=""""margin: 0px; padding: 0px; outline: 0px; color: rgb(118",118, 118); font-family: arial, sans-serif; font-size: 14px; background-color: rgb(245,245," 245);"""">Art&iacute;culos religiosos 100% artesanales.</strong></p>",,,,,,,,,,
,,,,,,,,,,,,,,,
"<p><strong style=""""margin: 0px; padding: 0px; outline: 0px; color: rgb(118",118, 118); font-family: arial, sans-serif; font-size: 14px; background-color: rgb(245,245," 245);"""">Hermoso arte religioso&nbsp; dise&ntilde;ado", fabricado en metal y madera por talentosas manos de artesanos Mexicanos.</strong></p>,,,,,,,,,
";;;;JORVINA;SÍ;;Unisex;Adulto;
cruz-resacada-san-benito-dorado-c-base;CRUZ RESACADA SAN BENITO DORADO C/BASE"";""Articulos Religiosos "";""medidas "";80x15x45;Color;ORO;;;769.00;;5.00;5.00;14.00;21.00;;CR-SBDB;;SÍ;NO;""<p><span style=""""color: rgb(17",17, 17); font-family: Inter, sans-serif; font-size: 16.8px; text-align: center; background-color: rgb(249,249," 249);"""">Ya sea que est&eacute;s buscando art&iacute;culos religiosos para tu hogar", regalos significativos o suministros al por mayor.</span></p>,,,,,,,,,
,,,,,,,,,,,,,,,
"<p><span style=""""color: rgb(17",17, 17); font-family: Inter, sans-serif; font-size: 16.8px; text-align: center; background-color: rgb(249,249," 249);"""">Tenemos&nbsp; opciones para todos. </span></p>",,,,,,,,,,
,,,,,,,,,,,,,,,
"<p><span style=""""color: rgb(17",17, 17); font-family: Inter, sans-serif; font-size: 16.8px; text-align: center; background-color: rgb(249,249," 249);"""">Aqui encontraras una gran varieda de articulo religiosos como&nbsp;&nbsp;cruz de matrimoni", estuches ,porta velas,porta notas , crucifijos de madera entre muchos otros.</span></p>,,,,,,
,,,,,,,,,,,,,,,
<p>&nbsp;</p>,,,,,,,,,,,,,,,
,,,,,,,,,,,,,,,
"<p><strong style=""""margin: 0px; padding: 0px; outline: 0px; color: rgb(118",118, 118); font-family: arial, sans-serif; font-size: 14px; background-color: rgb(245,245," 245);"""">Art&iacute;culos religiosos 100% artesanales.</strong></p>",,,,,,,,,,
,,,,,,,,,,,,,,,
"<p><strong style=""""margin: 0px; padding: 0px; outline: 0px; color: rgb(118",118, 118); font-family: arial, sans-serif; font-size: 14px; background-color: rgb(245,245," 245);"""">Hermoso arte religioso&nbsp; dise&ntilde;ado", fabricado en metal y madera por talentosas manos de artesanos Mexicanos.</strong></p>,,,,,,,,,
";;;;JORVINA;SÍ;;Unisex;Adulto;
cruz-resacada-san-benito-plata;CRUZ RESACADA SAN BENITO PLATA"";""Articulos Religiosos "";""medidas "";80*15*45;Color;PLATA;;;680.00;;5.00;5.00;14.00;21.00;;CR-SBP;;SÍ;NO;""<p><span style=""""color: rgb(17",17, 17); font-family: Inter, sans-serif; font-size: 16.8px; text-align: center; background-color: rgb(249,249," 249);"""">Ya sea que est&eacute;s buscando art&iacute;culos religiosos para tu hogar", regalos significativos o suministros al por mayor.</span></p>,,,,,,,,,
,,,,,,,,,,,,,,,
"<p><span style=""""color: rgb(17",17, 17); font-family: Inter, sans-serif; font-size: 16.8px; text-align: center; background-color: rgb(249,249," 249);"""">Tenemos&nbsp; opciones para todos. </span></p>",,,,,,,,,,
,,,,,,,,,,,,,,,
"<p><span style=""""color: rgb(17",17, 17); font-family: Inter, sans-serif; font-size: 16.8px; text-align: center; background-color: rgb(249,249," 249);"""">Aqui encontraras una gran varieda de articulo religiosos como&nbsp;&nbsp;cruz de matrimoni", estuches ,porta velas,porta notas , crucifijos de madera entre muchos otros.</span></p>,,,,,,
,,,,,,,,,,,,,,,
<p>&nbsp;</p>,,,,,,,,,,,,,,,
,,,,,,,,,,,,,,,
"<p><strong style=""""margin: 0px; padding: 0px; outline: 0px; color: rgb(118",118, 118); font-family: arial, sans-serif; font-size: 14px; background-color: rgb(245,245," 245);"""">Art&iacute;culos religiosos 100% artesanales.</strong></p>",,,,,,,,,,
,,,,,,,,,,,,,,,
"<p><strong style=""""margin: 0px; padding: 0px; outline: 0px; color: rgb(118",118, 118); font-family: arial, sans-serif; font-size: 14px; background-color: rgb(245,245," 245);"""">Hermoso arte religioso&nbsp; dise&ntilde;ado", fabricado en metal y madera por talentosas manos de artesanos Mexicanos.</strong></p>,,,,,,,,,
";;;;JORVINA;SÍ;;Unisex;Adulto;
cuadro-rombo-virgen-guadalupe-beige;CUADRO ROMBO VIRGEN GUADALUPE BEIGE"";""Articulos Religiosos "";""medidas "";""36X30 CM"";;;;;417.00;;5.00;5.00;14.00;21.00;;CROVG-B;;SÍ;NO;""<p><span style=""""color: rgb(17",17, 17); font-family: Inter, sans-serif; font-size: 16.8px; text-align: center; background-color: rgb(249,249," 249);"""">Ya sea que est&eacute;s buscando art&iacute;culos religiosos para tu hogar", regalos significativos o suministros al por mayor.</span></p>,,,,,,,,,
,,,,,,,,,,,,,,,
"<p><span style=""""color: rgb(17",17, 17); font-family: Inter, sans-serif; font-size: 16.8px; text-align: center; background-color: rgb(249,249," 249);"""">Tenemos&nbsp; opciones para todos. </span></p>",,,,,,,,,,
,,,,,,,,,,,,,,,
"<p><span style=""""color: rgb(17",17, 17); font-family: Inter, sans-serif; font-size: 16.8px; text-align: center; background-color: rgb(249,249," 249);"""">Aqui encontraras una gran varieda de articulo religiosos como&nbsp;&nbsp;cruz de matrimoni", estuches ,porta velas,porta notas , crucifijos de madera entre muchos otros.</span></p>,,,,,,
,,,,,,,,,,,,,,,
<p>&nbsp;</p>,,,,,,,,,,,,,,,
,,,,,,,,,,,,,,,
"<p><strong style=""""margin: 0px; padding: 0px; outline: 0px; color: rgb(118",118, 118); font-family: arial, sans-serif; font-size: 14px; background-color: rgb(245,245," 245);"""">Art&iacute;culos religiosos 100% artesanales.</strong></p>",,,,,,,,,,
,,,,,,,,,,,,,,,
"<p><strong style=""""margin: 0px; padding: 0px; outline: 0px; color: rgb(118",118, 118); font-family: arial, sans-serif; font-size: 14px; background-color: rgb(245,245," 245);"""">Hermoso arte religioso&nbsp; dise&ntilde;ado", fabricado en metal y madera por talentosas manos de artesanos Mexicanos.</strong></p>,,,,,,,,,
";;;;JORVINA;SÍ;;Unisex;Adulto;
cruz-de-resina-para-colgar-mediano;CRUZ DE RESINA PARA COLGAR MEDIANO"";""Articulos Religiosos "";""medidas "";80*15*45;;;;;686.00;;5.00;5.00;14.00;21.00;;CRSB-1;;SÍ;NO;""<p><span style=""""color: rgb(17",17, 17); font-family: Inter, sans-serif; font-size: 16.8px; text-align: center; background-color: rgb(249,249," 249);"""">Ya sea que est&eacute;s buscando art&iacute;culos religiosos para tu hogar", regalos significativos o suministros al por mayor.</span></p>,,,,,,,,,
,,,,,,,,,,,,,,,
"<p><span style=""""color: rgb(17",17, 17); font-family: Inter, sans-serif; font-size: 16.8px; text-align: center; background-color: rgb(249,249," 249);"""">Tenemos&nbsp; opciones para todos. </span></p>",,,,,,,,,,
,,,,,,,,,,,,,,,
"<p><span style=""""color: rgb(17",17, 17); font-family: Inter, sans-serif; font-size: 16.8px; text-align: center; background-color: rgb(249,249," 249);"""">Aqui encontraras una gran varieda de articulo religiosos como&nbsp;&nbsp;cruz de matrimoni", estuches ,porta velas,porta notas , crucifijos de madera entre muchos otros.</span></p>,,,,,,
,,,,,,,,,,,,,,,
<p>&nbsp;</p>,,,,,,,,,,,,,,,
,,,,,,,,,,,,,,,
"<p><strong style=""""margin: 0px; padding: 0px; outline: 0px; color: rgb(118",118, 118); font-family: arial, sans-serif; font-size: 14px; background-color: rgb(245,245," 245);"""">Art&iacute;culos religiosos 100% artesanales.</strong></p>",,,,,,,,,,
,,,,,,,,,,,,,,,
"<p><strong style=""""margin: 0px; padding: 0px; outline: 0px; color: rgb(118",118, 118); font-family: arial, sans-serif; font-size: 14px; background-color: rgb(245,245," 245);"""">Hermoso arte religioso&nbsp; dise&ntilde;ado", fabricado en metal y madera por talentosas manos de artesanos Mexicanos.</strong></p>,,,,,,,,,
";;;;JORVINA;SÍ;;Unisex;Adulto;
cruz-de-resina-con-base-mediano;CRUZ DE RESINA CON BASE MEDIANO"";""Articulos Religiosos "";""medidas "";80*15*45;;;;;761.00;;5.00;5.00;14.00;21.00;;CRSB-1B;;SÍ;NO;""<p><span style=""""color: rgb(17",17, 17); font-family: Inter, sans-serif; font-size: 16.8px; text-align: center; background-color: rgb(249,249," 249);"""">Ya sea que est&eacute;s buscando art&iacute;culos religiosos para tu hogar", regalos significativos o suministros al por mayor.</span></p>,,,,,,,,,
,,,,,,,,,,,,,,,
"<p><span style=""""color: rgb(17",17, 17); font-family: Inter, sans-serif; font-size: 16.8px; text-align: center; background-color: rgb(249,249," 249);"""">Tenemos&nbsp; opciones para todos. </span></p>",,,,,,,,,,
,,,,,,,,,,,,,,,
"<p><span style=""""color: rgb(17",17, 17); font-family: Inter, sans-serif; font-size: 16.8px; text-align: center; background-color: rgb(249,249," 249);"""">Aqui encontraras una gran varieda de articulo religiosos como&nbsp;&nbsp;cruz de matrimoni", estuches ,porta velas,porta notas , crucifijos de madera entre muchos otros.</span></p>,,,,,,
,,,,,,,,,,,,,,,
<p>&nbsp;</p>,,,,,,,,,,,,,,,
,,,,,,,,,,,,,,,
"<p><strong style=""""margin: 0px; padding: 0px; outline: 0px; color: rgb(118",118, 118); font-family: arial, sans-serif; font-size: 14px; background-color: rgb(245,245," 245);"""">Art&iacute;culos religiosos 100% artesanales.</strong></p>",,,,,,,,,,
,,,,,,,,,,,,,,,
"<p><strong style=""""margin: 0px; padding: 0px; outline: 0px; color: rgb(118",118, 118); font-family: arial, sans-serif; font-size: 14px; background-color: rgb(245,245," 245);"""">Hermoso arte religioso&nbsp; dise&ntilde;ado", fabricado en metal y madera por talentosas manos de artesanos Mexicanos.</strong></p>,,,,,,,,,
";;;;JORVINA;SÍ;;Unisex;Adulto;
cruz-de-resina-para-colgar-chico;CRUZ DE RESINA PARA COLGAR CHICO"";""Articulos Religiosos "";""medidas "";80*15*45;;;;;501.00;;5.00;5.00;14.00;21.00;;CRSB-2;;SÍ;NO;""<p><span style=""""color: rgb(17",17, 17); font-family: Inter, sans-serif; font-size: 16.8px; text-align: center; background-color: rgb(249,249," 249);"""">Ya sea que est&eacute;s buscando art&iacute;culos religiosos para tu hogar", regalos significativos o suministros al por mayor.</span></p>,,,,,,,,,
,,,,,,,,,,,,,,,
"<p><span style=""""color: rgb(17",17, 17); font-family: Inter, sans-serif; font-size: 16.8px; text-align: center; background-color: rgb(249,249," 249);"""">Tenemos&nbsp; opciones para todos. </span></p>",,,,,,,,,,
,,,,,,,,,,,,,,,
"<p><span style=""""color: rgb(17",17, 17); font-family: Inter, sans-serif; font-size: 16.8px; text-align: center; background-color: rgb(249,249," 249);"""">Aqui encontraras una gran varieda de articulo religiosos como&nbsp;&nbsp;cruz de matrimoni", estuches ,porta velas,porta notas , crucifijos de madera entre muchos otros.</span></p>,,,,,,
,,,,,,,,,,,,,,,
<p>&nbsp;</p>,,,,,,,,,,,,,,,
,,,,,,,,,,,,,,,
"<p><strong style=""""margin: 0px; padding: 0px; outline: 0px; color: rgb(118",118, 118); font-family: arial, sans-serif; font-size: 14px; background-color: rgb(245,245," 245);"""">Art&iacute;culos religiosos 100% artesanales.</strong></p>",,,,,,,,,,
,,,,,,,,,,,,,,,
"<p><strong style=""""margin: 0px; padding: 0px; outline: 0px; color: rgb(118",118, 118); font-family: arial, sans-serif; font-size: 14px; background-color: rgb(245,245," 245);"""">Hermoso arte religioso&nbsp; dise&ntilde;ado", fabricado en metal y madera por talentosas manos de artesanos Mexicanos.</strong></p>,,,,,,,,,
";;;;JORVINA;SÍ;;Unisex;Adulto;
cruz-de-resina-con-base-chico;CRUZ DE RESINA CON BASE CHICO"";""Articulos Religiosos "";""medidas "";80*15*45;;;;;612.00;;5.00;5.00;14.00;21.00;;CRSB-2B;;SÍ;NO;""<p><span style=""""color: rgb(17",17, 17); font-family: Inter, sans-serif; font-size: 16.8px; text-align: center; background-color: rgb(249,249," 249);"""">Ya sea que est&eacute;s buscando art&iacute;culos religiosos para tu hogar", regalos significativos o suministros al por mayor.</span></p>,,,,,,,,,
,,,,,,,,,,,,,,,
"<p><span style=""""color: rgb(17",17, 17); font-family: Inter, sans-serif; font-size: 16.8px; text-align: center; background-color: rgb(249,249," 249);"""">Tenemos&nbsp; opciones para todos. </span></p>",,,,,,,,,,
,,,,,,,,,,,,,,,
"<p><span style=""""color: rgb(17",17, 17); font-family: Inter, sans-serif; font-size: 16.8px; text-align: center; background-color: rgb(249,249," 249);"""">Aqui encontraras una gran varieda de articulo religiosos como&nbsp;&nbsp;cruz de matrimoni", estuches ,porta velas,porta notas , crucifijos de madera entre muchos otros.</span></p>,,,,,,
,,,,,,,,,,,,,,,
<p>&nbsp;</p>,,,,,,,,,,,,,,,
,,,,,,,,,,,,,,,
"<p><strong style=""""margin: 0px; padding: 0px; outline: 0px; color: rgb(118",118, 118); font-family: arial, sans-serif; font-size: 14px; background-color: rgb(245,245," 245);"""">Art&iacute;culos religiosos 100% artesanales.</strong></p>",,,,,,,,,,
,,,,,,,,,,,,,,,
"<p><strong style=""""margin: 0px; padding: 0px; outline: 0px; color: rgb(118",118, 118); font-family: arial, sans-serif; font-size: 14px; background-color: rgb(245,245," 245);"""">Hermoso arte religioso&nbsp; dise&ntilde;ado", fabricado en metal y madera por talentosas manos de artesanos Mexicanos.</strong></p>,,,,,,,,,
";;;;JORVINA;SÍ;;Unisex;Adulto;
cruz-acrilico-azul-doble-dorada;CRUZ ACRILICO AZUL DOBLE DORADA"";""Articulos Religiosos "";Color;ORO;""medidas "";80*15*45;;;789.00;;5.00;5.00;14.00;21.00;;CV-01-D;;SÍ;NO;""<p><span style=""""color: rgb(17",17, 17); font-family: Inter, sans-serif; font-size: 16.8px; text-align: center; background-color: rgb(249,249," 249);"""">Ya sea que est&eacute;s buscando art&iacute;culos religiosos para tu hogar", regalos significativos o suministros al por mayor.</span></p>,,,,,,,,,
,,,,,,,,,,,,,,,
"<p><span style=""""color: rgb(17",17, 17); font-family: Inter, sans-serif; font-size: 16.8px; text-align: center; background-color: rgb(249,249," 249);"""">Tenemos&nbsp; opciones para todos. </span></p>",,,,,,,,,,
,,,,,,,,,,,,,,,
"<p><span style=""""color: rgb(17",17, 17); font-family: Inter, sans-serif; font-size: 16.8px; text-align: center; background-color: rgb(249,249," 249);"""">Aqui encontraras una gran varieda de articulo religiosos como&nbsp;&nbsp;cruz de matrimoni", estuches ,porta velas,porta notas , crucifijos de madera entre muchos otros.</span></p>,,,,,,
,,,,,,,,,,,,,,,
<p>&nbsp;</p>,,,,,,,,,,,,,,,
,,,,,,,,,,,,,,,
"<p><strong style=""""margin: 0px; padding: 0px; outline: 0px; color: rgb(118",118, 118); font-family: arial, sans-serif; font-size: 14px; background-color: rgb(245,245," 245);"""">Art&iacute;culos religiosos 100% artesanales.</strong></p>",,,,,,,,,,
,,,,,,,,,,,,,,,
"<p><strong style=""""margin: 0px; padding: 0px; outline: 0px; color: rgb(118",118, 118); font-family: arial, sans-serif; font-size: 14px; background-color: rgb(245,245," 245);"""">Hermoso arte religioso&nbsp; dise&ntilde;ado", fabricado en metal y madera por talentosas manos de artesanos Mexicanos.</strong></p>,,,,,,,,,
";;;;JORVINA;SÍ;;Unisex;Adulto;
cruz-acrilico-rojo-espiritu-santo-dorado;CRUZ ACRILICO ROJO ESPIRITU SANTO DORADO"";""Articulos Religiosos "";Color;ORO;""medidas "";80*15*45;;;749.00;;5.00;5.00;14.00;21.00;;CV-03D;;SÍ;NO;""<p><span style=""""color: rgb(17",17, 17); font-family: Inter, sans-serif; font-size: 16.8px; text-align: center; background-color: rgb(249,249," 249);"""">Ya sea que est&eacute;s buscando art&iacute;culos religiosos para tu hogar", regalos significativos o suministros al por mayor.</span></p>,,,,,,,,,
,,,,,,,,,,,,,,,
"<p><span style=""""color: rgb(17",17, 17); font-family: Inter, sans-serif; font-size: 16.8px; text-align: center; background-color: rgb(249,249," 249);"""">Tenemos&nbsp; opciones para todos. </span></p>",,,,,,,,,,
,,,,,,,,,,,,,,,
"<p><span style=""""color: rgb(17",17, 17); font-family: Inter, sans-serif; font-size: 16.8px; text-align: center; background-color: rgb(249,249," 249);"""">Aqui encontraras una gran varieda de articulo religiosos como&nbsp;&nbsp;cruz de matrimoni", estuches ,porta velas,porta notas , crucifijos de madera entre muchos otros.</span></p>,,,,,,
,,,,,,,,,,,,,,,
<p>&nbsp;</p>,,,,,,,,,,,,,,,
,,,,,,,,,,,,,,,
"<p><strong style=""""margin: 0px; padding: 0px; outline: 0px; color: rgb(118",118, 118); font-family: arial, sans-serif; font-size: 14px; background-color: rgb(245,245," 245);"""">Art&iacute;culos religiosos 100% artesanales.</strong></p>",,,,,,,,,,
,,,,,,,,,,,,,,,
"<p><strong style=""""margin: 0px; padding: 0px; outline: 0px; color: rgb(118",118, 118); font-family: arial, sans-serif; font-size: 14px; background-color: rgb(245,245," 245);"""">Hermoso arte religioso&nbsp; dise&ntilde;ado", fabricado en metal y madera por talentosas manos de artesanos Mexicanos.</strong></p>,,,,,,,,,
";;;;JORVINA;SÍ;;Unisex;Adulto;
cruz-acrilico-rojo-y-mad-filigrana-dorada;CRUZ ACRILICO ROJO Y MAD. FILIGRANA DORADA"";""Articulos Religiosos "";Color;ORO;""medidas "";80*15*45;;;706.00;;5.00;5.00;14.00;21.00;;CV-04-D;;SÍ;NO;""<p><span style=""""color: rgb(17",17, 17); font-family: Inter, sans-serif; font-size: 16.8px; text-align: center; background-color: rgb(249,249," 249);"""">Ya sea que est&eacute;s buscando art&iacute;culos religiosos para tu hogar", regalos significativos o suministros al por mayor.</span></p>,,,,,,,,,
,,,,,,,,,,,,,,,
"<p><span style=""""color: rgb(17",17, 17); font-family: Inter, sans-serif; font-size: 16.8px; text-align: center; background-color: rgb(249,249," 249);"""">Tenemos&nbsp; opciones para todos. </span></p>",,,,,,,,,,
,,,,,,,,,,,,,,,
"<p><span style=""""color: rgb(17",17, 17); font-family: Inter, sans-serif; font-size: 16.8px; text-align: center; background-color: rgb(249,249," 249);"""">Aqui encontraras una gran varieda de articulo religiosos como&nbsp;&nbsp;cruz de matrimoni", estuches ,porta velas,porta notas , crucifijos de madera entre muchos otros.</span></p>,,,,,,
,,,,,,,,,,,,,,,
<p>&nbsp;</p>,,,,,,,,,,,,,,,
,,,,,,,,,,,,,,,
"<p><strong style=""""margin: 0px; padding: 0px; outline: 0px; color: rgb(118",118, 118); font-family: arial, sans-serif; font-size: 14px; background-color: rgb(245,245," 245);"""">Art&iacute;culos religiosos 100% artesanales.</strong></p>",,,,,,,,,,
,,,,,,,,,,,,,,,
"<p><strong style=""""margin: 0px; padding: 0px; outline: 0px; color: rgb(118",118, 118); font-family: arial, sans-serif; font-size: 14px; background-color: rgb(245,245," 245);"""">Hermoso arte religioso&nbsp; dise&ntilde;ado", fabricado en metal y madera por talentosas manos de artesanos Mexicanos.</strong></p>,,,,,,,,,
";;;;JORVINA;SÍ;;Unisex;Adulto;
cruz-acrilico-ocre-y-mad-filigrana-plata;CRUZ ACRILICO OCRE Y MAD. FILIGRANA PLATA"";""Articulos Religiosos "";Color;PLATA;""medidas "";4*15*21;;;680.00;;5.00;5.00;14.00;21.00;;CV-04-P;;SÍ;NO;""<p><span style=""""color: rgb(17",17, 17); font-family: Inter, sans-serif; font-size: 16.8px; text-align: center; background-color: rgb(249,249," 249);"""">Ya sea que est&eacute;s buscando art&iacute;culos religiosos para tu hogar", regalos significativos o suministros al por mayor.</span></p>,,,,,,,,,
,,,,,,,,,,,,,,,
"<p><span style=""""color: rgb(17",17, 17); font-family: Inter, sans-serif; font-size: 16.8px; text-align: center; background-color: rgb(249,249," 249);"""">Tenemos&nbsp; opciones para todos. </span></p>",,,,,,,,,,
,,,,,,,,,,,,,,,
"<p><span style=""""color: rgb(17",17, 17); font-family: Inter, sans-serif; font-size: 16.8px; text-align: center; background-color: rgb(249,249," 249);"""">Aqui encontraras una gran varieda de articulo religiosos como&nbsp;&nbsp;cruz de matrimoni", estuches ,porta velas,porta notas , crucifijos de madera entre muchos otros.</span></p>,,,,,,
,,,,,,,,,,,,,,,
<p>&nbsp;</p>,,,,,,,,,,,,,,,
,,,,,,,,,,,,,,,
"<p><strong style=""""margin: 0px; padding: 0px; outline: 0px; color: rgb(118",118, 118); font-family: arial, sans-serif; font-size: 14px; background-color: rgb(245,245," 245);"""">Art&iacute;culos religiosos 100% artesanales.</strong></p>",,,,,,,,,,
,,,,,,,,,,,,,,,
"<p><strong style=""""margin: 0px; padding: 0px; outline: 0px; color: rgb(118",118, 118); font-family: arial, sans-serif; font-size: 14px; background-color: rgb(245,245," 245);"""">Hermoso arte religioso&nbsp; dise&ntilde;ado", fabricado en metal y madera por talentosas manos de artesanos Mexicanos.</strong></p>,,,,,,,,,
";;;;JORVINA;SÍ;;Unisex;Adulto;
cruz-acrilico-rojo-med-s-benito-dorada;CRUZ ACRILICO ROJO MED.S/BENITO DORADA"";""Articulos Religiosos "";Color;ORO;""medidas "";80*15*45;;;1","790.00;;5.00;5.00;14.00;21.00;;CV-07-D;;SÍ;NO;""<p><span style=""""color: rgb(17",17, 17); font-family: Inter, sans-serif; font-size: 16.8px; text-align: center; background-color: rgb(249,249," 249);"""">Ya sea que est&eacute;s buscando art&iacute;culos religiosos para tu hogar", regalos significativos o suministros al por mayor.</span></p>,,,,,,,,
,,,,,,,,,,,,,,,
"<p><span style=""""color: rgb(17",17, 17); font-family: Inter, sans-serif; font-size: 16.8px; text-align: center; background-color: rgb(249,249," 249);"""">Tenemos&nbsp; opciones para todos. </span></p>",,,,,,,,,,
,,,,,,,,,,,,,,,
"<p><span style=""""color: rgb(17",17, 17); font-family: Inter, sans-serif; font-size: 16.8px; text-align: center; background-color: rgb(249,249," 249);"""">Aqui encontraras una gran varieda de articulo religiosos como&nbsp;&nbsp;cruz de matrimoni", estuches ,porta velas,porta notas , crucifijos de madera entre muchos otros.</span></p>,,,,,,
,,,,,,,,,,,,,,,
<p>&nbsp;</p>,,,,,,,,,,,,,,,
,,,,,,,,,,,,,,,
"<p><strong style=""""margin: 0px; padding: 0px; outline: 0px; color: rgb(118",118, 118); font-family: arial, sans-serif; font-size: 14px; background-color: rgb(245,245," 245);"""">Art&iacute;culos religiosos 100% artesanales.</strong></p>",,,,,,,,,,
,,,,,,,,,,,,,,,
"<p><strong style=""""margin: 0px; padding: 0px; outline: 0px; color: rgb(118",118, 118); font-family: arial, sans-serif; font-size: 14px; background-color: rgb(245,245," 245);"""">Hermoso arte religioso&nbsp; dise&ntilde;ado", fabricado en metal y madera por talentosas manos de artesanos Mexicanos.</strong></p>,,,,,,,,,
";;;;JORVINA;SÍ;;Unisex;Adulto;
distintivo-silueta-angel-plata;DISTINTIVO SILUETA ANGEL PLATA"";""Articulos Religiosos "";Color;PLATA;""medidas "";4*15*21;;;160.00;;5.00;5.00;14.00;21.00;;D-ASP;;SÍ;NO;""<p><span style=""""color: rgb(17",17, 17); font-family: Inter, sans-serif; font-size: 16.8px; text-align: center; background-color: rgb(249,249," 249);"""">Ya sea que est&eacute;s buscando art&iacute;culos religiosos para tu hogar", regalos significativos o suministros al por mayor.</span></p>,,,,,,,,,
,,,,,,,,,,,,,,,
"<p><span style=""""color: rgb(17",17, 17); font-family: Inter, sans-serif; font-size: 16.8px; text-align: center; background-color: rgb(249,249," 249);"""">Tenemos&nbsp; opciones para todos. </span></p>",,,,,,,,,,
,,,,,,,,,,,,,,,
"<p><span style=""""color: rgb(17",17, 17); font-family: Inter, sans-serif; font-size: 16.8px; text-align: center; background-color: rgb(249,249," 249);"""">Aqui encontraras una gran varieda de articulo religiosos como&nbsp;&nbsp;cruz de matrimoni", estuches ,porta velas,porta notas , crucifijos de madera entre muchos otros.</span></p>,,,,,,
,,,,,,,,,,,,,,,
<p>&nbsp;</p>,,,,,,,,,,,,,,,
,,,,,,,,,,,,,,,
"<p><strong style=""""margin: 0px; padding: 0px; outline: 0px; color: rgb(118",118, 118); font-family: arial, sans-serif; font-size: 14px; background-color: rgb(245,245," 245);"""">Art&iacute;culos religiosos 100% artesanales.</strong></p>",,,,,,,,,,
,,,,,,,,,,,,,,,
"<p><strong style=""""margin: 0px; padding: 0px; outline: 0px; color: rgb(118",118, 118); font-family: arial, sans-serif; font-size: 14px; background-color: rgb(245,245," 245);"""">Hermoso arte religioso&nbsp; dise&ntilde;ado", fabricado en metal y madera por talentosas manos de artesanos Mexicanos.</strong></p>,,,,,,,,,
";;;;JORVINA;SÍ;;Unisex;Adulto;
distintivo-bebe-durmiendo-dorado;DISTINTIVO BEBE DURMIENDO DORADO"";""Articulos Religiosos "";Color;ORO;""medidas "";4*15*21;;;175.00;;5.00;5.00;14.00;21.00;;D-BDD;;SÍ;NO;""<p><span style=""""color: rgb(17",17, 17); font-family: Inter, sans-serif; font-size: 16.8px; text-align: center; background-color: rgb(249,249," 249);"""">Ya sea que est&eacute;s buscando art&iacute;culos religiosos para tu hogar", regalos significativos o suministros al por mayor.</span></p>,,,,,,,,,
,,,,,,,,,,,,,,,
"<p><span style=""""color: rgb(17",17, 17); font-family: Inter, sans-serif; font-size: 16.8px; text-align: center; background-color: rgb(249,249," 249);"""">Tenemos&nbsp; opciones para todos. </span></p>",,,,,,,,,,
,,,,,,,,,,,,,,,
"<p><span style=""""color: rgb(17",17, 17); font-family: Inter, sans-serif; font-size: 16.8px; text-align: center; background-color: rgb(249,249," 249);"""">Aqui encontraras una gran varieda de articulo religiosos como&nbsp;&nbsp;cruz de matrimoni", estuches ,porta velas,porta notas , crucifijos de madera entre muchos otros.</span></p>,,,,,,
,,,,,,,,,,,,,,,
<p>&nbsp;</p>,,,,,,,,,,,,,,,
,,,,,,,,,,,,,,,
"<p><strong style=""""margin: 0px; padding: 0px; outline: 0px; color: rgb(118",118, 118); font-family: arial, sans-serif; font-size: 14px; background-color: rgb(245,245," 245);"""">Art&iacute;culos religiosos 100% artesanales.</strong></p>",,,,,,,,,,
,,,,,,,,,,,,,,,
"<p><strong style=""""margin: 0px; padding: 0px; outline: 0px; color: rgb(118",118, 118); font-family: arial, sans-serif; font-size: 14px; background-color: rgb(245,245," 245);"""">Hermoso arte religioso&nbsp; dise&ntilde;ado", fabricado en metal y madera por talentosas manos de artesanos Mexicanos.</strong></p>,,,,,,,,,
";;;;JORVINA;SÍ;;Unisex;Adulto;
distintivo-cruz-caliz-dorado;DISTINTIVO CRUZ CALIZ DORADO"";""Articulos Religiosos "";Color;ORO;""medidas "";4*15*21;;;175.00;;5.00;5.00;14.00;21.00;;D-CCD;;SÍ;NO;""<p><span style=""""color: rgb(17",17, 17); font-family: Inter, sans-serif; font-size: 16.8px; text-align: center; background-color: rgb(249,249," 249);"""">Ya sea que est&eacute;s buscando art&iacute;culos religiosos para tu hogar", regalos significativos o suministros al por mayor.</span></p>,,,,,,,,,
,,,,,,,,,,,,,,,
"<p><span style=""""color: rgb(17",17, 17); font-family: Inter, sans-serif; font-size: 16.8px; text-align: center; background-color: rgb(249,249," 249);"""">Tenemos&nbsp; opciones para todos. </span></p>",,,,,,,,,,
,,,,,,,,,,,,,,,
"<p><span style=""""color: rgb(17",17, 17); font-family: Inter, sans-serif; font-size: 16.8px; text-align: center; background-color: rgb(249,249," 249);"""">Aqui encontraras una gran varieda de articulo religiosos como&nbsp;&nbsp;cruz de matrimoni", estuches ,porta velas,porta notas , crucifijos de madera entre muchos otros.</span></p>,,,,,,
,,,,,,,,,,,,,,,
<p>&nbsp;</p>,,,,,,,,,,,,,,,
,,,,,,,,,,,,,,,
"<p><strong style=""""margin: 0px; padding: 0px; outline: 0px; color: rgb(118",118, 118); font-family: arial, sans-serif; font-size: 14px; background-color: rgb(245,245," 245);"""">Art&iacute;culos religiosos 100% artesanales.</strong></p>",,,,,,,,,,
,,,,,,,,,,,,,,,
"<p><strong style=""""margin: 0px; padding: 0px; outline: 0px; color: rgb(118",118, 118); font-family: arial, sans-serif; font-size: 14px; background-color: rgb(245,245," 245);"""">Hermoso arte religioso&nbsp; dise&ntilde;ado", fabricado en metal y madera por talentosas manos de artesanos Mexicanos.</strong></p>,,,,,,,,,
";;;;JORVINA;SÍ;;Unisex;Adulto;
distintivo-caliz-dorado;DISTINTIVO CALIZ DORADO"";""Articulos Religiosos "";Color;ORO;""medidas "";4*15*21;;;175.00;;5.00;5.00;14.00;21.00;;D-CD;;SÍ;NO;""<p><span style=""""color: rgb(17",17, 17); font-family: Inter, sans-serif; font-size: 16.8px; text-align: center; background-color: rgb(249,249," 249);"""">Ya sea que est&eacute;s buscando art&iacute;culos religiosos para tu hogar", regalos significativos o suministros al por mayor.</span></p>,,,,,,,,,
,,,,,,,,,,,,,,,
"<p><span style=""""color: rgb(17",17, 17); font-family: Inter, sans-serif; font-size: 16.8px; text-align: center; background-color: rgb(249,249," 249);"""">Tenemos&nbsp; opciones para todos. </span></p>",,,,,,,,,,
,,,,,,,,,,,,,,,
"<p><span style=""""color: rgb(17",17, 17); font-family: Inter, sans-serif; font-size: 16.8px; text-align: center; background-color: rgb(249,249," 249);"""">Aqui encontraras una gran varieda de articulo religiosos como&nbsp;&nbsp;cruz de matrimoni", estuches ,porta velas,porta notas , crucifijos de madera entre muchos otros.</span></p>,,,,,,
,,,,,,,,,,,,,,,
<p>&nbsp;</p>,,,,,,,,,,,,,,,
,,,,,,,,,,,,,,,
"<p><strong style=""""margin: 0px; padding: 0px; outline: 0px; color: rgb(118",118, 118); font-family: arial, sans-serif; font-size: 14px; background-color: rgb(245,245," 245);"""">Art&iacute;culos religiosos 100% artesanales.</strong></p>",,,,,,,,,,
,,,,,,,,,,,,,,,
"<p><strong style=""""margin: 0px; padding: 0px; outline: 0px; color: rgb(118",118, 118); font-family: arial, sans-serif; font-size: 14px; background-color: rgb(245,245," 245);"""">Hermoso arte religioso&nbsp; dise&ntilde;ado", fabricado en metal y madera por talentosas manos de artesanos Mexicanos.</strong></p>,,,,,,,,,
";;;;JORVINA;SÍ;;Unisex;Adulto;
distintivo-caliz-plata;DISTINTIVO CALIZ PLATA"";""Articulos Religiosos "";Color;PLATA;""medidas "";4*15*21;;;160.00;;5.00;5.00;14.00;21.00;;D-CP;;SÍ;NO;""<p><span style=""""color: rgb(17",17, 17); font-family: Inter, sans-serif; font-size: 16.8px; text-align: center; background-color: rgb(249,249," 249);"""">Ya sea que est&eacute;s buscando art&iacute;culos religiosos para tu hogar", regalos significativos o suministros al por mayor.</span></p>,,,,,,,,,
,,,,,,,,,,,,,,,
"<p><span style=""""color: rgb(17",17, 17); font-family: Inter, sans-serif; font-size: 16.8px; text-align: center; background-color: rgb(249,249," 249);"""">Tenemos&nbsp; opciones para todos. </span></p>",,,,,,,,,,
,,,,,,,,,,,,,,,
"<p><span style=""""color: rgb(17",17, 17); font-family: Inter, sans-serif; font-size: 16.8px; text-align: center; background-color: rgb(249,249," 249);"""">Aqui encontraras una gran varieda de articulo religiosos como&nbsp;&nbsp;cruz de matrimoni", estuches ,porta velas,porta notas , crucifijos de madera entre muchos otros.</span></p>,,,,,,
,,,,,,,,,,,,,,,
<p>&nbsp;</p>,,,,,,,,,,,,,,,
,,,,,,,,,,,,,,,
"<p><strong style=""""margin: 0px; padding: 0px; outline: 0px; color: rgb(118",118, 118); font-family: arial, sans-serif; font-size: 14px; background-color: rgb(245,245," 245);"""">Art&iacute;culos religiosos 100% artesanales.</strong></p>",,,,,,,,,,
,,,,,,,,,,,,,,,
"<p><strong style=""""margin: 0px; padding: 0px; outline: 0px; color: rgb(118",118, 118); font-family: arial, sans-serif; font-size: 14px; background-color: rgb(245,245," 245);"""">Hermoso arte religioso&nbsp; dise&ntilde;ado", fabricado en metal y madera por talentosas manos de artesanos Mexicanos.</strong></p>,,,,,,,,,
";;;;JORVINA;SÍ;;Unisex;Adulto;
cruz-boda-tortolas-dorada;CRUZ BODA TORTOLAS DORADA"";""Articulos Religiosos "";""medidas "";80*15*45;Color;ORO;;;692.00;;5.00;5.00;14.00;21.00;;CBT-D;;SÍ;NO;""<p><span style=""""color: rgb(17",17, 17); font-family: Inter, sans-serif; font-size: 16.8px; text-align: center; background-color: rgb(249,249," 249);"""">Ya sea que est&eacute;s buscando art&iacute;culos religiosos para tu hogar", regalos significativos o suministros al por mayor.</span></p>,,,,,,,,,
,,,,,,,,,,,,,,,
"<p><span style=""""color: rgb(17",17, 17); font-family: Inter, sans-serif; font-size: 16.8px; text-align: center; background-color: rgb(249,249," 249);"""">Tenemos&nbsp; opciones para todos. </span></p>",,,,,,,,,,
,,,,,,,,,,,,,,,
"<p><span style=""""color: rgb(17",17, 17); font-family: Inter, sans-serif; font-size: 16.8px; text-align: center; background-color: rgb(249,249," 249);"""">Aqui encontraras una gran varieda de articulo religiosos como&nbsp;&nbsp;cruz de matrimoni", estuches ,porta velas,porta notas , crucifijos de madera entre muchos otros.</span></p>,,,,,,
,,,,,,,,,,,,,,,
<p>&nbsp;</p>,,,,,,,,,,,,,,,
,,,,,,,,,,,,,,,
"<p><strong style=""""margin: 0px; padding: 0px; outline: 0px; color: rgb(118",118, 118); font-family: arial, sans-serif; font-size: 14px; background-color: rgb(245,245," 245);"""">Art&iacute;culos religiosos 100% artesanales.</strong></p>",,,,,,,,,,
,,,,,,,,,,,,,,,
"<p><strong style=""""margin: 0px; padding: 0px; outline: 0px; color: rgb(118",118, 118); font-family: arial, sans-serif; font-size: 14px; background-color: rgb(245,245," 245);"""">Hermoso arte religioso&nbsp; dise&ntilde;ado", fabricado en metal y madera por talentosas manos de artesanos Mexicanos.</strong></p>,,,,,,,,,
";;;;JORVINA;SÍ;;Unisex;Adulto;
distintivo-madona-camafeo-dorado;DISTINTIVO MADONA CAMAFEO DORADO"";""Articulos Religiosos "";Color;ORO;""medidas "";4*15*21;;;175.00;;5.00;5.00;14.00;21.00;;D-MCD;;SÍ;NO;""<p><span style=""""color: rgb(17",17, 17); font-family: Inter, sans-serif; font-size: 16.8px; text-align: center; background-color: rgb(249,249," 249);"""">Ya sea que est&eacute;s buscando art&iacute;culos religiosos para tu hogar", regalos significativos o suministros al por mayor.</span></p>,,,,,,,,,
,,,,,,,,,,,,,,,
"<p><span style=""""color: rgb(17",17, 17); font-family: Inter, sans-serif; font-size: 16.8px; text-align: center; background-color: rgb(249,249," 249);"""">Tenemos&nbsp; opciones para todos. </span></p>",,,,,,,,,,
,,,,,,,,,,,,,,,
"<p><span style=""""color: rgb(17",17, 17); font-family: Inter, sans-serif; font-size: 16.8px; text-align: center; background-color: rgb(249,249," 249);"""">Aqui encontraras una gran varieda de articulo religiosos como&nbsp;&nbsp;cruz de matrimoni", estuches ,porta velas,porta notas , crucifijos de madera entre muchos otros.</span></p>,,,,,,
,,,,,,,,,,,,,,,
<p>&nbsp;</p>,,,,,,,,,,,,,,,
,,,,,,,,,,,,,,,
"<p><strong style=""""margin: 0px; padding: 0px; outline: 0px; color: rgb(118",118, 118); font-family: arial, sans-serif; font-size: 14px; background-color: rgb(245,245," 245);"""">Art&iacute;culos religiosos 100% artesanales.</strong></p>",,,,,,,,,,
,,,,,,,,,,,,,,,
"<p><strong style=""""margin: 0px; padding: 0px; outline: 0px; color: rgb(118",118, 118); font-family: arial, sans-serif; font-size: 14px; background-color: rgb(245,245," 245);"""">Hermoso arte religioso&nbsp; dise&ntilde;ado", fabricado en metal y madera por talentosas manos de artesanos Mexicanos.</strong></p>,,,,,,,,,
";;;;JORVINA;SÍ;;Unisex;Adulto;
distintivo-madona-con-nino-plata;DISTINTIVO MADONA CON NIÑO PLATA"";""Articulos Religiosos "";Color;PLATA;""medidas "";4*15*21;;;160.00;;5.00;5.00;14.00;21.00;;D-MVP;;SÍ;NO;""<p><span style=""""color: rgb(17",17, 17); font-family: Inter, sans-serif; font-size: 16.8px; text-align: center; background-color: rgb(249,249," 249);"""">Ya sea que est&eacute;s buscando art&iacute;culos religiosos para tu hogar", regalos significativos o suministros al por mayor.</span></p>,,,,,,,,,
,,,,,,,,,,,,,,,
"<p><span style=""""color: rgb(17",17, 17); font-family: Inter, sans-serif; font-size: 16.8px; text-align: center; background-color: rgb(249,249," 249);"""">Tenemos&nbsp; opciones para todos. </span></p>",,,,,,,,,,
,,,,,,,,,,,,,,,
"<p><span style=""""color: rgb(17",17, 17); font-family: Inter, sans-serif; font-size: 16.8px; text-align: center; background-color: rgb(249,249," 249);"""">Aqui encontraras una gran varieda de articulo religiosos como&nbsp;&nbsp;cruz de matrimoni", estuches ,porta velas,porta notas , crucifijos de madera entre muchos otros.</span></p>,,,,,,
,,,,,,,,,,,,,,,
<p>&nbsp;</p>,,,,,,,,,,,,,,,
,,,,,,,,,,,,,,,
"<p><strong style=""""margin: 0px; padding: 0px; outline: 0px; color: rgb(118",118, 118); font-family: arial, sans-serif; font-size: 14px; background-color: rgb(245,245," 245);"""">Art&iacute;culos religiosos 100% artesanales.</strong></p>",,,,,,,,,,
,,,,,,,,,,,,,,,
"<p><strong style=""""margin: 0px; padding: 0px; outline: 0px; color: rgb(118",118, 118); font-family: arial, sans-serif; font-size: 14px; background-color: rgb(245,245," 245);"""">Hermoso arte religioso&nbsp; dise&ntilde;ado", fabricado en metal y madera por talentosas manos de artesanos Mexicanos.</strong></p>,,,,,,,,,
";;;;JORVINA;SÍ;;Unisex;Adulto;
distintivo-pan-y-vino-plata;DISTINTIVO PAN Y VINO PLATA"";""Articulos Religiosos "";Color;PLATA;""medidas "";4*15*21;;;175.00;;5.00;5.00;14.00;21.00;;D-PVP;;SÍ;NO;""<p><span style=""""color: rgb(17",17, 17); font-family: Inter, sans-serif; font-size: 16.8px; text-align: center; background-color: rgb(249,249," 249);"""">Ya sea que est&eacute;s buscando art&iacute;culos religiosos para tu hogar", regalos significativos o suministros al por mayor.</span></p>,,,,,,,,,
,,,,,,,,,,,,,,,
"<p><span style=""""color: rgb(17",17, 17); font-family: Inter, sans-serif; font-size: 16.8px; text-align: center; background-color: rgb(249,249," 249);"""">Tenemos&nbsp; opciones para todos. </span></p>",,,,,,,,,,
,,,,,,,,,,,,,,,
"<p><span style=""""color: rgb(17",17, 17); font-family: Inter, sans-serif; font-size: 16.8px; text-align: center; background-color: rgb(249,249," 249);"""">Aqui encontraras una gran varieda de articulo religiosos como&nbsp;&nbsp;cruz de matrimoni", estuches ,porta velas,porta notas , crucifijos de madera entre muchos otros.</span></p>,,,,,,
,,,,,,,,,,,,,,,
<p>&nbsp;</p>,,,,,,,,,,,,,,,
,,,,,,,,,,,,,,,
"<p><strong style=""""margin: 0px; padding: 0px; outline: 0px; color: rgb(118",118, 118); font-family: arial, sans-serif; font-size: 14px; background-color: rgb(245,245," 245);"""">Art&iacute;culos religiosos 100% artesanales.</strong></p>",,,,,,,,,,
,,,,,,,,,,,,,,,
"<p><strong style=""""margin: 0px; padding: 0px; outline: 0px; color: rgb(118",118, 118); font-family: arial, sans-serif; font-size: 14px; background-color: rgb(245,245," 245);"""">Hermoso arte religioso&nbsp; dise&ntilde;ado", fabricado en metal y madera por talentosas manos de artesanos Mexicanos.</strong></p>,,,,,,,,,
";;;;JORVINA;SÍ;;Unisex;Adulto;
distintivo-san-benito-dorado1;DISTINTIVO SAN BENITO DORADO"";""Articulos Religiosos "";Color;ORO;""medidas "";4*15*21;;;195.00;;5.00;5.00;14.00;21.00;;D-SBD;;SÍ;NO;""<p><span style=""""color: rgb(17",17, 17); font-family: Inter, sans-serif; font-size: 16.8px; text-align: center; background-color: rgb(249,249," 249);"""">Ya sea que est&eacute;s buscando art&iacute;culos religiosos para tu hogar", regalos significativos o suministros al por mayor.</span></p>,,,,,,,,,
,,,,,,,,,,,,,,,
"<p><span style=""""color: rgb(17",17, 17); font-family: Inter, sans-serif; font-size: 16.8px; text-align: center; background-color: rgb(249,249," 249);"""">Tenemos&nbsp; opciones para todos. </span></p>",,,,,,,,,,
,,,,,,,,,,,,,,,
"<p><span style=""""color: rgb(17",17, 17); font-family: Inter, sans-serif; font-size: 16.8px; text-align: center; background-color: rgb(249,249," 249);"""">Aqui encontraras una gran varieda de articulo religiosos como&nbsp;&nbsp;cruz de matrimoni", estuches ,porta velas,porta notas , crucifijos de madera entre muchos otros.</span></p>,,,,,,
,,,,,,,,,,,,,,,
<p>&nbsp;</p>,,,,,,,,,,,,,,,
,,,,,,,,,,,,,,,
"<p><strong style=""""margin: 0px; padding: 0px; outline: 0px; color: rgb(118",118, 118); font-family: arial, sans-serif; font-size: 14px; background-color: rgb(245,245," 245);"""">Art&iacute;culos religiosos 100% artesanales.</strong></p>",,,,,,,,,,
,,,,,,,,,,,,,,,
"<p><strong style=""""margin: 0px; padding: 0px; outline: 0px; color: rgb(118",118, 118); font-family: arial, sans-serif; font-size: 14px; background-color: rgb(245,245," 245);"""">Hermoso arte religioso&nbsp; dise&ntilde;ado", fabricado en metal y madera por talentosas manos de artesanos Mexicanos.</strong></p>,,,,,,,,,
";;;;JORVINA;SÍ;;Unisex;Adulto;
ccristo-10-dor-solera-en-mad-chocol-con-base;CCRISTO # 10 DOR SOLERA EN MAD. CHOCOL CON BASE"";""Articulos Religiosos "";""medidas "";80*15*45;Color;ORO;;;534.00;;5.00;5.00;14.00;21.00;;101M-CHB;;SÍ;NO;""<p><span style=""""color: rgb(17",17, 17); font-family: Inter, sans-serif; font-size: 16.8px; text-align: center; background-color: rgb(249,249," 249);"""">Ya sea que est&eacute;s buscando art&iacute;culos religiosos para tu hogar", regalos significativos o suministros al por mayor.</span></p>,,,,,,,,,
,,,,,,,,,,,,,,,
"<p><span style=""""color: rgb(17",17, 17); font-family: Inter, sans-serif; font-size: 16.8px; text-align: center; background-color: rgb(249,249," 249);"""">Tenemos&nbsp; opciones para todos. </span></p>",,,,,,,,,,
,,,,,,,,,,,,,,,
"<p><span style=""""color: rgb(17",17, 17); font-family: Inter, sans-serif; font-size: 16.8px; text-align: center; background-color: rgb(249,249," 249);"""">Aqui encontraras una gran varieda de articulo religiosos como&nbsp;&nbsp;cruz de matrimoni", estuches ,porta velas,porta notas , crucifijos de madera entre muchos otros.</span></p>,,,,,,
,,,,,,,,,,,,,,,
<p>&nbsp;</p>,,,,,,,,,,,,,,,
,,,,,,,,,,,,,,,
"<p><strong style=""""margin: 0px; padding: 0px; outline: 0px; color: rgb(118",118, 118); font-family: arial, sans-serif; font-size: 14px; background-color: rgb(245,245," 245);"""">Art&iacute;culos religiosos 100% artesanales.</strong></p>",,,,,,,,,,
,,,,,,,,,,,,,,,
"<p><strong style=""""margin: 0px; padding: 0px; outline: 0px; color: rgb(118",118, 118); font-family: arial, sans-serif; font-size: 14px; background-color: rgb(245,245," 245);"""">Hermoso arte religioso&nbsp; dise&ntilde;ado", fabricado en metal y madera por talentosas manos de artesanos Mexicanos.</strong></p>,,,,,,,,,
";;;;JORVINA;SÍ;;Unisex;Adulto;
distintivo-san-benito-plata;DISTINTIVO SAN BENITO PLATA"";""Articulos Religiosos "";Color;PLATA;""medidas "";4*15*21;;;192.00;;5.00;5.00;14.00;21.00;;D-SBP;;SÍ;NO;""<p><span style=""""color: rgb(17",17, 17); font-family: Inter, sans-serif; font-size: 16.8px; text-align: center; background-color: rgb(249,249," 249);"""">Ya sea que est&eacute;s buscando art&iacute;culos religiosos para tu hogar", regalos significativos o suministros al por mayor.</span></p>,,,,,,,,,
,,,,,,,,,,,,,,,
"<p><span style=""""color: rgb(17",17, 17); font-family: Inter, sans-serif; font-size: 16.8px; text-align: center; background-color: rgb(249,249," 249);"""">Tenemos&nbsp; opciones para todos. </span></p>",,,,,,,,,,
,,,,,,,,,,,,,,,
"<p><span style=""""color: rgb(17",17, 17); font-family: Inter, sans-serif; font-size: 16.8px; text-align: center; background-color: rgb(249,249," 249);"""">Aqui encontraras una gran varieda de articulo religiosos como&nbsp;&nbsp;cruz de matrimoni", estuches ,porta velas,porta notas , crucifijos de madera entre muchos otros.</span></p>,,,,,,
,,,,,,,,,,,,,,,
<p>&nbsp;</p>,,,,,,,,,,,,,,,
,,,,,,,,,,,,,,,
"<p><strong style=""""margin: 0px; padding: 0px; outline: 0px; color: rgb(118",118, 118); font-family: arial, sans-serif; font-size: 14px; background-color: rgb(245,245," 245);"""">Art&iacute;culos religiosos 100% artesanales.</strong></p>",,,,,,,,,,
,,,,,,,,,,,,,,,
"<p><strong style=""""margin: 0px; padding: 0px; outline: 0px; color: rgb(118",118, 118); font-family: arial, sans-serif; font-size: 14px; background-color: rgb(245,245," 245);"""">Hermoso arte religioso&nbsp; dise&ntilde;ado", fabricado en metal y madera por talentosas manos de artesanos Mexicanos.</strong></p>,,,,,,,,,
";;;;JORVINA;SÍ;;Unisex;Adulto;
cuerpo-20-c-fondo-filigrana-plata;CUERPO # 20 C/FONDO FILIGRANA PLATA"";""Articulos Religiosos "";Color;Plata;""medidas "";80*15*45;;;980.00;;5.00;5.00;14.00;21.00;;20CF-P;;SÍ;NO;""<p><span style=""""color: rgb(17",17, 17); font-family: Inter, sans-serif; font-size: 16.8px; text-align: center; background-color: rgb(249,249," 249);"""">Ya sea que est&eacute;s buscando art&iacute;culos religiosos para tu hogar", regalos significativos o suministros al por mayor.</span></p>,,,,,,,,,
,,,,,,,,,,,,,,,
"<p><span style=""""color: rgb(17",17, 17); font-family: Inter, sans-serif; font-size: 16.8px; text-align: center; background-color: rgb(249,249," 249);"""">Tenemos&nbsp; opciones para todos. </span></p>",,,,,,,,,,
,,,,,,,,,,,,,,,
"<p><span style=""""color: rgb(17",17, 17); font-family: Inter, sans-serif; font-size: 16.8px; text-align: center; background-color: rgb(249,249," 249);"""">Aqui encontraras una gran varieda de articulo religiosos como&nbsp;&nbsp;cruz de matrimoni", estuches ,porta velas,porta notas , crucifijos de madera entre muchos otros.</span></p>,,,,,,
,,,,,,,,,,,,,,,
<p>&nbsp;</p>,,,,,,,,,,,,,,,
,,,,,,,,,,,,,,,
"<p><strong style=""""margin: 0px; padding: 0px; outline: 0px; color: rgb(118",118, 118); font-family: arial, sans-serif; font-size: 14px; background-color: rgb(245,245," 245);"""">Art&iacute;culos religiosos 100% artesanales.</strong></p>",,,,,,,,,,
,,,,,,,,,,,,,,,
"<p><strong style=""""margin: 0px; padding: 0px; outline: 0px; color: rgb(118",118, 118); font-family: arial, sans-serif; font-size: 14px; background-color: rgb(245,245," 245);"""">Hermoso arte religioso&nbsp; dise&ntilde;ado", fabricado en metal y madera por talentosas manos de artesanos Mexicanos.</strong></p>,,,,,,,,,
";;;;JORVINA;SÍ;;Unisex;Adulto;
distintivo-san-benito-dorado;DISTINTIVO SAN BENITO DORADO"";""Articulos Religiosos "";Color;ORO;""medidas "";4*15*21;;;195.00;;5.00;5.00;14.00;21.00;;DSBD;;SÍ;NO;""<p><span style=""""color: rgb(17",17, 17); font-family: Inter, sans-serif; font-size: 16.8px; text-align: center; background-color: rgb(249,249," 249);"""">Ya sea que est&eacute;s buscando art&iacute;culos religiosos para tu hogar", regalos significativos o suministros al por mayor.</span></p>,,,,,,,,,
,,,,,,,,,,,,,,,
"<p><span style=""""color: rgb(17",17, 17); font-family: Inter, sans-serif; font-size: 16.8px; text-align: center; background-color: rgb(249,249," 249);"""">Tenemos&nbsp; opciones para todos. </span></p>",,,,,,,,,,
,,,,,,,,,,,,,,,
"<p><span style=""""color: rgb(17",17, 17); font-family: Inter, sans-serif; font-size: 16.8px; text-align: center; background-color: rgb(249,249," 249);"""">Aqui encontraras una gran varieda de articulo religiosos como&nbsp;&nbsp;cruz de matrimoni", estuches ,porta velas,porta notas , crucifijos de madera entre muchos otros.</span></p>,,,,,,
,,,,,,,,,,,,,,,
<p>&nbsp;</p>,,,,,,,,,,,,,,,
,,,,,,,,,,,,,,,
"<p><strong style=""""margin: 0px; padding: 0px; outline: 0px; color: rgb(118",118, 118); font-family: arial, sans-serif; font-size: 14px; background-color: rgb(245,245," 245);"""">Art&iacute;culos religiosos 100% artesanales.</strong></p>",,,,,,,,,,
,,,,,,,,,,,,,,,
"<p><strong style=""""margin: 0px; padding: 0px; outline: 0px; color: rgb(118",118, 118); font-family: arial, sans-serif; font-size: 14px; background-color: rgb(245,245," 245);"""">Hermoso arte religioso&nbsp; dise&ntilde;ado", fabricado en metal y madera por talentosas manos de artesanos Mexicanos.</strong></p>,,,,,,,,,
";;;;JORVINA;SÍ;;Unisex;Adulto;
estuche-angel-guarda-dorado-copia1;ESTUCHE QUERUBIN DORADO"";""Articulos Religiosos "";Color;ORO;""medidas "";4*15*21;;;131.00;;5.00;5.00;14.00;21.00;;E06-D;;SÍ;NO;""<p><span style=""""color: rgb(17",17, 17); font-family: Inter, sans-serif; font-size: 16.8px; text-align: center; background-color: rgb(249,249," 249);"""">Ya sea que est&eacute;s buscando art&iacute;culos religiosos para tu hogar", regalos significativos o suministros al por mayor.</span></p>,,,,,,,,,
,,,,,,,,,,,,,,,
"<p><span style=""""color: rgb(17",17, 17); font-family: Inter, sans-serif; font-size: 16.8px; text-align: center; background-color: rgb(249,249," 249);"""">Tenemos&nbsp; opciones para todos. </span></p>",,,,,,,,,,
,,,,,,,,,,,,,,,
"<p><span style=""""color: rgb(17",17, 17); font-family: Inter, sans-serif; font-size: 16.8px; text-align: center; background-color: rgb(249,249," 249);"""">Aqui encontraras una gran varieda de articulo religiosos como&nbsp;&nbsp;cruz de matrimoni", estuches ,porta velas,porta notas , crucifijos de madera entre muchos otros.</span></p>,,,,,,
,,,,,,,,,,,,,,,
<p>&nbsp;</p>,,,,,,,,,,,,,,,
,,,,,,,,,,,,,,,
"<p><strong style=""""margin: 0px; padding: 0px; outline: 0px; color: rgb(118",118, 118); font-family: arial, sans-serif; font-size: 14px; background-color: rgb(245,245," 245);"""">Art&iacute;culos religiosos 100% artesanales.</strong></p>",,,,,,,,,,
,,,,,,,,,,,,,,,
"<p><strong style=""""margin: 0px; padding: 0px; outline: 0px; color: rgb(118",118, 118); font-family: arial, sans-serif; font-size: 14px; background-color: rgb(245,245," 245);"""">Hermoso arte religioso&nbsp; dise&ntilde;ado", fabricado en metal y madera por talentosas manos de artesanos Mexicanos.</strong></p>,,,,,,,,,
";;;;JORVINA;SÍ;;Unisex;Adulto;
estuche-bebe-durmiendo-plata-copia;ESTUCHE QUERUBIN PLATA"";""Articulos Religiosos "";Color;PLATA;""medidas "";4*15*21;;;123.00;;5.00;5.00;14.00;21.00;;E06-P;;SÍ;NO;""<p><span style=""""color: rgb(17",17, 17); font-family: Inter, sans-serif; font-size: 16.8px; text-align: center; background-color: rgb(249,249," 249);"""">Ya sea que est&eacute;s buscando art&iacute;culos religiosos para tu hogar", regalos significativos o suministros al por mayor.</span></p>,,,,,,,,,
,,,,,,,,,,,,,,,
"<p><span style=""""color: rgb(17",17, 17); font-family: Inter, sans-serif; font-size: 16.8px; text-align: center; background-color: rgb(249,249," 249);"""">Tenemos&nbsp; opciones para todos. </span></p>",,,,,,,,,,
,,,,,,,,,,,,,,,
"<p><span style=""""color: rgb(17",17, 17); font-family: Inter, sans-serif; font-size: 16.8px; text-align: center; background-color: rgb(249,249," 249);"""">Aqui encontraras una gran varieda de articulo religiosos como&nbsp;&nbsp;cruz de matrimoni", estuches ,porta velas,porta notas , crucifijos de madera entre muchos otros.</span></p>,,,,,,
,,,,,,,,,,,,,,,
<p>&nbsp;</p>,,,,,,,,,,,,,,,
,,,,,,,,,,,,,,,
"<p><strong style=""""margin: 0px; padding: 0px; outline: 0px; color: rgb(118",118, 118); font-family: arial, sans-serif; font-size: 14px; background-color: rgb(245,245," 245);"""">Art&iacute;culos religiosos 100% artesanales.</strong></p>",,,,,,,,,,
,,,,,,,,,,,,,,,
"<p><strong style=""""margin: 0px; padding: 0px; outline: 0px; color: rgb(118",118, 118); font-family: arial, sans-serif; font-size: 14px; background-color: rgb(245,245," 245);"""">Hermoso arte religioso&nbsp; dise&ntilde;ado", fabricado en metal y madera por talentosas manos de artesanos Mexicanos.</strong></p>,,,,,,,,,
";;;;JORVINA;SÍ;;Unisex;Adulto;
estuche-angel-guarda-dorado-copia;ESTUCHE BEBE DURMIENDO PLATA"";""Articulos Religiosos "";Color;PLATA;""medidas "";4*15*21;;;123.00;;5.00;5.00;14.00;21.00;;E07-P;;SÍ;NO;""<p><span style=""""color: rgb(17",17, 17); font-family: Inter, sans-serif; font-size: 16.8px; text-align: center; background-color: rgb(249,249," 249);"""">Ya sea que est&eacute;s buscando art&iacute;culos religiosos para tu hogar", regalos significativos o suministros al por mayor.</span></p>,,,,,,,,,
,,,,,,,,,,,,,,,
"<p><span style=""""color: rgb(17",17, 17); font-family: Inter, sans-serif; font-size: 16.8px; text-align: center; background-color: rgb(249,249," 249);"""">Tenemos&nbsp; opciones para todos. </span></p>",,,,,,,,,,
,,,,,,,,,,,,,,,
"<p><span style=""""color: rgb(17",17, 17); font-family: Inter, sans-serif; font-size: 16.8px; text-align: center; background-color: rgb(249,249," 249);"""">Aqui encontraras una gran varieda de articulo religiosos como&nbsp;&nbsp;cruz de matrimoni", estuches ,porta velas,porta notas , crucifijos de madera entre muchos otros.</span></p>,,,,,,
,,,,,,,,,,,,,,,
<p>&nbsp;</p>,,,,,,,,,,,,,,,
,,,,,,,,,,,,,,,
"<p><strong style=""""margin: 0px; padding: 0px; outline: 0px; color: rgb(118",118, 118); font-family: arial, sans-serif; font-size: 14px; background-color: rgb(245,245," 245);"""">Art&iacute;culos religiosos 100% artesanales.</strong></p>",,,,,,,,,,
,,,,,,,,,,,,,,,
"<p><strong style=""""margin: 0px; padding: 0px; outline: 0px; color: rgb(118",118, 118); font-family: arial, sans-serif; font-size: 14px; background-color: rgb(245,245," 245);"""">Hermoso arte religioso&nbsp; dise&ntilde;ado", fabricado en metal y madera por talentosas manos de artesanos Mexicanos.</strong></p>,,,,,,,,,
";;;;JORVINA;SÍ;;Unisex;Adulto;
estuche-mariposa-dorada-copia;ESTUCHE ANGEL GUARDA DORADO"";""Articulos Religiosos "";Color;ORO;""medidas "";4*15*21;;;131.00;;5.00;5.00;14.00;21.00;;E08-D;;SÍ;NO;""<p><span style=""""color: rgb(17",17, 17); font-family: Inter, sans-serif; font-size: 16.8px; text-align: center; background-color: rgb(249,249," 249);"""">Ya sea que est&eacute;s buscando art&iacute;culos religiosos para tu hogar", regalos significativos o suministros al por mayor.</span></p>,,,,,,,,,
,,,,,,,,,,,,,,,
"<p><span style=""""color: rgb(17",17, 17); font-family: Inter, sans-serif; font-size: 16.8px; text-align: center; background-color: rgb(249,249," 249);"""">Tenemos&nbsp; opciones para todos. </span></p>",,,,,,,,,,
,,,,,,,,,,,,,,,
"<p><span style=""""color: rgb(17",17, 17); font-family: Inter, sans-serif; font-size: 16.8px; text-align: center; background-color: rgb(249,249," 249);"""">Aqui encontraras una gran varieda de articulo religiosos como&nbsp;&nbsp;cruz de matrimoni", estuches ,porta velas,porta notas , crucifijos de madera entre muchos otros.</span></p>,,,,,,
,,,,,,,,,,,,,,,
<p>&nbsp;</p>,,,,,,,,,,,,,,,
,,,,,,,,,,,,,,,
"<p><strong style=""""margin: 0px; padding: 0px; outline: 0px; color: rgb(118",118, 118); font-family: arial, sans-serif; font-size: 14px; background-color: rgb(245,245," 245);"""">Art&iacute;culos religiosos 100% artesanales.</strong></p>",,,,,,,,,,
,,,,,,,,,,,,,,,
"<p><strong style=""""margin: 0px; padding: 0px; outline: 0px; color: rgb(118",118, 118); font-family: arial, sans-serif; font-size: 14px; background-color: rgb(245,245," 245);"""">Hermoso arte religioso&nbsp; dise&ntilde;ado", fabricado en metal y madera por talentosas manos de artesanos Mexicanos.</strong></p>,,,,,,,,,
";;;;JORVINA;SÍ;;Unisex;Adulto;
virgen-gpe-mediana-combinada-c-base-mad-copia;ESTUCHE MARIPOSA DORADA"";""Articulos Religiosos "";Color;ORO;""medidas "";4*15*21;;;195.00;;5.00;5.00;14.00;21.00;;;;SÍ;NO;""<p><span style=""""color: rgb(17",17, 17); font-family: Inter, sans-serif; font-size: 16.8px; text-align: center; background-color: rgb(249,249," 249);"""">Ya sea que est&eacute;s buscando art&iacute;culos religiosos para tu hogar", regalos significativos o suministros al por mayor.</span></p>,,,,,,,,,
,,,,,,,,,,,,,,,
"<p><span style=""""color: rgb(17",17, 17); font-family: Inter, sans-serif; font-size: 16.8px; text-align: center; background-color: rgb(249,249," 249);"""">Tenemos&nbsp; opciones para todos. </span></p>",,,,,,,,,,
,,,,,,,,,,,,,,,
"<p><span style=""""color: rgb(17",17, 17); font-family: Inter, sans-serif; font-size: 16.8px; text-align: center; background-color: rgb(249,249," 249);"""">Aqui encontraras una gran varieda de articulo religiosos como&nbsp;&nbsp;cruz de matrimoni", estuches ,porta velas,porta notas , crucifijos de madera entre muchos otros.</span></p>,,,,,,
,,,,,,,,,,,,,,,
<p>&nbsp;</p>,,,,,,,,,,,,,,,
,,,,,,,,,,,,,,,
"<p><strong style=""""margin: 0px; padding: 0px; outline: 0px; color: rgb(118",118, 118); font-family: arial, sans-serif; font-size: 14px; background-color: rgb(245,245," 245);"""">Art&iacute;culos religiosos 100% artesanales.</strong></p>",,,,,,,,,,
,,,,,,,,,,,,,,,
"<p><strong style=""""margin: 0px; padding: 0px; outline: 0px; color: rgb(118",118, 118); font-family: arial, sans-serif; font-size: 14px; background-color: rgb(245,245," 245);"""">Hermoso arte religioso&nbsp; dise&ntilde;ado", fabricado en metal y madera por talentosas manos de artesanos Mexicanos.</strong></p>,,,,,,,,,
";;;;JORVINA;SÍ;;;;
virgen-guadalupe-combinada-mediana-copia;VIRGEN GPE. MEDIANA COMBINADA C/BASE MAD"";""Articulos Religiosos "";Color;ORO;""medidas "";""9.5 X 4.5 cm"";;;112.00;;5.00;5.00;14.00;21.00;;;;SÍ;NO;""<p><span style=""""color: rgb(17",17, 17); font-family: Inter, sans-serif; font-size: 16.8px; text-align: center; background-color: rgb(249,249," 249);"""">Ya sea que est&eacute;s buscando art&iacute;culos religiosos para tu hogar", regalos significativos o suministros al por mayor.</span></p>,,,,,,,,,
,,,,,,,,,,,,,,,
"<p><span style=""""color: rgb(17",17, 17); font-family: Inter, sans-serif; font-size: 16.8px; text-align: center; background-color: rgb(249,249," 249);"""">Tenemos&nbsp; opciones para todos. </span></p>",,,,,,,,,,
,,,,,,,,,,,,,,,
"<p><span style=""""color: rgb(17",17, 17); font-family: Inter, sans-serif; font-size: 16.8px; text-align: center; background-color: rgb(249,249," 249);"""">Aqui encontraras una gran varieda de articulo religiosos como&nbsp;&nbsp;cruz de matrimoni", estuches ,porta velas,porta notas , crucifijos de madera entre muchos otros.</span></p>,,,,,,
,,,,,,,,,,,,,,,
<p>&nbsp;</p>,,,,,,,,,,,,,,,
,,,,,,,,,,,,,,,
"<p><strong style=""""margin: 0px; padding: 0px; outline: 0px; color: rgb(118",118, 118); font-family: arial, sans-serif; font-size: 14px; background-color: rgb(245,245," 245);"""">Art&iacute;culos religiosos 100% artesanales.</strong></p>",,,,,,,,,,
,,,,,,,,,,,,,,,
"<p><strong style=""""margin: 0px; padding: 0px; outline: 0px; color: rgb(118",118, 118); font-family: arial, sans-serif; font-size: 14px; background-color: rgb(245,245," 245);"""">Hermoso arte religioso&nbsp; dise&ntilde;ado", fabricado en metal y madera por talentosas manos de artesanos Mexicanos.</strong></p>,,,,,,,,,
";;;;JORVINA;SÍ;;;;
ovalo-madona-orando-oro-y-plata-copia;VIRGEN GUADALUPE COMBINADA MEDIANA"";""Articulos Religiosos "";Color;ORO;""medidas "";""8.5 X 2.5 cm"";;;85.00;;5.00;5.00;14.00;21.00;;;;SÍ;NO;""<p><span style=""""color: rgb(17",17, 17); font-family: Inter, sans-serif; font-size: 16.8px; text-align: center; background-color: rgb(249,249," 249);"""">Ya sea que est&eacute;s buscando art&iacute;culos religiosos para tu hogar", regalos significativos o suministros al por mayor.</span></p>,,,,,,,,,
,,,,,,,,,,,,,,,
"<p><span style=""""color: rgb(17",17, 17); font-family: Inter, sans-serif; font-size: 16.8px; text-align: center; background-color: rgb(249,249," 249);"""">Tenemos&nbsp; opciones para todos. </span></p>",,,,,,,,,,
,,,,,,,,,,,,,,,
"<p><span style=""""color: rgb(17",17, 17); font-family: Inter, sans-serif; font-size: 16.8px; text-align: center; background-color: rgb(249,249," 249);"""">Aqui encontraras una gran varieda de articulo religiosos como&nbsp;&nbsp;cruz de matrimoni", estuches ,porta velas,porta notas , crucifijos de madera entre muchos otros.</span></p>,,,,,,
,,,,,,,,,,,,,,,
<p>&nbsp;</p>,,,,,,,,,,,,,,,
,,,,,,,,,,,,,,,
"<p><strong style=""""margin: 0px; padding: 0px; outline: 0px; color: rgb(118",118, 118); font-family: arial, sans-serif; font-size: 14px; background-color: rgb(245,245," 245);"""">Art&iacute;culos religiosos 100% artesanales.</strong></p>",,,,,,,,,,
,,,,,,,,,,,,,,,
"<p><strong style=""""margin: 0px; padding: 0px; outline: 0px; color: rgb(118",118, 118); font-family: arial, sans-serif; font-size: 14px; background-color: rgb(245,245," 245);"""">Hermoso arte religioso&nbsp; dise&ntilde;ado", fabricado en metal y madera por talentosas manos de artesanos Mexicanos.</strong></p>,,,,,,,,,
";;;;JORVINA;SÍ;;;;
plato-resacado-madera-angel-querubin-dorado-copia;OVALO MADONA ORANDO ORO Y PLATA"";""Articulos Religiosos "";Color;""ORO Y PLATA"";""medidas "";4*15*21;;;442.00;;5.00;5.00;14.00;21.00;;OMO-C;;SÍ;NO;""<p><span style=""""color: rgb(17",17, 17); font-family: Inter, sans-serif; font-size: 16.8px; text-align: center; background-color: rgb(249,249," 249);"""">Ya sea que est&eacute;s buscando art&iacute;culos religiosos para tu hogar", regalos significativos o suministros al por mayor.</span></p>,,,,,,,,,
,,,,,,,,,,,,,,,
"<p><span style=""""color: rgb(17",17, 17); font-family: Inter, sans-serif; font-size: 16.8px; text-align: center; background-color: rgb(249,249," 249);"""">Tenemos&nbsp; opciones para todos. </span></p>",,,,,,,,,,
,,,,,,,,,,,,,,,
"<p><span style=""""color: rgb(17",17, 17); font-family: Inter, sans-serif; font-size: 16.8px; text-align: center; background-color: rgb(249,249," 249);"""">Aqui encontraras una gran varieda de articulo religiosos como&nbsp;&nbsp;cruz de matrimoni", estuches ,porta velas,porta notas , crucifijos de madera entre muchos otros.</span></p>,,,,,,
,,,,,,,,,,,,,,,
<p>&nbsp;</p>,,,,,,,,,,,,,,,
,,,,,,,,,,,,,,,
"<p><strong style=""""margin: 0px; padding: 0px; outline: 0px; color: rgb(118",118, 118); font-family: arial, sans-serif; font-size: 14px; background-color: rgb(245,245," 245);"""">Art&iacute;culos religiosos 100% artesanales.</strong></p>",,,,,,,,,,
,,,,,,,,,,,,,,,
"<p><strong style=""""margin: 0px; padding: 0px; outline: 0px; color: rgb(118",118, 118); font-family: arial, sans-serif; font-size: 14px; background-color: rgb(245,245," 245);"""">Hermoso arte religioso&nbsp; dise&ntilde;ado", fabricado en metal y madera por talentosas manos de artesanos Mexicanos.</strong></p>,,,,,,,,,
";;;;JORVINA;SÍ;;Unisex;Adulto;
cruz-padre-hijo-y-espiriu-santo-de-resina-grande-copia;CUERPO # 20 C/FONDO FILIGRANA DORADA"";""Articulos Religiosos "";Color;ORO;""medidas "";80*15*45;;;980.00;;5.00;5.00;14.00;21.00;;20CF-D;;SÍ;NO;""<p><span style=""""color: rgb(17",17, 17); font-family: Inter, sans-serif; font-size: 16.8px; text-align: center; background-color: rgb(249,249," 249);"""">Ya sea que est&eacute;s buscando art&iacute;culos religiosos para tu hogar", regalos significativos o suministros al por mayor.</span></p>,,,,,,,,,
,,,,,,,,,,,,,,,
"<p><span style=""""color: rgb(17",17, 17); font-family: Inter, sans-serif; font-size: 16.8px; text-align: center; background-color: rgb(249,249," 249);"""">Tenemos&nbsp; opciones para todos. </span></p>",,,,,,,,,,
,,,,,,,,,,,,,,,
"<p><span style=""""color: rgb(17",17, 17); font-family: Inter, sans-serif; font-size: 16.8px; text-align: center; background-color: rgb(249,249," 249);"""">Aqui encontraras una gran varieda de articulo religiosos como&nbsp;&nbsp;cruz de matrimoni", estuches ,porta velas,porta notas , crucifijos de madera entre muchos otros.</span></p>,,,,,,
,,,,,,,,,,,,,,,
<p>&nbsp;</p>,,,,,,,,,,,,,,,
,,,,,,,,,,,,,,,
"<p><strong style=""""margin: 0px; padding: 0px; outline: 0px; color: rgb(118",118, 118); font-family: arial, sans-serif; font-size: 14px; background-color: rgb(245,245," 245);"""">Art&iacute;culos religiosos 100% artesanales.</strong></p>",,,,,,,,,,
,,,,,,,,,,,,,,,
"<p><strong style=""""margin: 0px; padding: 0px; outline: 0px; color: rgb(118",118, 118); font-family: arial, sans-serif; font-size: 14px; background-color: rgb(245,245," 245);"""">Hermoso arte religioso&nbsp; dise&ntilde;ado", fabricado en metal y madera por talentosas manos de artesanos Mexicanos.</strong></p>,,,,,,,,,
";;;;JORVINA;SÍ;;Unisex;Adulto;
plato-resacado-madera-espiritu-santo-dorado-copia;PLATO RESACADO MADERA ANGEL QUERUBIN DORADO"";""Articulos Religiosos "";Color;ORO;""medidas "";""13X13 CM"";;;232.00;;5.00;5.00;14.00;21.00;;PRM-AQD;;SÍ;NO;""<p><span style=""""color: rgb(17",17, 17); font-family: Inter, sans-serif; font-size: 16.8px; text-align: center; background-color: rgb(249,249," 249);"""">Ya sea que est&eacute;s buscando art&iacute;culos religiosos para tu hogar", regalos significativos o suministros al por mayor.</span></p>,,,,,,,,,
,,,,,,,,,,,,,,,
"<p><span style=""""color: rgb(17",17, 17); font-family: Inter, sans-serif; font-size: 16.8px; text-align: center; background-color: rgb(249,249," 249);"""">Tenemos&nbsp; opciones para todos. </span></p>",,,,,,,,,,
,,,,,,,,,,,,,,,
"<p><span style=""""color: rgb(17",17, 17); font-family: Inter, sans-serif; font-size: 16.8px; text-align: center; background-color: rgb(249,249," 249);"""">Aqui encontraras una gran varieda de articulo religiosos como&nbsp;&nbsp;cruz de matrimoni", estuches ,porta velas,porta notas , crucifijos de madera entre muchos otros.</span></p>,,,,,,
,,,,,,,,,,,,,,,
<p>&nbsp;</p>,,,,,,,,,,,,,,,
,,,,,,,,,,,,,,,
"<p><strong style=""""margin: 0px; padding: 0px; outline: 0px; color: rgb(118",118, 118); font-family: arial, sans-serif; font-size: 14px; background-color: rgb(245,245," 245);"""">Art&iacute;culos religiosos 100% artesanales.</strong></p>",,,,,,,,,,
,,,,,,,,,,,,,,,
"<p><strong style=""""margin: 0px; padding: 0px; outline: 0px; color: rgb(118",118, 118); font-family: arial, sans-serif; font-size: 14px; background-color: rgb(245,245," 245);"""">Hermoso arte religioso&nbsp; dise&ntilde;ado", fabricado en metal y madera por talentosas manos de artesanos Mexicanos.</strong></p>,,,,,,,,,
";;;;JORVINA;SÍ;;Unisex;Adulto;
retablo-virgen-de-guadalupe-acrico-plata-copia1;CRUZ PADRE HIJO Y ESPIRIU SANTO DE RESINA GRANDE"";""Articulos Religiosos "";Color;""MADERA PLATA"";""medidas "";80*15*45;;;1","790.00;;5.00;5.00;14.00;21.00;;3PHE;;SÍ;NO;""<p><span style=""""color: rgb(17",17, 17); font-family: Inter, sans-serif; font-size: 16.8px; text-align: center; background-color: rgb(249,249," 249);"""">Ya sea que est&eacute;s buscando art&iacute;culos religiosos para tu hogar", regalos significativos o suministros al por mayor.</span></p>,,,,,,,,
,,,,,,,,,,,,,,,
"<p><span style=""""color: rgb(17",17, 17); font-family: Inter, sans-serif; font-size: 16.8px; text-align: center; background-color: rgb(249,249," 249);"""">Tenemos&nbsp; opciones para todos. </span></p>",,,,,,,,,,
,,,,,,,,,,,,,,,
"<p><span style=""""color: rgb(17",17, 17); font-family: Inter, sans-serif; font-size: 16.8px; text-align: center; background-color: rgb(249,249," 249);"""">Aqui encontraras una gran varieda de articulo religiosos como&nbsp;&nbsp;cruz de matrimoni", estuches ,porta velas,porta notas , crucifijos de madera entre muchos otros.</span></p>,,,,,,
,,,,,,,,,,,,,,,
<p>&nbsp;</p>,,,,,,,,,,,,,,,
,,,,,,,,,,,,,,,
"<p><strong style=""""margin: 0px; padding: 0px; outline: 0px; color: rgb(118",118, 118); font-family: arial, sans-serif; font-size: 14px; background-color: rgb(245,245," 245);"""">Art&iacute;culos religiosos 100% artesanales.</strong></p>",,,,,,,,,,
,,,,,,,,,,,,,,,
"<p><strong style=""""margin: 0px; padding: 0px; outline: 0px; color: rgb(118",118, 118); font-family: arial, sans-serif; font-size: 14px; background-color: rgb(245,245," 245);"""">Hermoso arte religioso&nbsp; dise&ntilde;ado", fabricado en metal y madera por talentosas manos de artesanos Mexicanos.</strong></p>,,,,,,,,,
";;;;JORVINA;SÍ;;Unisex;Adulto;
plato-resacado-madera-espiritu-santo-plata-copia;PLATO RESACADO MADERA ESPIRITU SANTO DORADO"";""Articulos Religiosos "";Color;ORO;""medidas "";""13X13 CM"";;;206.00;;5.00;5.00;14.00;21.00;;PRM-ESD;;SÍ;NO;""<p><span style=""""color: rgb(17",17, 17); font-family: Inter, sans-serif; font-size: 16.8px; text-align: center; background-color: rgb(249,249," 249);"""">Ya sea que est&eacute;s buscando art&iacute;culos religiosos para tu hogar", regalos significativos o suministros al por mayor.</span></p>,,,,,,,,,
,,,,,,,,,,,,,,,
"<p><span style=""""color: rgb(17",17, 17); font-family: Inter, sans-serif; font-size: 16.8px; text-align: center; background-color: rgb(249,249," 249);"""">Tenemos&nbsp; opciones para todos. </span></p>",,,,,,,,,,
,,,,,,,,,,,,,,,
"<p><span style=""""color: rgb(17",17, 17); font-family: Inter, sans-serif; font-size: 16.8px; text-align: center; background-color: rgb(249,249," 249);"""">Aqui encontraras una gran varieda de articulo religiosos como&nbsp;&nbsp;cruz de matrimoni", estuches ,porta velas,porta notas , crucifijos de madera entre muchos otros.</span></p>,,,,,,
,,,,,,,,,,,,,,,
<p>&nbsp;</p>,,,,,,,,,,,,,,,
,,,,,,,,,,,,,,,
"<p><strong style=""""margin: 0px; padding: 0px; outline: 0px; color: rgb(118",118, 118); font-family: arial, sans-serif; font-size: 14px; background-color: rgb(245,245," 245);"""">Art&iacute;culos religiosos 100% artesanales.</strong></p>",,,,,,,,,,
,,,,,,,,,,,,,,,
"<p><strong style=""""margin: 0px; padding: 0px; outline: 0px; color: rgb(118",118, 118); font-family: arial, sans-serif; font-size: 14px; background-color: rgb(245,245," 245);"""">Hermoso arte religioso&nbsp; dise&ntilde;ado", fabricado en metal y madera por talentosas manos de artesanos Mexicanos.</strong></p>,,,,,,,,,
";;;;JORVINA;SÍ;;Unisex;Adulto;
plato-resacado-madera-virgen-guadalupe-dorado-copia;PLATO RESACADO MADERA ESPIRITU SANTO PLATA"";""Articulos Religiosos "";Color;PLATA;""medidas "";""13X13 CM"";;;193.00;;5.00;5.00;14.00;21.00;;PRM-ESP;;SÍ;NO;""<p><span style=""""color: rgb(17",17, 17); font-family: Inter, sans-serif; font-size: 16.8px; text-align: center; background-color: rgb(249,249," 249);"""">Ya sea que est&eacute;s buscando art&iacute;culos religiosos para tu hogar", regalos significativos o suministros al por mayor.</span></p>,,,,,,,,,
,,,,,,,,,,,,,,,
"<p><span style=""""color: rgb(17",17, 17); font-family: Inter, sans-serif; font-size: 16.8px; text-align: center; background-color: rgb(249,249," 249);"""">Tenemos&nbsp; opciones para todos. </span></p>",,,,,,,,,,
,,,,,,,,,,,,,,,
"<p><span style=""""color: rgb(17",17, 17); font-family: Inter, sans-serif; font-size: 16.8px; text-align: center; background-color: rgb(249,249," 249);"""">Aqui encontraras una gran varieda de articulo religiosos como&nbsp;&nbsp;cruz de matrimoni", estuches ,porta velas,porta notas , crucifijos de madera entre muchos otros.</span></p>,,,,,,
,,,,,,,,,,,,,,,
<p>&nbsp;</p>,,,,,,,,,,,,,,,
,,,,,,,,,,,,,,,
"<p><strong style=""""margin: 0px; padding: 0px; outline: 0px; color: rgb(118",118, 118); font-family: arial, sans-serif; font-size: 14px; background-color: rgb(245,245," 245);"""">Art&iacute;culos religiosos 100% artesanales.</strong></p>",,,,,,,,,,
,,,,,,,,,,,,,,,
"<p><strong style=""""margin: 0px; padding: 0px; outline: 0px; color: rgb(118",118, 118); font-family: arial, sans-serif; font-size: 14px; background-color: rgb(245,245," 245);"""">Hermoso arte religioso&nbsp; dise&ntilde;ado", fabricado en metal y madera por talentosas manos de artesanos Mexicanos.</strong></p>,,,,,,,,,
";;;;JORVINA;SÍ;;;;
retablo-virgen-de-guadalupe-acrilico-dorado-copia;PLATO RESACADO MADERA VIRGEN GUADALUPE DORADO"";""Articulos Religiosos "";Color;ORO;""medidas "";""13X13 CM"";;;206.00;;5.00;5.00;14.00;21.00;;PRM-VGD;;SÍ;NO;""<p><span style=""""color: rgb(17",17, 17); font-family: Inter, sans-serif; font-size: 16.8px; text-align: center; background-color: rgb(249,249," 249);"""">Ya sea que est&eacute;s buscando art&iacute;culos religiosos para tu hogar", regalos significativos o suministros al por mayor.</span></p>,,,,,,,,,
,,,,,,,,,,,,,,,
"<p><span style=""""color: rgb(17",17, 17); font-family: Inter, sans-serif; font-size: 16.8px; text-align: center; background-color: rgb(249,249," 249);"""">Tenemos&nbsp; opciones para todos. </span></p>",,,,,,,,,,
,,,,,,,,,,,,,,,
"<p><span style=""""color: rgb(17",17, 17); font-family: Inter, sans-serif; font-size: 16.8px; text-align: center; background-color: rgb(249,249," 249);"""">Aqui encontraras una gran varieda de articulo religiosos como&nbsp;&nbsp;cruz de matrimoni", estuches ,porta velas,porta notas , crucifijos de madera entre muchos otros.</span></p>,,,,,,
,,,,,,,,,,,,,,,
<p>&nbsp;</p>,,,,,,,,,,,,,,,
,,,,,,,,,,,,,,,
"<p><strong style=""""margin: 0px; padding: 0px; outline: 0px; color: rgb(118",118, 118); font-family: arial, sans-serif; font-size: 14px; background-color: rgb(245,245," 245);"""">Art&iacute;culos religiosos 100% artesanales.</strong></p>",,,,,,,,,,
,,,,,,,,,,,,,,,
"<p><strong style=""""margin: 0px; padding: 0px; outline: 0px; color: rgb(118",118, 118); font-family: arial, sans-serif; font-size: 14px; background-color: rgb(245,245," 245);"""">Hermoso arte religioso&nbsp; dise&ntilde;ado", fabricado en metal y madera por talentosas manos de artesanos Mexicanos.</strong></p>,,,,,,,,,
";;;;JORVINA;SÍ;;Unisex;Adulto;
retablo-virgen-de-guadalupe-acrico-plata-copia;RETABLO VIRGEN DE GUADALUPE ACRILICO DORADO"";""Articulos Religiosos "";Color;ORO;""medidas "";""15.5 X 13 cm"";;;591.00;;5.00;5.00;14.00;21.00;;VGRA-D;;SÍ;NO;""<p><span style=""""color: rgb(17",17, 17); font-family: Inter, sans-serif; font-size: 16.8px; text-align: center; background-color: rgb(249,249," 249);"""">Ya sea que est&eacute;s buscando art&iacute;culos religiosos para tu hogar", regalos significativos o suministros al por mayor.</span></p>,,,,,,,,,
,,,,,,,,,,,,,,,
"<p><span style=""""color: rgb(17",17, 17); font-family: Inter, sans-serif; font-size: 16.8px; text-align: center; background-color: rgb(249,249," 249);"""">Tenemos&nbsp; opciones para todos. </span></p>",,,,,,,,,,
,,,,,,,,,,,,,,,
"<p><span style=""""color: rgb(17",17, 17); font-family: Inter, sans-serif; font-size: 16.8px; text-align: center; background-color: rgb(249,249," 249);"""">Aqui encontraras una gran varieda de articulo religiosos como&nbsp;&nbsp;cruz de matrimoni", estuches ,porta velas,porta notas , crucifijos de madera entre muchos otros.</span></p>,,,,,,
,,,,,,,,,,,,,,,
<p>&nbsp;</p>,,,,,,,,,,,,,,,
,,,,,,,,,,,,,,,
"<p><strong style=""""margin: 0px; padding: 0px; outline: 0px; color: rgb(118",118, 118); font-family: arial, sans-serif; font-size: 14px; background-color: rgb(245,245," 245);"""">Art&iacute;culos religiosos 100% artesanales.</strong></p>",,,,,,,,,,
,,,,,,,,,,,,,,,
"<p><strong style=""""margin: 0px; padding: 0px; outline: 0px; color: rgb(118",118, 118); font-family: arial, sans-serif; font-size: 14px; background-color: rgb(245,245," 245);"""">Hermoso arte religioso&nbsp; dise&ntilde;ado", fabricado en metal y madera por talentosas manos de artesanos Mexicanos.</strong></p>,,,,,,,,,
";;;;JORVINA;SÍ;;Unisex;Adulto;
retablo-virgen-de-guadalupe-acrico-plata;RETABLO VIRGEN DE GUADALUPE ACRICO PLATA"";""Articulos Religiosos "";Color;Plata;""medidas "";""15.5 X 13 cm"";;;544.00;;5.00;5.00;14.00;21.00;;VGRA-P;;SÍ;NO;""<p><span style=""""color: rgb(17",17, 17); font-family: Inter, sans-serif; font-size: 16.8px; text-align: center; background-color: rgb(249,249," 249);"""">Ya sea que est&eacute;s buscando art&iacute;culos religiosos para tu hogar", regalos significativos o suministros al por mayor.</span></p>,,,,,,,,,
,,,,,,,,,,,,,,,
"<p><span style=""""color: rgb(17",17, 17); font-family: Inter, sans-serif; font-size: 16.8px; text-align: center; background-color: rgb(249,249," 249);"""">Tenemos&nbsp; opciones para todos. </span></p>",,,,,,,,,,
,,,,,,,,,,,,,,,
"<p><span style=""""color: rgb(17",17, 17); font-family: Inter, sans-serif; font-size: 16.8px; text-align: center; background-color: rgb(249,249," 249);"""">Aqui encontraras una gran varieda de articulo religiosos como&nbsp;&nbsp;cruz de matrimoni", estuches ,porta velas,porta notas , crucifijos de madera entre muchos otros.</span></p>,,,,,,
,,,,,,,,,,,,,,,
<p>&nbsp;</p>,,,,,,,,,,,,,,,
,,,,,,,,,,,,,,,
"<p><strong style=""""margin: 0px; padding: 0px; outline: 0px; color: rgb(118",118, 118); font-family: arial, sans-serif; font-size: 14px; background-color: rgb(245,245," 245);"""">Art&iacute;culos religiosos 100% artesanales.</strong></p>",,,,,,,,,,
,,,,,,,,,,,,,,,
"<p><strong style=""""margin: 0px; padding: 0px; outline: 0px; color: rgb(118",118, 118); font-family: arial, sans-serif; font-size: 14px; background-color: rgb(245,245," 245);"""">Hermoso arte religioso&nbsp; dise&ntilde;ado", fabricado en metal y madera por talentosas manos de artesanos Mexicanos.</strong></p>,,,,,,,,,
";;;;JORVINA;SÍ;;Unisex;Adulto;
huarache-artesanal-de-dama-copia4;Huarache artesanal para caballero"";Artesanías;Color;Café;Talla;26;;;350.00;250.00;1.00;1.00;1.00;1.00;;;;SÍ;NO;""<p><span style=""""color: rgb(77",81, 86); font-family: &quot;Google Sans&quot;, arial," sans-serif; font-size: 16px;"""">Est&aacute;n a medio camino entre una sandalia y un zapato. Su principal caracter&iacute;stica es que&nbsp;</span><span style=""""background-color: rgb(211",227, 253); color: rgb(4,12, 40); font-family: &quot;Google Sans&quot;, arial," sans-serif; font-size: 16px;"""">es un calzado c&oacute;modo"," que est&aacute; hecho con tiras de cuero que se trenzan de forma completamente artesanal</span><span style=""""color: rgb(77",81, 86); font-family: &quot;Google Sans&quot;, arial," sans-serif; font-size: 16px;"""">.</span></p>"
";;;;;SÍ;;;;
huarache-artesanal-de-dama-copia2;Huarache artesanal de dama"";Artesanías;Color;Azul;Talla;23.5;;;300.00;250.00;1.00;1.00;1.00;1.00;;;;SÍ;NO;""<p><span style=""""color: rgb(77",81, 86); font-family: &quot;Google Sans&quot;, arial," sans-serif; font-size: 16px;"""">Est&aacute;n a medio camino entre una sandalia y un zapato. Su principal caracter&iacute;stica es que&nbsp;</span><span style=""""background-color: rgb(211",227, 253); color: rgb(4,12, 40); font-family: &quot;Google Sans&quot;, arial," sans-serif; font-size: 16px;"""">es un calzado c&oacute;modo"," que est&aacute; hecho con tiras de cuero que se trenzan de forma completamente artesanal</span><span style=""""color: rgb(77",81, 86); font-family: &quot;Google Sans&quot;, arial," sans-serif; font-size: 16px;"""">.</span></p>"
";;;;;SÍ;;;;
huarache-artesanal-de-dama-copia2;;;Color;Azul;Talla;24;;;300.00;250.00;1.00;1.00;1.00;1.00;;;;;;;;;;;;;;;
huarache-artesanal-de-dama-copia2;;;Color;Azul;Talla;25;;;300.00;250.00;1.00;1.00;1.00;1.00;;;;;;;;;;;;;;;
huarache-artesanal-de-dama-copia1;Huarache artesanal de dama"";Artesanías;Color;Plata;Talla;23.5;;;300.00;250.00;1.00;1.00;1.00;1.00;;;;SÍ;NO;""<p><span style=""""color: rgb(77",81, 86); font-family: &quot;Google Sans&quot;, arial," sans-serif; font-size: 16px;"""">Est&aacute;n a medio camino entre una sandalia y un zapato. Su principal caracter&iacute;stica es que&nbsp;</span><span style=""""background-color: rgb(211",227, 253); color: rgb(4,12, 40); font-family: &quot;Google Sans&quot;, arial," sans-serif; font-size: 16px;"""">es un calzado c&oacute;modo"," que est&aacute; hecho con tiras de cuero que se trenzan de forma completamente artesanal</span><span style=""""color: rgb(77",81, 86); font-family: &quot;Google Sans&quot;, arial," sans-serif; font-size: 16px;"""">.</span></p>"
";;;;;SÍ;;;;
huarache-artesanal-de-dama-copia1;;;Color;Plata;Talla;24;;;300.00;250.00;1.00;1.00;1.00;1.00;;;;;;;;;;;;;;;
huarache-artesanal-de-dama-copia1;;;Color;Plata;Talla;25;;;300.00;250.00;1.00;1.00;1.00;1.00;;;;;;;;;;;;;;;
huarache-artesanal-de-dama-copia;Huarache artesanal de dama"";Artesanías;Color;Bronce;Talla;23.5;;;300.00;250.00;1.00;1.00;1.00;1.00;;;;SÍ;NO;""<p><span style=""""color: rgb(77",81, 86); font-family: &quot;Google Sans&quot;, arial," sans-serif; font-size: 16px;"""">Est&aacute;n a medio camino entre una sandalia y un zapato. Su principal caracter&iacute;stica es que&nbsp;</span><span style=""""background-color: rgb(211",227, 253); color: rgb(4,12, 40); font-family: &quot;Google Sans&quot;, arial," sans-serif; font-size: 16px;"""">es un calzado c&oacute;modo"," que est&aacute; hecho con tiras de cuero que se trenzan de forma completamente artesanal</span><span style=""""color: rgb(77",81, 86); font-family: &quot;Google Sans&quot;, arial," sans-serif; font-size: 16px;"""">.</span></p>"
";;;;;SÍ;;;;
huarache-artesanal-de-dama-copia;;;Color;Bronce;Talla;24;;;300.00;250.00;1.00;1.00;1.00;1.00;;;;;;;;;;;;;;;
huarache-artesanal-de-dama-copia;;;Color;Bronce;Talla;25;;;300.00;250.00;1.00;1.00;1.00;1.00;;;;;;;;;;;;;;;
huarache-artesanal-de-dama1;Huarache artesanal de dama"";Artesanías;Color;ORO;Talla;23.5;;;300.00;250.00;1.00;1.00;1.00;1.00;;;;SÍ;NO;""<p><span style=""""color: rgb(77",81, 86); font-family: &quot;Google Sans&quot;, arial," sans-serif; font-size: 16px;"""">Est&aacute;n a medio camino entre una sandalia y un zapato. Su principal caracter&iacute;stica es que&nbsp;</span><span style=""""background-color: rgb(211",227, 253); color: rgb(4,12, 40); font-family: &quot;Google Sans&quot;, arial," sans-serif; font-size: 16px;"""">es un calzado c&oacute;modo"," que est&aacute; hecho con tiras de cuero que se trenzan de forma completamente artesanal</span><span style=""""color: rgb(77",81, 86); font-family: &quot;Google Sans&quot;, arial," sans-serif; font-size: 16px;"""">.</span></p>"
";;;;;SÍ;;;;
huarache-artesanal-de-dama1;;;Color;ORO;Talla;24;;;300.00;250.00;1.00;1.00;1.00;1.00;;;;;;;;;;;;;;;
huarache-artesanal-de-dama1;;;Color;ORO;Talla;25;;;300.00;250.00;1.00;1.00;1.00;1.00;;;;;;;;;;;;;;;
huarache-artesanal-de-dama;Huarache artesanal de dama"";Artesanías;Color;Verde;Talla;23.5;;;300.00;250.00;1.00;1.00;1.00;1.00;;;;SÍ;NO;""<p><span style=""""color: rgb(77",81, 86); font-family: &quot;Google Sans&quot;, arial," sans-serif; font-size: 16px;"""">Est&aacute;n a medio camino entre una sandalia y un zapato. Su principal caracter&iacute;stica es que&nbsp;</span><span style=""""background-color: rgb(211",227, 253); color: rgb(4,12, 40); font-family: &quot;Google Sans&quot;, arial," sans-serif; font-size: 16px;"""">es un calzado c&oacute;modo"," que est&aacute; hecho con tiras de cuero que se trenzan de forma completamente artesanal</span><span style=""""color: rgb(77",81, 86); font-family: &quot;Google Sans&quot;, arial," sans-serif; font-size: 16px;"""">.</span></p>"
";;;;;SÍ;;;;
huarache-artesanal-de-dama;;;Color;Verde;Talla;24;;;300.00;250.00;1.00;1.00;1.00;1.00;;;;;;;;;;;;;;;
huarache-artesanal-de-dama;;;Color;Verde;Talla;25;;;300.00;250.00;1.00;1.00;1.00;1.00;;;;;;;;;;;;;;;
canasta-cuadrada-con-asa-navidena-mod-007;CANASTA CUADRADA CON ASA NAVIDEÑA MOD 007"";""Canastas Navideñas  "";;;;;;;611.00;;5.00;22.00;24.00;31.00;;LGVTM8;;NO;NO;""<p>CANASTA CUADRADA CON ASA NAVIDE&Ntilde;A MOD 007</p>",,,,,,,,,,,,,,,
,,,,,,,,,,,,,,,
<p>CONTIENE:</p>,,,,,,,,,,,,,,,
,,,,,,,,,,,,,,,
<p>1 MERMELADA DE GUAYABA DE 330 GR</p>,,,,,,,,,,,,,,,
,,,,,,,,,,,,,,,
<p>1 DURAZNO ALMIBAR DE 500 ML</p>,,,,,,,,,,,,,,,
,,,,,,,,,,,,,,,
<p>1 DURAZNO PRENSADO DE 150GR</p>,,,,,,,,,,,,,,,
,,,,,,,,,,,,,,,
<p>1 DURAZNO CHAMOY DE 150GR</p>,,,,,,,,,,,,,,,
,,,,,,,,,,,,,,,
<p>1 LICOR DE DURAZNO DE 50 ML</p>,,,,,,,,,,,,,,,
,,,,,,,,,,,,,,,
<p>1 BOLSA DE ATE CON CHILE 3 JALEAS</p>,,,,,,,,,,,,,,,
";;;;;SÍ;;;;
carretea-navidena-mod-005;CARRETEA NAVIDEÑA MOD 005"";""Canastas Navideñas  "";;;;;;;554.00;;5.00;22.00;24.00;31.00;;LGVTM6;;NO;NO;""<p>CARRETA NAVIDE&Ntilde;A MOD 005</p>",,,,,,,,,,,,,,,
,,,,,,,,,,,,,,,
<p>CONTENIDO:</p>,,,,,,,,,,,,,,,
,,,,,,,,,,,,,,,
<p>1 DURAZNO ALMIBAR DE 500 ML</p>,,,,,,,,,,,,,,,
,,,,,,,,,,,,,,,
<p>1 LICOR DE CAPULIN DE 250 ML</p>,,,,,,,,,,,,,,,
,,,,,,,,,,,,,,,
<p>1 DURAZNO PRENSADO DE 150 GR</p>,,,,,,,,,,,,,,,
,,,,,,,,,,,,,,,
<p>1 BOLSA DE ATE CON CHILE 1 MAZAPAN</p>,,,,,,,,,,,,,,,
";;;;;SÍ;;;;
canasta-cuadrada-navidenas-004;CANASTA CUADRADA NAVIDEÑAS 004"";""Canastas Navideñas  "";;;;;;;554.00;;5.00;22.00;24.00;31.00;;LGVTM5;;NO;NO;""<p>CANASTA CUADRADA NAVIDE&Ntilde;A 004</p>",,,,,,,,,,,,,,,
,,,,,,,,,,,,,,,
<p>CONTIENE:</p>,,,,,,,,,,,,,,,
,,,,,,,,,,,,,,,
<p>1 DURAZNO ALMIBAR DE 500 ML</p>,,,,,,,,,,,,,,,
,,,,,,,,,,,,,,,
<p>1 DURAZNO DE CHAMOY DE 150 GR</p>,,,,,,,,,,,,,,,
,,,,,,,,,,,,,,,
<p>1 DUARZANO PRENSADO DE 150 GR</p>,,,,,,,,,,,,,,,
,,,,,,,,,,,,,,,
<p>1 LICOR DE MANZANA DE 50 ML</p>,,,,,,,,,,,,,,,
,,,,,,,,,,,,,,,
<p>1 LICOR DE TEJOCOTE DE 50 ML</p>,,,,,,,,,,,,,,,
,,,,,,,,,,,,,,,
<p>1 BOLSA DE ATE CON CHILE 1 MAZAPAN 2 JALEAS&nbsp;</p>,,,,,,,,,,,,,,,
";;;;;SÍ;;;;
cubeta-de-madera-mod-001;CUBETA DE MADERA MOD 001"";""Canastas Navideñas  "";;;;;;;319.00;;5.00;22.00;24.00;31.00;;LGVTM4;;NO;NO;""<p>CUBETA DE MADERA MOD 001</p>",,,,,,,,,,,,,,,
,,,,,,,,,,,,,,,
<p>CONTIENE:</p>,,,,,,,,,,,,,,,
,,,,,,,,,,,,,,,
<p>1 LICOR DE MANZANA DE 50 ML</p>,,,,,,,,,,,,,,,
,,,,,,,,,,,,,,,
<p>1 LICOR DE CIRUELA DE 50 ML</p>,,,,,,,,,,,,,,,
,,,,,,,,,,,,,,,
<p>1 LICOR DE DURAZNO DE 50 ML</p>,,,,,,,,,,,,,,,
,,,,,,,,,,,,,,,
<p>1 LICOR DE GUAYABA DE 50 ML</p>,,,,,,,,,,,,,,,
,,,,,,,,,,,,,,,
<p>1 LICOR DE TEJOCOTE DE 50 ML</p>,,,,,,,,,,,,,,,
";;;;;SÍ;;;;
carreta-navidena-mod-003;CARRETA NAVIDEÑA MOD 003"";""Canastas Navideñas  "";;;;;;;385.00;;5.00;22.00;24.00;31.00;;LGVTM3;;NO;NO;""<p>CARRETA NAVIDE&Ntilde;A MOD 003</p>",,,,,,,,,,,,,,,
,,,,,,,,,,,,,,,
<p>CONTIENE :</p>,,,,,,,,,,,,,,,
,,,,,,,,,,,,,,,
<p>1 LICOR DE CIRUELA DE 50 ML</p>,,,,,,,,,,,,,,,
,,,,,,,,,,,,,,,
<p>1 LICOR DE GUAYABA DE 50 ML</p>,,,,,,,,,,,,,,,
,,,,,,,,,,,,,,,
<p>1 LICOR DE DURAZNO DE 50 ML</p>,,,,,,,,,,,,,,,
,,,,,,,,,,,,,,,
<p>1 JAMONCILLO DE LECHE</p>,,,,,,,,,,,,,,,
,,,,,,,,,,,,,,,
<p>1 BOLSA DE ATE CON CHILE</p>,,,,,,,,,,,,,,,
,,,,,,,,,,,,,,,
<p>3 JALEAS</p>,,,,,,,,,,,,,,,
";;;;;SÍ;;;;
cubeta-de-madera-navidena-002;CUBETA DE MADERA NAVIDEÑA 002"";""Canastas Navideñas  "";;;;;;;347.00;;5.00;22.00;24.00;31.00;;LGVTM2;;NO;NO;""<p>CUBETA DE MADERA NAVIDE&Ntilde;A 002</p>",,,,,,,,,,,,,,,
,,,,,,,,,,,,,,,
<p>CONTIENE :</p>,,,,,,,,,,,,,,,
,,,,,,,,,,,,,,,
<p>1 LICOR DE DURAZNO DE 50 ML</p>,,,,,,,,,,,,,,,
,,,,,,,,,,,,,,,
<p>1 LICOR DE MANZANA DE 50 ML</p>,,,,,,,,,,,,,,,
,,,,,,,,,,,,,,,
<p>1 LICOR DE GUAYABA DE 50 ML</p>,,,,,,,,,,,,,,,
,,,,,,,,,,,,,,,
<p>1 LICOR DE CIRUELA DE 50 ML</p>,,,,,,,,,,,,,,,
,,,,,,,,,,,,,,,
<p>1 LICOR DE TEJOCOTE DE 50ML</p>,,,,,,,,,,,,,,,
,,,,,,,,,,,,,,,
<p>3 JALEAS&nbsp;</p>,,,,,,,,,,,,,,,
";;;;;SÍ;;;;
papel-picado-xv;Papel picado XV"";""Papel Picado"";;;;;;;580.00;;0.00;0.00;0.00;0.00;;;;SÍ;NO;""<p>Dale un toque colorido y muy mexicano a tus XV a&ntilde;os.</p>",,,,,,,,,,,,,,,
,,,,,,,,,,,,,,,
<p>Decora con este hermoso papel picado esta fecha tan importante en tu ciclo&nbsp;de vida.</p>,,,,,,,,,,,,,,,
,,,,,,,,,,,,,,,
<p>(Art&iacute;culo 100% Artesanal por lo cual los colores y dise&ntilde;os pueden variar).</p>,,,,,,,,,,,,,,,
,,,,,,,,,,,,,,,
<p>Solicita tu cotizaci&oacute;n en:</p>,,,,,,,,,,,,,,,
,,,,,,,,,,,,,,,
"<p><a href=""""https://wa.me/message/REAMHAFI37VJM1"""">https://wa.me/message/REAMHAFI37VJM1</a>&nbsp;</p>",,,,,,,,,,,,,,,
";;;;;SÍ;;;;
papel-picado-virgen-de-guada;Papel picado de la Virgen de Guadalupe"";""Papel Picado"";;;;;;;450.00;;0.00;0.00;0.00;0.00;;;;SÍ;NO;""<p>Dale un toque colorido y muy mexicano a la Virgen de Guadalupe.</p>",,,,,,,,,,,,,,,
,,,,,,,,,,,,,,,
<p>Decora con este hermoso papel picado y cebelebra a la reina de M&eacute;xico, la Virgen de Guadalupe.</p>,,,,,,,,,,,,,,
,,,,,,,,,,,,,,,
<p>(Art&iacute;culo 100% Artesanal por lo cual los colores y dise&ntilde;os pueden variar).</p>,,,,,,,,,,,,,,,
,,,,,,,,,,,,,,,
<p>Solicita tu cotizaci&oacute;n en:</p>,,,,,,,,,,,,,,,
,,,,,,,,,,,,,,,
"<p><a href=""""https://wa.me/message/REAMHAFI37VJM1"""">https://wa.me/message/REAMHAFI37VJM1</a>&nbsp;</p>",,,,,,,,,,,,,,,
";;;;;SÍ;;;;
papel-picado-de-dia-de-muertos1;Papel picado de Día de Muertos"";""Papel Picado"";;;;;;;450.00;;0.00;0.00;0.00;0.00;;;;SÍ;NO;""<p>Dale un toque colorido y muy mexicano al d&iacute;a de muertos.</p>",,,,,,,,,,,,,,,
,,,,,,,,,,,,,,,
<p>Decora con este hermoso papel picado y recuerda a tus seres queridos que ya no estan.</p>,,,,,,,,,,,,,,,
,,,,,,,,,,,,,,,
<p>(Art&iacute;culo 100% Artesanal por lo cual los colores y dise&ntilde;os pueden variar).</p>,,,,,,,,,,,,,,,
,,,,,,,,,,,,,,,
<p>Solicita tu cotizaci&oacute;n en:</p>,,,,,,,,,,,,,,,
,,,,,,,,,,,,,,,
"<p><a href=""""https://wa.me/message/REAMHAFI37VJM1"""">https://wa.me/message/REAMHAFI37VJM1</a>&nbsp;</p>",,,,,,,,,,,,,,,
";;;;;SÍ;;;;
papel-picado-de-dia-de-muertos;Papel picado de Fiestas Patrias"";""Papel Picado"";;;;;;;450.00;;0.00;0.00;0.00;0.00;;;;SÍ;NO;""<p>Dale un toque colorido y muy mexicano a estas&nbsp;fiestas patrias.</p>",,,,,,,,,,,,,,,
,,,,,,,,,,,,,,,
<p>Decora con este hermoso papel picado estas fiestas patrias y recordemos quien lucho por nuestra libertad.</p>,,,,,,,,,,,,,,,
,,,,,,,,,,,,,,,
<p>(Art&iacute;culo 100% Artesanal por lo cual los colores y dise&ntilde;os pueden variar).</p>,,,,,,,,,,,,,,,
,,,,,,,,,,,,,,,
<p>Solicita tu cotizaci&oacute;n en:</p>,,,,,,,,,,,,,,,
,,,,,,,,,,,,,,,
"<p><a href=""""https://wa.me/message/REAMHAFI37VJM1"""">https://wa.me/message/REAMHAFI37VJM1</a>&nbsp;</p>",,,,,,,,,,,,,,,
";;;;;SÍ;;;;
papel-picado-navidad;Papel picado navidad"";""Papel Picado"";;;;;;;450.00;;0.00;0.00;0.00;0.00;;;;SÍ;NO;""<p>Dale un toque colorido y muy mexicano a estas lindas fiestas.</p>",,,,,,,,,,,,,,,
,,,,,,,,,,,,,,,
<p>Decora con este hermoso papel picado esta navidad.</p>,,,,,,,,,,,,,,,
,,,,,,,,,,,,,,,
<p>(Art&iacute;culo 100% Artesanal por lo cual los colores y dise&ntilde;os pueden variar).</p>,,,,,,,,,,,,,,,
,,,,,,,,,,,,,,,
<p>Solicita tu cotizaci&oacute;n en:</p>,,,,,,,,,,,,,,,
,,,,,,,,,,,,,,,
"<p><a href=""""https://wa.me/message/REAMHAFI37VJM1"""">https://wa.me/message/REAMHAFI37VJM1</a>&nbsp;</p>",,,,,,,,,,,,,,,
";;;;;SÍ;;;;
licor-de-capulin;Licor de Capulín"";""Licores y Cremas Artesanales"";Presentación;""50 ml."";;;;;36.00;;0.25;20.00;10.00;10.00;;;;SÍ;NO;""<p><strong>Informaci&oacute;n del Producto</strong></p>",,,,,,,,,,,,,,,
,,,,,,,,,,,,,,,
<p><strong>Marca</strong>:&nbsp;El Huerto</p>,,,,,,,,,,,,,,,
,,,,,,,,,,,,,,,
<p>Bebida de licor de capul&iacute;n&nbsp;disponible en presentaciones de 50,250, 460 y 750 mililitros.</p>,,,,,,,,,,,,,
,,,,,,,,,,,,,,,
<p><strong>Producto 100% Natural</strong></p>,,,,,,,,,,,,,,,
,,,,,,,,,,,,,,,
<p><strong>(Al tratarse de un producto que contien alcohol, el ingreso a Estados Unidos de America u otro pa&iacute;s dependera&#39; de la aduana, por lo cual el&nbsp;&nbsp;producto viaja bajo riesto del comprador.)&nbsp;</strong></p>,,,,,,,,,,,,,
,,,,,,,,,,,,,,,
<p>Este producto puede ser vendido por mayoreo, por caja, cont&aacute;ctanos en el siguiente enlace para mayor informaci&oacute;n:</p>,,,,,,,,,,,,,
,,,,,,,,,,,,,,,
"<p><a href=""""https://wa.me/message/REAMHAFI37VJM1"""">https://wa.me/message/REAMHAFI37VJM1</a>&nbsp;</p>",,,,,,,,,,,,,,,
";;;;;SÍ;;;;
licor-de-capulin;;;Presentación;250 ml."";;;;;119.00;;0.35;20.00;10.00;10.00;;;;;;;;;;;;;;;",,,,,,,,,,,,,,,
"licor-de-capulin;;;Presentación;""460 ml."";;;;;180.00;;0.50;20.00;10.00;10.00;;;;;;;;;;;;;;;",,,,,,,,,,,,,,,
"licor-de-capulin;;;Presentación;""750 ml."";;;;;210.00;;1.00;20.00;10.00;10.00;;;;;;;;;;;;;;;",,,,,,,,,,,,,,,
"licor-de-manzana;""Licor de Manzana"";""Licores y Cremas Artesanales"";Presentación;""50 ml."";;;;;36.00;;0.25;20.00;10.00;10.00;;;;SÍ;NO;""<p><strong>Informaci&oacute;n del Producto</strong></p>",,,,,,,,,,,,,,,
,,,,,,,,,,,,,,,
<p><strong>Marca</strong>:&nbsp;El Huerto</p>,,,,,,,,,,,,,,,
,,,,,,,,,,,,,,,
<p>Bebida de licor de manzana&nbsp;disponible en presentaciones de 50,250, 460 y 750 mililitros.</p>,,,,,,,,,,,,,
,,,,,,,,,,,,,,,
<p><strong>Producto 100% Natural</strong></p>,,,,,,,,,,,,,,,
,,,,,,,,,,,,,,,
<p><strong>(Al tratarse de un producto que contien alcohol, el ingreso a Estados Unidos de America u otro pa&iacute;s dependera&#39; de la aduana, por lo cual el&nbsp;&nbsp;producto viaja bajo riesto del comprador.)&nbsp;</strong></p>,,,,,,,,,,,,,
,,,,,,,,,,,,,,,
<p>Este producto puede ser vendido por mayoreo, por caja, cont&aacute;ctanos en el siguiente enlace para mayor informaci&oacute;n:</p>,,,,,,,,,,,,,
,,,,,,,,,,,,,,,
"<p><a href=""""https://wa.me/message/REAMHAFI37VJM1"""">https://wa.me/message/REAMHAFI37VJM1</a>&nbsp;</p>",,,,,,,,,,,,,,,
";;;;;SÍ;;;;
licor-de-manzana;;;Presentación;250 ml."";;;;;119.00;;0.35;20.00;10.00;10.00;;;;;;;;;;;;;;;",,,,,,,,,,,,,,,
"licor-de-manzana;;;Presentación;""460 ml."";;;;;180.00;;0.50;20.00;10.00;10.00;;;;;;;;;;;;;;;",,,,,,,,,,,,,,,
"licor-de-manzana;;;Presentación;""750 ml."";;;;;210.00;;1.00;20.00;10.00;10.00;;;;;;;;;;;;;;;",,,,,,,,,,,,,,,
"licor-crema-de-zarzamora;""Licor Crema de Zarzamora"";""Licores y Cremas Artesanales"";Presentación;""50 ml."";;;;;43.00;;0.25;20.00;10.00;10.00;;;;SÍ;NO;""<p><strong>Informaci&oacute;n del Producto</strong></p>",,,,,,,,,,,,,,,
,,,,,,,,,,,,,,,
<p><strong>Marca</strong>:&nbsp;El Huerto</p>,,,,,,,,,,,,,,,
,,,,,,,,,,,,,,,
<p>Bebida de licor de crema de zarzamora&nbsp;disponible en presentaciones de 50,250, 460 y 750 mililitros.</p>,,,,,,,,,,,,,
,,,,,,,,,,,,,,,
<p><strong>Producto 100% Natural</strong></p>,,,,,,,,,,,,,,,
,,,,,,,,,,,,,,,
<p><strong>(Al tratarse de un producto que contien alcohol, el ingreso a Estados Unidos de America u otro pa&iacute;s dependera&#39; de la aduana, por lo cual el&nbsp;&nbsp;producto viaja bajo riesto del comprador.)&nbsp;</strong></p>,,,,,,,,,,,,,
,,,,,,,,,,,,,,,
<p>Este producto puede ser vendido por mayoreo, por caja, cont&aacute;ctanos en el siguiente enlace para mayor informaci&oacute;n:</p>,,,,,,,,,,,,,
,,,,,,,,,,,,,,,
"<p><a href=""""https://wa.me/message/REAMHAFI37VJM1"""">https://wa.me/message/REAMHAFI37VJM1</a>&nbsp;</p>",,,,,,,,,,,,,,,
";;;;;SÍ;;;;
licor-crema-de-zarzamora;;;Presentación;250 ml."";;;;;142.00;;0.35;20.00;10.00;10.00;;;;;;;;;;;;;;;",,,,,,,,,,,,,,,
"licor-crema-de-zarzamora;;;Presentación;""460 ml."";;;;;210.00;;0.50;20.00;10.00;10.00;;;;;;;;;;;;;;;",,,,,,,,,,,,,,,
"licor-crema-de-zarzamora;;;Presentación;""750 ml."";;;;;255.00;;1.00;20.00;10.00;10.00;;;;;;;;;;;;;;;",,,,,,,,,,,,,,,
"licor-de-crema-de-durazno;""Licor de Crema de Durazno"";""Licores y Cremas Artesanales"";Presentación;""50 ml."";;;;;36.00;;0.25;20.00;10.00;10.00;;;;SÍ;NO;""<p><strong>Informaci&oacute;n del Producto</strong></p>",,,,,,,,,,,,,,,
,,,,,,,,,,,,,,,
<p><strong>Marca</strong>:&nbsp;El Huerto</p>,,,,,,,,,,,,,,,
,,,,,,,,,,,,,,,
<p>Bebida de licor de crema de Durazno&nbsp;disponible en presentaciones de 50,250, 460 y 750 mililitros.</p>,,,,,,,,,,,,,
,,,,,,,,,,,,,,,
<p><strong>Producto 100% Natural</strong></p>,,,,,,,,,,,,,,,
,,,,,,,,,,,,,,,
<p><strong>(Al tratarse de un producto que contien alcohol, el ingreso a Estados Unidos de America u otro pa&iacute;s dependera&#39; de la aduana, por lo cual el&nbsp;&nbsp;producto viaja bajo riesto del comprador.)&nbsp;</strong></p>,,,,,,,,,,,,,
,,,,,,,,,,,,,,,
<p>Este producto puede ser vendido por mayoreo, por caja, cont&aacute;ctanos en el siguiente enlace para mayor informaci&oacute;n:</p>,,,,,,,,,,,,,
,,,,,,,,,,,,,,,
"<p><a href=""""https://wa.me/message/REAMHAFI37VJM1"""">https://wa.me/message/REAMHAFI37VJM1</a>&nbsp;</p>",,,,,,,,,,,,,,,
";;;;;SÍ;;;;
licor-de-crema-de-durazno;;;Presentación;250 ml."";;;;;119.00;;0.35;20.00;10.00;10.00;;;;;;;;;;;;;;;",,,,,,,,,,,,,,,
"licor-de-crema-de-durazno;;;Presentación;""460 ml."";;;;;180.00;;0.50;20.00;10.00;10.00;;;;;;;;;;;;;;;",,,,,,,,,,,,,,,
"licor-de-crema-de-durazno;;;Presentación;""750 ml."";;;;;210.00;;1.00;20.00;10.00;10.00;;;;;;;;;;;;;;;",,,,,,,,,,,,,,,
"salsa-macha-de-semillas;""Salsa Macha De Semillas"";""Salsas Artesanales"";Presentación;""275 gr."";;;;;142.00;;0.28;15.00;15.00;15.00;;;;SÍ;NO;""<p><strong>Informaci&oacute;n del Producto</strong></p>",,,,,,,,,,,,,,,
,,,,,,,,,,,,,,,
<p><strong>Marca</strong>:&nbsp;El Huerto</p>,,,,,,,,,,,,,,,
,,,,,,,,,,,,,,,
<p><strong>Peso:</strong> 275 gr.</p>,,,,,,,,,,,,,,,
,,,,,,,,,,,,,,,
<p>Deliciosa salsa macha de semillas.</p>,,,,,,,,,,,,,,,
,,,,,,,,,,,,,,,
<p><strong>Producto 100% Natural</strong></p>,,,,,,,,,,,,,,,
,,,,,,,,,,,,,,,
<p>Este producto puede ser vendido por mayoreo, por caja, cont&aacute;ctanos en el siguiente enlace para mayor informaci&oacute;n:</p>,,,,,,,,,,,,,
,,,,,,,,,,,,,,,
"<p><a href=""""https://wa.me/message/REAMHAFI37VJM1"""">https://wa.me/message/REAMHAFI37VJM1</a></p>",,,,,,,,,,,,,,,
";;;;;SÍ;;;;
salsa-de-chile-chipotle-con-pera;Salsa De Chile Chipotle Con Pera"";""Salsas Artesanales"";Presentación;""275 gr."";;;;;111.00;;0.28;15.00;15.00;15.00;;;;SÍ;NO;""<p><strong>Informaci&oacute;n del Producto</strong></p>",,,,,,,,,,,,,,,
,,,,,,,,,,,,,,,
<p><strong>Marca</strong>:&nbsp;El Huerto</p>,,,,,,,,,,,,,,,
,,,,,,,,,,,,,,,
<p><strong>Peso:</strong> 275 gr.</p>,,,,,,,,,,,,,,,
,,,,,,,,,,,,,,,
<p>Deliciosa salsa de&nbsp;chile chipotle con pera.</p>,,,,,,,,,,,,,,,
,,,,,,,,,,,,,,,
<p><strong>Producto 100% Natural</strong></p>,,,,,,,,,,,,,,,
,,,,,,,,,,,,,,,
<p>Este producto puede ser vendido por mayoreo, por caja, cont&aacute;ctanos en el siguiente enlace para mayor informaci&oacute;n:</p>,,,,,,,,,,,,,
,,,,,,,,,,,,,,,
"<p><a href=""""https://wa.me/message/REAMHAFI37VJM1"""">https://wa.me/message/REAMHAFI37VJM1</a></p>",,,,,,,,,,,,,,,
";;;;;SÍ;;;;
mermelada-de-durazno-con-tamarindo;Mermelada De Durazno Con Tamarindo"";""Dulces Típicos"";Presentación;""330 gr."";;;;;78.00;;0.33;15.00;15.00;15.00;;;;SÍ;NO;""<p>&nbsp;</p>",,,,,,,,,,,,,,,
,,,,,,,,,,,,,,,
<p><strong>Informaci&oacute;n del Producto</strong></p>,,,,,,,,,,,,,,,
,,,,,,,,,,,,,,,
<p><strong>Marca</strong>:&nbsp;El Huerto</p>,,,,,,,,,,,,,,,
,,,,,,,,,,,,,,,
<p><strong>Peso:</strong> 330 gr.</p>,,,,,,,,,,,,,,,
,,,,,,,,,,,,,,,
<p>Deliciosa mermelada de tamarindo, durazno y chia&nbsp;natural.</p>,,,,,,,,,,,,,,
,,,,,,,,,,,,,,,
<p><strong>Producto 100% Natural</strong></p>,,,,,,,,,,,,,,,
,,,,,,,,,,,,,,,
<p>Este producto puede ser vendido por mayoreo, por caja, cont&aacute;ctanos en el siguiente enlace para mayor informaci&oacute;n:</p>,,,,,,,,,,,,,
,,,,,,,,,,,,,,,
"<p><a href=""""https://wa.me/message/REAMHAFI37VJM1"""">https://wa.me/message/REAMHAFI37VJM1</a>&nbsp;</p>",,,,,,,,,,,,,,,
";;;;;SÍ;;;;
mermelada-de-zarzamora-con-chile;Mermelada de Zarzamora Con Chile"";""Dulces Típicos"";Presentación;""330 gr."";;;;;105.00;;0.33;15.00;15.00;15.00;;;;SÍ;NO;""<p><strong>Informaci&oacute;n del Producto</strong></p>",,,,,,,,,,,,,,,
,,,,,,,,,,,,,,,
<p><strong>Marca</strong>:&nbsp;El Huerto</p>,,,,,,,,,,,,,,,
,,,,,,,,,,,,,,,
<p><strong>Peso:</strong> 330 gr.</p>,,,,,,,,,,,,,,,
,,,,,,,,,,,,,,,
<p>Deliciosa mermelada de zarzamora natural con chile.</p>,,,,,,,,,,,,,,,
,,,,,,,,,,,,,,,
<p><strong>Producto 100% Natural</strong></p>,,,,,,,,,,,,,,,
,,,,,,,,,,,,,,,
<p>Este producto puede ser vendido por mayoreo, por caja, cont&aacute;ctanos en el siguiente enlace para mayor informaci&oacute;n:</p>,,,,,,,,,,,,,
,,,,,,,,,,,,,,,
"<p><a href=""""https://wa.me/message/REAMHAFI37VJM1"""">https://wa.me/message/REAMHAFI37VJM1</a>&nbsp;</p>",,,,,,,,,,,,,,,
";;;;;SÍ;;;;
mermelada-de-membrillo;Mermelada De Membrillo"";""Dulces Típicos"";Presentación;""330 gr."";;;;;78.00;;0.33;15.00;15.00;15.00;;;;SÍ;NO;""<p><strong>Informaci&oacute;n del Producto</strong></p>",,,,,,,,,,,,,,,
,,,,,,,,,,,,,,,
<p><strong>Marca</strong>:&nbsp;El Huerto</p>,,,,,,,,,,,,,,,
,,,,,,,,,,,,,,,
<p><strong>Peso:</strong> 330 gr.</p>,,,,,,,,,,,,,,,
,,,,,,,,,,,,,,,
<p>Deliciosa mermelada de membrillo natural.</p>,,,,,,,,,,,,,,,
,,,,,,,,,,,,,,,
<p><strong>Producto 100% Natural</strong></p>,,,,,,,,,,,,,,,
,,,,,,,,,,,,,,,
<p>Este producto puede ser vendido por mayoreo, por caja, cont&aacute;ctanos en el siguiente enlace para mayor informaci&oacute;n:</p>,,,,,,,,,,,,,
,,,,,,,,,,,,,,,
"<p><a href=""""https://wa.me/message/REAMHAFI37VJM1"""">https://wa.me/message/REAMHAFI37VJM1</a>&nbsp;</p>",,,,,,,,,,,,,,,
";;;;;SÍ;;;;
chongos;Chongos;Dulces Típicos"";Presentación;""500 gr."";;;;;157.00;;0.50;15.00;15.00;15.00;;;;SÍ;NO;""<p><strong>Informaci&oacute;n del Producto</strong></p>",,,,,,,,,,,,,,,
,,,,,,,,,,,,,,,
<p><strong>Marca</strong>:&nbsp;El Huerto</p>,,,,,,,,,,,,,,,
,,,,,,,,,,,,,,,
<p>Deliciosos chongos (postre de leche cuajada) disponible en presentaciones de 500 gr. y 1 kg.</p>,,,,,,,,,,,,,,,
,,,,,,,,,,,,,,,
<p><strong>Producto 100% Natural</strong></p>,,,,,,,,,,,,,,,
,,,,,,,,,,,,,,,
<p>Este producto puede ser vendido por mayoreo, por caja, cont&aacute;ctanos en el siguiente enlace para mayor informaci&oacute;n:</p>,,,,,,,,,,,,,
,,,,,,,,,,,,,,,
"<p><a href=""""https://wa.me/message/REAMHAFI37VJM1"""">https://wa.me/message/REAMHAFI37VJM1</a>&nbsp;</p>",,,,,,,,,,,,,,,
";;;;;SÍ;;;;
chongos;;;Presentación;1 kg."";;;;;185.00;;1.00;15.00;15.00;15.00;;;;;;;;;;;;;;;",,,,,,,,,,,,,,,
"peras-en-almibar;""Peras en Almíbar"";""Dulces Típicos"";Presentación;""500 gr."";;;;;167.80;;0.50;15.00;15.00;15.00;;;;SÍ;NO;""<p><strong>Informaci&oacute;n del Producto</strong></p>",,,,,,,,,,,,,,,
,,,,,,,,,,,,,,,
<p><strong>Marca</strong>:&nbsp;El Huerto</p>,,,,,,,,,,,,,,,
,,,,,,,,,,,,,,,
<p>Deliciosa pera natural en alm&iacute;bar disponible en presentaciones de 500 gr. y 1 kg.</p>,,,,,,,,,,,,,,,
,,,,,,,,,,,,,,,
<p><strong>Producto 100% Natural</strong></p>,,,,,,,,,,,,,,,
,,,,,,,,,,,,,,,
<p>Este producto puede ser vendido por mayoreo, por caja, cont&aacute;ctanos en el siguiente enlace para mayor informaci&oacute;n:</p>,,,,,,,,,,,,,
,,,,,,,,,,,,,,,
"<p><a href=""""https://wa.me/message/REAMHAFI37VJM1"""">https://wa.me/message/REAMHAFI37VJM1</a>&nbsp;</p>",,,,,,,,,,,,,,,
";;;;;SÍ;;;;
peras-en-almibar;;;Presentación;1 kg."";;;;;239.80;;1.00;15.00;15.00;15.00;;;;;;;;;;;;;;;",,,,,,,,,,,,,,,
"macedonia-de-frutas-en-almibar;""Macedonia de Frutas en Almíbar"";""Dulces Típicos"";Presentación;""1 kg."";;;;;211.00;;1.00;15.00;15.00;15.00;;;;SÍ;NO;""<p><strong>Informaci&oacute;n del Producto</strong></p>",,,,,,,,,,,,,,,
,,,,,,,,,,,,,,,
<p><strong>Marca</strong>:&nbsp;El Huerto</p>,,,,,,,,,,,,,,,
,,,,,,,,,,,,,,,
<p>Delicioso macedonia de frutas naturales (higo, pera y durazno) en alm&iacute;bar disponible en presentaciones de 500 gr. y 1 kg.</p>,,,,,,,,,,,,,,
,,,,,,,,,,,,,,,
<p><strong>Producto 100% Natural</strong></p>,,,,,,,,,,,,,,,
,,,,,,,,,,,,,,,
<p>Este producto puede ser vendido por mayoreo, por caja, cont&aacute;ctanos en el siguiente enlace para mayor informaci&oacute;n:</p>,,,,,,,,,,,,,
,,,,,,,,,,,,,,,
"<p><a href=""""https://wa.me/message/REAMHAFI37VJM1"""">https://wa.me/message/REAMHAFI37VJM1</a>&nbsp;</p>",,,,,,,,,,,,,,,
";;;;;SÍ;;;;
duraznos-en-almibar;Duraznos en Almíbar"";""Dulces Típicos"";Presentación;""500 gr."";;;;;111.00;;0.50;15.00;15.00;15.00;;;;SÍ;NO;""<p><strong>Informaci&oacute;n del Producto</strong></p>",,,,,,,,,,,,,,,
,,,,,,,,,,,,,,,
<p><strong>Marca</strong>:&nbsp;El Huerto</p>,,,,,,,,,,,,,,,
,,,,,,,,,,,,,,,
<p><strong>Peso:</strong> 150 gr.</p>,,,,,,,,,,,,,,,
,,,,,,,,,,,,,,,
<p>Delicioso mix de frutas naturales prensadas hechas con chilito ligeramente picoso.</p>,,,,,,,,,,,,,,,
,,,,,,,,,,,,,,,
<p><strong>Producto 100% Natural</strong></p>,,,,,,,,,,,,,,,
,,,,,,,,,,,,,,,
<p>Este producto puede ser vendido por mayoreo, por caja, cont&aacute;ctanos en el siguiente enlace para mayor informaci&oacute;n:</p>,,,,,,,,,,,,,
,,,,,,,,,,,,,,,
"<p><a href=""""https://wa.me/message/REAMHAFI37VJM1"""">https://wa.me/message/REAMHAFI37VJM1</a></p>",,,,,,,,,,,,,,,
";;;;;SÍ;;;;
duraznos-en-almibar;;;Presentación;1 kg."";;;;;195.00;;1.00;15.00;15.00;15.00;;;;;;;;;;;;;;;",,,,,,,,,,,,,,,
"duraznos-en-almibar;;;Presentación;""2 kg."";;;;;384.00;;2.00;15.00;15.00;15.00;;;;;;;;;;;;;;;",,,,,,,,,,,,,,,
"mix-de-frutas-con-chamoy;""Mix de Frutas Con Chamoy"";""Dulces Típicos"";Presentación;""150 gr. Bolsa"";;;;;161.80;;0.15;15.00;15.00;15.00;;;;SÍ;NO;""<p><strong>Informaci&oacute;n del Producto</strong></p>",,,,,,,,,,,,,,,
,,,,,,,,,,,,,,,
<p><strong>Marca</strong>:&nbsp;El Huerto</p>,,,,,,,,,,,,,,,
,,,,,,,,,,,,,,,
<p><strong>Peso: </strong>150 gr.</p>,,,,,,,,,,,,,,,
,,,,,,,,,,,,,,,
<p>Delicioso mix de frutas naturales acompa&ntilde;adas de riqu&iacute;simo chamoy.</p>,,,,,,,,,,,,,,,
,,,,,,,,,,,,,,,
<p><strong>Producto 100% Natural</strong></p>,,,,,,,,,,,,,,,
,,,,,,,,,,,,,,,
<p>Este producto puede ser vendido por mayoreo, por caja, cont&aacute;ctanos en el siguiente enlace para mayor informaci&oacute;n:</p>,,,,,,,,,,,,,
,,,,,,,,,,,,,,,
"<p><a href=""""https://wa.me/message/REAMHAFI37VJM1"""">https://wa.me/message/REAMHAFI37VJM1</a></p>",,,,,,,,,,,,,,,
";;;;;SÍ;;;;
durazno-prensado-con-chamoy;Durazno Prensado Con Chamoy"";""Dulces Típicos"";Presentación;""150 gr. Bolsa"";;;;;66.00;;0.15;15.00;15.00;15.00;;;;SÍ;NO;""<p><strong>Informaci&oacute;n del Producto</strong></p>",,,,,,,,,,,,,,,
,,,,,,,,,,,,,,,
<p><strong>Marca</strong>:&nbsp;El Huerto</p>,,,,,,,,,,,,,,,
,,,,,,,,,,,,,,,
<p>Delicioso durazno natural prensado acompa&ntilde;ado de chamoy, disponible en presentaciones de 150 gr. en bolsa, 500 gr. y 1 kg.</p>,,,,,,,,,,,,,
,,,,,,,,,,,,,,,
<p><strong>Producto 100% Natural</strong></p>,,,,,,,,,,,,,,,
,,,,,,,,,,,,,,,
<p>Este producto puede ser vendido por mayoreo, por caja, cont&aacute;ctanos en el siguiente enlace para mayor informaci&oacute;n:</p>,,,,,,,,,,,,,
,,,,,,,,,,,,,,,
"<p><a href=""""https://wa.me/message/REAMHAFI37VJM1"""">https://wa.me/message/REAMHAFI37VJM1</a></p>",,,,,,,,,,,,,,,
";;;;;SÍ;;;;
durazno-prensado-con-chamoy;;;Presentación;500 gr."";;;;;164.00;;0.50;15.00;15.00;15.00;;;;;;;;;;;;;;;",,,,,,,,,,,,,,,
"durazno-prensado-con-chamoy;;;Presentación;""1 kg."";;;;;263.00;;1.00;15.00;15.00;15.00;;;;;;;;;;;;;;;",,,,,,,,,,,,,,,
"pera-prensada;""Pera Prensada"";""Dulces Típicos"";Presentación;""150 gr. Bolsa"";;;;;153.80;;0.15;15.00;15.00;15.00;;;;SÍ;NO;""<p><strong>Informaci&oacute;n del Producto</strong></p>",,,,,,,,,,,,,,,
,,,,,,,,,,,,,,,
<p><strong>Marca</strong>:&nbsp;El Huerto</p>,,,,,,,,,,,,,,,
,,,,,,,,,,,,,,,
<p>Deliciosa pera natural prensada hecha en conserva, disponible en presentaciones de 150 gr. y 500 gr. en bolsa.</p>,,,,,,,,,,,,,,
,,,,,,,,,,,,,,,
<p><strong>Producto 100% Natural</strong></p>,,,,,,,,,,,,,,,
,,,,,,,,,,,,,,,
<p>Este producto puede ser vendido por mayoreo, por caja, cont&aacute;ctanos en el siguiente enlace para mayor informaci&oacute;n:</p>,,,,,,,,,,,,,
,,,,,,,,,,,,,,,
"<p><a href=""""https://wa.me/message/REAMHAFI37VJM1"""">https://wa.me/message/REAMHAFI37VJM1</a></p>",,,,,,,,,,,,,,,
";;;;;SÍ;;;;
pera-prensada;;;Presentación;500 gr."";;;;;227.80;;0.50;15.00;15.00;15.00;;;;;;;;;;;;;;;",,,,,,,,,,,,,,,
"mermelada-de-guayaba-y-chia;""Mermelada de Guayaba y Chia"";""Dulces Típicos"";Presentación;""330 gr."";;;;;78.00;;0.33;15.00;15.00;15.00;;;;SÍ;NO;""<p><strong>Informaci&oacute;n del Producto</strong></p>",,,,,,,,,,,,,,,
,,,,,,,,,,,,,,,
<p><strong>Marca</strong>:&nbsp;El Huerto</p>,,,,,,,,,,,,,,,
,,,,,,,,,,,,,,,
<p><strong>Peso:</strong> 330 gr.</p>,,,,,,,,,,,,,,,
,,,,,,,,,,,,,,,
<p>Deliciosa mermelada de guayaba natural con chia.</p>,,,,,,,,,,,,,,,
,,,,,,,,,,,,,,,
<p><strong>Producto 100% Natural</strong></p>,,,,,,,,,,,,,,,
,,,,,,,,,,,,,,,
<p>Este producto puede ser vendido por mayoreo, por caja, cont&aacute;ctanos en el siguiente enlace para mayor informaci&oacute;n:</p>,,,,,,,,,,,,,
,,,,,,,,,,,,,,,
"<p><a href=""""https://wa.me/message/REAMHAFI37VJM1"""">https://wa.me/message/REAMHAFI37VJM1</a>&nbsp;</p>",,,,,,,,,,,,,,,
";;;;;SÍ;;;;
mermelada-de-manzana-manzanilla-canela-y-chia;Mermelada de Manzana", Manzanilla," Canela y Chia"";""Dulces Típicos"";Presentación;""330 gr."";;;;;78.00;;0.33;15.00;15.00;15.00;;;;SÍ;NO;""<p><strong>Informaci&oacute;n del Producto</strong></p>",,,,,,,,,,,,,
,,,,,,,,,,,,,,,
<p><strong>Marca</strong>:&nbsp;El Huerto</p>,,,,,,,,,,,,,,,
,,,,,,,,,,,,,,,
<p><strong>Peso:</strong> 330 gr.</p>,,,,,,,,,,,,,,,
,,,,,,,,,,,,,,,
<p>Deliciosa mermelada de manzana, manzanilla,&nbsp;canela y chia natural.</p>,,,,,,,,,,,,,
,,,,,,,,,,,,,,,
<p><strong>Producto 100% Natural</strong></p>,,,,,,,,,,,,,,,
,,,,,,,,,,,,,,,
<p>Este producto puede ser vendido por mayoreo, por caja, cont&aacute;ctanos en el siguiente enlace para mayor informaci&oacute;n:</p>,,,,,,,,,,,,,
,,,,,,,,,,,,,,,
"<p><a href=""""https://wa.me/message/REAMHAFI37VJM1"""">https://wa.me/message/REAMHAFI37VJM1</a>&nbsp;</p>",,,,,,,,,,,,,,,
";;;;;SÍ;;;;
mermelada-de-higo;Mermelada de Higo"";""Dulces Típicos"";Presentación;""330 gr."";;;;;78.00;;0.33;15.00;15.00;15.00;;;;SÍ;NO;""<p><strong>Informaci&oacute;n del Producto</strong></p>",,,,,,,,,,,,,,,
,,,,,,,,,,,,,,,
<p><strong>Marca</strong>:&nbsp;El Huerto</p>,,,,,,,,,,,,,,,
,,,,,,,,,,,,,,,
<p><strong>Peso:</strong> 330 gr.</p>,,,,,,,,,,,,,,,
,,,,,,,,,,,,,,,
<p>Deliciosa mermelada de higo natural.</p>,,,,,,,,,,,,,,,
,,,,,,,,,,,,,,,
<p><strong>Producto 100% Natural</strong></p>,,,,,,,,,,,,,,,
,,,,,,,,,,,,,,,
<p>Este producto puede ser vendido por mayoreo, por caja, cont&aacute;ctanos en el siguiente enlace para mayor informaci&oacute;n:</p>,,,,,,,,,,,,,
,,,,,,,,,,,,,,,
"<p><a href=""""https://wa.me/message/REAMHAFI37VJM1"""">https://wa.me/message/REAMHAFI37VJM1</a>&nbsp;</p>",,,,,,,,,,,,,,,
";;;;;SÍ;;;;
mermelada-de-tejocote;Mermelada de Tejocote"";""Dulces Típicos"";Presentación;""330 gr."";;;;;78.00;;0.33;15.00;15.00;15.00;;;;SÍ;NO;""<p>&nbsp;</p>",,,,,,,,,,,,,,,
,,,,,,,,,,,,,,,
<p><strong>Informaci&oacute;n del Producto</strong></p>,,,,,,,,,,,,,,,
,,,,,,,,,,,,,,,
<p><strong>Marca</strong>:&nbsp;El Huerto</p>,,,,,,,,,,,,,,,
,,,,,,,,,,,,,,,
<p><strong>Peso:</strong> 330 gr.</p>,,,,,,,,,,,,,,,
,,,,,,,,,,,,,,,
<p>Deliciosa mermelada de tejocote natural.</p>,,,,,,,,,,,,,,,
,,,,,,,,,,,,,,,
<p><strong>Producto 100% Natural</strong></p>,,,,,,,,,,,,,,,
,,,,,,,,,,,,,,,
<p>Este producto puede ser vendido por mayoreo, por caja, cont&aacute;ctanos en el siguiente enlace para mayor informaci&oacute;n:</p>,,,,,,,,,,,,,
,,,,,,,,,,,,,,,
"<p><a href=""""https://wa.me/message/REAMHAFI37VJM1"""">https://wa.me/message/REAMHAFI37VJM1</a>&nbsp;</p>",,,,,,,,,,,,,,,
";;;;;SÍ;;;;
tejocotes-en-almibar;Tejocotes en Almíbar"";""Dulces Típicos"";Presentación;""500 gr."";;;;;142.00;;0.50;15.00;15.00;15.00;;;;SÍ;NO;""<p>&nbsp;</p>",,,,,,,,,,,,,,,
,,,,,,,,,,,,,,,
<p><strong>Informaci&oacute;n del Producto</strong></p>,,,,,,,,,,,,,,,
,,,,,,,,,,,,,,,
<p><strong>Marca</strong>:&nbsp;El Huerto</p>,,,,,,,,,,,,,,,
,,,,,,,,,,,,,,,
<p>Delicioso tejocote natural en alm&iacute;bar disponible en presentaciones de 500 gr. y 1 kg.</p>,,,,,,,,,,,,,,,
,,,,,,,,,,,,,,,
<p><strong>Producto 100% Natural</strong></p>,,,,,,,,,,,,,,,
,,,,,,,,,,,,,,,
<p>Este producto puede ser vendido por mayoreo, por caja, cont&aacute;ctanos en el siguiente enlace para mayor informaci&oacute;n:</p>,,,,,,,,,,,,,
,,,,,,,,,,,,,,,
"<p><a href=""""https://wa.me/message/REAMHAFI37VJM1"""">https://wa.me/message/REAMHAFI37VJM1</a>&nbsp;</p>",,,,,,,,,,,,,,,
";;;;;SÍ;;;;
tejocotes-en-almibar;;;Presentación;1 kg."";;;;;225.00;;1.00;15.00;15.00;15.00;;;;;;;;;;;;;;;",,,,,,,,,,,,,,,
"membrillos-en-almibar;""Membrillos en Almíbar"";""Dulces Típicos"";Presentación;""500 gr."";;;;;111.00;;0.50;15.00;15.00;15.00;;;;SÍ;NO;""<p><strong>Informaci&oacute;n del Producto</strong></p>",,,,,,,,,,,,,,,
,,,,,,,,,,,,,,,
<p><strong>Marca</strong>:&nbsp;El Huerto</p>,,,,,,,,,,,,,,,
,,,,,,,,,,,,,,,
<p><strong>Peso:</strong> 500 gr.</p>,,,,,,,,,,,,,,,
,,,,,,,,,,,,,,,
<p>Delicioso membrillo natural en alm&iacute;bar disponible en presentaci&oacute;n de 500 gr.</p>,,,,,,,,,,,,,,,
,,,,,,,,,,,,,,,
<p><strong>Producto 100% Natural</strong></p>,,,,,,,,,,,,,,,
,,,,,,,,,,,,,,,
<p>Este producto puede ser vendido por mayoreo, por caja, cont&aacute;ctanos en el siguiente enlace para mayor informaci&oacute;n:</p>,,,,,,,,,,,,,
,,,,,,,,,,,,,,,
"<p><a href=""""https://wa.me/message/REAMHAFI37VJM1"""">https://wa.me/message/REAMHAFI37VJM1</a></p>",,,,,,,,,,,,,,,
";;;;;SÍ;;;;
higos-prensados;Higos Prensados 500gr."";""Dulces Típicos"";Presentación;""500 gr."";;;;;157.00;;0.50;15.00;15.00;15.00;;;;SÍ;NO;""<p><strong>Informaci&oacute;n del Producto</strong></p>",,,,,,,,,,,,,,,
,,,,,,,,,,,,,,,
<p><strong>Marca</strong>:&nbsp;El Huerto</p>,,,,,,,,,,,,,,,
,,,,,,,,,,,,,,,
<p><strong>Peso:</strong> 500 gr.</p>,,,,,,,,,,,,,,,
,,,,,,,,,,,,,,,
<p>Delicioso higo natural prensado hecho en conserva.</p>,,,,,,,,,,,,,,,
,,,,,,,,,,,,,,,
<p><strong>Producto 100% Natural</strong></p>,,,,,,,,,,,,,,,
,,,,,,,,,,,,,,,
<p>Este producto puede ser vendido por mayoreo, por caja, cont&aacute;ctanos en el siguiente enlace para mayor informaci&oacute;n:</p>,,,,,,,,,,,,,
,,,,,,,,,,,,,,,
"<p><a href=""""https://wa.me/message/REAMHAFI37VJM1"""">https://wa.me/message/REAMHAFI37VJM1</a></p>",,,,,,,,,,,,,,,
";;;;;SÍ;;;;
bocadillo-de-chocolate-con-higo-y-durazno;Bocadillo de Chocolate Con Higo y Durazno"";""Dulces Típicos"";Presentación;""100 gr."";;;;;81.00;;0.10;15.00;15.00;15.00;;;;SÍ;NO;""<p><strong>Informaci&oacute;n del Producto</strong></p>",,,,,,,,,,,,,,,
,,,,,,,,,,,,,,,
<p><strong>Marca</strong>:&nbsp;El Huerto</p>,,,,,,,,,,,,,,,
,,,,,,,,,,,,,,,
<p>&nbsp;</p>,,,,,,,,,,,,,,,
,,,,,,,,,,,,,,,
<p>Delicioso bocadillo de chocolate con higo y durazno disponible en presentaciones de 160 gr. y 500 gr.</p>,,,,,,,,,,,,,,,
,,,,,,,,,,,,,,,
<p><strong>Producto 100% Natural</strong></p>,,,,,,,,,,,,,,,
,,,,,,,,,,,,,,,
<p>Este producto puede ser vendido por mayoreo, por caja, cont&aacute;ctanos en el siguiente enlace para mayor informaci&oacute;n:</p>,,,,,,,,,,,,,
,,,,,,,,,,,,,,,
"<p><a href=""""https://wa.me/message/REAMHAFI37VJM1"""">https://wa.me/message/REAMHAFI37VJM1</a></p>",,,,,,,,,,,,,,,
";;;;;SÍ;;;;
bocadillo-de-chocolate-con-higo-y-durazno;;;Presentación;500 gr."";;;;;323.00;;0.50;15.00;15.00;15.00;;;;;;;;;;;;;;;",,,,,,,,,,,,,,,
"licor-de-crema-de-tejocote;""Licor de Crema de Tejocote"";""Licores y Cremas Artesanales"";Presentación;""50 ml."";;;;;36.00;;0.25;20.00;10.00;10.00;;;;SÍ;NO;""<p><strong>Informaci&oacute;n del Producto</strong></p>",,,,,,,,,,,,,,,
,,,,,,,,,,,,,,,
<p><strong>Marca</strong>:&nbsp;El Huerto</p>,,,,,,,,,,,,,,,
,,,,,,,,,,,,,,,
<p>Bebida de licor de crema de tejocote disponible en presentaciones de 50,250, 460 y 750 mililitros.</p>,,,,,,,,,,,,,
,,,,,,,,,,,,,,,
<p><strong>Producto 100% Natural</strong></p>,,,,,,,,,,,,,,,
,,,,,,,,,,,,,,,
<p><strong>(Al tratarse de un producto que contien alcohol, el ingreso a Estados Unidos de America u otro pa&iacute;s dependera&#39; de la aduana, por lo cual el&nbsp;&nbsp;producto viaja bajo riesto del comprador.)&nbsp;</strong></p>,,,,,,,,,,,,,
,,,,,,,,,,,,,,,
<p>Este producto puede ser vendido por mayoreo, por caja, cont&aacute;ctanos en el siguiente enlace para mayor informaci&oacute;n:</p>,,,,,,,,,,,,,
,,,,,,,,,,,,,,,
"<p><a href=""""https://wa.me/message/REAMHAFI37VJM1"""">https://wa.me/message/REAMHAFI37VJM1</a>&nbsp;</p>",,,,,,,,,,,,,,,
";;;;;SÍ;;;;
licor-de-crema-de-tejocote;;;Presentación;250 ml."";;;;;119.00;;0.35;20.00;10.00;10.00;;;;;;;;;;;;;;;",,,,,,,,,,,,,,,
"licor-de-crema-de-tejocote;;;Presentación;""460 ml."";;;;;180.00;;0.50;20.00;10.00;10.00;;;;;;;;;;;;;;;",,,,,,,,,,,,,,,
"licor-de-crema-de-tejocote;;;Presentación;""750 ml."";;;;;210.00;;1.00;20.00;10.00;10.00;;;;;;;;;;;;;;;",,,,,,,,,,,,,,,
"licor-de-crema-de-guayaba;""Licor de Crema de Guayaba"";""Licores y Cremas Artesanales"";Presentación;""50 ml."";;;;;36.00;;0.25;20.00;10.00;10.00;;;;SÍ;NO;""<p><strong>Informaci&oacute;n del Producto</strong></p>",,,,,,,,,,,,,,,
,,,,,,,,,,,,,,,
<p><strong>Marca</strong>:&nbsp;El Huerto</p>,,,,,,,,,,,,,,,
,,,,,,,,,,,,,,,
<p>&nbsp;</p>,,,,,,,,,,,,,,,
,,,,,,,,,,,,,,,
<p>Bebida de licor de crema de guayaba disponible en presentaciones de 50,250, 460 y 750 mililitros.</p>,,,,,,,,,,,,,
,,,,,,,,,,,,,,,
<p><strong>Producto 100% Natural</strong></p>,,,,,,,,,,,,,,,
,,,,,,,,,,,,,,,
<p><strong>(Al tratarse de un producto que contien alcohol, el ingreso a Estados Unidos de America u otro pa&iacute;s dependera&#39; de la aduana, por lo cual el&nbsp;&nbsp;producto viaja bajo riesto del comprador.)&nbsp;</strong></p>,,,,,,,,,,,,,
,,,,,,,,,,,,,,,
<p>Este producto puede ser vendido por mayoreo, por caja, cont&aacute;ctanos en el siguiente enlace para mayor informaci&oacute;n:</p>,,,,,,,,,,,,,
,,,,,,,,,,,,,,,
"<p><a href=""""https://wa.me/message/REAMHAFI37VJM1"""">https://wa.me/message/REAMHAFI37VJM1</a>&nbsp;&nbsp;&nbsp;</p>",,,,,,,,,,,,,,,
";;;;;SÍ;;;;
licor-de-crema-de-guayaba;;;Presentación;250 ml."";;;;;119.00;;0.35;20.00;10.00;10.00;;;;;;;;;;;;;;;",,,,,,,,,,,,,,,
"licor-de-crema-de-guayaba;;;Presentación;""460 ml."";;;;;180.00;;0.50;20.00;10.00;10.00;;;;;;;;;;;;;;;",,,,,,,,,,,,,,,
"licor-de-crema-de-guayaba;;;Presentación;""750 ml."";;;;;210.00;;1.00;20.00;10.00;10.00;;;;;;;;;;;;;;;",,,,,,,,,,,,,,,
"duraznos-prensados;""Duraznos Prensados"";""Dulces Típicos"";Presentación;""150 gr. Bolsa"";;;;;158.80;;0.15;15.00;15.00;15.00;;;;SÍ;NO;""<p><strong>Informaci&oacute;n del Producto</strong></p>",,,,,,,,,,,,,,,
,,,,,,,,,,,,,,,
<p><strong>Marca</strong>:&nbsp;El Huerto</p>,,,,,,,,,,,,,,,
,,,,,,,,,,,,,,,
<p>&nbsp;</p>,,,,,,,,,,,,,,,
,,,,,,,,,,,,,,,
<p>Delicioso durazno natural prensado hecho en conserva, disponible en presentaciones de 1 kg., 500 gr., 150 gr. en bolsa y 150 gr. en caja de pet.</p>,,,,,,,,,,,,
,,,,,,,,,,,,,,,
<p><strong>Producto 100% Natural</strong></p>,,,,,,,,,,,,,,,
,,,,,,,,,,,,,,,
<p>Este producto puede ser vendido por mayoreo, por caja, cont&aacute;ctanos en el siguiente enlace para mayor informaci&oacute;n:</p>,,,,,,,,,,,,,
,,,,,,,,,,,,,,,
"<p><a href=""""https://wa.me/message/REAMHAFI37VJM1"""">https://wa.me/message/REAMHAFI37VJM1</a></p>",,,,,,,,,,,,,,,
";;;;;SÍ;;;;
duraznos-prensados;;;Presentación;150 gr. Caja Pet"";;;;;158.80;;0.15;15.00;15.00;15.00;;;;;;;;;;;;;;;",,,,,,,,,,,,,,,
"duraznos-prensados;;;Presentación;""500 gr."";;;;;238.80;;0.50;15.00;15.00;15.00;;;;;;;;;;;;;;;",,,,,,,,,,,,,,,
"duraznos-prensados;;;Presentación;""1 kg."";;;;;322.80;;1.00;15.00;15.00;15.00;;;;;;;;;;;;;;;",,,,,,,,,,,,,,,
